<?xml version="1.0" encoding='Shift_JIS'?>
<!DOCTYPE JboPackage SYSTEM "jbo_03_01.dtd">

<JboPackage
   Name="server"
   SeparateXMLFiles="true"
   PackageName="oracle.apps.xx03.ar.search.server" >
   <DesignTime>
      <Attr Name="_version" Value="9.0.3.12.53" />
      <Attr Name="_ejbPackage" Value="false" />
   </DesignTime>
   <Containee
      Name="Xx03InvoiceSearchAM"
      FullName="oracle.apps.xx03.ar.search.server.Xx03InvoiceSearchAM"
      ObjectType="AppModule" >
   </Containee>
   <Containee
      Name="Xx03ReceivableSlipsLineVO"
      FullName="oracle.apps.xx03.ar.search.server.Xx03ReceivableSlipsLineVO"
      ObjectType="ViewObject" >
   </Containee>
   <Containee
      Name="Xx03ReceivableSearchCondVO"
      FullName="oracle.apps.xx03.ar.search.server.Xx03ReceivableSearchCondVO"
      ObjectType="ViewObject" >
   </Containee>
   <Containee
      Name="Xx03ResultReceivableVO"
      FullName="oracle.apps.xx03.ar.search.server.Xx03ResultReceivableVO"
      ObjectType="ViewObject" >
   </Containee>
   <Containee
      Name="Xx03ReceivableSlipsVO"
      FullName="oracle.apps.xx03.ar.search.server.Xx03ReceivableSlipsVO"
      ObjectType="ViewObject" >
   </Containee>
   <Containee
      Name="Xx03GetAffPromptVO"
      FullName="oracle.apps.xx03.ar.search.server.Xx03GetAffPromptVO"
      ObjectType="ViewObject" >
   </Containee>
   <Containee
      Name="Xx03GetDffPromptVO"
      FullName="oracle.apps.xx03.ar.search.server.Xx03GetDffPromptVO"
      ObjectType="ViewObject" >
   </Containee>
</JboPackage>
