<?xml version="1.0" encoding='Shift_JIS'?>
<!DOCTYPE AppModule SYSTEM "jbo_03_01.dtd">

<AppModule
   Name="Xx03InvoiceSearchAM"
   ComponentClass="oracle.apps.xx03.ar.search.server.Xx03InvoiceSearchAMImpl"
   LoadComponentsLazily="true" >
   <DesignTime>
      <Attr Name="_isCodegen" Value="true" />
      <Attr Name="_version" Value="9.0.3.12.53" />
      <Attr Name="_deployType" Value="0" />
   </DesignTime>
   <ViewUsage
      Name="Xx03ReceivableSlipsLineVO1"
      ViewObjectName="oracle.apps.xx03.ar.search.server.Xx03ReceivableSlipsLineVO" >
   </ViewUsage>
   <ViewUsage
      Name="Xx03ReceivableSearchCondVO1"
      ViewObjectName="oracle.apps.xx03.ar.search.server.Xx03ReceivableSearchCondVO" >
   </ViewUsage>
   <ViewUsage
      Name="Xx03ReceivableSlipsVO1"
      ViewObjectName="oracle.apps.xx03.ar.search.server.Xx03ReceivableSlipsVO" >
   </ViewUsage>
   <ViewUsage
      Name="Xx03ResultReceivableVO1"
      ViewObjectName="oracle.apps.xx03.ar.search.server.Xx03ResultReceivableVO" >
   </ViewUsage>
   <ViewUsage
      Name="Xx03GetAffPromptVO1"
      ViewObjectName="oracle.apps.xx03.ar.search.server.Xx03GetAffPromptVO" >
   </ViewUsage>
   <ViewUsage
      Name="Xx03GetDffPromptVO1"
      ViewObjectName="oracle.apps.xx03.ar.search.server.Xx03GetDffPromptVO" >
   </ViewUsage>
</AppModule>
