<?xml version="1.0" encoding='Shift_JIS'?>
<!DOCTYPE ViewObject SYSTEM "jbo_03_01.dtd">

<ViewObject
   Name="Xx03ReceivableSearchCondVO"
   BindingStyle="Oracle"
   CustomQuery="true"
   RowClass="oracle.apps.xx03.ar.search.server.Xx03ReceivableSearchCondVORowImpl"
   ComponentClass="oracle.apps.xx03.ar.search.server.Xx03ReceivableSearchCondVOImpl"
   MsgBundleClass="oracle.jbo.common.JboResourceBundle"
   UseGlueCode="false" >
   <SQLQuery><![CDATA[
SELECT xrsv.RECEIVABLE_ID
     , xrsv.ENTRY_DEPARTMENT
     , xrsv.ENTRY_DEPARTMENT_NAME
     , xrsv.ENTRY_PERSON_ID
     , xrsv.EMPLOYEE_DISP          AS ENTRY_PERSON_NAME
     , xrsv.WF_STATUS
     , xrsv.SLIP_TYPE
     , xrsv.SLIP_TYPE_NAME
     , xrsv.RECEIVABLE_NUM
     , xrsv.APPROVER_PERSON_ID
     , xrsv.APPROVER_PERSON_NAME
     , xrsv.ENTRY_DATE             AS ENTRY_DATE_START
     , xrsv.ENTRY_DATE             AS ENTRY_DATE_END
     , xrsv.INVOICE_DATE           AS INVOICE_DATE_START
     , xrsv.INVOICE_DATE           AS INVOICE_DATE_END
     , xrsv.CUSTOMER_ID
     , xrsv.CUSTOMER_NAME
     , xrsv.GL_DATE                AS GL_DATE_START
     , xrsv.GL_DATE                AS GL_DATE_END
     , xrsv.PAYMENT_SCHEDULED_DATE AS PAYMENT_SCHEDULED_DATE_START
     , xrsv.PAYMENT_SCHEDULED_DATE AS PAYMENT_SCHEDULED_DATE_END
     , xrsv.RECEIPT_METHOD_ID
     , xrsv.RECEIPT_METHOD_NAME
     , xrslv.SEGMENT2
     , xrslv.SEGMENT2_NAME
     , xrslv.SEGMENT3
     , xrslv.SEGMENT3_NAME
     , xrslv.RECON_REFERENCE
FROM XX03_RECEIVABLE_SLIPS_V      xrsv,
     XX03_RECEIVABLE_SLIPS_LINE_V xrslv
WHERE NULL IS NOT NULL
   ]]></SQLQuery>
   <DesignTime>
      <Attr Name="_isCodegen" Value="true" />
      <Attr Name="_version" Value="9.0.3.12.53" />
      <Attr Name="_CodeGenFlagNew" Value="36" />
   </DesignTime>
   <ViewAttribute
      Name="ReceivableId"
      IsPersistent="false"
      IsNotNull="true"
      Precision="15"
      Scale="0"
      Type="oracle.jbo.domain.Number"
      AliasName="RECEIVABLE_ID"
      ColumnType="VARCHAR2"
      Expression="RECEIVABLE_ID"
      SQLType="NUMERIC" >
      <DesignTime>
         <Attr Name="_DisplaySize" Value="22" />
      </DesignTime>
   </ViewAttribute>
   <ViewAttribute
      Name="EntryDepartment"
      IsPersistent="false"
      IsNotNull="true"
      Precision="150"
      Type="java.lang.String"
      AliasName="ENTRY_DEPARTMENT"
      ColumnType="VARCHAR2"
      Expression="ENTRY_DEPARTMENT"
      SQLType="VARCHAR" >
      <DesignTime>
         <Attr Name="_DisplaySize" Value="150" />
      </DesignTime>
   </ViewAttribute>
   <ViewAttribute
      Name="EntryDepartmentName"
      IsPersistent="false"
      Precision="4000"
      Type="java.lang.String"
      AliasName="ENTRY_DEPARTMENT_NAME"
      ColumnType="VARCHAR2"
      Expression="ENTRY_DEPARTMENT_NAME"
      SQLType="VARCHAR" >
      <DesignTime>
         <Attr Name="_DisplaySize" Value="4000" />
      </DesignTime>
   </ViewAttribute>
   <ViewAttribute
      Name="EntryPersonId"
      IsPersistent="false"
      IsNotNull="true"
      Precision="15"
      Scale="0"
      Type="oracle.jbo.domain.Number"
      AliasName="ENTRY_PERSON_ID"
      ColumnType="VARCHAR2"
      Expression="ENTRY_PERSON_ID"
      SQLType="NUMERIC" >
      <DesignTime>
         <Attr Name="_DisplaySize" Value="22" />
      </DesignTime>
   </ViewAttribute>
   <ViewAttribute
      Name="EntryPersonName"
      IsPersistent="false"
      Precision="4000"
      Type="java.lang.String"
      AliasName="ENTRY_PERSON_NAME"
      ColumnType="VARCHAR2"
      Expression="ENTRY_PERSON_NAME"
      SQLType="VARCHAR" >
      <DesignTime>
         <Attr Name="_DisplaySize" Value="4000" />
      </DesignTime>
   </ViewAttribute>
   <ViewAttribute
      Name="WfStatus"
      IsPersistent="false"
      IsNotNull="true"
      Precision="25"
      Type="java.lang.String"
      AliasName="WF_STATUS"
      ColumnType="VARCHAR2"
      Expression="WF_STATUS"
      SQLType="VARCHAR" >
      <DesignTime>
         <Attr Name="_DisplaySize" Value="25" />
      </DesignTime>
   </ViewAttribute>
   <ViewAttribute
      Name="SlipType"
      IsPersistent="false"
      IsNotNull="true"
      Precision="25"
      Type="java.lang.String"
      AliasName="SLIP_TYPE"
      ColumnType="VARCHAR2"
      Expression="SLIP_TYPE"
      SQLType="VARCHAR" >
      <DesignTime>
         <Attr Name="_DisplaySize" Value="25" />
      </DesignTime>
   </ViewAttribute>
   <ViewAttribute
      Name="SlipTypeName"
      IsPersistent="false"
      Precision="240"
      Type="java.lang.String"
      AliasName="SLIP_TYPE_NAME"
      ColumnType="VARCHAR2"
      Expression="SLIP_TYPE_NAME"
      SQLType="VARCHAR" >
      <DesignTime>
         <Attr Name="_DisplaySize" Value="240" />
      </DesignTime>
   </ViewAttribute>
   <ViewAttribute
      Name="ReceivableNum"
      IsPersistent="false"
      IsNotNull="true"
      Precision="50"
      Type="java.lang.String"
      AliasName="RECEIVABLE_NUM"
      ColumnType="VARCHAR2"
      Expression="RECEIVABLE_NUM"
      SQLType="VARCHAR" >
      <DesignTime>
         <Attr Name="_DisplaySize" Value="50" />
      </DesignTime>
   </ViewAttribute>
   <ViewAttribute
      Name="ApproverPersonId"
      IsPersistent="false"
      Precision="15"
      Scale="0"
      Type="oracle.jbo.domain.Number"
      AliasName="APPROVER_PERSON_ID"
      ColumnType="VARCHAR2"
      Expression="APPROVER_PERSON_ID"
      SQLType="NUMERIC" >
      <DesignTime>
         <Attr Name="_DisplaySize" Value="22" />
      </DesignTime>
   </ViewAttribute>
   <ViewAttribute
      Name="ApproverPersonName"
      IsPersistent="false"
      Precision="500"
      Type="java.lang.String"
      AliasName="APPROVER_PERSON_NAME"
      ColumnType="VARCHAR2"
      Expression="APPROVER_PERSON_NAME"
      SQLType="VARCHAR" >
      <DesignTime>
         <Attr Name="_DisplaySize" Value="500" />
      </DesignTime>
   </ViewAttribute>
   <ViewAttribute
      Name="EntryDateStart"
      IsPersistent="false"
      IsNotNull="true"
      Type="oracle.jbo.domain.Date"
      AliasName="ENTRY_DATE_START"
      ColumnType="VARCHAR2"
      Expression="ENTRY_DATE_START"
      SQLType="DATE" >
      <DesignTime>
         <Attr Name="_DisplaySize" Value="7" />
      </DesignTime>
   </ViewAttribute>
   <ViewAttribute
      Name="EntryDateEnd"
      IsPersistent="false"
      IsNotNull="true"
      Type="oracle.jbo.domain.Date"
      AliasName="ENTRY_DATE_END"
      ColumnType="VARCHAR2"
      Expression="ENTRY_DATE_END"
      SQLType="DATE" >
      <DesignTime>
         <Attr Name="_DisplaySize" Value="7" />
      </DesignTime>
   </ViewAttribute>
   <ViewAttribute
      Name="InvoiceDateStart"
      IsPersistent="false"
      IsNotNull="true"
      Type="oracle.jbo.domain.Date"
      AliasName="INVOICE_DATE_START"
      ColumnType="VARCHAR2"
      Expression="INVOICE_DATE_START"
      SQLType="DATE" >
      <DesignTime>
         <Attr Name="_DisplaySize" Value="7" />
      </DesignTime>
   </ViewAttribute>
   <ViewAttribute
      Name="InvoiceDateEnd"
      IsPersistent="false"
      IsNotNull="true"
      Type="oracle.jbo.domain.Date"
      AliasName="INVOICE_DATE_END"
      ColumnType="VARCHAR2"
      Expression="INVOICE_DATE_END"
      SQLType="DATE" >
      <DesignTime>
         <Attr Name="_DisplaySize" Value="7" />
      </DesignTime>
   </ViewAttribute>
   <ViewAttribute
      Name="CustomerId"
      IsPersistent="false"
      IsNotNull="true"
      Precision="15"
      Scale="0"
      Type="oracle.jbo.domain.Number"
      AliasName="CUSTOMER_ID"
      ColumnType="VARCHAR2"
      Expression="CUSTOMER_ID"
      SQLType="NUMERIC" >
      <DesignTime>
         <Attr Name="_DisplaySize" Value="22" />
      </DesignTime>
   </ViewAttribute>
   <ViewAttribute
      Name="CustomerName"
      IsPersistent="false"
      IsNotNull="true"
      Precision="500"
      Type="java.lang.String"
      AliasName="CUSTOMER_NAME"
      ColumnType="VARCHAR2"
      Expression="CUSTOMER_NAME"
      SQLType="VARCHAR" >
      <DesignTime>
         <Attr Name="_DisplaySize" Value="500" />
      </DesignTime>
   </ViewAttribute>
   <ViewAttribute
      Name="GlDateStart"
      IsPersistent="false"
      IsNotNull="true"
      Type="oracle.jbo.domain.Date"
      AliasName="GL_DATE_START"
      ColumnType="VARCHAR2"
      Expression="GL_DATE_START"
      SQLType="DATE" >
      <DesignTime>
         <Attr Name="_DisplaySize" Value="7" />
      </DesignTime>
   </ViewAttribute>
   <ViewAttribute
      Name="GlDateEnd"
      IsPersistent="false"
      IsNotNull="true"
      Type="oracle.jbo.domain.Date"
      AliasName="GL_DATE_END"
      ColumnType="VARCHAR2"
      Expression="GL_DATE_END"
      SQLType="DATE" >
      <DesignTime>
         <Attr Name="_DisplaySize" Value="7" />
      </DesignTime>
   </ViewAttribute>
   <ViewAttribute
      Name="PaymentScheduledDateStart"
      IsPersistent="false"
      IsNotNull="true"
      Type="oracle.jbo.domain.Date"
      AliasName="PAYMENT_SCHEDULED_DATE_START"
      ColumnType="VARCHAR2"
      Expression="PAYMENT_SCHEDULED_DATE_START"
      SQLType="DATE" >
      <DesignTime>
         <Attr Name="_DisplaySize" Value="7" />
      </DesignTime>
   </ViewAttribute>
   <ViewAttribute
      Name="PaymentScheduledDateEnd"
      IsPersistent="false"
      IsNotNull="true"
      Type="oracle.jbo.domain.Date"
      AliasName="PAYMENT_SCHEDULED_DATE_END"
      ColumnType="VARCHAR2"
      Expression="PAYMENT_SCHEDULED_DATE_END"
      SQLType="DATE" >
      <DesignTime>
         <Attr Name="_DisplaySize" Value="7" />
      </DesignTime>
   </ViewAttribute>
   <ViewAttribute
      Name="ReceiptMethodId"
      IsPersistent="false"
      IsNotNull="true"
      Precision="15"
      Scale="0"
      Type="oracle.jbo.domain.Number"
      AliasName="RECEIPT_METHOD_ID"
      ColumnType="VARCHAR2"
      Expression="RECEIPT_METHOD_ID"
      SQLType="NUMERIC" >
      <DesignTime>
         <Attr Name="_DisplaySize" Value="22" />
      </DesignTime>
   </ViewAttribute>
   <ViewAttribute
      Name="ReceiptMethodName"
      IsPersistent="false"
      IsNotNull="true"
      Precision="500"
      Type="java.lang.String"
      AliasName="RECEIPT_METHOD_NAME"
      ColumnType="VARCHAR2"
      Expression="RECEIPT_METHOD_NAME"
      SQLType="VARCHAR" >
      <DesignTime>
         <Attr Name="_DisplaySize" Value="500" />
      </DesignTime>
   </ViewAttribute>
   <ViewAttribute
      Name="Segment2"
      IsPersistent="false"
      IsNotNull="true"
      Precision="150"
      Type="java.lang.String"
      AliasName="SEGMENT2"
      ColumnType="VARCHAR2"
      Expression="SEGMENT2"
      SQLType="VARCHAR" >
      <DesignTime>
         <Attr Name="_DisplaySize" Value="150" />
      </DesignTime>
   </ViewAttribute>
   <ViewAttribute
      Name="Segment2Name"
      IsPersistent="false"
      Precision="500"
      Type="java.lang.String"
      AliasName="SEGMENT2_NAME"
      ColumnType="VARCHAR2"
      Expression="SEGMENT2_NAME"
      SQLType="VARCHAR" >
      <DesignTime>
         <Attr Name="_DisplaySize" Value="500" />
      </DesignTime>
   </ViewAttribute>
   <ViewAttribute
      Name="Segment3"
      IsPersistent="false"
      IsNotNull="true"
      Precision="150"
      Type="java.lang.String"
      AliasName="SEGMENT3"
      ColumnType="VARCHAR2"
      Expression="SEGMENT3"
      SQLType="VARCHAR" >
      <DesignTime>
         <Attr Name="_DisplaySize" Value="150" />
      </DesignTime>
   </ViewAttribute>
   <ViewAttribute
      Name="Segment3Name"
      IsPersistent="false"
      Precision="500"
      Type="java.lang.String"
      AliasName="SEGMENT3_NAME"
      ColumnType="VARCHAR2"
      Expression="SEGMENT3_NAME"
      SQLType="VARCHAR" >
      <DesignTime>
         <Attr Name="_DisplaySize" Value="500" />
      </DesignTime>
   </ViewAttribute>
   <ViewAttribute
      Name="ReconReference"
      IsPersistent="false"
      Precision="150"
      Type="java.lang.String"
      AliasName="RECON_REFERENCE"
      ColumnType="VARCHAR2"
      Expression="RECON_REFERENCE"
      SQLType="VARCHAR" >
      <DesignTime>
         <Attr Name="_DisplaySize" Value="150" />
      </DesignTime>
   </ViewAttribute>
</ViewObject>
