<?xml version="1.0" encoding='Shift_JIS'?>
<!DOCTYPE ViewObject SYSTEM "jbo_03_01.dtd">

<ViewObject
   Name="Xx03ReceivableSlipsLineVO"
   SelectList="Xx03ReceivableSlipsLineEO.RECEIVABLE_LINE_ID, 
       Xx03ReceivableSlipsLineEO.RECEIVABLE_ID, 

       Xx03ReceivableSlipsLineEO.LINE_NUMBER, 
       Xx03ReceivableSlipsLineEO.SLIP_LINE_TYPE, 

       Xx03ReceivableSlipsLineEO.SLIP_LINE_TYPE_NAME, 
     
  Xx03ReceivableSlipsLineEO.SLIP_LINE_UOM, 
       Xx03ReceivableSlipsLineEO.SLIP_LINE_UNIT_PRICE, 

       Xx03ReceivableSlipsLineEO.SLIP_LINE_QUANTITY, 
      
 Xx03ReceivableSlipsLineEO.SLIP_LINE_ENTERED_AMOUNT, 
       
Xx03ReceivableSlipsLineEO.TAX_CODE, 
       Xx03ReceivableSlipsLineEO.TAX_NAME, 

       Xx03ReceivableSlipsLineEO.AMOUNT_INCLUDES_TAX_FLAG, 
 
      Xx03ReceivableSlipsLineEO.ENTERED_ITEM_AMOUNT, 
       
Xx03ReceivableSlipsLineEO.ENTERED_TAX_AMOUNT, 
       Xx03ReceivableSlipsLineEO.ACCOUNTED_AMOUNT, 

       Xx03ReceivableSlipsLineEO.SLIP_LINE_RECIEPT_NO, 
    
   Xx03ReceivableSlipsLineEO.SLIP_DESCRIPTION, 
       Xx03ReceivableSlipsLineEO.SEGMENT1, 

       Xx03ReceivableSlipsLineEO.SEGMENT2, 
       Xx03ReceivableSlipsLineEO.SEGMENT3, 

       Xx03ReceivableSlipsLineEO.SEGMENT4, 
       Xx03ReceivableSlipsLineEO.SEGMENT5, 

       Xx03ReceivableSlipsLineEO.SEGMENT6, 
       Xx03ReceivableSlipsLineEO.SEGMENT7, 

       Xx03ReceivableSlipsLineEO.SEGMENT8, 
       Xx03ReceivableSlipsLineEO.SEGMENT9, 

       Xx03ReceivableSlipsLineEO.SEGMENT10, 
       Xx03ReceivableSlipsLineEO.SEGMENT11, 

       Xx03ReceivableSlipsLineEO.SEGMENT12, 
       Xx03ReceivableSlipsLineEO.SEGMENT13, 

       Xx03ReceivableSlipsLineEO.SEGMENT14, 
       Xx03ReceivableSlipsLineEO.SEGMENT15, 

       Xx03ReceivableSlipsLineEO.SEGMENT16, 
       Xx03ReceivableSlipsLineEO.SEGMENT17, 

       Xx03ReceivableSlipsLineEO.SEGMENT18, 
       Xx03ReceivableSlipsLineEO.SEGMENT19, 

       Xx03ReceivableSlipsLineEO.SEGMENT20, 
       Xx03ReceivableSlipsLineEO.SEGMENT1_NAME, 

       Xx03ReceivableSlipsLineEO.SEGMENT2_NAME, 
       Xx03ReceivableSlipsLineEO.SEGMENT3_NAME, 

       Xx03ReceivableSlipsLineEO.SEGMENT4_NAME, 
       Xx03ReceivableSlipsLineEO.SEGMENT5_NAME, 

       Xx03ReceivableSlipsLineEO.SEGMENT6_NAME, 
       Xx03ReceivableSlipsLineEO.SEGMENT7_NAME, 

       Xx03ReceivableSlipsLineEO.SEGMENT8_NAME, 
       Xx03ReceivableSlipsLineEO.INCR_DECR_REASON_CODE, 

       Xx03ReceivableSlipsLineEO.INCR_DECR_REASON_NAME, 
   
    Xx03ReceivableSlipsLineEO.RECON_REFERENCE, 
       Xx03ReceivableSlipsLineEO.JOURNAL_DESCRIPTION, 

       Xx03ReceivableSlipsLineEO.ORG_ID, 
       Xx03ReceivableSlipsLineEO.ATTRIBUTE_CATEGORY, 

       Xx03ReceivableSlipsLineEO.ATTRIBUTE1, 
       Xx03ReceivableSlipsLineEO.ATTRIBUTE2, 

       Xx03ReceivableSlipsLineEO.ATTRIBUTE3, 
       Xx03ReceivableSlipsLineEO.ATTRIBUTE4, 

       Xx03ReceivableSlipsLineEO.ATTRIBUTE5, 
       Xx03ReceivableSlipsLineEO.ATTRIBUTE6, 

       Xx03ReceivableSlipsLineEO.ATTRIBUTE7, 
       Xx03ReceivableSlipsLineEO.ATTRIBUTE8, 

       Xx03ReceivableSlipsLineEO.ATTRIBUTE9, 
       Xx03ReceivableSlipsLineEO.ATTRIBUTE10, 

       Xx03ReceivableSlipsLineEO.ATTRIBUTE11, 
       Xx03ReceivableSlipsLineEO.ATTRIBUTE12, 

       Xx03ReceivableSlipsLineEO.ATTRIBUTE13, 
       Xx03ReceivableSlipsLineEO.ATTRIBUTE14, 

       Xx03ReceivableSlipsLineEO.ATTRIBUTE15, 
       Xx03ReceivableSlipsLineEO.CREATED_BY, 

       Xx03ReceivableSlipsLineEO.CREATION_DATE, 
       Xx03ReceivableSlipsLineEO.LAST_UPDATED_BY, 

       Xx03ReceivableSlipsLineEO.LAST_UPDATE_DATE, 
       Xx03ReceivableSlipsLineEO.LAST_UPDATE_LOGIN, 

       Xx03ReceivableSlipsLineEO.REQUEST_ID, 
       Xx03ReceivableSlipsLineEO.PROGRAM_APPLICATION_ID, 

       Xx03ReceivableSlipsLineEO.PROGRAM_ID, 
       Xx03ReceivableSlipsLineEO.PROGRAM_UPDATE_DATE, 

       Xx03ReceivableSlipsLineEO.ROWID"
   FromList="XX03_RECEIVABLE_SLIPS_LINE Xx03ReceivableSlipsLineEO"
   BindingStyle="Oracle"
   CustomQuery="false"
   RowClass="oracle.apps.xx03.ar.search.server.Xx03ReceivableSlipsLineVORowImpl"
   ComponentClass="oracle.apps.xx03.ar.search.server.Xx03ReceivableSlipsLineVOImpl"
   MsgBundleClass="oracle.jbo.common.JboResourceBundle"
   FetchMode="FETCH_AS_NEEDED"
   UseGlueCode="false" >
   <DesignTime>
      <Attr Name="_isCodegen" Value="true" />
      <Attr Name="_version" Value="9.0.3.12.53" />
      <Attr Name="_CodeGenFlagNew" Value="36" />
   </DesignTime>
   <EntityUsage
      Name="Xx03ReceivableSlipsLineEO"
      Entity="oracle.apps.xx03.schema.server.Xx03ReceivableSlipsLineEO" >
      <DesignTime>
         <Attr Name="_EntireObjectTable" Value="false" />
         <Attr Name="_queryClause" Value="false" />
      </DesignTime>
   </EntityUsage>
   <ViewAttribute
      Name="ReceivableLineId"
      IsNotNull="true"
      EntityAttrName="ReceivableLineId"
      EntityUsage="Xx03ReceivableSlipsLineEO"
      AliasName="RECEIVABLE_LINE_ID"
      ColumnType="VARCHAR2" >
   </ViewAttribute>
   <ViewAttribute
      Name="ReceivableId"
      IsNotNull="true"
      EntityAttrName="ReceivableId"
      EntityUsage="Xx03ReceivableSlipsLineEO"
      AliasName="RECEIVABLE_ID"
      ColumnType="VARCHAR2" >
   </ViewAttribute>
   <ViewAttribute
      Name="LineNumber"
      IsNotNull="true"
      EntityAttrName="LineNumber"
      EntityUsage="Xx03ReceivableSlipsLineEO"
      AliasName="LINE_NUMBER"
      ColumnType="VARCHAR2" >
   </ViewAttribute>
   <ViewAttribute
      Name="SlipLineType"
      EntityAttrName="SlipLineType"
      EntityUsage="Xx03ReceivableSlipsLineEO"
      AliasName="SLIP_LINE_TYPE"
      ColumnType="VARCHAR2" >
   </ViewAttribute>
   <ViewAttribute
      Name="SlipLineTypeName"
      EntityAttrName="SlipLineTypeName"
      EntityUsage="Xx03ReceivableSlipsLineEO"
      AliasName="SLIP_LINE_TYPE_NAME"
      ColumnType="VARCHAR2" >
   </ViewAttribute>
   <ViewAttribute
      Name="SlipLineUom"
      EntityAttrName="SlipLineUom"
      EntityUsage="Xx03ReceivableSlipsLineEO"
      AliasName="SLIP_LINE_UOM"
      ColumnType="VARCHAR2" >
   </ViewAttribute>
   <ViewAttribute
      Name="SlipLineUnitPrice"
      IsNotNull="true"
      EntityAttrName="SlipLineUnitPrice"
      EntityUsage="Xx03ReceivableSlipsLineEO"
      AliasName="SLIP_LINE_UNIT_PRICE"
      ColumnType="VARCHAR2" >
   </ViewAttribute>
   <ViewAttribute
      Name="SlipLineQuantity"
      IsNotNull="true"
      EntityAttrName="SlipLineQuantity"
      EntityUsage="Xx03ReceivableSlipsLineEO"
      AliasName="SLIP_LINE_QUANTITY"
      ColumnType="VARCHAR2" >
   </ViewAttribute>
   <ViewAttribute
      Name="SlipLineEnteredAmount"
      IsNotNull="true"
      EntityAttrName="SlipLineEnteredAmount"
      EntityUsage="Xx03ReceivableSlipsLineEO"
      AliasName="SLIP_LINE_ENTERED_AMOUNT"
      ColumnType="VARCHAR2" >
   </ViewAttribute>
   <ViewAttribute
      Name="TaxCode"
      IsNotNull="true"
      EntityAttrName="TaxCode"
      EntityUsage="Xx03ReceivableSlipsLineEO"
      AliasName="TAX_CODE"
      ColumnType="VARCHAR2" >
   </ViewAttribute>
   <ViewAttribute
      Name="TaxName"
      IsNotNull="true"
      EntityAttrName="TaxName"
      EntityUsage="Xx03ReceivableSlipsLineEO"
      AliasName="TAX_NAME"
      ColumnType="VARCHAR2" >
   </ViewAttribute>
   <ViewAttribute
      Name="AmountIncludesTaxFlag"
      EntityAttrName="AmountIncludesTaxFlag"
      EntityUsage="Xx03ReceivableSlipsLineEO"
      AliasName="AMOUNT_INCLUDES_TAX_FLAG"
      ColumnType="VARCHAR2" >
   </ViewAttribute>
   <ViewAttribute
      Name="EnteredItemAmount"
      IsNotNull="true"
      EntityAttrName="EnteredItemAmount"
      EntityUsage="Xx03ReceivableSlipsLineEO"
      AliasName="ENTERED_ITEM_AMOUNT"
      ColumnType="VARCHAR2" >
   </ViewAttribute>
   <ViewAttribute
      Name="EnteredTaxAmount"
      IsNotNull="true"
      EntityAttrName="EnteredTaxAmount"
      EntityUsage="Xx03ReceivableSlipsLineEO"
      AliasName="ENTERED_TAX_AMOUNT"
      ColumnType="VARCHAR2" >
   </ViewAttribute>
   <ViewAttribute
      Name="AccountedAmount"
      EntityAttrName="AccountedAmount"
      EntityUsage="Xx03ReceivableSlipsLineEO"
      AliasName="ACCOUNTED_AMOUNT"
      ColumnType="VARCHAR2" >
   </ViewAttribute>
   <ViewAttribute
      Name="SlipLineRecieptNo"
      EntityAttrName="SlipLineRecieptNo"
      EntityUsage="Xx03ReceivableSlipsLineEO"
      AliasName="SLIP_LINE_RECIEPT_NO"
      ColumnType="VARCHAR2" >
   </ViewAttribute>
   <ViewAttribute
      Name="SlipDescription"
      EntityAttrName="SlipDescription"
      EntityUsage="Xx03ReceivableSlipsLineEO"
      AliasName="SLIP_DESCRIPTION"
      ColumnType="VARCHAR2" >
   </ViewAttribute>
   <ViewAttribute
      Name="Segment1"
      IsNotNull="true"
      EntityAttrName="Segment1"
      EntityUsage="Xx03ReceivableSlipsLineEO"
      AliasName="SEGMENT1"
      ColumnType="VARCHAR2" >
   </ViewAttribute>
   <ViewAttribute
      Name="Segment2"
      IsNotNull="true"
      EntityAttrName="Segment2"
      EntityUsage="Xx03ReceivableSlipsLineEO"
      AliasName="SEGMENT2"
      ColumnType="VARCHAR2" >
   </ViewAttribute>
   <ViewAttribute
      Name="Segment3"
      IsNotNull="true"
      EntityAttrName="Segment3"
      EntityUsage="Xx03ReceivableSlipsLineEO"
      AliasName="SEGMENT3"
      ColumnType="VARCHAR2" >
   </ViewAttribute>
   <ViewAttribute
      Name="Segment4"
      IsNotNull="true"
      EntityAttrName="Segment4"
      EntityUsage="Xx03ReceivableSlipsLineEO"
      AliasName="SEGMENT4"
      ColumnType="VARCHAR2" >
   </ViewAttribute>
   <ViewAttribute
      Name="Segment5"
      IsNotNull="true"
      EntityAttrName="Segment5"
      EntityUsage="Xx03ReceivableSlipsLineEO"
      AliasName="SEGMENT5"
      ColumnType="VARCHAR2" >
   </ViewAttribute>
   <ViewAttribute
      Name="Segment6"
      IsNotNull="true"
      EntityAttrName="Segment6"
      EntityUsage="Xx03ReceivableSlipsLineEO"
      AliasName="SEGMENT6"
      ColumnType="VARCHAR2" >
   </ViewAttribute>
   <ViewAttribute
      Name="Segment7"
      IsNotNull="true"
      EntityAttrName="Segment7"
      EntityUsage="Xx03ReceivableSlipsLineEO"
      AliasName="SEGMENT7"
      ColumnType="VARCHAR2" >
   </ViewAttribute>
   <ViewAttribute
      Name="Segment8"
      IsNotNull="true"
      EntityAttrName="Segment8"
      EntityUsage="Xx03ReceivableSlipsLineEO"
      AliasName="SEGMENT8"
      ColumnType="VARCHAR2" >
   </ViewAttribute>
   <ViewAttribute
      Name="Segment9"
      EntityAttrName="Segment9"
      EntityUsage="Xx03ReceivableSlipsLineEO"
      AliasName="SEGMENT9"
      ColumnType="VARCHAR2" >
   </ViewAttribute>
   <ViewAttribute
      Name="Segment10"
      EntityAttrName="Segment10"
      EntityUsage="Xx03ReceivableSlipsLineEO"
      AliasName="SEGMENT10"
      ColumnType="VARCHAR2" >
   </ViewAttribute>
   <ViewAttribute
      Name="Segment11"
      EntityAttrName="Segment11"
      EntityUsage="Xx03ReceivableSlipsLineEO"
      AliasName="SEGMENT11"
      ColumnType="VARCHAR2" >
   </ViewAttribute>
   <ViewAttribute
      Name="Segment12"
      EntityAttrName="Segment12"
      EntityUsage="Xx03ReceivableSlipsLineEO"
      AliasName="SEGMENT12"
      ColumnType="VARCHAR2" >
   </ViewAttribute>
   <ViewAttribute
      Name="Segment13"
      EntityAttrName="Segment13"
      EntityUsage="Xx03ReceivableSlipsLineEO"
      AliasName="SEGMENT13"
      ColumnType="VARCHAR2" >
   </ViewAttribute>
   <ViewAttribute
      Name="Segment14"
      EntityAttrName="Segment14"
      EntityUsage="Xx03ReceivableSlipsLineEO"
      AliasName="SEGMENT14"
      ColumnType="VARCHAR2" >
   </ViewAttribute>
   <ViewAttribute
      Name="Segment15"
      EntityAttrName="Segment15"
      EntityUsage="Xx03ReceivableSlipsLineEO"
      AliasName="SEGMENT15"
      ColumnType="VARCHAR2" >
   </ViewAttribute>
   <ViewAttribute
      Name="Segment16"
      EntityAttrName="Segment16"
      EntityUsage="Xx03ReceivableSlipsLineEO"
      AliasName="SEGMENT16"
      ColumnType="VARCHAR2" >
   </ViewAttribute>
   <ViewAttribute
      Name="Segment17"
      EntityAttrName="Segment17"
      EntityUsage="Xx03ReceivableSlipsLineEO"
      AliasName="SEGMENT17"
      ColumnType="VARCHAR2" >
   </ViewAttribute>
   <ViewAttribute
      Name="Segment18"
      EntityAttrName="Segment18"
      EntityUsage="Xx03ReceivableSlipsLineEO"
      AliasName="SEGMENT18"
      ColumnType="VARCHAR2" >
   </ViewAttribute>
   <ViewAttribute
      Name="Segment19"
      EntityAttrName="Segment19"
      EntityUsage="Xx03ReceivableSlipsLineEO"
      AliasName="SEGMENT19"
      ColumnType="VARCHAR2" >
   </ViewAttribute>
   <ViewAttribute
      Name="Segment20"
      EntityAttrName="Segment20"
      EntityUsage="Xx03ReceivableSlipsLineEO"
      AliasName="SEGMENT20"
      ColumnType="VARCHAR2" >
   </ViewAttribute>
   <ViewAttribute
      Name="Segment1Name"
      EntityAttrName="Segment1Name"
      EntityUsage="Xx03ReceivableSlipsLineEO"
      AliasName="SEGMENT1_NAME"
      ColumnType="VARCHAR2" >
   </ViewAttribute>
   <ViewAttribute
      Name="Segment2Name"
      EntityAttrName="Segment2Name"
      EntityUsage="Xx03ReceivableSlipsLineEO"
      AliasName="SEGMENT2_NAME"
      ColumnType="VARCHAR2" >
   </ViewAttribute>
   <ViewAttribute
      Name="Segment3Name"
      EntityAttrName="Segment3Name"
      EntityUsage="Xx03ReceivableSlipsLineEO"
      AliasName="SEGMENT3_NAME"
      ColumnType="VARCHAR2" >
   </ViewAttribute>
   <ViewAttribute
      Name="Segment4Name"
      EntityAttrName="Segment4Name"
      EntityUsage="Xx03ReceivableSlipsLineEO"
      AliasName="SEGMENT4_NAME"
      ColumnType="VARCHAR2" >
   </ViewAttribute>
   <ViewAttribute
      Name="Segment5Name"
      EntityAttrName="Segment5Name"
      EntityUsage="Xx03ReceivableSlipsLineEO"
      AliasName="SEGMENT5_NAME"
      ColumnType="VARCHAR2" >
   </ViewAttribute>
   <ViewAttribute
      Name="Segment6Name"
      EntityAttrName="Segment6Name"
      EntityUsage="Xx03ReceivableSlipsLineEO"
      AliasName="SEGMENT6_NAME"
      ColumnType="VARCHAR2" >
   </ViewAttribute>
   <ViewAttribute
      Name="Segment7Name"
      EntityAttrName="Segment7Name"
      EntityUsage="Xx03ReceivableSlipsLineEO"
      AliasName="SEGMENT7_NAME"
      ColumnType="VARCHAR2" >
   </ViewAttribute>
   <ViewAttribute
      Name="Segment8Name"
      EntityAttrName="Segment8Name"
      EntityUsage="Xx03ReceivableSlipsLineEO"
      AliasName="SEGMENT8_NAME"
      ColumnType="VARCHAR2" >
   </ViewAttribute>
   <ViewAttribute
      Name="IncrDecrReasonCode"
      EntityAttrName="IncrDecrReasonCode"
      EntityUsage="Xx03ReceivableSlipsLineEO"
      AliasName="INCR_DECR_REASON_CODE"
      ColumnType="VARCHAR2" >
   </ViewAttribute>
   <ViewAttribute
      Name="IncrDecrReasonName"
      EntityAttrName="IncrDecrReasonName"
      EntityUsage="Xx03ReceivableSlipsLineEO"
      AliasName="INCR_DECR_REASON_NAME"
      ColumnType="VARCHAR2" >
   </ViewAttribute>
   <ViewAttribute
      Name="ReconReference"
      EntityAttrName="ReconReference"
      EntityUsage="Xx03ReceivableSlipsLineEO"
      AliasName="RECON_REFERENCE"
      ColumnType="VARCHAR2" >
   </ViewAttribute>
   <ViewAttribute
      Name="JournalDescription"
      EntityAttrName="JournalDescription"
      EntityUsage="Xx03ReceivableSlipsLineEO"
      AliasName="JOURNAL_DESCRIPTION"
      ColumnType="VARCHAR2" >
   </ViewAttribute>
   <ViewAttribute
      Name="OrgId"
      IsNotNull="true"
      EntityAttrName="OrgId"
      EntityUsage="Xx03ReceivableSlipsLineEO"
      AliasName="ORG_ID"
      ColumnType="VARCHAR2" >
   </ViewAttribute>
   <ViewAttribute
      Name="AttributeCategory"
      EntityAttrName="AttributeCategory"
      EntityUsage="Xx03ReceivableSlipsLineEO"
      AliasName="ATTRIBUTE_CATEGORY"
      ColumnType="VARCHAR2" >
   </ViewAttribute>
   <ViewAttribute
      Name="Attribute1"
      EntityAttrName="Attribute1"
      EntityUsage="Xx03ReceivableSlipsLineEO"
      AliasName="ATTRIBUTE1"
      ColumnType="VARCHAR2" >
   </ViewAttribute>
   <ViewAttribute
      Name="Attribute2"
      EntityAttrName="Attribute2"
      EntityUsage="Xx03ReceivableSlipsLineEO"
      AliasName="ATTRIBUTE2"
      ColumnType="VARCHAR2" >
   </ViewAttribute>
   <ViewAttribute
      Name="Attribute3"
      EntityAttrName="Attribute3"
      EntityUsage="Xx03ReceivableSlipsLineEO"
      AliasName="ATTRIBUTE3"
      ColumnType="VARCHAR2" >
   </ViewAttribute>
   <ViewAttribute
      Name="Attribute4"
      EntityAttrName="Attribute4"
      EntityUsage="Xx03ReceivableSlipsLineEO"
      AliasName="ATTRIBUTE4"
      ColumnType="VARCHAR2" >
   </ViewAttribute>
   <ViewAttribute
      Name="Attribute5"
      EntityAttrName="Attribute5"
      EntityUsage="Xx03ReceivableSlipsLineEO"
      AliasName="ATTRIBUTE5"
      ColumnType="VARCHAR2" >
   </ViewAttribute>
   <ViewAttribute
      Name="Attribute6"
      EntityAttrName="Attribute6"
      EntityUsage="Xx03ReceivableSlipsLineEO"
      AliasName="ATTRIBUTE6"
      ColumnType="VARCHAR2" >
   </ViewAttribute>
   <ViewAttribute
      Name="Attribute7"
      EntityAttrName="Attribute7"
      EntityUsage="Xx03ReceivableSlipsLineEO"
      AliasName="ATTRIBUTE7"
      ColumnType="VARCHAR2" >
   </ViewAttribute>
   <ViewAttribute
      Name="Attribute8"
      EntityAttrName="Attribute8"
      EntityUsage="Xx03ReceivableSlipsLineEO"
      AliasName="ATTRIBUTE8"
      ColumnType="VARCHAR2" >
   </ViewAttribute>
   <ViewAttribute
      Name="Attribute9"
      EntityAttrName="Attribute9"
      EntityUsage="Xx03ReceivableSlipsLineEO"
      AliasName="ATTRIBUTE9"
      ColumnType="VARCHAR2" >
   </ViewAttribute>
   <ViewAttribute
      Name="Attribute10"
      EntityAttrName="Attribute10"
      EntityUsage="Xx03ReceivableSlipsLineEO"
      AliasName="ATTRIBUTE10"
      ColumnType="VARCHAR2" >
   </ViewAttribute>
   <ViewAttribute
      Name="Attribute11"
      EntityAttrName="Attribute11"
      EntityUsage="Xx03ReceivableSlipsLineEO"
      AliasName="ATTRIBUTE11"
      ColumnType="VARCHAR2" >
   </ViewAttribute>
   <ViewAttribute
      Name="Attribute12"
      EntityAttrName="Attribute12"
      EntityUsage="Xx03ReceivableSlipsLineEO"
      AliasName="ATTRIBUTE12"
      ColumnType="VARCHAR2" >
   </ViewAttribute>
   <ViewAttribute
      Name="Attribute13"
      EntityAttrName="Attribute13"
      EntityUsage="Xx03ReceivableSlipsLineEO"
      AliasName="ATTRIBUTE13"
      ColumnType="VARCHAR2" >
   </ViewAttribute>
   <ViewAttribute
      Name="Attribute14"
      EntityAttrName="Attribute14"
      EntityUsage="Xx03ReceivableSlipsLineEO"
      AliasName="ATTRIBUTE14"
      ColumnType="VARCHAR2" >
   </ViewAttribute>
   <ViewAttribute
      Name="Attribute15"
      EntityAttrName="Attribute15"
      EntityUsage="Xx03ReceivableSlipsLineEO"
      AliasName="ATTRIBUTE15"
      ColumnType="VARCHAR2" >
   </ViewAttribute>
   <ViewAttribute
      Name="CreatedBy"
      IsNotNull="true"
      EntityAttrName="CreatedBy"
      EntityUsage="Xx03ReceivableSlipsLineEO"
      AliasName="CREATED_BY"
      ColumnType="VARCHAR2" >
   </ViewAttribute>
   <ViewAttribute
      Name="CreationDate"
      IsNotNull="true"
      EntityAttrName="CreationDate"
      EntityUsage="Xx03ReceivableSlipsLineEO"
      AliasName="CREATION_DATE"
      ColumnType="VARCHAR2" >
   </ViewAttribute>
   <ViewAttribute
      Name="LastUpdatedBy"
      IsNotNull="true"
      EntityAttrName="LastUpdatedBy"
      EntityUsage="Xx03ReceivableSlipsLineEO"
      AliasName="LAST_UPDATED_BY"
      ColumnType="VARCHAR2" >
   </ViewAttribute>
   <ViewAttribute
      Name="LastUpdateDate"
      IsNotNull="true"
      EntityAttrName="LastUpdateDate"
      EntityUsage="Xx03ReceivableSlipsLineEO"
      AliasName="LAST_UPDATE_DATE"
      ColumnType="VARCHAR2" >
   </ViewAttribute>
   <ViewAttribute
      Name="LastUpdateLogin"
      EntityAttrName="LastUpdateLogin"
      EntityUsage="Xx03ReceivableSlipsLineEO"
      AliasName="LAST_UPDATE_LOGIN"
      ColumnType="VARCHAR2" >
   </ViewAttribute>
   <ViewAttribute
      Name="RequestId"
      EntityAttrName="RequestId"
      EntityUsage="Xx03ReceivableSlipsLineEO"
      AliasName="REQUEST_ID"
      ColumnType="VARCHAR2" >
   </ViewAttribute>
   <ViewAttribute
      Name="ProgramApplicationId"
      EntityAttrName="ProgramApplicationId"
      EntityUsage="Xx03ReceivableSlipsLineEO"
      AliasName="PROGRAM_APPLICATION_ID"
      ColumnType="VARCHAR2" >
   </ViewAttribute>
   <ViewAttribute
      Name="ProgramId"
      EntityAttrName="ProgramId"
      EntityUsage="Xx03ReceivableSlipsLineEO"
      AliasName="PROGRAM_ID"
      ColumnType="VARCHAR2" >
   </ViewAttribute>
   <ViewAttribute
      Name="ProgramUpdateDate"
      EntityAttrName="ProgramUpdateDate"
      EntityUsage="Xx03ReceivableSlipsLineEO"
      AliasName="PROGRAM_UPDATE_DATE"
      ColumnType="VARCHAR2" >
   </ViewAttribute>
   <ViewAttribute
      Name="RowID"
      IsUpdateable="false"
      EntityAttrName="RowID"
      EntityUsage="Xx03ReceivableSlipsLineEO"
      AliasName="ROWID"
      ColumnType="VARCHAR2" >
   </ViewAttribute>
</ViewObject>
