<?xml version="1.0" encoding='Shift_JIS'?>
<!DOCTYPE ViewObject SYSTEM "jbo_03_01.dtd">

<ViewObject
   Name="Xx03GetAffPromptVO"
   BindingStyle="Oracle"
   CustomQuery="true"
   RowClass="oracle.apps.xx03.ar.search.server.Xx03GetAffPromptVORowImpl"
   ComponentClass="oracle.apps.xx03.ar.search.server.Xx03GetAffPromptVOImpl"
   MsgBundleClass="oracle.jbo.common.JboResourceBundle"
   UseGlueCode="false" >
   <SQLQuery><![CDATA[
SELECT
  xx03_get_prompt_pkg.aff_segment('SEGMENT1') as SEGMENT1_PROMPT
 ,xx03_get_prompt_pkg.aff_segment('SEGMENT2') as SEGMENT2_PROMPT
 ,xx03_get_prompt_pkg.aff_segment('SEGMENT3') as SEGMENT3_PROMPT
 ,xx03_get_prompt_pkg.aff_segment('SEGMENT4') as SEGMENT4_PROMPT
 ,xx03_get_prompt_pkg.aff_segment('SEGMENT5') as SEGMENT5_PROMPT
 ,xx03_get_prompt_pkg.aff_segment('SEGMENT6') as SEGMENT6_PROMPT
 ,xx03_get_prompt_pkg.aff_segment('SEGMENT7') as SEGMENT7_PROMPT
 ,xx03_get_prompt_pkg.aff_segment('SEGMENT8') as SEGMENT8_PROMPT
FROM
  dual
   ]]></SQLQuery>
   <DesignTime>
      <Attr Name="_isCodegen" Value="true" />
      <Attr Name="_version" Value="9.0.3.12.53" />
      <Attr Name="_CodeGenFlagNew" Value="36" />
   </DesignTime>
   <ViewAttribute
      Name="Segment1Prompt"
      IsPersistent="false"
      Precision="4000"
      Type="java.lang.String"
      AliasName="SEGMENT1_PROMPT"
      ColumnType="VARCHAR2"
      Expression="SEGMENT1_PROMPT"
      SQLType="VARCHAR" >
      <DesignTime>
         <Attr Name="_DisplaySize" Value="4000" />
      </DesignTime>
   </ViewAttribute>
   <ViewAttribute
      Name="Segment2Prompt"
      IsPersistent="false"
      Precision="4000"
      Type="java.lang.String"
      AliasName="SEGMENT2_PROMPT"
      ColumnType="VARCHAR2"
      Expression="SEGMENT2_PROMPT"
      SQLType="VARCHAR" >
      <DesignTime>
         <Attr Name="_DisplaySize" Value="4000" />
      </DesignTime>
   </ViewAttribute>
   <ViewAttribute
      Name="Segment3Prompt"
      IsPersistent="false"
      Precision="4000"
      Type="java.lang.String"
      AliasName="SEGMENT3_PROMPT"
      ColumnType="VARCHAR2"
      Expression="SEGMENT3_PROMPT"
      SQLType="VARCHAR" >
      <DesignTime>
         <Attr Name="_DisplaySize" Value="4000" />
      </DesignTime>
   </ViewAttribute>
   <ViewAttribute
      Name="Segment4Prompt"
      IsPersistent="false"
      Precision="4000"
      Type="java.lang.String"
      AliasName="SEGMENT4_PROMPT"
      ColumnType="VARCHAR2"
      Expression="SEGMENT4_PROMPT"
      SQLType="VARCHAR" >
      <DesignTime>
         <Attr Name="_DisplaySize" Value="4000" />
      </DesignTime>
   </ViewAttribute>
   <ViewAttribute
      Name="Segment5Prompt"
      IsPersistent="false"
      Precision="4000"
      Type="java.lang.String"
      AliasName="SEGMENT5_PROMPT"
      ColumnType="VARCHAR2"
      Expression="SEGMENT5_PROMPT"
      SQLType="VARCHAR" >
      <DesignTime>
         <Attr Name="_DisplaySize" Value="4000" />
      </DesignTime>
   </ViewAttribute>
   <ViewAttribute
      Name="Segment6Prompt"
      IsPersistent="false"
      Precision="4000"
      Type="java.lang.String"
      AliasName="SEGMENT6_PROMPT"
      ColumnType="VARCHAR2"
      Expression="SEGMENT6_PROMPT"
      SQLType="VARCHAR" >
      <DesignTime>
         <Attr Name="_DisplaySize" Value="4000" />
      </DesignTime>
   </ViewAttribute>
   <ViewAttribute
      Name="Segment7Prompt"
      IsPersistent="false"
      Precision="4000"
      Type="java.lang.String"
      AliasName="SEGMENT7_PROMPT"
      ColumnType="VARCHAR2"
      Expression="SEGMENT7_PROMPT"
      SQLType="VARCHAR" >
      <DesignTime>
         <Attr Name="_DisplaySize" Value="4000" />
      </DesignTime>
   </ViewAttribute>
   <ViewAttribute
      Name="Segment8Prompt"
      IsPersistent="false"
      Precision="4000"
      Type="java.lang.String"
      AliasName="SEGMENT8_PROMPT"
      ColumnType="VARCHAR2"
      Expression="SEGMENT8_PROMPT"
      SQLType="VARCHAR" >
      <DesignTime>
         <Attr Name="_DisplaySize" Value="4000" />
      </DesignTime>
   </ViewAttribute>
</ViewObject>
