<?xml version="1.0" encoding='Windows-31J'?>
<!DOCTYPE ViewObject SYSTEM "jbo_03_01.dtd">

<ViewObject
   Name="XxcsoQuoteSearchLovVO"
   BindingStyle="Oracle"
   CustomQuery="true"
   RowClass="itoen.oracle.apps.xxcso.xxcso017006j.lov.server.XxcsoQuoteSearchLovVORowImpl"
   ComponentClass="itoen.oracle.apps.xxcso.xxcso017006j.lov.server.XxcsoQuoteSearchLovVOImpl"
   MsgBundleClass="oracle.jbo.common.JboResourceBundle"
   UseGlueCode="false" >
   <SQLQuery><![CDATA[
SELECT xqh.quote_type quote_type
      ,xqh.quote_number quote_number
      ,xqh.quote_revision_number quote_revision_number
      ,xqh.account_number account_number
      ,xcav.party_name party_name
      ,xxcso_util_common_pkg.get_lookup_meaning(
         'XXCSO1_QUOTE_STATUS'
        ,xqh.status
        ,xxcso_util_common_pkg.get_online_sysdate
       ) meaning
FROM xxcso_quote_headers xqh
    ,xxcso_employees_v2 xev2
    ,xxcso_resource_custs_v2 xrcv2
    ,xxcso_cust_accounts_v xcav
WHERE xev2.employee_number = xrcv2.employee_number
  AND xrcv2.account_number = xqh.account_number
  AND xqh.account_number = xcav.account_number
  AND (
        (
          fnd_profile.value('XXCSO1_QUOTE_STANDARD') = '0'
          AND
          xev2.user_id = fnd_global.user_id
        )
        OR
        (
          fnd_profile.value('XXCSO1_QUOTE_STANDARD') = '1'
          AND
          xqh.base_code = (SELECT xxcso_util_common_pkg.get_emp_parameter(
                                    xev.work_base_code_new
                                   ,xev.work_base_code_old
                                   ,xev.issue_date
                                   ,TRUNC(xxcso_util_common_pkg.get_online_sysdate))
                           FROM   xxcso_employees_v2  xev
                           WHERE  xev.user_id = fnd_global.user_id
                          )
        )
        OR
        (
          fnd_profile.value('XXCSO1_QUOTE_STANDARD') = '2'
          AND
          EXISTS(
            SELECT '1'
            FROM   xxcso_aff_base_level_v2 xablv2
                  ,(
                    SELECT xablv.base_code
                    FROM   xxcso_aff_base_level_v2 xablv
                    WHERE  xablv.child_base_code = (
                                                    SELECT xxcso_util_common_pkg.get_emp_parameter(
                                                           xev.work_base_code_new
                                                          ,xev.work_base_code_old
                                                          ,xev.issue_date
                                                          ,TRUNC(xxcso_util_common_pkg.get_online_sysdate))
                                                    FROM   xxcso_employees_v2  xev
                                                    WHERE  xev.user_id = fnd_global.user_id
                                                   )
                   ) xablv_base
            WHERE  xqh.base_code        = xablv2.child_base_code
              AND  xablv_base.base_code = xablv2.base_code
          )
        )
      )
   ]]></SQLQuery>
   <DesignTime>
      <Attr Name="_isCodegen" Value="true" />
      <Attr Name="_version" Value="9.0.3.14.00" />
      <Attr Name="_CodeGenFlagNew" Value="36" />
   </DesignTime>
   <ViewAttribute
      Name="QuoteType"
      IsPersistent="false"
      IsNotNull="true"
      Precision="1"
      Type="java.lang.String"
      ColumnType="VARCHAR2"
      AliasName="QUOTE_TYPE"
      Expression="QUOTE_TYPE"
      SQLType="VARCHAR" >
      <DesignTime>
         <Attr Name="_DisplaySize" Value="1" />
      </DesignTime>
   </ViewAttribute>
   <ViewAttribute
      Name="QuoteNumber"
      IsPersistent="false"
      IsNotNull="true"
      Precision="12"
      Type="java.lang.String"
      ColumnType="VARCHAR2"
      AliasName="QUOTE_NUMBER"
      Expression="QUOTE_NUMBER"
      SQLType="VARCHAR" >
      <DesignTime>
         <Attr Name="_DisplaySize" Value="12" />
      </DesignTime>
   </ViewAttribute>
   <ViewAttribute
      Name="QuoteRevisionNumber"
      IsPersistent="false"
      IsNotNull="true"
      Precision="2"
      Scale="0"
      Type="oracle.jbo.domain.Number"
      ColumnType="NUMBER"
      AliasName="QUOTE_REVISION_NUMBER"
      Expression="QUOTE_REVISION_NUMBER"
      SQLType="NUMERIC" >
      <DesignTime>
         <Attr Name="_DisplaySize" Value="22" />
      </DesignTime>
   </ViewAttribute>
   <ViewAttribute
      Name="AccountNumber"
      IsPersistent="false"
      Precision="9"
      Type="java.lang.String"
      ColumnType="VARCHAR2"
      AliasName="ACCOUNT_NUMBER"
      Expression="ACCOUNT_NUMBER"
      SQLType="VARCHAR" >
      <DesignTime>
         <Attr Name="_DisplaySize" Value="9" />
      </DesignTime>
   </ViewAttribute>
   <ViewAttribute
      Name="PartyName"
      IsPersistent="false"
      IsNotNull="true"
      Precision="360"
      Type="java.lang.String"
      ColumnType="VARCHAR2"
      AliasName="PARTY_NAME"
      Expression="PARTY_NAME"
      SQLType="VARCHAR" >
      <DesignTime>
         <Attr Name="_DisplaySize" Value="360" />
      </DesignTime>
   </ViewAttribute>
   <ViewAttribute
      Name="Meaning"
      IsPersistent="false"
      IsNotNull="true"
      Precision="80"
      Type="java.lang.String"
      ColumnType="VARCHAR2"
      AliasName="MEANING"
      Expression="MEANING"
      SQLType="VARCHAR" >
      <DesignTime>
         <Attr Name="_DisplaySize" Value="80" />
      </DesignTime>
   </ViewAttribute>
</ViewObject>
