<?xml version = '1.0' encoding = 'UTF-8'?>
<!-- dbdrv: exec java oracle/jrad/tools/xml/importer XMLImporter.class java &phase=dat+24 checkfile:~PROD:~PATH:~FILE &fullpath:~PROD:~PATH:~FILE -username &un_apps -password &pw_apps -dbconnection &jdbc_db_addr  -userId "1" -rootPackage /oracle/apps/~PROD  -rootdir &fullpath:~PROD:mds:directory  -->
<page xmlns:jrad="http://xmlns.oracle.com/jrad" xmlns:oa="http://xmlns.oracle.com/oa" xmlns:ui="http://xmlns.oracle.com/uix/ui" version="9.0.3.8.4_826" xml:lang="en-US" xmlns:user="http://xmlns.oracle.com/jrad/user" xmlns="http://xmlns.oracle.com/jrad" file-version="$Header$">
   <content>
      <oa:pageLayout id="PageLayoutRN" amDefName="oracle.apps.xx03.download.server.XX03DownloadAM" controllerClass="oracle.apps.xx03.download.webui.XX03DownloadCO" windowTitle="ダウンロード" title="ダウンロード">
         <ui:corporateBranding>
            <oa:image id="corporateBrandingImage" source="/OA_MEDIA/FNDSSCORP.gif"/>
         </ui:corporateBranding>
         <ui:contents>
            <oa:defaultSingleColumn id="SearchRN">
               <ui:contents>
                  <oa:messageLovInput id="search" prompt="名称" externalListOfValues="/oracle/apps/xx03/common/lov/webui/XX03ProgramNamesLovRN" required="no" maximumLength="483" columns="30">
                     <lovMappings>
                        <lovMap id="lovMap1" lovItem="Program" resultTo="search" criteriaFrom="search"/>
                        <lovMap id="lovMap2" lovItem="ProgramId" resultTo="programId"/>
                        <lovMap id="lovMap3" lovItem="UserId" criteriaFrom="userId"/>
                     </lovMappings>
                  </oa:messageLovInput>
                  <oa:formValue id="userId" dataType="NUMBER" queryable="false"/>
                  <oa:formValue id="programId" dataType="NUMBER"/>
                  <oa:submitButton id="programSearch" text="検索" prompt="検索"/>
               </ui:contents>
            </oa:defaultSingleColumn>
            <oa:table id="ResultRN">
               <ui:contents>
                  <oa:messageStyledText id="RequestId" dataType="NUMBER" prompt="要求ID" viewName="XX03DownloadVO1" viewAttr="RequestId" destination="{$DownloadUrl}?param1={@OutfileType}&amp;param2={@RequestRow}" sortState="yes"/>
                  <oa:messageStyledText id="ProgramName" dataType="VARCHAR2" prompt="名称" viewName="XX03DownloadVO1" viewAttr="Name" maximumLength="483" sortState="yes"/>
                  <oa:messageStyledText id="Status" dataType="VARCHAR2" prompt="ステータス" viewName="XX03DownloadVO1" viewAttr="Status" maximumLength="80" sortState="yes"/>
                  <oa:messageStyledText id="Parameter" dataType="VARCHAR2" prompt="パラメータ" viewName="XX03DownloadVO1" viewAttr="Patameter" maximumLength="240" sortState="yes"/>
                  <oa:messageStyledText id="Enddate" dataType="DATE" prompt="終了日" viewName="XX03DownloadVO1" viewAttr="Enddate" sortState="yes"/>
               </ui:contents>
            </oa:table>
         </ui:contents>
      </oa:pageLayout>
   </content>
</page>
