<?xml version = '1.0' encoding = 'UTF-8'?>
<!-- dbdrv: exec java oracle/jrad/tools/xml/importer XMLImporter.class java &phase=dat+24 checkfile:~PROD:~PATH:~FILE &fullpath:~PROD:~PATH:~FILE -username &un_apps -password &pw_apps -dbconnection &jdbc_db_addr  -userId "1" -rootPackage /oracle/apps/~PROD  -rootdir &fullpath:~PROD:mds:directory  -->
<!--*注意
* KROWN:124532により、1ファイルが32Kバイトを超えないようにしてください。
* 超えてしまう場合は、ファイルを分割してください。

詳細
フルベンダー用SP専決画面用の属性セットファイルです。

修正履歴
2008/12/22  小川浩        新規作成-->
<package version="9.0.3.8.13_1566" xml:lang="en-US" xmlns:oa="http://xmlns.oracle.com/oa" xmlns:jrad="http://xmlns.oracle.com/jrad" xmlns:ui="http://xmlns.oracle.com/uix/ui" xmlns:user="http://xmlns.oracle.com/jrad/user" xmlns="http://xmlns.oracle.com/jrad" file-version="$Header$">
   <attributeSet docName="PageLayoutRN" windowTitle="SP専決入力／更新／承認" title="SP専決入力／更新／承認"/>
   <attributeSet docName="RequestButton" prompt="発注依頼"/>
   <attributeSet docName="ConfirmButton" prompt="確認"/>
   <attributeSet docName="ReturnButton" prompt="返却"/>
   <attributeSet docName="ApproveButton" prompt="承認"/>
   <attributeSet docName="RejectButton" prompt="否決"/>
   <attributeSet docName="SubmitButton" prompt="提出"/>
   <attributeSet docName="CancelButton" prompt="取消"/>
   <attributeSet docName="ApplyButton" prompt="適用"/>
   <attributeSet docName="BaseInfoHdrRN" text="基本情報"/>
   <attributeSet docName="SpDecisionNumber" prompt="SP専決書番号"/>
   <attributeSet docName="ApplicationDate" prompt="申請日"/>
   <attributeSet docName="SpDecisionStatus" prompt="ステータス"/>
   <attributeSet docName="ApplicationType" prompt="申請区分"/>
   <attributeSet docName="ApprovalCompleteDate" prompt="承認完了日"/>
   <attributeSet docName="AppBaseName" prompt="申請拠点"/>
   <attributeSet docName="ApplyUserLayout" prompt="申請者"/>
   <attributeSet docName="InstallAccountHdrRN" text="設置先"/>
   <attributeSet docName="InstallAccountNumber" prompt="顧客コード"/>
   <attributeSet docName="InstallPartyName" prompt="顧客名"/>
   <attributeSet docName="InstallPartyNamePhonetic" prompt="顧客名（カナ）"/>
   <attributeSet docName="InstallName" prompt="設置先名"/>
   <attributeSet docName="InstallPostalCodeLayout" prompt="郵便番号"/>
   <attributeSet docName="InstallPostalCodeFirst" shortDesc="郵便番号の先頭3桁"/>
   <attributeSet docName="InstallPostalCodeSecond" shortDesc="郵便番号の先頭4桁目以降"/>
   <attributeSet docName="InstallState" prompt="都道府県"/>
   <attributeSet docName="InstallCity" prompt="市・区"/>
   <attributeSet docName="InstallAddress1" prompt="住所1"/>
   <attributeSet docName="InstallAddress2" prompt="住所2"/>
   <attributeSet docName="InstallAddressLine" prompt="電話番号"/>
   <attributeSet docName="BizCondTypeLayout" prompt="業態（小分類）"/>
   <attributeSet docName="BusinessConditionType" shortDesc="業態（小分類）"/>
   <attributeSet docName="BusinessTypeLayout" prompt="業種"/>
   <attributeSet docName="BusinessType" shortDesc="業種"/>
   <attributeSet docName="InstallLocationLayout" prompt="設置場所"/>
   <attributeSet docName="InstallLocation" shortDesc="設置場所"/>
   <attributeSet docName="ExternalReferenceOpclType" shortDesc="オープン・クローズ区分"/>
   <attributeSet docName="EmployeeNumber" prompt="社員数"/>
   <attributeSet docName="PublishBaseLayout" prompt="担当拠点"/>
   <attributeSet docName="PublishBaseCode" shortDesc="担当拠点コード"/>
   <attributeSet docName="InstallDate" prompt="設置日"/>
   <attributeSet docName="LeaseCompany" prompt="リース仲介会社"/>
   <attributeSet docName="ContractHdrRN" text="契約先"/>
   <attributeSet docName="SameInstallAccountFlag" prompt="設置先と同じ"/>
   <attributeSet docName="ContractNumber" prompt="契約先コード"/>
   <attributeSet docName="ContractName" prompt="契約先名"/>
   <attributeSet docName="ContractNameKana" prompt="契約先名カナ"/>
   <attributeSet docName="ContractPostalCodeLayout" prompt="郵便番号"/>
   <attributeSet docName="ContractPostalCodeFirst" shortDesc="郵便番号の先頭3桁"/>
   <attributeSet docName="ContractPostalCodeSecond" shortDesc="郵便番号の先頭4桁目以降"/>
   <attributeSet docName="ContractState" prompt="都道府県"/>
   <attributeSet docName="ContractCity" prompt="市・区"/>
   <attributeSet docName="ContractAddress1" prompt="住所1"/>
   <attributeSet docName="ContractAddress2" prompt="住所2"/>
   <attributeSet docName="ContractAddressLine" prompt="電話番号"/>
   <attributeSet docName="DelegateName" prompt="代表者"/>
   <attributeSet docName="VdInfoHdrRN" text="VD情報"/>
   <attributeSet docName="VdInfo1Layout" prompt="新／旧"/>
   <attributeSet docName="NewoldType" shortDesc="新／旧区分"/>
   <attributeSet docName="SeleNumber" prompt="セレ数"/>
   <attributeSet docName="VdInfo2Layout" prompt="メーカー名"/>
   <attributeSet docName="MakerCode" shortDesc="メーカー名"/>
   <attributeSet docName="StandardTypeLabel" prompt="規格内／外"/>
   <attributeSet docName="StandardType" shortDesc="規格内／外"/>
   <attributeSet docName="VdInfo3Layout" prompt="機種コード"/>
   <attributeSet docName="UnNumber" shortDesc="機種コード"/>
   <attributeSet docName="ConditionBusinessInfoHdrRN" text="取引条件"/>
   <attributeSet docName="SelectConditionBusinessHdrRN" text="* 取引条件選択"/>
   <attributeSet docName="ConditionBusinessType" shortDesc="取引条件"/>
   <attributeSet docName="SalesConditionHdrRN" text="売価別条件"/>
   <attributeSet docName="FixedPriceColHdr" prompt="定価"/>
   <attributeSet docName="SalesPriceColHdr" prompt="売価"/>
   <attributeSet docName="ScBmRatePerColHdr" prompt="率（％）"/>
   <attributeSet docName="ScBmAmountPerColHdr" prompt="金額"/>
   <attributeSet docName="ScBmConvRatePerColHdr" prompt="定価換算率（％）"/>
   <attributeSet docName="ScBmPerGrpHdr" prompt="売価1本当り BM（総額）"/>
   <attributeSet docName="ScBm1BmRateColHdr" prompt="率（％）"/>
   <attributeSet docName="ScBm1BmAmountColHdr" prompt="金額"/>
   <attributeSet docName="ScBm1GrpHdr" prompt="BM1"/>
   <attributeSet docName="ScBm2BmRateColHdr" prompt="率（％）"/>
   <attributeSet docName="ScBm2BmAmountColHdr" prompt="金額"/>
   <attributeSet docName="ScBm2GrpHdr" prompt="BM2"/>
   <attributeSet docName="ScBm3BmRateColHdr" prompt="率（％）"/>
   <attributeSet docName="ScBm3BmAmountColHdr" prompt="金額"/>
   <attributeSet docName="ScBm3GrpHdr" prompt="BM3"/>
   <attributeSet docName="ScMultipleSelection" text="選択"/>
   <attributeSet docName="ScCalcButton" prompt="定価換算率計算"/>
   <attributeSet docName="ScAddRowButton" prompt="行追加"/>
   <attributeSet docName="ScDeleteRowButton" prompt="行削除"/>
   <attributeSet docName="AllContainerType" prompt="全容器区分"/>
   <attributeSet docName="AllSpContainerNameColHdr" prompt="容器区分"/>
   <attributeSet docName="AllDiscountAmtColHdr" prompt="定価からの値引額"/>
   <attributeSet docName="AllCcBmRatePerColHdr" prompt="率（％）"/>
   <attributeSet docName="AllCcBmAmountPerColHdr" prompt="金額"/>
   <attributeSet docName="AllCcBmConvRatePerColHdr" prompt="定価換算率（％）"/>
   <attributeSet docName="AllCcBmPerGrpHdr" prompt="売価1本当り BM（総額）"/>
   <attributeSet docName="AllCcBm1BmRateColHdr" prompt="率（％）"/>
   <attributeSet docName="AllCcBm1BmAmountColHdr" prompt="金額"/>
   <attributeSet docName="AllCcBm1GrpHdr" prompt="BM1"/>
   <attributeSet docName="AllCcBm2BmRateColHdr" prompt="率（％）"/>
   <attributeSet docName="AllCcBm2BmAmountColHdr" prompt="金額"/>
   <attributeSet docName="AllCcBm2GrpHdr" prompt="BM2"/>
   <attributeSet docName="AllCcBm3BmRateColHdr" prompt="率（％）"/>
   <attributeSet docName="AllCcBm3BmAmountColHdr" prompt="金額"/>
   <attributeSet docName="AllCcBm3GrpHdr" prompt="BM3"/>
   <attributeSet docName="AllCcCalcButton" prompt="定価換算率計算"/>
   <attributeSet docName="SelSpContainerNameColHdr" prompt="容器区分"/>
   <attributeSet docName="SelDiscountAmtColHdr" prompt="定価からの値引額"/>
   <attributeSet docName="SelCcBmRatePerColHdr" prompt="率（％）"/>
   <attributeSet docName="SelCcBmAmountPerColHdr" prompt="金額"/>
   <attributeSet docName="SelCcBmConvRatePerColHdr" prompt="定価換算率（％）"/>
   <attributeSet docName="SelCcBmPerGrpHdr" prompt="売価1本当り BM（総額）"/>
   <attributeSet docName="SelCcBm1BmRateColHdr" prompt="率（％）"/>
   <attributeSet docName="SelCcBm1BmAmountColHdr" prompt="金額"/>
   <attributeSet docName="SelCcBm1GrpHdr" prompt="BM1"/>
   <attributeSet docName="SelCcBm2BmRateColHdr" prompt="率（％）"/>
   <attributeSet docName="SelCcBm2BmAmountColHdr" prompt="金額"/>
   <attributeSet docName="SelCcBm2GrpHdr" prompt="BM2"/>
   <attributeSet docName="SelCcBm3BmRateColHdr" prompt="率（％）"/>
   <attributeSet docName="SelCcBm3BmAmountColHdr" prompt="金額"/>
   <attributeSet docName="SelCcBm3GrpHdr" prompt="BM3"/>
   <attributeSet docName="SelCcCalcButton" prompt="定価換算率計算"/>
   <attributeSet docName="OtherConditionHdrRN" text="その他条件"/>
   <attributeSet docName="ContractYearDateStartLabel" prompt="契約年数"/>
   <attributeSet docName="ContractYearDate" shortDesc="契約年数"/>
   <attributeSet docName="ContractYearDateEndLabel" prompt="年"/>
   <attributeSet docName="InstallSupportAmtStartLabel" prompt="初回設置協賛金"/>
   <attributeSet docName="InstallSupportAmt" shortDesc="初回設置協賛金"/>
   <attributeSet docName="InstallSupportAmtLabel" prompt="円（税込）"/>
   <attributeSet docName="InstallSupportAmt2StartLabel" prompt="2回目以降設置協賛金"/>
   <attributeSet docName="InstallSupportAmt2" shortDesc="2回目以降設置協賛金"/>
   <attributeSet docName="InstallSupportAmt2Label" prompt="円"/>
   <attributeSet docName="PaymentCycle" prompt="支払サイクル"/>
   <attributeSet docName="PaymentCycleLabel" prompt="年"/>
   <attributeSet docName="ElectricityStartLabel" prompt="電気代"/>
   <attributeSet docName="ElectricityType" shortDesc="電気代種別"/>
   <attributeSet docName="ElectricityAmount" shortDesc="電気代"/>
   <attributeSet docName="ElectricityAmountLabel" prompt="円／月"/>
   <attributeSet docName="ConditionReasonStartLabel1" prompt="特別条件の理由"/>
   <attributeSet docName="ConditionReasonStartLabel2" prompt="特記事項"/>
   <attributeSet docName="ConditionReasonStartLabel3" prompt="他条件"/>
   <attributeSet docName="ConditionReason" shortDesc="特別条件の理由、特記事項、他条件"/>
   <attributeSet docName="Bm1InfoHdrRN" text="BM1"/>
   <attributeSet docName="Bm1SendType" prompt="送付先"/>
   <attributeSet docName="Bm1VendorNumber" prompt="送付先コード"/>
   <attributeSet docName="Bm1VendorName" prompt="送付先名"/>
   <attributeSet docName="Bm1VendorNamePhonetic" prompt="送付先名（カナ）"/>
   <attributeSet docName="Bm1TransferTypeLayout" prompt="振込手数料負担"/>
   <attributeSet docName="Bm1TransferCommissionType" shortDesc="振込手数料負担"/>
   <attributeSet docName="Bm1PaymentTypeLayout" prompt="支払方法・明細書"/>
   <attributeSet docName="Bm1PaymentType" shortDesc="支払方法・明細書"/>
   <attributeSet docName="Bm1InquiryBaseLayout" prompt="問合せ担当拠点"/>
   <attributeSet docName="Bm1PostalCodeLayout" prompt="郵便番号"/>
   <attributeSet docName="Bm1PostalCodeFirst" shortDesc="郵便番号の先頭3桁"/>
   <attributeSet docName="Bm1PostalCodeSep" prompt="－"/>
   <attributeSet docName="Bm1PostalCodeSecond" shortDesc="郵便番号の先頭4桁目以降"/>
   <attributeSet docName="Bm1State" prompt="都道府県"/>
   <attributeSet docName="Bm1City" prompt="市・区"/>
   <attributeSet docName="Bm1Address1" prompt="住所1"/>
   <attributeSet docName="Bm1Address2" prompt="住所2"/>
   <attributeSet docName="Bm1AddressLine" prompt="電話番号"/>
   <attributeSet docName="Bm2InfoHdrRN" text="BM2"/>
   <attributeSet docName="Bm2VendorNumber" prompt="送付先コード"/>
   <attributeSet docName="Bm2VendorName" prompt="送付先名"/>
   <attributeSet docName="Bm2VendorNamePhonetic" prompt="送付先名（カナ）"/>
   <attributeSet docName="Bm2PostalCodeLayout" prompt="郵便番号"/>
   <attributeSet docName="Bm2PostalCodeFirst" shortDesc="郵便番号の先頭3桁"/>
   <attributeSet docName="Bm2PostalCodeSep" prompt="－"/>
   <attributeSet docName="Bm2PostalCodeSecond" shortDesc="郵便番号の先頭4桁目以降"/>
   <attributeSet docName="Bm2State" prompt="都道府県"/>
   <attributeSet docName="Bm2City" prompt="市・区"/>
   <attributeSet docName="Bm2Address1" prompt="住所1"/>
   <attributeSet docName="Bm2Address2" prompt="住所2"/>
   <attributeSet docName="Bm2AddressLine" prompt="電話番号"/>
   <attributeSet docName="Bm2TransferTypeLayout" prompt="振込手数料負担"/>
   <attributeSet docName="Bm2TransferCommissionType" shortDesc="振込手数料負担"/>
   <attributeSet docName="Bm2PaymentTypeLayout" prompt="支払方法・明細書"/>
   <attributeSet docName="Bm2PaymentType" shortDesc="支払方法・明細書"/>
   <attributeSet docName="Bm2InquiryBaseLayout" prompt="問合せ担当拠点"/>
   <attributeSet docName="Bm3InfoHdrRN" text="BM3"/>
   <attributeSet docName="Bm3VendorNumber" prompt="送付先コード"/>
   <attributeSet docName="Bm3VendorName" prompt="送付先名"/>
   <attributeSet docName="Bm3VendorNamePhonetic" prompt="送付先名（カナ）"/>
   <attributeSet docName="Bm3PostalCodeLayout" prompt="郵便番号"/>
   <attributeSet docName="Bm3PostalCodeFirst" shortDesc="郵便番号の先頭3桁"/>
   <attributeSet docName="Bm3PostalCodeSep" prompt="－"/>
   <attributeSet docName="Bm3PostalCodeSecond" shortDesc="郵便番号の先頭4桁目以降"/>
   <attributeSet docName="Bm3State" prompt="都道府県"/>
   <attributeSet docName="Bm3City" prompt="市・区"/>
   <attributeSet docName="Bm3Address1" prompt="住所1"/>
   <attributeSet docName="Bm3Address2" prompt="住所2"/>
   <attributeSet docName="Bm3AddressLine" prompt="電話番号"/>
   <attributeSet docName="Bm3TransferTypeLayout" prompt="振込手数料負担"/>
   <attributeSet docName="Bm3TransferCommissionType" shortDesc="振込手数料負担"/>
   <attributeSet docName="Bm3PaymentTypeLayout" prompt="支払方法・明細書"/>
   <attributeSet docName="Bm3PaymentType" shortDesc="支払方法・明細書"/>
   <attributeSet docName="Bm3InquiryBaseLayout" prompt="問合せ担当拠点"/>
   <attributeSet docName="ContractEntryInfoHdrRN" text="契約書への記載事項"/>
   <attributeSet docName="ContractYearDateViewStartLabel" prompt="契約年数"/>
   <attributeSet docName="ContractYearDateViewEndLabel" prompt="年"/>
   <attributeSet docName="PublishBaseViewStartLabel" prompt="担当拠点"/>
   <attributeSet docName="ElectricityViewStartLabel" prompt="電気代"/>
   <attributeSet docName="ElectricityViewEndLabel" prompt="円／月"/>
   <attributeSet docName="TransferCommissionViewStartLabel" prompt="振込手数料負担"/>
   <attributeSet docName="InstallSupportAmtViewStartLabel" prompt="初回設置協賛金"/>
   <attributeSet docName="InstallSupportAmtViewEndLabel" prompt="円"/>
   <attributeSet docName="PaymentCycleViewStartLabel" prompt="支払サイクル"/>
   <attributeSet docName="PaymentCycleViewEndLabel" prompt="年"/>
   <attributeSet docName="InstallSupportAmt2ViewStartLabel" prompt="2回目以降設置協賛金"/>
   <attributeSet docName="InstallSupportAmt2ViewEndLabel" prompt="円"/>
   <attributeSet docName="OtherContentStartLabel" prompt="特約事項"/>
   <attributeSet docName="OtherContent" shortDesc="特約事項"/>
   <attributeSet docName="EstimateYearProfitInfoHdrRN" text="概算年間損益（千円）"/>
   <attributeSet docName="SalesMonth" prompt="月間売上"/>
   <attributeSet docName="SalesYear" prompt="年間売上"/>
   <attributeSet docName="SalesGrossMarginRateLayout" prompt="売上粗利率"/>
   <attributeSet docName="SalesGrossMarginRateLabel" prompt="％"/>
   <attributeSet docName="YearGrossMarginAmt" prompt="年間粗利金額"/>
   <attributeSet docName="BmRateLayout" prompt="BM率"/>
   <attributeSet docName="BmRate" shortDesc="BM率"/>
   <attributeSet docName="BmRateLabel" prompt="％"/>
   <attributeSet docName="VdSalesCharge" prompt="VD販売手数料"/>
   <attributeSet docName="InstallSupportAmtYear" prompt="設置協賛金／年"/>
   <attributeSet docName="LeaseChargeMonth" prompt="リース料（月額）"/>
   <attributeSet docName="ConstructionCharge" prompt="工事費"/>
   <attributeSet docName="VdLeaseCharge" prompt="VDリース料"/>
   <attributeSet docName="ElectricityAmtMonth" prompt="電気代（月）"/>
   <attributeSet docName="ElectricityAmtYear" prompt="電気代（年）"/>
   <attributeSet docName="TransportationCharge" prompt="運送費A"/>
   <attributeSet docName="LaborCostOther" prompt="人件費他"/>
   <attributeSet docName="TotalCost" prompt="費用合計"/>
   <attributeSet docName="OperatingProfit" prompt="営業利益"/>
   <attributeSet docName="OperatingProfitRateLayout" prompt="営業利益率"/>
   <attributeSet docName="OperatingProfitRateLabel" prompt="％"/>
   <attributeSet docName="BreakEvenPoint" prompt="損益分岐点"/>
   <attributeSet docName="AttachedDocumentHdrRN" text="添付"/>
   <attributeSet docName="SendListHdrRN" text="回送先"/>
   <attributeSet docName="ContractPostalCodeSep" prompt="－"/>
   <attributeSet docName="InstallPostalCodeSep" prompt="－"/>
   <attributeSet docName="AttachLastUpdatedByColHdr" prompt="最終更新者"/>
   <attributeSet docName="AttachLastUpdateDateColHdr" prompt="最終更新日"/>
   <attributeSet docName="AttachSelection" text="選択"/>
   <attributeSet docName="ExcerptColHdr" prompt="摘要"/>
   <attributeSet docName="FileNameColHdr" prompt="ファイル名"/>
   <attributeSet docName="AttachFileUp" prompt="添付ファイル"/>
   <attributeSet docName="AttachAddButton" prompt="追加"/>
   <attributeSet docName="AttachDelButton" prompt="削除"/>
   <attributeSet docName="AttachFileUpExcerpt" prompt="摘要"/>
   <attributeSet docName="ApprovalAuthorityName" prompt="回送先"/>
   <attributeSet docName="RangeTypeColHdr" prompt="範囲"/>
   <attributeSet docName="ApproveCodeColHdr" prompt="社員番号"/>
   <attributeSet docName="ApproveUserNameColHdr" prompt="氏名"/>
   <attributeSet docName="ApproveBaseShortNameColHdr" prompt="所属"/>
   <attributeSet docName="ApprovalDateColHdr" prompt="決裁日"/>
   <attributeSet docName="ApprovalContentColHdr" prompt="決裁"/>
   <attributeSet docName="ApprovalCommentColHdr" prompt="決裁コメント"/>
   <attributeSet docName="CalcEstimateYearProfitButton" prompt="概算年間損益計算"/>
   <attributeSet docName="TransferCommissionView" shortDesc="振込手数料負担"/>
   <attributeSet docName="ElectricityTypeView" shortDesc="電気代種別"/>
   <attributeSet docName="ScContributeGrpHdr" prompt="寄付金"/>
   <attributeSet docName="AllCcContributeGrpHdr" prompt="寄付金"/>
   <attributeSet docName="SelCcContributeGrpHdr" prompt="寄付金"/>
   <attributeSet docName="ContributeInfoHdrRN" text="寄付金"/>
   <attributeSet docName="ReflectContractButton" prompt="情報反映"/>
   <attributeSet docName="ContainerConditionHdrRN" text="一律条件・容器別条件"/>
</package>
