<?xml version="1.0" encoding='Windows-31J'?>
<!DOCTYPE AppModule SYSTEM "jbo_03_01.dtd">

<AppModule
   Name="XxcsoRtnRsrcBulkUpdateAM"
   ComponentClass="itoen.oracle.apps.xxcso.xxcso019009j.server.XxcsoRtnRsrcBulkUpdateAMImpl"
   LoadComponentsLazily="true" >
   <DesignTime>
      <Attr Name="_isCodegen" Value="true" />
      <Attr Name="_version" Value="9.0.3.14.00" />
      <Attr Name="_deployType" Value="0" />
   </DesignTime>
   <ViewUsage
      Name="XxcsoRtnRsrcBulkUpdateInitVO1"
      ViewObjectName="itoen.oracle.apps.xxcso.xxcso019009j.server.XxcsoRtnRsrcBulkUpdateInitVO" >
   </ViewUsage>
   <ViewUsage
      Name="XxcsoRtnRsrcBulkUpdateSumVO1"
      ViewObjectName="itoen.oracle.apps.xxcso.xxcso019009j.server.XxcsoRtnRsrcBulkUpdateSumVO" >
   </ViewUsage>
   <ViewUsage
      Name="XxcsoRtnRsrcFullVO1"
      ViewObjectName="itoen.oracle.apps.xxcso.xxcso019009j.server.XxcsoRtnRsrcFullVO" >
   </ViewUsage>
   <ViewUsage
      Name="XxcsoReflectMethodListVO"
      ViewObjectName="itoen.oracle.apps.xxcso.common.poplist.server.XxcsoLookupListVO" >
   </ViewUsage>
   <ViewUsage
      Name="XxcsoRtnRsrcBulkUpdateEmployeeVO"
      ViewObjectName="itoen.oracle.apps.xxcso.xxcso019009j.server.XxcsoRtnRsrcBulkUpdateEmployeeVO" >
   </ViewUsage>
</AppModule>
