<?xml version="1.0" encoding='Windows-31J'?>
<!DOCTYPE ViewObject SYSTEM "jbo_03_01.dtd">

<ViewObject
   Name="XxcsoRtnRsrcBulkUpdateSumVO"
   BindingStyle="Oracle"
   CustomQuery="true"
   RowClass="itoen.oracle.apps.xxcso.xxcso019009j.server.XxcsoRtnRsrcBulkUpdateSumVORowImpl"
   ComponentClass="itoen.oracle.apps.xxcso.xxcso019009j.server.XxcsoRtnRsrcBulkUpdateSumVOImpl"
   MsgBundleClass="oracle.jbo.common.JboResourceBundle"
   UseGlueCode="false" >
   <SQLQuery><![CDATA[
SELECT  :1  employee_number
       ,:2  full_name
       ,:3  route_no
FROM    DUAL
   ]]></SQLQuery>
   <DesignTime>
      <Attr Name="_isCodegen" Value="true" />
      <Attr Name="_version" Value="9.0.3.14.00" />
      <Attr Name="_CodeGenFlagNew" Value="36" />
   </DesignTime>
   <ViewAttribute
      Name="EmployeeNumber"
      IsPersistent="false"
      Precision="5"
      Type="java.lang.String"
      ColumnType="VARCHAR2"
      AliasName="EMPLOYEE_NUMBER"
      Expression="EMPLOYEE_NUMBER"
      SQLType="VARCHAR" >
   </ViewAttribute>
   <ViewAttribute
      Name="FullName"
      IsPersistent="false"
      Precision="301"
      Type="java.lang.String"
      ColumnType="VARCHAR2"
      AliasName="FULL_NAME"
      Expression="FULL_NAME"
      SQLType="VARCHAR" >
   </ViewAttribute>
   <ViewAttribute
      Name="RouteNo"
      IsPersistent="false"
      Precision="7"
      Type="java.lang.String"
      ColumnType="VARCHAR2"
      AliasName="ROUTE_NO"
      Expression="ROUTE_NO"
      SQLType="VARCHAR" >
   </ViewAttribute>
</ViewObject>
