<?xml version="1.0" encoding='Windows-31J'?>
<!DOCTYPE ViewObject SYSTEM "jbo_03_01.dtd">

<ViewObject
   Name="XxcsoRtnRsrcBulkUpdateEmployeeVO"
   BindingStyle="Oracle"
   CustomQuery="true"
   RowClass="itoen.oracle.apps.xxcso.xxcso019009j.server.XxcsoRtnRsrcBulkUpdateEmployeeVORowImpl"
   ComponentClass="itoen.oracle.apps.xxcso.xxcso019009j.server.XxcsoRtnRsrcBulkUpdateEmployeeVOImpl"
   MsgBundleClass="oracle.jbo.common.JboResourceBundle"
   UseGlueCode="false" >
   <SQLQuery><![CDATA[
SELECT xrv2.full_name
FROM XXCSO_RESOURCES_V2 xrv2
WHERE xrv2.employee_number = :1 
AND 
  (
    (
      TO_DATE(xrv2.issue_date, 'YYYYMMDD') > TRUNC(xxcso_util_common_pkg.get_online_sysdate)
      AND
      xrv2.work_base_code_old = :2 
    )
  OR
    (
      TO_DATE(xrv2.issue_date, 'YYYYMMDD') <= TRUNC(xxcso_util_common_pkg.get_online_sysdate)
      AND xrv2.work_base_code_new = :3 
    )
  )
   ]]></SQLQuery>
   <DesignTime>
      <Attr Name="_isCodegen" Value="true" />
      <Attr Name="_version" Value="9.0.3.14.00" />
      <Attr Name="_CodeGenFlagNew" Value="36" />
   </DesignTime>
   <ViewAttribute
      Name="FullName"
      IsPersistent="false"
      Precision="301"
      Type="java.lang.String"
      ColumnType="VARCHAR2"
      AliasName="FULL_NAME"
      Expression="FULL_NAME"
      SQLType="VARCHAR" >
      <DesignTime>
         <Attr Name="_DisplaySize" Value="301" />
      </DesignTime>
   </ViewAttribute>
</ViewObject>
