<?xml version="1.0" encoding='windows-31j'?>
<!DOCTYPE AppModule SYSTEM "jbo_03_01.dtd">

<AppModule
   Name="AccountApproveAM"
   ComponentClass="oracle.apps.xx03.gl.approve.server.AccountApproveAMImpl"
   LoadComponentsLazily="true" >
   <Properties>
      <Property Name ="RETENTION_LEVEL" Value ="MANAGE_STATE" />
   </Properties>
   <DesignTime>
      <Attr Name="_isCodegen" Value="true" />
      <Attr Name="_version" Value="9.0.3.13.75" />
      <Attr Name="_deployType" Value="0" />
   </DesignTime>
   <ViewUsage
      Name="Xx03SlipSearchConditionVO1"
      ViewObjectName="oracle.apps.xx03.gl.approve.server.Xx03SlipSearchConditionVO" >
   </ViewUsage>
   <ViewUsage
      Name="Xx03ResultSlipsVO1"
      ViewObjectName="oracle.apps.xx03.gl.approve.server.Xx03ResultSlipsVO" >
   </ViewUsage>
   <ViewUsage
      Name="Xx03SlipsVO1"
      ViewObjectName="oracle.apps.xx03.gl.approve.server.Xx03SlipsVO" >
   </ViewUsage>
   <ViewUsage
      Name="Xx03SlipsVO2"
      ViewObjectName="oracle.apps.xx03.gl.approve.server.Xx03SlipsVO" >
   </ViewUsage>
   <AppModuleUsage
      Name="XX03ApInvoiceConfirmAM1"
      FullName="oracle.apps.xx03.ap.server.XX03ApInvoiceConfirmAM" >
   </AppModuleUsage>
   <AppModuleUsage
      Name="Xx03ArInvoiceInputAM1"
      FullName="oracle.apps.xx03.ar.input.server.Xx03ArInvoiceInputAM" >
   </AppModuleUsage>
   <AppModuleUsage
      Name="Xx03GlJournalSlipInputAM1"
      FullName="oracle.apps.xx03.gl.input.server.Xx03GlJournalSlipInputAM" >
   </AppModuleUsage>
</AppModule>
