<?xml version="1.0" encoding='windows-31j'?>
<!DOCTYPE ViewObject SYSTEM "jbo_03_01.dtd">

<ViewObject
   Name="Xx03SlipsVO"
   BindingStyle="Oracle"
   CustomQuery="true"
   RowClass="oracle.apps.xx03.gl.approve.server.Xx03SlipsVORowImpl"
   ComponentClass="oracle.apps.xx03.gl.approve.server.Xx03SlipsVOImpl"
   MsgBundleClass="oracle.jbo.common.JboResourceBundle"
   UseGlueCode="false" >
   <SQLQuery><![CDATA[
SELECT XJS.JOURNAL_ID
      ,XJS.JOURNAL_NUM
      ,XJS.LAST_UPDATE_DATE
      ,XSTLV.ATTRIBUTE14
FROM   XX03_JOURNAL_SLIPS     XJS
      ,XX03_SLIP_TYPES_LOV_V  XSTLV
WHERE  'SQLGL' = :1
  AND  XJS.JOURNAL_ID = :2
  AND  XJS.SLIP_TYPE  = XSTLV.LOOKUP_CODE(+)
UNION ALL
SELECT XPS.INVOICE_ID   JOURNAL_ID
      ,XPS.INVOICE_NUM  JOURNAL_NUM
      ,XPS.LAST_UPDATE_DATE
      ,XSTLV.ATTRIBUTE14
FROM   XX03_PAYMENT_SLIPS  XPS
      ,XX03_SLIP_TYPES_LOV_V  XSTLV
WHERE  'SQLAP' = :3
  AND  XPS.INVOICE_ID = :4
  AND  XPS.SLIP_TYPE  = XSTLV.LOOKUP_CODE(+)
UNION ALL
SELECT XRS.RECEIVABLE_ID   JOURNAL_ID
      ,XRS.RECEIVABLE_NUM  JOURNAL_NUM
      ,XRS.LAST_UPDATE_DATE
      ,XSTLV.ATTRIBUTE14
FROM   XX03_RECEIVABLE_SLIPS  XRS
      ,XX03_SLIP_TYPES_LOV_V  XSTLV
WHERE  'SQLAR' = :5
  AND  XRS.RECEIVABLE_ID = :6
  AND  XRS.SLIP_TYPE     = XSTLV.LOOKUP_CODE(+)
   ]]></SQLQuery>
   <DesignTime>
      <Attr Name="_isCodegen" Value="true" />
      <Attr Name="_version" Value="9.0.3.13.75" />
      <Attr Name="_CodeGenFlagNew" Value="36" />
   </DesignTime>
   <ViewAttribute
      Name="JournalId"
      IsPersistent="false"
      Precision="15"
      Scale="0"
      Type="oracle.jbo.domain.Number"
      AliasName="JOURNAL_ID"
      ColumnType="VARCHAR2"
      Expression="JOURNAL_ID"
      SQLType="NUMERIC" >
      <DesignTime>
         <Attr Name="_DisplaySize" Value="22" />
      </DesignTime>
   </ViewAttribute>
   <ViewAttribute
      Name="JournalNum"
      IsPersistent="false"
      Precision="50"
      Type="java.lang.String"
      AliasName="JOURNAL_NUM"
      ColumnType="VARCHAR2"
      Expression="JOURNAL_NUM"
      SQLType="VARCHAR" >
      <DesignTime>
         <Attr Name="_DisplaySize" Value="50" />
      </DesignTime>
   </ViewAttribute>
   <ViewAttribute
      Name="LastUpdateDate"
      IsPersistent="false"
      Type="oracle.jbo.domain.Date"
      AliasName="LAST_UPDATE_DATE"
      ColumnType="VARCHAR2"
      Expression="LAST_UPDATE_DATE"
      SQLType="DATE" >
      <DesignTime>
         <Attr Name="_DisplaySize" Value="7" />
      </DesignTime>
   </ViewAttribute>
   <ViewAttribute
      Name="Attribute14"
      IsPersistent="false"
      Precision="150"
      Type="java.lang.String"
      AliasName="ATTRIBUTE14"
      ColumnType="VARCHAR2"
      Expression="ATTRIBUTE14"
      SQLType="VARCHAR" >
      <DesignTime>
         <Attr Name="_DisplaySize" Value="150" />
      </DesignTime>
   </ViewAttribute>
</ViewObject>
