<?xml version="1.0" encoding='Shift_JIS'?>
<!DOCTYPE ViewObject SYSTEM "jbo_03_01.dtd">

<ViewObject
   Name="Xx03SlipSearchConditionVO"
   BindingStyle="Oracle"
   CustomQuery="true"
   RowClass="oracle.apps.xx03.gl.approve.server.Xx03SlipSearchConditionVORowImpl"
   ComponentClass="oracle.apps.xx03.gl.approve.server.Xx03SlipSearchConditionVOImpl"
   MsgBundleClass="oracle.jbo.common.JboResourceBundle"
   UseGlueCode="false" >
   <SQLQuery><![CDATA[
SELECT xjsv.JOURNAL_ID,
       xjsv.JOURNAL_NUM, 
       xjsv.ENTRY_DEPARTMENT,
       xjsv.ENTRY_DEPARTMENT_NAME, 
       xjsv.ENTRY_PERSON_ID,
       xjsv.EMPLOYEE_DISP AS ENTRY_PERSON_NAME, 
       xjsv.WF_STATUS, 
       xjsv.SLIP_TYPE,
       xjsv.SLIP_TYPE_NAME, 
       xesv.ATTRIBUTE1 AS SOURCE, 
       xesv.DESCRIPTION AS SOURCE_NAME, 
       xjsv.ENTRY_DATE AS ENTRY_DATE_START, 
       xjsv.ENTRY_DATE AS ENTRY_DATE_END, 
       xjsv.GL_DATE AS GL_DATE_START, 
       xjsv.GL_DATE AS GL_DATE_END, 
       xjsv.DESCRIPTION
FROM XX03_JOURNAL_SLIPS_V xjsv,
     XX03_JOURNAL_SLIP_LINES_V xjslv,
     XX03_SLIP_TYPES_V xstv,
     XX03_SLIP_SOURCES_V xesv
WHERE NULL IS NOT NULL
   ]]></SQLQuery>
   <DesignTime>
      <Attr Name="_isCodegen" Value="true" />
      <Attr Name="_version" Value="9.0.3.12.53" />
      <Attr Name="_CodeGenFlagNew" Value="36" />
   </DesignTime>
   <ViewAttribute
      Name="JournalId"
      IsPersistent="false"
      IsNotNull="true"
      Precision="15"
      Scale="0"
      Type="oracle.jbo.domain.Number"
      AliasName="JOURNAL_ID"
      ColumnType="VARCHAR2"
      Expression="JOURNAL_ID"
      SQLType="NUMERIC" >
      <DesignTime>
         <Attr Name="_DisplaySize" Value="22" />
      </DesignTime>
   </ViewAttribute>
   <ViewAttribute
      Name="JournalNum"
      IsPersistent="false"
      IsNotNull="true"
      Precision="50"
      Type="java.lang.String"
      AliasName="JOURNAL_NUM"
      ColumnType="VARCHAR2"
      Expression="JOURNAL_NUM"
      SQLType="VARCHAR" >
      <DesignTime>
         <Attr Name="_DisplaySize" Value="50" />
      </DesignTime>
   </ViewAttribute>
   <ViewAttribute
      Name="EntryDepartment"
      IsPersistent="false"
      IsNotNull="true"
      Precision="150"
      Type="java.lang.String"
      AliasName="ENTRY_DEPARTMENT"
      ColumnType="VARCHAR2"
      Expression="ENTRY_DEPARTMENT"
      SQLType="VARCHAR" >
      <DesignTime>
         <Attr Name="_DisplaySize" Value="150" />
      </DesignTime>
   </ViewAttribute>
   <ViewAttribute
      Name="EntryDepartmentName"
      IsPersistent="false"
      Precision="4000"
      Type="java.lang.String"
      AliasName="ENTRY_DEPARTMENT_NAME"
      ColumnType="VARCHAR2"
      Expression="ENTRY_DEPARTMENT_NAME"
      SQLType="VARCHAR" >
      <DesignTime>
         <Attr Name="_DisplaySize" Value="4000" />
      </DesignTime>
   </ViewAttribute>
   <ViewAttribute
      Name="EntryPersonId"
      IsPersistent="false"
      IsNotNull="true"
      Precision="15"
      Scale="0"
      Type="oracle.jbo.domain.Number"
      AliasName="ENTRY_PERSON_ID"
      ColumnType="VARCHAR2"
      Expression="ENTRY_PERSON_ID"
      SQLType="NUMERIC" >
      <DesignTime>
         <Attr Name="_DisplaySize" Value="22" />
      </DesignTime>
   </ViewAttribute>
   <ViewAttribute
      Name="EntryPersonName"
      IsPersistent="false"
      Precision="4000"
      Type="java.lang.String"
      AliasName="ENTRY_PERSON_NAME"
      ColumnType="VARCHAR2"
      Expression="ENTRY_PERSON_NAME"
      SQLType="VARCHAR" >
      <DesignTime>
         <Attr Name="_DisplaySize" Value="4000" />
      </DesignTime>
   </ViewAttribute>
   <ViewAttribute
      Name="WfStatus"
      IsPersistent="false"
      IsNotNull="true"
      Precision="25"
      Type="java.lang.String"
      AliasName="WF_STATUS"
      ColumnType="VARCHAR2"
      Expression="WF_STATUS"
      SQLType="VARCHAR" >
      <DesignTime>
         <Attr Name="_DisplaySize" Value="25" />
      </DesignTime>
   </ViewAttribute>
   <ViewAttribute
      Name="SlipType"
      IsPersistent="false"
      IsNotNull="true"
      Precision="25"
      Type="java.lang.String"
      AliasName="SLIP_TYPE"
      ColumnType="VARCHAR2"
      Expression="SLIP_TYPE"
      SQLType="VARCHAR" >
      <DesignTime>
         <Attr Name="_DisplaySize" Value="25" />
      </DesignTime>
   </ViewAttribute>
   <ViewAttribute
      Name="SlipTypeName"
      IsPersistent="false"
      Precision="240"
      Type="java.lang.String"
      AliasName="SLIP_TYPE_NAME"
      ColumnType="VARCHAR2"
      Expression="SLIP_TYPE_NAME"
      SQLType="VARCHAR" >
      <DesignTime>
         <Attr Name="_DisplaySize" Value="240" />
      </DesignTime>
   </ViewAttribute>
   <ViewAttribute
      Name="Source"
      IsPersistent="false"
      IsNotNull="true"
      Precision="30"
      Type="java.lang.String"
      AliasName="SOURCE"
      ColumnType="VARCHAR2"
      Expression="SOURCE"
      SQLType="VARCHAR" >
      <DesignTime>
         <Attr Name="_DisplaySize" Value="30" />
      </DesignTime>
   </ViewAttribute>
   <ViewAttribute
      Name="SourceName"
      IsPersistent="false"
      IsNotNull="true"
      Precision="80"
      Type="java.lang.String"
      AliasName="SOURCE_NAME"
      ColumnType="VARCHAR2"
      Expression="SOURCE_NAME"
      SQLType="VARCHAR" >
      <DesignTime>
         <Attr Name="_DisplaySize" Value="80" />
      </DesignTime>
   </ViewAttribute>
   <ViewAttribute
      Name="EntryDateStart"
      IsPersistent="false"
      Type="oracle.jbo.domain.Date"
      AliasName="ENTRY_DATE_START"
      ColumnType="VARCHAR2"
      Expression="ENTRY_DATE_START"
      SQLType="DATE" >
      <DesignTime>
         <Attr Name="_DisplaySize" Value="7" />
      </DesignTime>
   </ViewAttribute>
   <ViewAttribute
      Name="EntryDateEnd"
      IsPersistent="false"
      Type="oracle.jbo.domain.Date"
      AliasName="ENTRY_DATE_END"
      ColumnType="VARCHAR2"
      Expression="ENTRY_DATE_END"
      SQLType="DATE" >
      <DesignTime>
         <Attr Name="_DisplaySize" Value="7" />
      </DesignTime>
   </ViewAttribute>
   <ViewAttribute
      Name="GlDateStart"
      IsPersistent="false"
      IsNotNull="true"
      Type="oracle.jbo.domain.Date"
      AliasName="GL_DATE_START"
      ColumnType="VARCHAR2"
      Expression="GL_DATE_START"
      SQLType="DATE" >
      <DesignTime>
         <Attr Name="_DisplaySize" Value="7" />
      </DesignTime>
   </ViewAttribute>
   <ViewAttribute
      Name="GlDateEnd"
      IsPersistent="false"
      IsNotNull="true"
      Type="oracle.jbo.domain.Date"
      AliasName="GL_DATE_END"
      ColumnType="VARCHAR2"
      Expression="GL_DATE_END"
      SQLType="DATE" >
      <DesignTime>
         <Attr Name="_DisplaySize" Value="7" />
      </DesignTime>
   </ViewAttribute>
   <ViewAttribute
      Name="Description"
      IsPersistent="false"
      Precision="240"
      Type="java.lang.String"
      AliasName="DESCRIPTION"
      ColumnType="VARCHAR2"
      Expression="DESCRIPTION"
      SQLType="VARCHAR" >
      <DesignTime>
         <Attr Name="_DisplaySize" Value="240" />
      </DesignTime>
   </ViewAttribute>
</ViewObject>
