<?xml version="1.0" encoding='windows-31j'?>
<!DOCTYPE ViewObject SYSTEM "jbo_03_01.dtd">

<ViewObject
   Name="Xx03GetTaxColVO"
   BindingStyle="Oracle"
   CustomQuery="true"
   RowClass="oracle.apps.xx03.ar.input.server.Xx03GetTaxColVORowImpl"
   ComponentClass="oracle.apps.xx03.ar.input.server.Xx03GetTaxColVOImpl"
   MsgBundleClass="oracle.jbo.common.JboResourceBundle"
   UseGlueCode="false" >
   <SQLQuery><![CDATA[
SELECT XTCLV.TAX_TYPE                  TAX_COL
      ,XTCLV.VAT_TAX_ID                TAX_ID
      ,XTCLV.AMOUNT_INCLUDES_TAX_FLAG  AMOUNT_INCLUDES_TAX_FLAG
  FROM XX03_TAX_CLASS_LOV_V XTCLV
 WHERE XTCLV.TAX_CODE = :1
   AND :2 BETWEEN NVL(XTCLV.START_DATE, TO_DATE('1000/01/01', 'YYYY/MM/DD'))
              AND NVL(XTCLV.END_DATE  , TO_DATE('4712/12/31', 'YYYY/MM/DD'))
   ]]></SQLQuery>
   <DesignTime>
      <Attr Name="_isCodegen" Value="true" />
      <Attr Name="_version" Value="9.0.3.13.75" />
      <Attr Name="_CodeGenFlagNew" Value="36" />
   </DesignTime>
   <ViewAttribute
      Name="TaxCol"
      IsPersistent="false"
      Precision="4000"
      Type="java.lang.String"
      AliasName="TAX_COL"
      ColumnType="VARCHAR2"
      Expression="TAX_COL"
      SQLType="VARCHAR" >
      <DesignTime>
         <Attr Name="_DisplaySize" Value="4000" />
      </DesignTime>
   </ViewAttribute>
   <ViewAttribute
      Name="TaxId"
      IsPersistent="false"
      IsNotNull="true"
      Precision="15"
      Scale="0"
      Type="oracle.jbo.domain.Number"
      AliasName="TAX_ID"
      ColumnType="VARCHAR2"
      Expression="TAX_ID"
      SQLType="NUMERIC" >
      <DesignTime>
         <Attr Name="_DisplaySize" Value="22" />
      </DesignTime>
   </ViewAttribute>
   <ViewAttribute
      Name="AmountIncludesTaxFlag"
      IsPersistent="false"
      Precision="1"
      Type="java.lang.String"
      AliasName="AMOUNT_INCLUDES_TAX_FLAG"
      ColumnType="VARCHAR2"
      Expression="AMOUNT_INCLUDES_TAX_FLAG"
      SQLType="VARCHAR" >
      <DesignTime>
         <Attr Name="_DisplaySize" Value="1" />
      </DesignTime>
   </ViewAttribute>
</ViewObject>
