<?xml version="1.0" encoding='Shift_JIS'?>
<!DOCTYPE ViewObject SYSTEM "jbo_03_01.dtd">

<ViewObject
   Name="Xx03GetTransTypeNameVO"
   BindingStyle="Oracle"
   CustomQuery="true"
   RowClass="oracle.apps.xx03.ar.input.server.Xx03GetTransTypeNameVORowImpl"
   ComponentClass="oracle.apps.xx03.ar.input.server.Xx03GetTransTypeNameVOImpl"
   MsgBundleClass="oracle.jbo.common.JboResourceBundle"
   UseGlueCode="false" >
   <SQLQuery><![CDATA[
SELECT RCT.NAME
FROM   RA_CUST_TRX_TYPES_ALL RCT
      ,FND_LOOKUP_VALUES     FVL
WHERE  RCT.SET_OF_BOOKS_ID = XX00_PROFILE_PKG.VALUE('GL_SET_OF_BKS_ID')
  AND  RCT.ORG_ID          = XX00_PROFILE_PKG.VALUE('ORG_ID')
  AND  FVL.LOOKUP_TYPE     = 'XX03_SLIP_TYPES'
  AND  FVL.LANGUAGE        = XX00_GLOBAL_PKG.CURRENT_LANGUAGE
  AND  FVL.ATTRIBUTE15     = RCT.ORG_ID
  AND  FVL.ATTRIBUTE12     = RCT.TYPE
  AND  RCT.CUST_TRX_TYPE_ID = :1
  AND  :2 BETWEEN RCT.START_DATE AND NVL(RCT.END_DATE, TO_DATE('4712/12/31','YYYY/MM/DD'))
  AND  FVL.LOOKUP_CODE     = :3
   ]]></SQLQuery>
   <DesignTime>
      <Attr Name="_isCodegen" Value="true" />
      <Attr Name="_version" Value="9.0.3.12.53" />
      <Attr Name="_CodeGenFlagNew" Value="36" />
   </DesignTime>
   <ViewAttribute
      Name="Name"
      IsPersistent="false"
      Precision="20"
      Type="java.lang.String"
      AliasName="NAME"
      ColumnType="VARCHAR2"
      Expression="NAME"
      SQLType="VARCHAR" >
      <DesignTime>
         <Attr Name="_DisplaySize" Value="20" />
      </DesignTime>
   </ViewAttribute>
</ViewObject>
