<?xml version="1.0" encoding='Windows-31J'?>
<!DOCTYPE ViewLink SYSTEM "jbo_03_01.dtd">

<ViewLink
   Name="Xx03ReceivableSlipsToLinesVL"
   EntityAssociation="oracle.apps.xx03.schema.server.Xx03ReceivableSlipsToLinesAO" >
   <DesignTime>
      <Attr Name="_isCodegen" Value="true" />
      <Attr Name="_version" Value="9.0.3.14.00" />
   </DesignTime>
   <ViewLinkDefEnd
      Name="Xx03ReceivableSlipsVO"
      Cardinality="1"
      Owner="oracle.apps.xx03.ar.input.server.Xx03ReceivableSlipsVO"
      Source="true" >
      <AttrArray Name="Attributes">
         <Item Value="oracle.apps.xx03.ar.input.server.Xx03ReceivableSlipsVO.ReceivableId" />
      </AttrArray>
      <DesignTime>
         <Attr Name="_minCardinality" Value="1" />
         <Attr Name="_isUpdateable" Value="true" />
         <Attr Name="_finderName" Value="Xx03ReceivableSlipsVO" />
         <Attr Name="_accessor" Value="true" />
         <Attr Name="_entityAccessor" Value="true" />
      </DesignTime>
   </ViewLinkDefEnd>
   <ViewLinkDefEnd
      Name="Xx03ReceivableSlipsLineVO"
      Cardinality="-1"
      Owner="oracle.apps.xx03.ar.input.server.Xx03ReceivableSlipsLineVO" >
      <AttrArray Name="Attributes">
         <Item Value="oracle.apps.xx03.ar.input.server.Xx03ReceivableSlipsLineVO.ReceivableId" />
      </AttrArray>
      <DesignTime>
         <Attr Name="_isUpdateable" Value="true" />
         <Attr Name="_finderName" Value="Xx03ReceivableSlipsLineVO" />
         <Attr Name="_accessor" Value="true" />
         <Attr Name="_entityAccessor" Value="true" />
      </DesignTime>
   </ViewLinkDefEnd>
</ViewLink>
