<?xml version="1.0" encoding='Shift_JIS'?>
<!DOCTYPE ViewObject SYSTEM "jbo_03_01.dtd">

<ViewObject
   Name="Xx03GetTermsNameVO"
   BindingStyle="Oracle"
   CustomQuery="true"
   RowClass="oracle.apps.xx03.ar.input.server.Xx03GetTermsNameVORowImpl"
   ComponentClass="oracle.apps.xx03.ar.input.server.Xx03GetTermsNameVOImpl"
   MsgBundleClass="oracle.jbo.common.JboResourceBundle"
   UseGlueCode="false" >
   <SQLQuery><![CDATA[
SELECT rtt.NAME NAME
FROM   RA_TERMS_TL rtt
      ,RA_TERMS_B  rtb
WHERE  rtt.TERM_ID = rtb.TERM_ID
  AND  rtt.LANGUAGE = USERENV('LANG')
  AND  rtt.TERM_ID  = :1
  AND  :2 BETWEEN rtb.START_DATE_ACTIVE AND NVL(rtb.END_DATE_ACTIVE, TO_DATE('4712/12/31','YYYY/MM/DD'))
   ]]></SQLQuery>
   <DesignTime>
      <Attr Name="_isCodegen" Value="true" />
      <Attr Name="_version" Value="9.0.3.12.53" />
      <Attr Name="_CodeGenFlagNew" Value="36" />
   </DesignTime>
   <ViewAttribute
      Name="Name"
      IsPersistent="false"
      IsNotNull="true"
      Precision="15"
      Type="java.lang.String"
      AliasName="NAME"
      ColumnType="VARCHAR2"
      Expression="NAME"
      SQLType="VARCHAR" >
      <DesignTime>
         <Attr Name="_DisplaySize" Value="15" />
      </DesignTime>
   </ViewAttribute>
</ViewObject>
