<?xml version="1.0" encoding='Shift_JIS'?>
<!DOCTYPE ViewLink SYSTEM "jbo_03_01.dtd">

<ViewLink
   Name="Xx03InvoiceAdvanceToLinesVL"
   EntityAssociation="oracle.apps.xx03.schema.server.Xx03ReceivableSlipsToLinesAO" >
   <DesignTime>
      <Attr Name="_isCodegen" Value="true" />
      <Attr Name="_version" Value="9.0.3.12.53" />
   </DesignTime>
   <ViewLinkDefEnd
      Name="Xx03InvoiceAdvanceVO"
      Cardinality="1"
      Owner="oracle.apps.xx03.ar.input.server.Xx03InvoiceAdvanceVO"
      Source="true" >
      <AttrArray Name="Attributes">
      </AttrArray>
      <DesignTime>
         <Attr Name="_minCardinality" Value="1" />
         <Attr Name="_isUpdateable" Value="true" />
         <Attr Name="_finderName" Value="Xx03InvoiceAdvanceVO" />
         <Attr Name="_accessor" Value="true" />
         <Attr Name="_entityAccessor" Value="true" />
      </DesignTime>
   </ViewLinkDefEnd>
   <ViewLinkDefEnd
      Name="Xx03InvoiceAdvanceLinesVO"
      Cardinality="-1"
      Owner="oracle.apps.xx03.ar.input.server.Xx03InvoiceAdvanceLinesVO" >
      <AttrArray Name="Attributes">
      </AttrArray>
      <DesignTime>
         <Attr Name="_isUpdateable" Value="true" />
         <Attr Name="_finderName" Value="Xx03InvoiceAdvanceLinesVO" />
         <Attr Name="_accessor" Value="true" />
         <Attr Name="_entityAccessor" Value="true" />
      </DesignTime>
   </ViewLinkDefEnd>
</ViewLink>
