<?xml version="1.0" encoding='Shift_JIS'?>
<!DOCTYPE ViewObject SYSTEM "jbo_03_01.dtd">

<ViewObject
   Name="Xx03SlipNumbersVO"
   SelectList="Xx03SlipNumbersEO.TEMPORARY_CODE, 
       Xx03SlipNumbersEO.SLIP_NUMBERS_ID, 
       Xx03SlipNumbersEO.SLIP_NUMBER"
   FromList="XX03_SLIP_NUMBERS Xx03SlipNumbersEO"
   Where="Xx03SlipNumbersEO.org_id = XX00_PROFILE_PKG.VALUE(&#39;ORG_ID&#39;) AND    Xx03SlipNumbersEO.num_type = :1 AND    Xx03SlipNumbersEO.application_short_name = &#39;AR&#39;"
   BindingStyle="Oracle"
   CustomQuery="false"
   RowClass="oracle.apps.xx03.ar.input.server.Xx03SlipNumbersVORowImpl"
   ComponentClass="oracle.apps.xx03.ar.input.server.Xx03SlipNumbersVOImpl"
   MsgBundleClass="oracle.jbo.common.JboResourceBundle"
   UseGlueCode="false" >
   <DesignTime>
      <Attr Name="_isCodegen" Value="true" />
      <Attr Name="_version" Value="9.0.3.12.53" />
      <Attr Name="_CodeGenFlagNew" Value="36" />
   </DesignTime>
   <EntityUsage
      Name="Xx03SlipNumbersEO"
      Entity="oracle.apps.xx03.schema.server.Xx03SlipNumbersEO" >
      <DesignTime>
         <Attr Name="_EntireObjectTable" Value="false" />
         <Attr Name="_queryClause" Value="true" />
         <Attr Name="_queryWhere" Value="Xx03SlipNumbersEO.org_id = XX00_PROFILE_PKG.VALUE(&#39;ORG_ID&#39;) AND    Xx03SlipNumbersEO.num_type = :1 AND    Xx03SlipNumbersEO.application_short_name = &#39;AR&#39;" />
      </DesignTime>
   </EntityUsage>
   <ViewAttribute
      Name="TemporaryCode"
      EntityAttrName="TemporaryCode"
      EntityUsage="Xx03SlipNumbersEO"
      AliasName="TEMPORARY_CODE"
      ColumnType="VARCHAR2" >
   </ViewAttribute>
   <ViewAttribute
      Name="SlipNumbersId"
      IsNotNull="true"
      EntityAttrName="SlipNumbersId"
      EntityUsage="Xx03SlipNumbersEO"
      AliasName="SLIP_NUMBERS_ID"
      ColumnType="VARCHAR2" >
   </ViewAttribute>
   <ViewAttribute
      Name="SlipNumber"
      IsNotNull="true"
      EntityAttrName="SlipNumber"
      EntityUsage="Xx03SlipNumbersEO"
      AliasName="SLIP_NUMBER"
      ColumnType="VARCHAR2" >
   </ViewAttribute>
</ViewObject>
