<?xml version="1.0" encoding='Shift_JIS'?>
<!DOCTYPE ViewObject SYSTEM "jbo_03_01.dtd">

<ViewObject
   Name="Xx03PrecisionVO"
   BindingStyle="Oracle"
   CustomQuery="true"
   RowClass="oracle.apps.xx03.ar.input.server.Xx03PrecisionVORowImpl"
   ComponentClass="oracle.apps.xx03.ar.input.server.Xx03PrecisionVOImpl"
   MsgBundleClass="oracle.jbo.common.JboResourceBundle"
   UseGlueCode="false" >
   <SQLQuery><![CDATA[
SELECT xcv.precision     as precision
      ,gsob.currency_code as currency_code
FROM   gl_sets_of_books  gsob
      ,xx03_currencies_v xcv
WHERE  gsob.set_of_books_id = XX00_PROFILE_PKG.VALUE('GL_SET_OF_BKS_ID')
AND    xcv.currency_code = gsob.currency_code
   ]]></SQLQuery>
   <DesignTime>
      <Attr Name="_isCodegen" Value="true" />
      <Attr Name="_version" Value="9.0.3.12.53" />
      <Attr Name="_CodeGenFlagNew" Value="36" />
   </DesignTime>
   <ViewAttribute
      Name="Precision"
      IsPersistent="false"
      Precision="1"
      Scale="0"
      Type="oracle.jbo.domain.Number"
      AliasName="PRECISION"
      ColumnType="VARCHAR2"
      Expression="PRECISION"
      SQLType="NUMERIC" >
      <DesignTime>
         <Attr Name="_DisplaySize" Value="22" />
      </DesignTime>
   </ViewAttribute>
   <ViewAttribute
      Name="CurrencyCode"
      IsPersistent="false"
      IsNotNull="true"
      Precision="15"
      Type="java.lang.String"
      AliasName="CURRENCY_CODE"
      ColumnType="VARCHAR2"
      Expression="CURRENCY_CODE"
      SQLType="VARCHAR" >
      <DesignTime>
         <Attr Name="_DisplaySize" Value="15" />
      </DesignTime>
   </ViewAttribute>
</ViewObject>
