<?xml version="1.0" encoding='Shift_JIS'?>
<!DOCTYPE AppModule SYSTEM "jbo_03_01.dtd">

<AppModule
   Name="Xx03ArInvoiceAdvanceAM"
   ComponentClass="oracle.apps.xx03.ar.input.server.Xx03ArInvoiceAdvanceAMImpl"
   LoadComponentsLazily="true" >
   <DesignTime>
      <Attr Name="_isCodegen" Value="true" />
      <Attr Name="_version" Value="9.0.3.12.53" />
      <Attr Name="_deployType" Value="0" />
   </DesignTime>
   <ViewUsage
      Name="Xx03InvoiceAdvanceVO1"
      ViewObjectName="oracle.apps.xx03.ar.input.server.Xx03InvoiceAdvanceVO" >
   </ViewUsage>
   <ViewUsage
      Name="Xx03ArLinesLovVO1"
      ViewObjectName="oracle.apps.xx03.lov.server.Xx03ArLinesLovVO" >
   </ViewUsage>
   <ViewUsage
      Name="Xx03TaxCodesLovVO1"
      ViewObjectName="oracle.apps.xx03.ar.input.server.Xx03TaxCodesLovVO" >
   </ViewUsage>
   <ViewUsage
      Name="Xx03TaxClassLovVO1"
      ViewObjectName="oracle.apps.xx03.ar.input.server.Xx03TaxClassLovVO" >
   </ViewUsage>
   <ViewUsage
      Name="Xx03GetAutoAccountInfoMemoVO1"
      ViewObjectName="oracle.apps.xx03.ar.input.server.Xx03GetAutoAccountInfoMemoVO" >
   </ViewUsage>
   <ViewUsage
      Name="Xx03GetAutoAccountInfoCustomerVO1"
      ViewObjectName="oracle.apps.xx03.ar.input.server.Xx03GetAutoAccountInfoCustomerVO" >
   </ViewUsage>
   <ViewUsage
      Name="Xx03InvoiceAdvanceLinesVO1"
      ViewObjectName="oracle.apps.xx03.ar.input.server.Xx03InvoiceAdvanceLinesVO" >
   </ViewUsage>
</AppModule>
