<?xml version="1.0" encoding='Shift_JIS'?>
<!DOCTYPE ViewObject SYSTEM "jbo_03_01.dtd">

<ViewObject
   Name="Xx03GetArLinesNameVO"
   BindingStyle="Oracle"
   CustomQuery="true"
   RowClass="oracle.apps.xx03.ar.input.server.Xx03GetArLinesNameVORowImpl"
   ComponentClass="oracle.apps.xx03.ar.input.server.Xx03GetArLinesNameVOImpl"
   MsgBundleClass="oracle.jbo.common.JboResourceBundle"
   UseGlueCode="false" >
   <SQLQuery><![CDATA[
SELECT NAME
FROM   AR_MEMO_LINES_VL
WHERE  MEMO_LINE_ID = :1
  AND  :2 BETWEEN START_DATE AND NVL(END_DATE, TO_DATE('4712/12/31','YYYY/MM/DD'))
  AND  ATTRIBUTE1 = :3
   ]]></SQLQuery>
   <DesignTime>
      <Attr Name="_isCodegen" Value="true" />
      <Attr Name="_version" Value="9.0.3.12.53" />
      <Attr Name="_CodeGenFlagNew" Value="36" />
   </DesignTime>
   <ViewAttribute
      Name="Name"
      IsPersistent="false"
      Precision="50"
      Type="java.lang.String"
      AliasName="NAME"
      ColumnType="VARCHAR2"
      Expression="NAME"
      SQLType="VARCHAR" >
      <DesignTime>
         <Attr Name="_DisplaySize" Value="50" />
      </DesignTime>
   </ViewAttribute>
</ViewObject>
