<?xml version="1.0" encoding='windows-31j'?>
<!DOCTYPE ViewObject SYSTEM "jbo_03_01.dtd">

<ViewObject
   Name="Xx03GetReceiptMethodNameVO"
   BindingStyle="Oracle"
   CustomQuery="true"
   RowClass="oracle.apps.xx03.ar.input.server.Xx03GetReceiptMethodNameVORowImpl"
   ComponentClass="oracle.apps.xx03.ar.input.server.Xx03GetReceiptMethodNameVOImpl"
   MsgBundleClass="oracle.jbo.common.JboResourceBundle"
   UseGlueCode="false" >
   <SQLQuery><![CDATA[
select xrmlv.NAME
from   XX03_RECEIPT_METHOD_LOV_V xrmlv
where  xrmlv.BATCH_SOURCE_ID = :1
   and xrmlv.ADDRESS_ID      = :2
   and xrmlv.CURRENCY_CODE   = :3
   and :4 between nvl(xrmlv.REC_START_DATE  ,TO_DATE('1000/01/01' ,'YYYY/MM/DD'))
              and nvl(xrmlv.REC_END_DATE    ,TO_DATE('4712/12/31' ,'YYYY/MM/DD'))
   and :5 between nvl(xrmlv.CUST_START_DATE ,TO_DATE('1000/01/01' ,'YYYY/MM/DD'))
              and nvl(xrmlv.CUST_END_DATE   ,TO_DATE('4712/12/31' ,'YYYY/MM/DD'))
   and :6 between nvl(xrmlv.ARMA_START_DATE ,TO_DATE('1000/01/01' ,'YYYY/MM/DD'))
              and nvl(xrmlv.ARMA_END_DATE   ,TO_DATE('4712/12/31' ,'YYYY/MM/DD'))
   and :7 <  nvl(xrmlv.ABA_INACTIVE_DATE ,TO_DATE('4712/12/31' ,'YYYY/MM/DD'))
   and :8 <  nvl(xrmlv.ABB_END_DATE      ,TO_DATE('4712/12/31' ,'YYYY/MM/DD'))
   and :9 between nvl(xrmlv.CURRENCY_START_DATE ,TO_DATE('1000/01/01' ,'YYYY/MM/DD'))
              and nvl(xrmlv.CURRENCY_END_DATE   ,TO_DATE('4712/12/31' ,'YYYY/MM/DD'))
   ]]></SQLQuery>
   <DesignTime>
      <Attr Name="_isCodegen" Value="true" />
      <Attr Name="_version" Value="9.0.3.13.75" />
      <Attr Name="_CodeGenFlagNew" Value="36" />
   </DesignTime>
   <ViewAttribute
      Name="Name"
      IsPersistent="false"
      Precision="30"
      Type="java.lang.String"
      AliasName="NAME"
      ColumnType="VARCHAR2"
      Expression="NAME"
      SQLType="VARCHAR" >
      <DesignTime>
         <Attr Name="_DisplaySize" Value="30" />
      </DesignTime>
   </ViewAttribute>
</ViewObject>
