<?xml version="1.0" encoding='Shift_JIS'?>
<!DOCTYPE ViewObject SYSTEM "jbo_03_01.dtd">

<ViewObject
   Name="Xx03GetAutoAccountInfoMemoVO"
   BindingStyle="Oracle"
   CustomQuery="true"
   RowClass="oracle.apps.xx03.ar.input.server.Xx03GetAutoAccountInfoMemoVORowImpl"
   ComponentClass="oracle.apps.xx03.ar.input.server.Xx03GetAutoAccountInfoMemoVOImpl"
   MsgBundleClass="oracle.jbo.common.JboResourceBundle"
   FetchMode="FETCH_AS_NEEDED"
   UseGlueCode="false" >
   <SQLQuery><![CDATA[
SELECT gcc.SEGMENT1,
       gcc.SEGMENT2,
       gcc.SEGMENT3,
       gcc.SEGMENT4,
       gcc.SEGMENT5,
       gcc.SEGMENT6,
       gcc.SEGMENT7,
       gcc.SEGMENT8
  FROM AR_MEMO_LINES_VL amlv,
       GL_CODE_COMBINATIONS gcc
 WHERE amlv.MEMO_LINE_ID = :1
   AND amlv.GL_ID_REV = gcc.CODE_COMBINATION_ID
   ]]></SQLQuery>
   <DesignTime>
      <Attr Name="_isCodegen" Value="true" />
      <Attr Name="_version" Value="9.0.3.12.53" />
      <Attr Name="_CodeGenFlagNew" Value="36" />
   </DesignTime>
   <ViewAttribute
      Name="Segment1"
      IsUpdateable="false"
      IsPersistent="false"
      Precision="25"
      Type="java.lang.String"
      AliasName="SEGMENT1"
      ColumnType="VARCHAR2"
      Expression="Segment1"
      SQLType="VARCHAR" >
   </ViewAttribute>
   <ViewAttribute
      Name="Segment2"
      IsUpdateable="false"
      IsPersistent="false"
      Precision="25"
      Type="java.lang.String"
      ColumnType="VARCHAR2"
      Expression="Segment2"
      SQLType="VARCHAR" >
   </ViewAttribute>
   <ViewAttribute
      Name="Segment3"
      IsPersistent="false"
      Precision="25"
      Type="java.lang.String"
      AliasName="SEGMENT3"
      ColumnType="VARCHAR2"
      Expression="SEGMENT3"
      SQLType="VARCHAR" >
      <DesignTime>
         <Attr Name="_DisplaySize" Value="25" />
      </DesignTime>
   </ViewAttribute>
   <ViewAttribute
      Name="Segment4"
      IsPersistent="false"
      Precision="25"
      Type="java.lang.String"
      AliasName="SEGMENT4"
      ColumnType="VARCHAR2"
      Expression="SEGMENT4"
      SQLType="VARCHAR" >
      <DesignTime>
         <Attr Name="_DisplaySize" Value="25" />
      </DesignTime>
   </ViewAttribute>
   <ViewAttribute
      Name="Segment5"
      IsPersistent="false"
      Precision="25"
      Type="java.lang.String"
      AliasName="SEGMENT5"
      ColumnType="VARCHAR2"
      Expression="SEGMENT5"
      SQLType="VARCHAR" >
      <DesignTime>
         <Attr Name="_DisplaySize" Value="25" />
      </DesignTime>
   </ViewAttribute>
   <ViewAttribute
      Name="Segment6"
      IsPersistent="false"
      Precision="25"
      Type="java.lang.String"
      AliasName="SEGMENT6"
      ColumnType="VARCHAR2"
      Expression="SEGMENT6"
      SQLType="VARCHAR" >
      <DesignTime>
         <Attr Name="_DisplaySize" Value="25" />
      </DesignTime>
   </ViewAttribute>
   <ViewAttribute
      Name="Segment7"
      IsPersistent="false"
      Precision="25"
      Type="java.lang.String"
      AliasName="SEGMENT7"
      ColumnType="VARCHAR2"
      Expression="SEGMENT7"
      SQLType="VARCHAR" >
      <DesignTime>
         <Attr Name="_DisplaySize" Value="25" />
      </DesignTime>
   </ViewAttribute>
   <ViewAttribute
      Name="Segment8"
      IsPersistent="false"
      Precision="25"
      Type="java.lang.String"
      AliasName="SEGMENT8"
      ColumnType="VARCHAR2"
      Expression="SEGMENT8"
      SQLType="VARCHAR" >
      <DesignTime>
         <Attr Name="_DisplaySize" Value="25" />
      </DesignTime>
   </ViewAttribute>
</ViewObject>
