<?xml version="1.0" encoding='windows-31j'?>
<!DOCTYPE ViewObject SYSTEM "jbo_03_01.dtd">

<ViewObject
   Name="Xx03GetUomCodeVO"
   BindingStyle="Oracle"
   CustomQuery="true"
   RowClass="oracle.apps.xx03.ar.input.server.Xx03GetUomCodeVORowImpl"
   ComponentClass="oracle.apps.xx03.ar.input.server.Xx03GetUomCodeVOImpl"
   MsgBundleClass="oracle.jbo.common.JboResourceBundle"
   UseGlueCode="false" >
   <SQLQuery><![CDATA[
SELECT DISTINCT UOM_CODE           CODE
               ,UNIT_OF_MEASURE_TL NAME
FROM   MTL_UNITS_OF_MEASURE_VL
WHERE  UOM_CODE = :1
  AND  TRUNC(SYSDATE) < NVL(DISABLE_DATE, TO_DATE('4712/12/31','YYYY/MM/DD'))
   ]]></SQLQuery>
   <DesignTime>
      <Attr Name="_isCodegen" Value="true" />
      <Attr Name="_version" Value="9.0.3.13.75" />
      <Attr Name="_CodeGenFlagNew" Value="36" />
   </DesignTime>
   <ViewAttribute
      Name="Code"
      IsPersistent="false"
      IsNotNull="true"
      Precision="3"
      Type="java.lang.String"
      AliasName="CODE"
      ColumnType="VARCHAR2"
      Expression="CODE"
      SQLType="VARCHAR" >
      <DesignTime>
         <Attr Name="_DisplaySize" Value="3" />
      </DesignTime>
   </ViewAttribute>
   <ViewAttribute
      Name="Name"
      IsPersistent="false"
      IsNotNull="true"
      Precision="25"
      Type="java.lang.String"
      AliasName="NAME"
      ColumnType="VARCHAR2"
      Expression="NAME"
      SQLType="VARCHAR" >
      <DesignTime>
         <Attr Name="_DisplaySize" Value="25" />
      </DesignTime>
   </ViewAttribute>
</ViewObject>
