<?xml version="1.0" encoding='Shift_JIS'?>
<!DOCTYPE ViewObject SYSTEM "jbo_03_01.dtd">

<ViewObject
   Name="Xx03InvoiceFirstCustomerVO"
   SelectList="Xx03ReceivableSlipsEO.RECEIVABLE_ID, 
       Xx03ReceivableSlipsEO.ROWID, 

       Xx03ReceivableSlipsEO.ONETIME_CUSTOMER_NAME, 
       
Xx03ReceivableSlipsEO.ONETIME_CUSTOMER_KANA_NAME, 
       Xx03ReceivableSlipsEO.ONETIME_CUSTOMER_ADDRESS_1, 

       Xx03ReceivableSlipsEO.ONETIME_CUSTOMER_ADDRESS_2, 
  
     Xx03ReceivableSlipsEO.ONETIME_CUSTOMER_ADDRESS_3"
   FromList="XX03_RECEIVABLE_SLIPS Xx03ReceivableSlipsEO"
   BindingStyle="Oracle"
   CustomQuery="false"
   RowClass="oracle.apps.xx03.ar.input.server.Xx03InvoiceFirstCustomerVORowImpl"
   ComponentClass="oracle.apps.xx03.ar.input.server.Xx03InvoiceFirstCustomerVOImpl"
   MsgBundleClass="oracle.jbo.common.JboResourceBundle"
   ComponentInterface="oracle.apps.xx03.ar.input.Xx03InvoiceFirstCustomerVO"
   UseGlueCode="false" >
   <DesignTime>
      <Attr Name="_isCodegen" Value="true" />
      <Attr Name="_version" Value="9.0.3.12.53" />
      <Attr Name="_CodeGenFlagNew" Value="36" />
   </DesignTime>
   <EntityUsage
      Name="Xx03ReceivableSlipsEO"
      Entity="oracle.apps.xx03.schema.server.Xx03ReceivableSlipsEO" >
      <DesignTime>
         <Attr Name="_EntireObjectTable" Value="false" />
         <Attr Name="_queryClause" Value="false" />
      </DesignTime>
   </EntityUsage>
   <ViewAttribute
      Name="ReceivableId"
      IsNotNull="true"
      EntityAttrName="ReceivableId"
      EntityUsage="Xx03ReceivableSlipsEO"
      AliasName="RECEIVABLE_ID"
      ColumnType="VARCHAR2" >
   </ViewAttribute>
   <ViewAttribute
      Name="RowID"
      IsUpdateable="false"
      EntityAttrName="RowID"
      EntityUsage="Xx03ReceivableSlipsEO"
      AliasName="ROWID"
      ColumnType="VARCHAR2" >
   </ViewAttribute>
   <ViewAttribute
      Name="OnetimeCustomerName"
      EntityAttrName="OnetimeCustomerName"
      EntityUsage="Xx03ReceivableSlipsEO"
      AliasName="ONETIME_CUSTOMER_NAME"
      ColumnType="VARCHAR2" >
   </ViewAttribute>
   <ViewAttribute
      Name="OnetimeCustomerKanaName"
      EntityAttrName="OnetimeCustomerKanaName"
      EntityUsage="Xx03ReceivableSlipsEO"
      AliasName="ONETIME_CUSTOMER_KANA_NAME"
      ColumnType="VARCHAR2" >
   </ViewAttribute>
   <ViewAttribute
      Name="OnetimeCustomerAddress1"
      EntityAttrName="OnetimeCustomerAddress1"
      EntityUsage="Xx03ReceivableSlipsEO"
      AliasName="ONETIME_CUSTOMER_ADDRESS_1"
      ColumnType="VARCHAR2" >
   </ViewAttribute>
   <ViewAttribute
      Name="OnetimeCustomerAddress2"
      EntityAttrName="OnetimeCustomerAddress2"
      EntityUsage="Xx03ReceivableSlipsEO"
      AliasName="ONETIME_CUSTOMER_ADDRESS_2"
      ColumnType="VARCHAR2" >
   </ViewAttribute>
   <ViewAttribute
      Name="OnetimeCustomerAddress3"
      EntityAttrName="OnetimeCustomerAddress3"
      EntityUsage="Xx03ReceivableSlipsEO"
      AliasName="ONETIME_CUSTOMER_ADDRESS_3"
      ColumnType="VARCHAR2" >
   </ViewAttribute>
</ViewObject>
