<?xml version="1.0" encoding='windows-31j'?>
<!DOCTYPE ViewObject SYSTEM "jbo_03_01.dtd">

<ViewObject
   Name="XX03GetItemFormatVO"
   BindingStyle="Oracle"
   CustomQuery="true"
   RowClass="oracle.apps.xx03.ar.input.server.XX03GetItemFormatVORowImpl"
   ComponentClass="oracle.apps.xx03.ar.input.server.XX03GetItemFormatVOImpl"
   MsgBundleClass="oracle.jbo.common.JboResourceBundle"
   UseGlueCode="false" >
   <SQLQuery><![CDATA[
SELECT DECODE(:1,TO_NUMBER(TO_CHAR(:2, xx00_currency_pkg.get_format_mask(:3, 38))
                           ,xx00_currency_pkg.get_format_mask(:4, 38))
                ,TO_CHAR(:5, xx00_currency_pkg.get_format_mask(:6, 38))
                ,TO_CHAR(:7)
              ) FORMAT_ITEM
FROM DUAL
   ]]></SQLQuery>
   <DesignTime>
      <Attr Name="_isCodegen" Value="true" />
      <Attr Name="_version" Value="9.0.3.13.88" />
      <Attr Name="_CodeGenFlagNew" Value="36" />
   </DesignTime>
   <ViewAttribute
      Name="FormatItem"
      IsPersistent="false"
      Precision="4000"
      Type="java.lang.String"
      ColumnType="VARCHAR2"
      AliasName="FORMAT_ITEM"
      Expression="FORMAT_ITEM"
      SQLType="VARCHAR" >
      <DesignTime>
         <Attr Name="_DisplaySize" Value="4000" />
      </DesignTime>
   </ViewAttribute>
</ViewObject>
