<?xml version="1.0" encoding='Shift_JIS'?>
<!DOCTYPE ViewObject SYSTEM "jbo_03_01.dtd">

<ViewObject
   Name="Xx03CheckCommitmentNumberVO"
   BindingStyle="Oracle"
   CustomQuery="true"
   RowClass="oracle.apps.xx03.ar.input.server.Xx03CheckCommitmentNumberVORowImpl"
   ComponentClass="oracle.apps.xx03.ar.input.server.Xx03CheckCommitmentNumberVOImpl"
   MsgBundleClass="oracle.jbo.common.JboResourceBundle"
   UseGlueCode="false" >
   <SQLQuery><![CDATA[
SELECT xrs.RECEIVABLE_NUM
  FROM XX03_RECEIVABLE_SLIPS xrs
 WHERE xrs.WF_STATUS != '10' 
   AND xrs.AR_FORWARD_DATE IS NULL
   AND xrs.COMMITMENT_NUMBER = :1
   ]]></SQLQuery>
   <DesignTime>
      <Attr Name="_isCodegen" Value="true" />
      <Attr Name="_version" Value="9.0.3.12.53" />
      <Attr Name="_CodeGenFlagNew" Value="36" />
   </DesignTime>
   <ViewAttribute
      Name="ReceivableNum"
      IsPersistent="false"
      IsNotNull="true"
      Precision="50"
      Type="java.lang.String"
      AliasName="RECEIVABLE_NUM"
      ColumnType="VARCHAR2"
      Expression="RECEIVABLE_NUM"
      SQLType="VARCHAR" >
      <DesignTime>
         <Attr Name="_DisplaySize" Value="50" />
      </DesignTime>
   </ViewAttribute>
</ViewObject>
