<?xml version="1.0" encoding='windows-31j'?>
<!DOCTYPE ViewObject SYSTEM "jbo_03_01.dtd">

<ViewObject
   Name="Xx03TaxCodesLovVO"
   BindingStyle="Oracle"
   CustomQuery="true"
   RowClass="oracle.apps.xx03.ar.input.server.Xx03TaxCodesLovVORowImpl"
   ComponentClass="oracle.apps.xx03.ar.input.server.Xx03TaxCodesLovVOImpl"
   MsgBundleClass="oracle.jbo.common.JboResourceBundle"
   UseGlueCode="false" >
   <SQLQuery><![CDATA[
SELECT xtclv.tax_rate
FROM   AR_VAT_TAX_VL xtclv
WHERE  xtclv.tax_code = :1
   AND :2 BETWEEN NVL(xtclv.START_DATE, TO_DATE('1000/01/01', 'YYYY/MM/DD')) 
              AND NVL(xtclv.END_DATE  , TO_DATE('4712/12/31', 'YYYY/MM/DD'))
   AND xtclv.ORG_ID = XX00_PROFILE_PKG.VALUE('ORG_ID')
   AND xtclv.ENABLED_FLAG = 'Y'
   ]]></SQLQuery>
   <DesignTime>
      <Attr Name="_isCodegen" Value="true" />
      <Attr Name="_version" Value="9.0.3.13.75" />
      <Attr Name="_CodeGenFlagNew" Value="36" />
   </DesignTime>
   <ViewAttribute
      Name="TaxRate"
      IsPersistent="false"
      Type="oracle.jbo.domain.Number"
      AliasName="TAX_RATE"
      ColumnType="VARCHAR2"
      Expression="TAX_RATE"
      SQLType="NUMERIC" >
      <DesignTime>
         <Attr Name="_DisplaySize" Value="22" />
      </DesignTime>
   </ViewAttribute>
</ViewObject>
