<?xml version="1.0" encoding='Shift_JIS'?>
<!DOCTYPE ViewObject SYSTEM "jbo_03_01.dtd">

<ViewObject
   Name="Xx03PaymentDateVO"
   BindingStyle="Oracle"
   CustomQuery="true"
   RowClass="oracle.apps.xx03.ar.input.server.Xx03PaymentDateVORowImpl"
   ComponentClass="oracle.apps.xx03.ar.input.server.Xx03PaymentDateVOImpl"
   MsgBundleClass="oracle.jbo.common.JboResourceBundle"
   UseGlueCode="false" >
   <SQLQuery><![CDATA[
select REC_START_DATE,
       REC_END_DATE,
       CUST_START_DATE,
       CUST_END_DATE
from XX03_RECEIPT_METHOD_LOV_V
where BATCH_SOURCE_ID = :1
  and ADDRESS_ID      = :2
  and CURRENCY_CODE   = :3
   ]]></SQLQuery>
   <DesignTime>
      <Attr Name="_isCodegen" Value="true" />
      <Attr Name="_version" Value="9.0.3.12.53" />
      <Attr Name="_CodeGenFlagNew" Value="36" />
   </DesignTime>
   <ViewAttribute
      Name="RecStartDate"
      IsPersistent="false"
      Type="oracle.jbo.domain.Date"
      AliasName="REC_START_DATE"
      ColumnType="VARCHAR2"
      Expression="REC_START_DATE"
      SQLType="DATE" >
      <DesignTime>
         <Attr Name="_DisplaySize" Value="7" />
      </DesignTime>
   </ViewAttribute>
   <ViewAttribute
      Name="RecEndDate"
      IsPersistent="false"
      Type="oracle.jbo.domain.Date"
      AliasName="REC_END_DATE"
      ColumnType="VARCHAR2"
      Expression="REC_END_DATE"
      SQLType="DATE" >
      <DesignTime>
         <Attr Name="_DisplaySize" Value="7" />
      </DesignTime>
   </ViewAttribute>
   <ViewAttribute
      Name="CustStartDate"
      IsPersistent="false"
      Type="oracle.jbo.domain.Date"
      AliasName="CUST_START_DATE"
      ColumnType="VARCHAR2"
      Expression="CUST_START_DATE"
      SQLType="DATE" >
      <DesignTime>
         <Attr Name="_DisplaySize" Value="7" />
      </DesignTime>
   </ViewAttribute>
   <ViewAttribute
      Name="CustEndDate"
      IsPersistent="false"
      Type="oracle.jbo.domain.Date"
      AliasName="CUST_END_DATE"
      ColumnType="VARCHAR2"
      Expression="CUST_END_DATE"
      SQLType="DATE" >
      <DesignTime>
         <Attr Name="_DisplaySize" Value="7" />
      </DesignTime>
   </ViewAttribute>
</ViewObject>
