<?xml version="1.0" encoding='Shift_JIS'?>
<!DOCTYPE ViewObject SYSTEM "jbo_03_01.dtd">

<ViewObject
   Name="Xx03GetTaxOverrideVO"
   BindingStyle="Oracle"
   CustomQuery="true"
   RowClass="oracle.apps.xx03.ar.input.server.Xx03GetTaxOverrideVORowImpl"
   ComponentClass="oracle.apps.xx03.ar.input.server.Xx03GetTaxOverrideVOImpl"
   MsgBundleClass="oracle.jbo.common.JboResourceBundle"
   UseGlueCode="false" >
   <SQLQuery><![CDATA[
SELECT TAX_ROUNDING_ALLOW_OVERRIDE
  FROM AR_SYSTEM_PARAMETERS
   ]]></SQLQuery>
   <DesignTime>
      <Attr Name="_isCodegen" Value="true" />
      <Attr Name="_version" Value="9.0.3.12.53" />
      <Attr Name="_CodeGenFlagNew" Value="36" />
   </DesignTime>
   <ViewAttribute
      Name="TaxRoundingAllowOverride"
      IsPersistent="false"
      IsNotNull="true"
      Precision="1"
      Type="java.lang.String"
      AliasName="TAX_ROUNDING_ALLOW_OVERRIDE"
      ColumnType="VARCHAR2"
      Expression="TAX_ROUNDING_ALLOW_OVERRIDE"
      SQLType="VARCHAR" >
      <DesignTime>
         <Attr Name="_DisplaySize" Value="1" />
      </DesignTime>
   </ViewAttribute>
</ViewObject>
