<?xml version="1.0" encoding='Shift_JIS'?>
<!DOCTYPE ViewObject SYSTEM "jbo_03_01.dtd">

<ViewObject
   Name="Xx03SystemTaxOptionVO"
   BindingStyle="Oracle"
   CustomQuery="true"
   RowClass="oracle.apps.xx03.ar.input.server.Xx03SystemTaxOptionVORowImpl"
   ComponentClass="oracle.apps.xx03.ar.input.server.Xx03SystemTaxOptionVOImpl"
   MsgBundleClass="oracle.jbo.common.JboResourceBundle"
   UseGlueCode="false" >
   <SQLQuery><![CDATA[
SELECT TAX_HEADER_LEVEL_FLAG as TAX_HEADER_LEVEL_FLAG,
       SUBSTRB(TAX_ROUNDING_RULE, 1, 1) as TAX_ROUNDING_RULE
  FROM AR_SYSTEM_PARAMETERS
   ]]></SQLQuery>
   <DesignTime>
      <Attr Name="_isCodegen" Value="true" />
      <Attr Name="_version" Value="9.0.3.12.53" />
      <Attr Name="_CodeGenFlagNew" Value="36" />
   </DesignTime>
   <ViewAttribute
      Name="TaxHeaderLevelFlag"
      IsPersistent="false"
      IsNotNull="true"
      Precision="1"
      Type="java.lang.String"
      AliasName="TAX_HEADER_LEVEL_FLAG"
      ColumnType="VARCHAR2"
      Expression="TAX_HEADER_LEVEL_FLAG"
      SQLType="VARCHAR" >
      <DesignTime>
         <Attr Name="_DisplaySize" Value="1" />
      </DesignTime>
   </ViewAttribute>
   <ViewAttribute
      Name="TaxRoundingRule"
      IsPersistent="false"
      Precision="1"
      Type="java.lang.String"
      AliasName="TAX_ROUNDING_RULE"
      ColumnType="VARCHAR2"
      Expression="TAX_ROUNDING_RULE"
      SQLType="VARCHAR" >
      <DesignTime>
         <Attr Name="_DisplaySize" Value="1" />
      </DesignTime>
   </ViewAttribute>
</ViewObject>
