<?xml version="1.0" encoding='Shift_JIS'?>
<!DOCTYPE ViewObject SYSTEM "jbo_03_01.dtd">

<ViewObject
   Name="Xx03CommitmentDateVO"
   BindingStyle="Oracle"
   CustomQuery="true"
   RowClass="oracle.apps.xx03.ar.input.server.Xx03CommitmentDateVORowImpl"
   ComponentClass="oracle.apps.xx03.ar.input.server.Xx03CommitmentDateVOImpl"
   MsgBundleClass="oracle.jbo.common.JboResourceBundle"
   UseGlueCode="false" >
   <SQLQuery><![CDATA[
select START_DATE_COMMITMENT,
       END_DATE_COMMITMENT
from XX03_COMMITMENT_NUMBER_LOV_V
where trx_number = :1
   ]]></SQLQuery>
   <DesignTime>
      <Attr Name="_isCodegen" Value="true" />
      <Attr Name="_version" Value="9.0.3.12.53" />
      <Attr Name="_CodeGenFlagNew" Value="36" />
   </DesignTime>
   <ViewAttribute
      Name="StartDateCommitment"
      IsPersistent="false"
      Type="oracle.jbo.domain.Date"
      AliasName="START_DATE_COMMITMENT"
      ColumnType="VARCHAR2"
      Expression="START_DATE_COMMITMENT"
      SQLType="DATE" >
      <DesignTime>
         <Attr Name="_DisplaySize" Value="7" />
      </DesignTime>
   </ViewAttribute>
   <ViewAttribute
      Name="EndDateCommitment"
      IsPersistent="false"
      Type="oracle.jbo.domain.Date"
      AliasName="END_DATE_COMMITMENT"
      ColumnType="VARCHAR2"
      Expression="END_DATE_COMMITMENT"
      SQLType="DATE" >
      <DesignTime>
         <Attr Name="_DisplaySize" Value="7" />
      </DesignTime>
   </ViewAttribute>
</ViewObject>
