<?xml version="1.0" encoding='Shift_JIS'?>
<!DOCTYPE ViewObject SYSTEM "jbo_03_01.dtd">

<ViewObject
   Name="Xx03GetArCustSiteNameVO"
   BindingStyle="Oracle"
   CustomQuery="true"
   RowClass="oracle.apps.xx03.ar.input.server.Xx03GetArCustSiteNameVORowImpl"
   ComponentClass="oracle.apps.xx03.ar.input.server.Xx03GetArCustSiteNameVOImpl"
   MsgBundleClass="oracle.jbo.common.JboResourceBundle"
   UseGlueCode="false" >
   <SQLQuery><![CDATA[
SELECT hcas.ATTRIBUTE1 NAME
FROM   AR_ADDRESSES_V         aav
      ,HZ_CUST_SITE_USES_ALL  hsuv
      ,HZ_CUST_ACCOUNTS       hca
      ,HZ_CUST_ACCT_SITES     hcas
WHERE  hca.CUST_ACCOUNT_ID = aav.CUSTOMER_ID
  AND  aav.ADDRESS_ID = hsuv.CUST_ACCT_SITE_ID
  AND  aav.ADDRESS_ID = hcas.CUST_ACCT_SITE_ID
  AND  hca.STATUS         = 'A'
  AND  hsuv.STATUS        = 'A'
  AND  hsuv.SITE_USE_CODE = 'BILL_TO'
  AND  aav.ADDRESS_ID     = :1
  AND  aav.CUSTOMER_ID    = :2
   ]]></SQLQuery>
   <DesignTime>
      <Attr Name="_isCodegen" Value="true" />
      <Attr Name="_version" Value="9.0.3.12.53" />
      <Attr Name="_CodeGenFlagNew" Value="36" />
   </DesignTime>
   <ViewAttribute
      Name="Name"
      IsPersistent="false"
      Precision="150"
      Type="java.lang.String"
      AliasName="NAME"
      ColumnType="VARCHAR2"
      Expression="NAME"
      SQLType="VARCHAR" >
      <DesignTime>
         <Attr Name="_DisplaySize" Value="150" />
      </DesignTime>
   </ViewAttribute>
</ViewObject>
