<?xml version="1.0" encoding='windows-31j'?>
<!DOCTYPE ViewObject SYSTEM "jbo_03_01.dtd">

<ViewObject
   Name="Xx03GetCreditTransTypeInfoVO"
   BindingStyle="Oracle"
   CustomQuery="true"
   RowClass="oracle.apps.xx03.ar.input.server.Xx03GetCreditTransTypeInfoVORowImpl"
   ComponentClass="oracle.apps.xx03.ar.input.server.Xx03GetCreditTransTypeInfoVOImpl"
   MsgBundleClass="oracle.jbo.common.JboResourceBundle"
   UseGlueCode="false" >
   <SQLQuery><![CDATA[
SELECT rctta1.CUST_TRX_TYPE_ID
      ,rctta1.NAME
  FROM RA_CUST_TRX_TYPES_ALL rctta1
      ,RA_CUST_TRX_TYPES_ALL rctta2
 WHERE rctta1.SET_OF_BOOKS_ID = XX00_PROFILE_PKG.VALUE('GL_SET_OF_BKS_ID')
   AND rctta1.ORG_ID = XX00_PROFILE_PKG.VALUE('ORG_ID')
   AND rctta2.SET_OF_BOOKS_ID = XX00_PROFILE_PKG.VALUE('GL_SET_OF_BKS_ID')
   AND rctta2.ORG_ID = XX00_PROFILE_PKG.VALUE('ORG_ID')
   AND rctta2.CREDIT_MEMO_TYPE_ID = rctta1.CUST_TRX_TYPE_ID
   AND rctta2.CUST_TRX_TYPE_ID = :1
   ]]></SQLQuery>
   <DesignTime>
      <Attr Name="_isCodegen" Value="true" />
      <Attr Name="_version" Value="9.0.3.13.75" />
      <Attr Name="_CodeGenFlagNew" Value="36" />
   </DesignTime>
   <ViewAttribute
      Name="CustTrxTypeId"
      IsPersistent="false"
      IsNotNull="true"
      Precision="15"
      Scale="0"
      Type="oracle.jbo.domain.Number"
      AliasName="CUST_TRX_TYPE_ID"
      ColumnType="VARCHAR2"
      Expression="CUST_TRX_TYPE_ID"
      SQLType="NUMERIC" >
      <DesignTime>
         <Attr Name="_DisplaySize" Value="22" />
      </DesignTime>
   </ViewAttribute>
   <ViewAttribute
      Name="Name"
      IsPersistent="false"
      Precision="20"
      Type="java.lang.String"
      AliasName="NAME"
      ColumnType="VARCHAR2"
      Expression="NAME"
      SQLType="VARCHAR" >
      <DesignTime>
         <Attr Name="_DisplaySize" Value="20" />
      </DesignTime>
   </ViewAttribute>
</ViewObject>
