<?xml version="1.0" encoding='windows-31j'?>
<!DOCTYPE ViewObject SYSTEM "jbo_03_01.dtd">

<ViewObject
   Name="Xx03TaxClassLovVO"
   BindingStyle="Oracle"
   CustomQuery="true"
   RowClass="oracle.apps.xx03.ar.input.server.Xx03TaxClassLovVORowImpl"
   ComponentClass="oracle.apps.xx03.ar.input.server.Xx03TaxClassLovVOImpl"
   MsgBundleClass="oracle.jbo.common.JboResourceBundle"
   UseGlueCode="false" >
   <SQLQuery><![CDATA[
SELECT xtclv.TAX_TYPE
       ,xtclv.TAX_CODE
       ,xtclv.DESCRIPTION
       ,xtclv.VAT_TAX_ID
       ,xtclv.AMOUNT_INCLUDES_TAX_FLAG
  FROM XX03_TAX_CLASS_LOV_V xtclv
 WHERE xtclv.tax_code = :1
   AND :2 BETWEEN NVL(xtclv.start_date, TO_DATE('1000/01/01', 'YYYY/MM/DD'))
              AND NVL(xtclv.end_date  , TO_DATE('4712/12/31', 'YYYY/MM/DD'))
   ]]></SQLQuery>
   <DesignTime>
      <Attr Name="_isCodegen" Value="true" />
      <Attr Name="_version" Value="9.0.3.13.75" />
      <Attr Name="_CodeGenFlagNew" Value="36" />
   </DesignTime>
   <ViewAttribute
      Name="TaxType"
      IsPersistent="false"
      Precision="52"
      Type="java.lang.String"
      AliasName="TAX_TYPE"
      ColumnType="VARCHAR2"
      Expression="TAX_TYPE"
      SQLType="VARCHAR" >
      <DesignTime>
         <Attr Name="_DisplaySize" Value="52" />
      </DesignTime>
   </ViewAttribute>
   <ViewAttribute
      Name="TaxCode"
      IsPersistent="false"
      IsNotNull="true"
      Precision="50"
      Type="java.lang.String"
      AliasName="TAX_CODE"
      ColumnType="VARCHAR2"
      Expression="TAX_CODE"
      SQLType="VARCHAR" >
      <DesignTime>
         <Attr Name="_DisplaySize" Value="50" />
      </DesignTime>
   </ViewAttribute>
   <ViewAttribute
      Name="Description"
      IsPersistent="false"
      Precision="60"
      Type="java.lang.String"
      AliasName="DESCRIPTION"
      ColumnType="VARCHAR2"
      Expression="DESCRIPTION"
      SQLType="VARCHAR" >
      <DesignTime>
         <Attr Name="_DisplaySize" Value="60" />
      </DesignTime>
   </ViewAttribute>
   <ViewAttribute
      Name="VatTaxId"
      IsPersistent="false"
      IsNotNull="true"
      Precision="15"
      Scale="0"
      Type="oracle.jbo.domain.Number"
      AliasName="VAT_TAX_ID"
      ColumnType="VARCHAR2"
      Expression="VAT_TAX_ID"
      SQLType="NUMERIC" >
      <DesignTime>
         <Attr Name="_DisplaySize" Value="22" />
      </DesignTime>
   </ViewAttribute>
   <ViewAttribute
      Name="AmountIncludesTaxFlag"
      IsPersistent="false"
      Precision="1"
      Type="java.lang.String"
      AliasName="AMOUNT_INCLUDES_TAX_FLAG"
      ColumnType="VARCHAR2"
      Expression="AMOUNT_INCLUDES_TAX_FLAG"
      SQLType="VARCHAR" >
      <DesignTime>
         <Attr Name="_DisplaySize" Value="1" />
      </DesignTime>
   </ViewAttribute>
</ViewObject>
