<?xml version="1.0" encoding='Shift_JIS'?>
<!DOCTYPE ViewObject SYSTEM "jbo_03_01.dtd">

<ViewObject
   Name="Xx03GetAutoAccountInfoCustomerVO"
   BindingStyle="Oracle"
   CustomQuery="true"
   RowClass="oracle.apps.xx03.ar.input.server.Xx03GetAutoAccountInfoCustomerVORowImpl"
   ComponentClass="oracle.apps.xx03.ar.input.server.Xx03GetAutoAccountInfoCustomerVOImpl"
   MsgBundleClass="oracle.jbo.common.JboResourceBundle"
   UseGlueCode="false" >
   <SQLQuery><![CDATA[
SELECT gcc.SEGMENT5
  FROM AR_ADDRESSES_V aav
       ,AR_CUSTOMERS_V acv
       ,AR_CUST_RECEIPT_METHODS_V acrmv
       ,AR_CUSTOMER_PROFILES_V acpv
       ,HZ_SITE_USES_V hsuv
       ,GL_CODE_COMBINATIONS gcc
 WHERE acv.CUSTOMER_ID = :1
   AND aav.ADDRESS_ID = :2
   AND acv.CUSTOMER_ID = acrmv.CUSTOMER_ID
   AND acv.CUSTOMER_ID = acpv.CUSTOMER_ID
   AND hsuv.SITE_USE_ID = acrmv.SITE_USE_ID
   AND hsuv.SITE_USE_ID = acpv.SITE_USE_ID
   AND TRUNC(SYSDATE) BETWEEN acrmv.START_DATE AND NVL(acrmv.END_DATE, TO_DATE('4712/12/31','YYYY/MM/DD'))
   AND acrmv.PRIMARY_FLAG = 'Y'
   AND hsuv.PRIMARY_FLAG = 'Y'
   AND hsuv.STATUS = 'A'
   AND hsuv.SITE_USE_CODE = 'BILL_TO'
   AND acv.CUSTOMER_ID = aav.CUSTOMER_ID
   AND gcc.CODE_COMBINATION_ID = hsuv.GL_ID_REC
   ]]></SQLQuery>
   <DesignTime>
      <Attr Name="_isCodegen" Value="true" />
      <Attr Name="_version" Value="9.0.3.12.53" />
      <Attr Name="_CodeGenFlagNew" Value="36" />
   </DesignTime>
   <ViewAttribute
      Name="Segment5"
      IsPersistent="false"
      Precision="25"
      Type="java.lang.String"
      AliasName="SEGMENT5"
      ColumnType="VARCHAR2"
      Expression="SEGMENT5"
      SQLType="VARCHAR" >
      <DesignTime>
         <Attr Name="_DisplaySize" Value="25" />
      </DesignTime>
   </ViewAttribute>
</ViewObject>
