<?xml version="1.0" encoding='Shift_JIS'?>
<!DOCTYPE ViewObject SYSTEM "jbo_03_01.dtd">

<ViewObject
   Name="Xx03ArInvoiceInputSlipPVO"
   BindingStyle="Oracle"
   CustomQuery="true"
   RowClass="oracle.apps.xx03.ar.input.server.Xx03ArInvoiceInputSlipPVORowImpl"
   ComponentClass="oracle.apps.xx03.ar.input.server.Xx03ArInvoiceInputSlipPVOImpl"
   MsgBundleClass="oracle.jbo.common.JboResourceBundle"
   UseGlueCode="false" >
   <SQLQuery><![CDATA[
SELECT approver_person_name
      ,approver_comments
      ,button_approve
      ,button_deny
      ,button_update
      ,button_modify
      ,button_apply
      ,button_copy
      ,button_new
      ,button_print
      ,button_application_cancel
      ,button_slip_cancel
      ,rec_confirm_parameter
      ,button_back_to_select
      ,button_back_to_acct
FROM   xx03_rec_confirm_parameter
WHERE  slip_authority_level = :1
AND    wf_status = :2
AND    entry_person_check = :3
AND    approver_person_check = :4
AND    orig_rec_num_check = :5
AND    recognition_class_check = :6
AND    source_window = :7
   ]]></SQLQuery>
   <DesignTime>
      <Attr Name="_isCodegen" Value="true" />
      <Attr Name="_version" Value="9.0.3.12.53" />
      <Attr Name="_CodeGenFlagNew" Value="36" />
   </DesignTime>
   <ViewAttribute
      Name="ApproverPersonName"
      IsPersistent="false"
      Precision="1"
      Type="java.lang.String"
      AliasName="APPROVER_PERSON_NAME"
      ColumnType="VARCHAR2"
      Expression="APPROVER_PERSON_NAME"
      SQLType="VARCHAR" >
      <DesignTime>
         <Attr Name="_DisplaySize" Value="1" />
      </DesignTime>
   </ViewAttribute>
   <ViewAttribute
      Name="ApproverComments"
      IsPersistent="false"
      Precision="1"
      Type="java.lang.String"
      AliasName="APPROVER_COMMENTS"
      ColumnType="VARCHAR2"
      Expression="APPROVER_COMMENTS"
      SQLType="VARCHAR" >
      <DesignTime>
         <Attr Name="_DisplaySize" Value="1" />
      </DesignTime>
   </ViewAttribute>
   <ViewAttribute
      Name="ButtonApprove"
      IsPersistent="false"
      Precision="1"
      Type="java.lang.String"
      AliasName="BUTTON_APPROVE"
      ColumnType="VARCHAR2"
      Expression="BUTTON_APPROVE"
      SQLType="VARCHAR" >
      <DesignTime>
         <Attr Name="_DisplaySize" Value="1" />
      </DesignTime>
   </ViewAttribute>
   <ViewAttribute
      Name="ButtonDeny"
      IsPersistent="false"
      Precision="1"
      Type="java.lang.String"
      AliasName="BUTTON_DENY"
      ColumnType="VARCHAR2"
      Expression="BUTTON_DENY"
      SQLType="VARCHAR" >
      <DesignTime>
         <Attr Name="_DisplaySize" Value="1" />
      </DesignTime>
   </ViewAttribute>
   <ViewAttribute
      Name="ButtonUpdate"
      IsPersistent="false"
      Precision="1"
      Type="java.lang.String"
      AliasName="BUTTON_UPDATE"
      ColumnType="VARCHAR2"
      Expression="BUTTON_UPDATE"
      SQLType="VARCHAR" >
      <DesignTime>
         <Attr Name="_DisplaySize" Value="1" />
      </DesignTime>
   </ViewAttribute>
   <ViewAttribute
      Name="ButtonModify"
      IsPersistent="false"
      Precision="1"
      Type="java.lang.String"
      AliasName="BUTTON_MODIFY"
      ColumnType="VARCHAR2"
      Expression="BUTTON_MODIFY"
      SQLType="VARCHAR" >
      <DesignTime>
         <Attr Name="_DisplaySize" Value="1" />
      </DesignTime>
   </ViewAttribute>
   <ViewAttribute
      Name="ButtonApply"
      IsPersistent="false"
      Precision="1"
      Type="java.lang.String"
      AliasName="BUTTON_APPLY"
      ColumnType="VARCHAR2"
      Expression="BUTTON_APPLY"
      SQLType="VARCHAR" >
      <DesignTime>
         <Attr Name="_DisplaySize" Value="1" />
      </DesignTime>
   </ViewAttribute>
   <ViewAttribute
      Name="ButtonCopy"
      IsPersistent="false"
      Precision="1"
      Type="java.lang.String"
      AliasName="BUTTON_COPY"
      ColumnType="VARCHAR2"
      Expression="BUTTON_COPY"
      SQLType="VARCHAR" >
      <DesignTime>
         <Attr Name="_DisplaySize" Value="1" />
      </DesignTime>
   </ViewAttribute>
   <ViewAttribute
      Name="ButtonNew"
      IsPersistent="false"
      Precision="1"
      Type="java.lang.String"
      AliasName="BUTTON_NEW"
      ColumnType="VARCHAR2"
      Expression="BUTTON_NEW"
      SQLType="VARCHAR" >
      <DesignTime>
         <Attr Name="_DisplaySize" Value="1" />
      </DesignTime>
   </ViewAttribute>
   <ViewAttribute
      Name="ButtonPrint"
      IsPersistent="false"
      Precision="1"
      Type="java.lang.String"
      AliasName="BUTTON_PRINT"
      ColumnType="VARCHAR2"
      Expression="BUTTON_PRINT"
      SQLType="VARCHAR" >
      <DesignTime>
         <Attr Name="_DisplaySize" Value="1" />
      </DesignTime>
   </ViewAttribute>
   <ViewAttribute
      Name="ButtonApplicationCancel"
      IsPersistent="false"
      Precision="1"
      Type="java.lang.String"
      AliasName="BUTTON_APPLICATION_CANCEL"
      ColumnType="VARCHAR2"
      Expression="BUTTON_APPLICATION_CANCEL"
      SQLType="VARCHAR" >
      <DesignTime>
         <Attr Name="_DisplaySize" Value="1" />
      </DesignTime>
   </ViewAttribute>
   <ViewAttribute
      Name="ButtonSlipCancel"
      IsPersistent="false"
      Precision="1"
      Type="java.lang.String"
      AliasName="BUTTON_SLIP_CANCEL"
      ColumnType="VARCHAR2"
      Expression="BUTTON_SLIP_CANCEL"
      SQLType="VARCHAR" >
      <DesignTime>
         <Attr Name="_DisplaySize" Value="1" />
      </DesignTime>
   </ViewAttribute>
   <ViewAttribute
      Name="RecConfirmParameter"
      IsPersistent="false"
      Type="oracle.jbo.domain.Number"
      AliasName="REC_CONFIRM_PARAMETER"
      ColumnType="VARCHAR2"
      Expression="REC_CONFIRM_PARAMETER"
      SQLType="NUMERIC" >
      <DesignTime>
         <Attr Name="_DisplaySize" Value="22" />
      </DesignTime>
   </ViewAttribute>
   <ViewAttribute
      Name="ButtonBackToSelect"
      IsPersistent="false"
      Precision="1"
      Type="java.lang.String"
      AliasName="BUTTON_BACK_TO_SELECT"
      ColumnType="VARCHAR2"
      Expression="BUTTON_BACK_TO_SELECT"
      SQLType="VARCHAR" >
      <DesignTime>
         <Attr Name="_DisplaySize" Value="1" />
      </DesignTime>
   </ViewAttribute>
   <ViewAttribute
      Name="ButtonBackToAcct"
      IsPersistent="false"
      Precision="1"
      Type="java.lang.String"
      AliasName="BUTTON_BACK_TO_ACCT"
      ColumnType="VARCHAR2"
      Expression="BUTTON_BACK_TO_ACCT"
      SQLType="VARCHAR" >
      <DesignTime>
         <Attr Name="_DisplaySize" Value="1" />
      </DesignTime>
   </ViewAttribute>
   <ViewAttribute
      Name="ApproverCommentsCheck"
      IsPersistent="false"
      Precision="255"
      Type="java.lang.String"
      AliasName="VIEW_ATTR"
      ColumnType="VARCHAR2"
      SQLType="VARCHAR" >
   </ViewAttribute>
   <ViewAttribute
      Name="ButtonApproveCheck"
      IsPersistent="false"
      Precision="255"
      Type="java.lang.String"
      AliasName="VIEW_ATTR"
      ColumnType="VARCHAR2"
      SQLType="VARCHAR" >
   </ViewAttribute>
   <ViewAttribute
      Name="ButtonDenyCheck"
      IsPersistent="false"
      Precision="255"
      Type="java.lang.String"
      AliasName="VIEW_ATTR"
      ColumnType="VARCHAR2"
      SQLType="VARCHAR" >
   </ViewAttribute>
   <ViewAttribute
      Name="ButtonUpdateCheck"
      IsPersistent="false"
      Precision="255"
      Type="java.lang.String"
      AliasName="VIEW_ATTR"
      ColumnType="VARCHAR2"
      SQLType="VARCHAR" >
   </ViewAttribute>
   <ViewAttribute
      Name="ButtonModifyCheck"
      IsPersistent="false"
      Precision="255"
      Type="java.lang.String"
      AliasName="VIEW_ATTR"
      ColumnType="VARCHAR2"
      SQLType="VARCHAR" >
   </ViewAttribute>
   <ViewAttribute
      Name="ButtonApplyCheck"
      IsPersistent="false"
      Precision="255"
      Type="java.lang.String"
      AliasName="VIEW_ATTR"
      ColumnType="VARCHAR2"
      SQLType="VARCHAR" >
   </ViewAttribute>
   <ViewAttribute
      Name="ButtonCopyCheck"
      IsPersistent="false"
      Precision="255"
      Type="java.lang.String"
      AliasName="VIEW_ATTR"
      ColumnType="VARCHAR2"
      SQLType="VARCHAR" >
   </ViewAttribute>
   <ViewAttribute
      Name="ButtonNewCheck"
      IsPersistent="false"
      Precision="255"
      Type="java.lang.String"
      AliasName="VIEW_ATTR"
      ColumnType="VARCHAR2"
      SQLType="VARCHAR" >
   </ViewAttribute>
   <ViewAttribute
      Name="ButtonPrintCheck"
      IsPersistent="false"
      Precision="255"
      Type="java.lang.String"
      AliasName="VIEW_ATTR"
      ColumnType="VARCHAR2"
      SQLType="VARCHAR" >
   </ViewAttribute>
   <ViewAttribute
      Name="ButtonApplicationCancelCheck"
      IsPersistent="false"
      Precision="255"
      Type="java.lang.String"
      AliasName="VIEW_ATTR"
      ColumnType="VARCHAR2"
      SQLType="VARCHAR" >
   </ViewAttribute>
   <ViewAttribute
      Name="ButtonSlipCancelCheck"
      IsPersistent="false"
      Precision="255"
      Type="java.lang.String"
      AliasName="VIEW_ATTR"
      ColumnType="VARCHAR2"
      SQLType="VARCHAR" >
   </ViewAttribute>
   <ViewAttribute
      Name="ButtonBackToSelectCheck"
      IsPersistent="false"
      Precision="255"
      Type="java.lang.String"
      AliasName="VIEW_ATTR"
      ColumnType="VARCHAR2"
      SQLType="VARCHAR" >
   </ViewAttribute>
   <ViewAttribute
      Name="ButtonBackToAcctCheck"
      IsPersistent="false"
      Precision="255"
      Type="java.lang.String"
      AliasName="VIEW_ATTR"
      ColumnType="VARCHAR2"
      SQLType="VARCHAR" >
   </ViewAttribute>
</ViewObject>
