<?xml version="1.0" encoding='Shift_JIS'?>
<!DOCTYPE ViewLink SYSTEM "jbo_03_01.dtd">

<ViewLink
   Name="Xx03ReceivableSlipsToEntryPersonVL" >
   <DesignTime>
      <Attr Name="_isCodegen" Value="true" />
      <Attr Name="_version" Value="9.0.3.12.53" />
   </DesignTime>
   <ViewLinkDefEnd
      Name="Xx03EntryPersonLovVO"
      Cardinality="0"
      Owner="oracle.apps.xx03.ar.input.server.Xx03EntryPersonLovVO"
      Source="true" >
      <AttrArray Name="Attributes">
         <Item Value="oracle.apps.xx03.ar.input.server.Xx03EntryPersonLovVO.PersonId" />
      </AttrArray>
      <DesignTime>
         <Attr Name="_isUpdateable" Value="true" />
         <Attr Name="_finderName" Value="Xx03EntryPersonLovVO" />
         <Attr Name="_accessor" Value="true" />
         <Attr Name="_entityAccessor" Value="true" />
      </DesignTime>
   </ViewLinkDefEnd>
   <ViewLinkDefEnd
      Name="Xx03ReceivableSlipsVO"
      Cardinality="-1"
      Owner="oracle.apps.xx03.ar.input.server.Xx03ReceivableSlipsVO" >
      <AttrArray Name="Attributes">
         <Item Value="oracle.apps.xx03.ar.input.server.Xx03ReceivableSlipsVO.EntryPersonId" />
      </AttrArray>
      <DesignTime>
         <Attr Name="_isUpdateable" Value="true" />
         <Attr Name="_finderName" Value="Xx03ReceivableSlipsVO" />
         <Attr Name="_accessor" Value="true" />
      </DesignTime>
   </ViewLinkDefEnd>
</ViewLink>
