<?xml version="1.0" encoding='Windows-31J'?>
<!DOCTYPE ViewObject SYSTEM "jbo_03_01.dtd">

<ViewObject
   Name="XxcsoSpDecisionHeaderLovVO"
   BindingStyle="Oracle"
   CustomQuery="true"
   RowClass="itoen.oracle.apps.xxcso.xxcso010001j.lov.server.XxcsoSpDecisionHeaderLovVORowImpl"
   ComponentClass="itoen.oracle.apps.xxcso.xxcso010001j.lov.server.XxcsoSpDecisionHeaderLovVOImpl"
   MsgBundleClass="oracle.jbo.common.JboResourceBundle"
   UseGlueCode="false" >
   <SQLQuery><![CDATA[
SELECT xsdh.sp_decision_number sp_decision_number
      ,xsdh.approval_complete_date approval_complete_date
      ,xsdh.sp_decision_header_id sp_decision_header_id
      ,xcav.party_name party_name
FROM   xxcso_sp_decision_headers xsdh
      ,xxcso_sp_decision_custs xsdc
      ,xxcso_cust_accounts_v xcav
WHERE  xsdh.status = '3'
AND    xsdc.sp_decision_customer_class = '1'
AND    xsdh.sp_decision_header_id = xsdc.sp_decision_header_id
AND    xsdc.customer_id = xcav.cust_account_id
   ]]></SQLQuery>
   <DesignTime>
      <Attr Name="_isCodegen" Value="true" />
      <Attr Name="_version" Value="9.0.3.14.00" />
      <Attr Name="_CodeGenFlagNew" Value="36" />
   </DesignTime>
   <ViewAttribute
      Name="SpDecisionNumber"
      IsPersistent="false"
      IsNotNull="true"
      Precision="30"
      Type="java.lang.String"
      ColumnType="VARCHAR2"
      AliasName="SP_DECISION_NUMBER"
      Expression="SP_DECISION_NUMBER"
      SQLType="VARCHAR" >
      <DesignTime>
         <Attr Name="_DisplaySize" Value="22" />
      </DesignTime>
   </ViewAttribute>
   <ViewAttribute
      Name="ApprovalCompleteDate"
      IsPersistent="false"
      Type="oracle.jbo.domain.Date"
      ColumnType="DATE"
      AliasName="APPROVAL_COMPLETE_DATE"
      Expression="APPROVAL_COMPLETE_DATE"
      SQLType="DATE" >
      <DesignTime>
         <Attr Name="_DisplaySize" Value="7" />
      </DesignTime>
   </ViewAttribute>
   <ViewAttribute
      Name="SpDecisionHeaderId"
      IsPersistent="false"
      IsNotNull="true"
      Type="oracle.jbo.domain.Number"
      ColumnType="NUMBER"
      AliasName="SP_DECISION_HEADER_ID"
      Expression="SP_DECISION_HEADER_ID"
      SQLType="NUMERIC" >
      <DesignTime>
         <Attr Name="_DisplaySize" Value="22" />
      </DesignTime>
   </ViewAttribute>
   <ViewAttribute
      Name="PartyName"
      IsPersistent="false"
      IsNotNull="true"
      Precision="360"
      Type="java.lang.String"
      ColumnType="VARCHAR2"
      AliasName="PARTY_NAME"
      Expression="PARTY_NAME"
      SQLType="VARCHAR" >
      <DesignTime>
         <Attr Name="_DisplaySize" Value="360" />
      </DesignTime>
   </ViewAttribute>
</ViewObject>
