<?xml version = '1.0' encoding = 'UTF-8'?>
<!-- dbdrv: exec java oracle/jrad/tools/xml/importer XMLImporter.class java &phase=dat+24 checkfile:~PROD:~PATH:~FILE &fullpath:~PROD:~PATH:~FILE -username &un_apps -password &pw_apps -dbconnection &jdbc_db_addr  -userId "1" -rootPackage /oracle/apps/~PROD  -rootdir &fullpath:~PROD:mds:directory  -->
<oa:listOfValues version="9.0.3.8.12_1330" xml:lang="en-US" xmlns:oa="http://xmlns.oracle.com/oa" xmlns:jrad="http://xmlns.oracle.com/jrad" xmlns:ui="http://xmlns.oracle.com/uix/ui" xmlns:user="http://xmlns.oracle.com/jrad/user" xmlns="http://xmlns.oracle.com/jrad" file-version="$Header$" amDefName="oracle.apps.xx03.common.lov.server.XX03ListOfValueAM" scope="/">
   <ui:contents>
      <oa:table name="XX03TaxCodesLovRN" id="XX03TaxCodesLovVO1">
         <ui:contents>
            <oa:messageStyledText id="taxCodesCol" dataType="VARCHAR2" prompt="税区分" viewName="XX03TaxCodesLovVO1" viewAttr="TaxCodesCol" maximumLength="4000" queryable="true" sortState="yes"/>
            <oa:messageStyledText id="description" dataType="VARCHAR2" prompt="備考" viewName="XX03TaxCodesLovVO1" viewAttr="Description" maximumLength="240" queryable="true" sortState="yes"/>
            <oa:formValue id="taxId" dataType="NUMBER" prompt="税区分" viewName="XX03TaxCodesLovVO1" viewAttr="TaxId"/>
            <oa:formValue id="taxCode" dataType="VARCHAR2" prompt="税区分" viewName="XX03TaxCodesLovVO1" viewAttr="Name"/>
            <oa:messageStyledText id="StartDate" viewName="XX03TaxCodesLovVO1" viewAttr="StartDate" dataType="DATE" prompt="有効日　自"/>
            <oa:messageStyledText id="InactiveDate" viewName="XX03TaxCodesLovVO1" viewAttr="InactiveDate" dataType="DATE" prompt="有効日　至"/>
         </ui:contents>
      </oa:table>
   </ui:contents>
</oa:listOfValues>
