<?xml version = '1.0' encoding = 'UTF-8'?>
<!-- dbdrv: exec java oracle/jrad/tools/xml/importer XMLImporter.class java &phase=dat+24 checkfile:~PROD:~PATH:~FILE &fullpath:~PROD:~PATH:~FILE -username &un_apps -password &pw_apps -dbconnection &jdbc_db_addr  -userId "1" -rootPackage /oracle/apps/~PROD  -rootdir &fullpath:~PROD:mds:directory  -->
<oa:listOfValues version="9.0.3.8.9_1057" xml:lang="en-US" xmlns:oa="http://xmlns.oracle.com/oa" xmlns:jrad="http://xmlns.oracle.com/jrad" xmlns:ui="http://xmlns.oracle.com/uix/ui" xmlns:user="http://xmlns.oracle.com/jrad/user" xmlns="http://xmlns.oracle.com/jrad" file-version="$Header$" amDefName="oracle.apps.xx03.common.lov.server.XX03ListOfValueAM" scope="/">
   <ui:contents>
      <oa:table name="XX03ProgramNamesLovRN" id="XX03ProgramNamesVO1">
         <ui:contents>
            <oa:messageStyledText id="Program" dataType="VARCHAR2" prompt="プログラム名称" viewName="XX03ProgramNamesLovVO1" viewAttr="Program" maximumLength="483" queryable="true" sortState="yes"/>
            <oa:formValue id="UserId" dataType="NUMBER" prompt="ユーザID" viewName="XX03ProgramNamesLovVO1" viewAttr="UserId"/>
            <oa:formValue id="ProgramId" dataType="NUMBER" prompt="プログラムID" viewName="XX03ProgramNamesLovVO1" viewAttr="ProgramId"/>
         </ui:contents>
      </oa:table>
   </ui:contents>
</oa:listOfValues>
