<?xml version = '1.0' encoding = 'UTF-8'?>
<!-- dbdrv: exec java oracle/jrad/tools/xml/importer XMLImporter.class java &phase=dat+24 checkfile:~PROD:~PATH:~FILE &fullpath:~PROD:~PATH:~FILE -username &un_apps -password &pw_apps -dbconnection &jdbc_db_addr  -userId "1" -rootPackage /oracle/apps/~PROD  -rootdir &fullpath:~PROD:mds:directory  -->
<oa:listOfValues version="9.0.3.8.13_1579" xml:lang="en-US" xmlns:oa="http://xmlns.oracle.com/oa" xmlns:jrad="http://xmlns.oracle.com/jrad" xmlns:ui="http://xmlns.oracle.com/uix/ui" xmlns:user="http://xmlns.oracle.com/jrad/user" xmlns="http://xmlns.oracle.com/jrad" file-version="$Header$" amDefName="oracle.apps.xx03.common.lov.server.XX03ListOfValueAM" scope="/">
   <ui:contents>
      <oa:table name="XX03VendorSitesLovRN" id="XX03VendorSitesLovVO1">
         <ui:contents>
            <oa:messageStyledText id="vendorSiteCode" dataType="VARCHAR2" prompt="仕入先サイト" viewName="XX03VendorSitesLovVO1" viewAttr="VendorSiteCode" maximumLength="15" queryable="true" sortState="yes"/>
            <oa:messageStyledText id="termName" dataType="VARCHAR2" prompt="支払条件" viewName="XX03VendorSitesLovVO1" viewAttr="TermName" maximumLength="50" queryable="true" sortState="yes"/>
            <oa:messageStyledText id="payGroupMeaning" dataType="VARCHAR2" prompt="支払グループ" viewName="XX03VendorSitesLovVO1" viewAttr="PayGroupMeaning" maximumLength="80" queryable="true" sortState="yes"/>
            <oa:messageStyledText id="bankFullName" dataType="VARCHAR2" prompt="振込先口座" viewName="XX03VendorSitesLovVO1" viewAttr="BankFullName" maximumLength="159" queryable="true" sortState="yes"/>
            <oa:formValue id="vendorSiteId" dataType="NUMBER" prompt="仕入先サイト" viewName="XX03VendorSitesLovVO1" viewAttr="VendorSiteId"/>
            <oa:formValue id="vendorId" dataType="NUMBER" prompt="仕入先" viewName="XX03VendorSitesLovVO1" viewAttr="VendorId"/>
            <oa:formValue id="invoiceCurrencyCode" dataType="VARCHAR2" prompt="通貨" viewName="XX03VendorSitesLovVO1" viewAttr="InvoiceCurrencyCode"/>
            <oa:formValue id="termId" dataType="NUMBER" prompt="支払条件" viewName="XX03VendorSitesLovVO1" viewAttr="TermId"/>
            <oa:formValue id="payGroupCode" dataType="VARCHAR2" prompt="支払グループ" viewName="XX03VendorSitesLovVO1" viewAttr="PayGroupCode"/>
            <oa:formValue id="apTaxRoundingRule" dataType="VARCHAR2" prompt="仕入先端数処理" viewName="XX03VendorSitesLovVO1" viewAttr="ApTaxRoundingRule"/>
            <oa:formValue id="autoTaxCalcFlag" dataType="VARCHAR2" prompt="仕入先計算レベル" viewName="XX03VendorSitesLovVO1" viewAttr="AutoTaxCalcFlag"/>
            <oa:formValue id="draftingCompany" dataType="VARCHAR2" prompt="伝票入力会社" viewName="XX03VendorSitesLovVO1" viewAttr="DraftingCompany"/>
         </ui:contents>
      </oa:table>
   </ui:contents>
</oa:listOfValues>
