<?xml version = '1.0' encoding = 'UTF-8'?>
<!-- dbdrv: exec java oracle/jrad/tools/xml/importer XMLImporter.class java &phase=dat+24 checkfile:~PROD:~PATH:~FILE &fullpath:~PROD:~PATH:~FILE -username &un_apps -password &pw_apps -dbconnection &jdbc_db_addr  -userId "1" -rootPackage /oracle/apps/~PROD  -rootdir &fullpath:~PROD:mds:directory  -->
<oa:listOfValues version="9.0.3.8.9_1057" xml:lang="en-US" xmlns:oa="http://xmlns.oracle.com/oa" xmlns:jrad="http://xmlns.oracle.com/jrad" xmlns:ui="http://xmlns.oracle.com/uix/ui" xmlns:user="http://xmlns.oracle.com/jrad/user" xmlns="http://xmlns.oracle.com/jrad" file-version="$Header$" amDefName="oracle.apps.xx03.common.lov.server.XX03ListOfValueAM" scope="/">
   <ui:contents>
      <oa:table name="XX03ApPayGroupsLovRN" id="XX03ApPayGroupsLovVO1">
         <ui:contents>
            <oa:messageStyledText id="meaning" dataType="VARCHAR2" prompt="支払グループ" viewName="XX03ApPayGroupsLovVO1" viewAttr="Meaning" maximumLength="80" queryable="true" sortState="yes"/>
            <oa:messageStyledText id="description" dataType="VARCHAR2" prompt="備考" viewName="XX03ApPayGroupsLovVO1" viewAttr="Description" maximumLength="240" queryable="true" sortState="yes"/>
            <oa:formValue id="lookupCode" dataType="VARCHAR2" prompt="支払グループ" viewName="XX03ApPayGroupsLovVO1" viewAttr="LookupCode"/>
         </ui:contents>
      </oa:table>
   </ui:contents>
</oa:listOfValues>
