<?xml version = '1.0' encoding = 'UTF-8'?>
<!-- dbdrv: exec java oracle/jrad/tools/xml/importer XMLImporter.class java &phase=dat+24 checkfile:~PROD:~PATH:~FILE &fullpath:~PROD:~PATH:~FILE -username &un_apps -password &pw_apps -dbconnection &jdbc_db_addr  -userId "1" -rootPackage /oracle/apps/~PROD  -rootdir &fullpath:~PROD:mds:directory  -->
<oa:listOfValues version="9.0.3.8.12_1330" xml:lang="en-US" xmlns:oa="http://xmlns.oracle.com/oa" xmlns:jrad="http://xmlns.oracle.com/jrad" xmlns:ui="http://xmlns.oracle.com/uix/ui" xmlns:user="http://xmlns.oracle.com/jrad/user" xmlns="http://xmlns.oracle.com/jrad" file-version="$Header$" amDefName="oracle.apps.xx03.common.lov.server.XX03ListOfValueAM" scope="/" controllerClass="oracle.apps.xx03.common.lov.webui.XX03ApproverPersonLovCO">
   <ui:contents>
      <oa:table name="XX03ApproverPersonLovRN" id="XX03ApproverPersonLovVO1">
         <ui:contents>
            <oa:messageStyledText id="employeeDisp" dataType="VARCHAR2" prompt="承認者" viewName="XX03ApproverPersonLovVO1" viewAttr="EmployeeDisp" maximumLength="4000" queryable="true" sortState="yes"/>
            <oa:messageStyledText id="departmentsCol" dataType="VARCHAR2" prompt="所属部門" viewName="XX03ApproverPersonLovVO1" viewAttr="DepartmentsCol" maximumLength="4000" queryable="true" sortState="yes"/>
            <oa:formValue id="personId" dataType="NUMBER" prompt="承認者" viewName="XX03ApproverPersonLovVO1" viewAttr="PersonId"/>
            <oa:formValue id="appCode" viewName="XX03ApproverPersonLovVO1" viewAttr="appCode"/>
         </ui:contents>
      </oa:table>
   </ui:contents>
</oa:listOfValues>
