<?xml version = '1.0' encoding = 'UTF-8'?>
<!-- dbdrv: exec java oracle/jrad/tools/xml/importer XMLImporter.class java &phase=dat+24 checkfile:~PROD:~PATH:~FILE &fullpath:~PROD:~PATH:~FILE -username &un_apps -password &pw_apps -dbconnection &jdbc_db_addr  -userId "1" -rootPackage /oracle/apps/~PROD  -rootdir &fullpath:~PROD:mds:directory  -->
<oa:listOfValues version="9.0.3.8.9_1057" xml:lang="en-US" xmlns:oa="http://xmlns.oracle.com/oa" xmlns:jrad="http://xmlns.oracle.com/jrad" xmlns:ui="http://xmlns.oracle.com/uix/ui" xmlns:user="http://xmlns.oracle.com/jrad/user" xmlns="http://xmlns.oracle.com/jrad" file-version="$Header$" amDefName="oracle.apps.xx03.common.lov.server.XX03ListOfValueAM" scope="/">
   <ui:contents>
      <oa:table name="XX03ConversionTypesLovRN" id="XX03ConversionTypesLovVO1">
         <ui:contents>
            <oa:messageStyledText id="userConversionType" dataType="VARCHAR2" prompt="レートタイプ" viewName="XX03ConversionTypesLovVO1" viewAttr="UserConversionType" maximumLength="30" queryable="true" sortState="yes"/>
            <oa:messageStyledText id="description" dataType="VARCHAR2" prompt="備考" viewName="XX03ConversionTypesLovVO1" viewAttr="Description" maximumLength="240" queryable="true" sortState="yes"/>
            <oa:messageStyledText id="conversionRate" dataType="NUMBER" prompt="レート" viewName="XX03ConversionTypesLovVO1" viewAttr="ConversionRate" queryable="true" sortState="yes"/>
            <oa:formValue id="conversionType" dataType="VARCHAR2" prompt="レートタイプ" viewName="XX03ConversionTypesLovVO1" viewAttr="ConversionType"/>
            <oa:formValue id="fromCurrency" dataType="VARCHAR2" prompt="通貨" viewName="XX03ConversionTypesLovVO1" viewAttr="FromCurrency"/>
            <oa:formValue id="conversionDate" dataType="DATE" prompt="請求書日付" viewName="XX03ConversionTypesLovVO1" viewAttr="ConversionDate"/>
         </ui:contents>
      </oa:table>
   </ui:contents>
</oa:listOfValues>
