<?xml version = '1.0' encoding = 'UTF-8'?>
<!-- dbdrv: exec java oracle/jrad/tools/xml/importer XMLImporter.class java &phase=dat+24 checkfile:~PROD:~PATH:~FILE &fullpath:~PROD:~PATH:~FILE -username &un_apps -password &pw_apps -dbconnection &jdbc_db_addr  -userId "1" -rootPackage /oracle/apps/~PROD  -rootdir &fullpath:~PROD:mds:directory  -->
<oa:listOfValues version="9.0.3.8.12_1330" xml:lang="en-US" xmlns:oa="http://xmlns.oracle.com/oa" xmlns:jrad="http://xmlns.oracle.com/jrad" xmlns:ui="http://xmlns.oracle.com/uix/ui" xmlns:user="http://xmlns.oracle.com/jrad/user" xmlns="http://xmlns.oracle.com/jrad" file-version="$Header$" amDefName="oracle.apps.xx03.common.lov.server.XX03ListOfValueAM" scope="/" controllerClass="oracle.apps.xx03.common.lov.webui.XX03SlipLineTypesLovCO">
   <ui:contents>
      <oa:table name="XX03SlipLineTypesLovRN" id="XX03SlipLineTypesLovVO1">
         <ui:contents>
            <oa:messageStyledText id="slipLineTypesCol" dataType="VARCHAR2" prompt="摘要コード" viewName="XX03SlipLineTypesLovVO1" viewAttr="SlipLineTypesCol" maximumLength="4000" queryable="true" sortState="yes"/>
            <oa:messageStyledText id="setTaxCodeCols" dataType="VARCHAR2" prompt="税区分" viewName="XX03SlipLineTypesLovVO1" viewAttr="SetTaxCodeCol" queryable="true" sortState="yes"/>
            <oa:messageStyledText id="setAccountsCol" dataType="VARCHAR2" prompt="勘定科目" viewName="XX03SlipLineTypesLovVO1" viewAttr="SetAccountsCol" maximumLength="4000" queryable="true" sortState="yes"/>
            <oa:messageStyledText id="setSubAccountsCol" dataType="VARCHAR2" prompt="補助科目" viewName="XX03SlipLineTypesLovVO1" viewAttr="SetSubAccountsCol" maximumLength="4000" queryable="true" sortState="yes"/>
            <oa:messageStyledText id="setBusinessTypesCol" dataType="VARCHAR2" prompt="事業区分" viewName="XX03SlipLineTypesLovVO1" viewAttr="SetBusinessTypesCol" maximumLength="4000" queryable="true" sortState="yes"/>
            <oa:messageStyledText id="setIncrDecrReasonsCol" dataType="VARCHAR2" prompt="増減事由" viewName="XX03SlipLineTypesLovVO1" viewAttr="SetIncrDecrReasonsCol" maximumLength="4000" queryable="true" sortState="yes"/>
            <oa:formValue id="lookupCode" dataType="VARCHAR2" prompt="摘要コード" viewName="XX03SlipLineTypesLovVO1" viewAttr="SlipLineTypesCode"/>
            <oa:formValue id="slipTypesCode" dataType="VARCHAR2" prompt="伝票種別" viewName="XX03SlipLineTypesLovVO1" viewAttr="SlipTypesCode"/>
            <oa:formValue id="vendorSiteId" dataType="NUMBER" prompt="仕入先サイト" viewName="XX03SlipLineTypesLovVO1" viewAttr="VendorSiteId"/>
            <oa:formValue id="setCompanies" dataType="VARCHAR2" prompt="会社" viewName="XX03SlipLineTypesLovVO1" viewAttr="SetCompaniesCode"/>
            <oa:formValue id="setCompaniesCol" dataType="VARCHAR2" prompt="会社" viewName="XX03SlipLineTypesLovVO1" viewAttr="SetCompaniesCol"/>
            <oa:formValue id="setDepartments" dataType="VARCHAR2" prompt="部門" viewName="XX03SlipLineTypesLovVO1" viewAttr="SetDepartmentsCode"/>
            <oa:formValue id="setDepartmentsCol" dataType="VARCHAR2" prompt="部門" viewName="XX03SlipLineTypesLovVO1" viewAttr="SetDepartmentsCol"/>
            <oa:formValue id="setAccounts" dataType="VARCHAR2" prompt="勘定科目" viewName="XX03SlipLineTypesLovVO1" viewAttr="SetAccountsCode"/>
            <oa:formValue id="setSubAccounts" dataType="VARCHAR2" prompt="勘定科目" viewName="XX03SlipLineTypesLovVO1" viewAttr="SetSubAccountsCode"/>
            <oa:formValue id="setPartners" dataType="VARCHAR2" prompt="相手先" viewName="XX03SlipLineTypesLovVO1" viewAttr="SetPartnersCode"/>
            <oa:formValue id="setPartnersCol" dataType="VARCHAR2" prompt="相手先" viewName="XX03SlipLineTypesLovVO1" viewAttr="SetPartnersCol"/>
            <oa:formValue id="setBusinessTypes" dataType="VARCHAR2" prompt="事業区分" viewName="XX03SlipLineTypesLovVO1" viewAttr="SetBusinessTypesCode"/>
            <oa:formValue id="setProjects" dataType="VARCHAR2" prompt="プロジェクト" viewName="XX03SlipLineTypesLovVO1" viewAttr="SetProjectsCode"/>
            <oa:formValue id="setProjectsCol" dataType="VARCHAR2" prompt="プロジェクト" viewName="XX03SlipLineTypesLovVO1" viewAttr="SetProjectsCol"/>
            <oa:formValue id="setFutures" dataType="VARCHAR2" prompt="予備1" viewName="XX03SlipLineTypesLovVO1" viewAttr="SetFuturesCode"/>
            <oa:formValue id="setFuturesCol" viewName="XX03SlipLineTypesLovVO1" viewAttr="SetFuturesCol" prompt="予備1"/>
            <oa:formValue id="setIncrDecrReasons" dataType="VARCHAR2" prompt="増減事由" viewName="XX03SlipLineTypesLovVO1" viewAttr="SetIncrDecrReasonsCode"/>
            <oa:formValue id="setTaxCodes" dataType="VARCHAR2" prompt="税区分" viewName="XX03SlipLineTypesLovVO1" viewAttr="SetTaxCodeCode"/>
         </ui:contents>
      </oa:table>
   </ui:contents>
</oa:listOfValues>
