<?xml version = '1.0' encoding = 'UTF-8'?>
<!-- dbdrv: exec java oracle/jrad/tools/xml/importer XMLImporter.class java &phase=dat+24 checkfile:~PROD:~PATH:~FILE &fullpath:~PROD:~PATH:~FILE -username &un_apps -password &pw_apps -dbconnection &jdbc_db_addr  -userId "1" -rootPackage /oracle/apps/~PROD  -rootdir &fullpath:~PROD:mds:directory  -->
<oa:listOfValues version="9.0.3.8.13_1579" xml:lang="en-US" xmlns:oa="http://xmlns.oracle.com/oa" xmlns:jrad="http://xmlns.oracle.com/jrad" xmlns:ui="http://xmlns.oracle.com/uix/ui" xmlns:user="http://xmlns.oracle.com/jrad/user" xmlns="http://xmlns.oracle.com/jrad" file-version="$Header$" amDefName="oracle.apps.xx03.common.lov.server.XX03ListOfValueAM" scope="/" controllerClass="oracle.apps.xx03.common.lov.webui.XX03VendorsLovCO">
   <ui:contents>
      <oa:table name="XX03VendorsLovRN" id="XX03VendorsLovVO1">
         <ui:contents>
            <oa:messageStyledText id="vendorsCol" dataType="VARCHAR2" prompt="仕入先" viewName="XX03VendorsLovVO1" viewAttr="VendorsCol" maximumLength="4000" queryable="true" sortState="yes" selectiveSearchCriteria="false"/>
            <oa:messageStyledText id="attribute1" dataType="VARCHAR2" prompt="正式名称" viewName="XX03VendorsLovVO1" viewAttr="Attribute1" maximumLength="150" queryable="true" sortState="yes"/>
            <oa:formValue id="vendorId" dataType="NUMBER" prompt="仕入先" viewName="XX03VendorsLovVO1" viewAttr="VendorId"/>
            <oa:formValue id="vendorSiteId" dataType="NUMBER" prompt="仕入先サイト" viewName="XX03VendorsLovVO1" viewAttr="VendorSiteId"/>
            <oa:formValue id="vendorSiteCode" dataType="VARCHAR2" prompt="仕入先サイト" viewName="XX03VendorsLovVO1" viewAttr="VendorSiteCode"/>
            <oa:formValue id="bankFullName" dataType="VARCHAR2" prompt="振込先口座" viewName="XX03VendorsLovVO1" viewAttr="BankFullName"/>
            <oa:formValue id="invoiceCurrencyCode" dataType="VARCHAR2" prompt="通貨" viewName="XX03VendorsLovVO1" viewAttr="InvoiceCurrencyCode"/>
            <oa:formValue id="termId" dataType="NUMBER" prompt="支払条件" viewName="XX03VendorsLovVO1" viewAttr="TermId"/>
            <oa:formValue id="termName" dataType="VARCHAR2" prompt="支払条件" viewName="XX03VendorsLovVO1" viewAttr="TermName"/>
            <oa:formValue id="payGroupCode" dataType="VARCHAR2" prompt="支払グループ" viewName="XX03VendorsLovVO1" viewAttr="PayGroupCode"/>
            <oa:formValue id="payGroupMeaning" dataType="VARCHAR2" prompt="支払グループ" viewName="XX03VendorsLovVO1" viewAttr="PayGroupMeaning"/>
            <oa:formValue id="autoTaxCalcFlag" dataType="VARCHAR2" prompt="仕入先計算レベル" viewName="XX03VendorsLovVO1" viewAttr="AutoTaxCalcFlag"/>
            <oa:formValue id="apTaxRoundingRule" dataType="VARCHAR2" prompt="仕入先端数処理" viewName="XX03VendorsLovVO1" viewAttr="ApTaxRoundingRule"/>
            <oa:formValue id="draftingCompany" dataType="VARCHAR2" prompt="伝票作成会社" viewName="XX03VendorsLovVO1" viewAttr="DraftingCompany"/>
         </ui:contents>
      </oa:table>
   </ui:contents>
</oa:listOfValues>
