<?xml version = '1.0' encoding = 'UTF-8'?>
<!-- dbdrv: exec java oracle/jrad/tools/xml/importer XMLImporter.class java &phase=dat+24 checkfile:~PROD:~PATH:~FILE &fullpath:~PROD:~PATH:~FILE -username &un_apps -password &pw_apps -dbconnection &jdbc_db_addr  -userId "1" -rootPackage /oracle/apps/~PROD  -rootdir &fullpath:~PROD:mds:directory  -->
<oa:listOfValues version="9.0.3.8.9_1057" xml:lang="en-US" xmlns:oa="http://xmlns.oracle.com/oa" xmlns:jrad="http://xmlns.oracle.com/jrad" xmlns:ui="http://xmlns.oracle.com/uix/ui" xmlns:user="http://xmlns.oracle.com/jrad/user" xmlns="http://xmlns.oracle.com/jrad" file-version="$Header$" amDefName="oracle.apps.xx03.common.lov.server.XX03ListOfValueAM" scope="/">
   <ui:contents>
      <oa:table name="XX03PrepaymentLovRN" id="XX03PrepaymentLovVO1">
         <ui:contents>
            <oa:messageStyledText id="invoiceNum" dataType="VARCHAR2" prompt="前払金伝票番号" viewName="XX03PrepaymentLovVO1" viewAttr="InvoiceNum" maximumLength="50" queryable="true" sortState="yes"/>
            <oa:messageStyledText id="prepayAmountAppliedDisp" dataType="VARCHAR2" prompt="充当金額" viewName="XX03PrepaymentLovVO1" viewAttr="PrepayAmountAppliedDisp" maximumLength="4000"/>
            <oa:messageStyledText id="invoiceCurrencyCode" dataType="VARCHAR2" prompt="通貨" viewName="XX03PrepaymentLovVO1" viewAttr="InvoiceCurrencyCode" queryable="false"/>
            <oa:messageStyledText id="attribute2" dataType="VARCHAR2" prompt="仕入先伝票番号" viewName="XX03PrepaymentLovVO1" viewAttr="Attribute2" maximumLength="150" queryable="true" sortState="yes"/>
            <oa:messageStyledText id="invoiceDate" dataType="DATE" prompt="請求書日付" viewName="XX03PrepaymentLovVO1" viewAttr="InvoiceDate" queryable="true" sortState="yes"/>
            <oa:messageStyledText id="description" dataType="VARCHAR2" prompt="備考" viewName="XX03PrepaymentLovVO1" viewAttr="Description" maximumLength="240" queryable="true" sortState="yes"/>
            <oa:formValue id="invoiceId" dataType="NUMBER" prompt="索引番号" viewName="XX03PrepaymentLovVO1" viewAttr="InvoiceId"/>
            <oa:formValue id="vendorId" dataType="NUMBER" prompt="仕入先" viewName="XX03PrepaymentLovVO1" viewAttr="VendorId"/>
            <oa:formValue id="prepayAmountApplied" dataType="NUMBER" prompt="充当金額" viewName="XX03PrepaymentLovVO1" viewAttr="PrepayAmountApplied"/>
         </ui:contents>
      </oa:table>
   </ui:contents>
</oa:listOfValues>
