<?xml version="1.0" encoding='Windows-31J'?>
<!DOCTYPE JboPackage SYSTEM "jbo_03_01.dtd">

<JboPackage
   Name="server"
   SeparateXMLFiles="true"
   PackageName="oracle.apps.xx03.ap.server" >
   <DesignTime>
      <Attr Name="_version" Value="9.0.3.14.00" />
      <Attr Name="_ejbPackage" Value="false" />
   </DesignTime>
   <Containee
      Name="XX03PaymentSlipsEO"
      FullName="oracle.apps.xx03.ap.server.XX03PaymentSlipsEO"
      ObjectType="Entity" >
   </Containee>
   <Containee
      Name="XX03PaymentSlipLinesEO"
      FullName="oracle.apps.xx03.ap.server.XX03PaymentSlipLinesEO"
      ObjectType="Entity" >
   </Containee>
   <Containee
      Name="XX03PaymentSlipsVO"
      FullName="oracle.apps.xx03.ap.server.XX03PaymentSlipsVO"
      ObjectType="ViewObject" >
   </Containee>
   <Containee
      Name="XX03PaymentSlipLinesVO"
      FullName="oracle.apps.xx03.ap.server.XX03PaymentSlipLinesVO"
      ObjectType="ViewObject" >
   </Containee>
   <Containee
      Name="XX03ApInvoiceInputAM"
      FullName="oracle.apps.xx03.ap.server.XX03ApInvoiceInputAM"
      ObjectType="AppModule" >
   </Containee>
   <Containee
      Name="XX03EntryUserInfoVO"
      FullName="oracle.apps.xx03.ap.server.XX03EntryUserInfoVO"
      ObjectType="ViewObject" >
   </Containee>
   <Containee
      Name="XX03VendorBankInfoVO"
      FullName="oracle.apps.xx03.ap.server.XX03VendorBankInfoVO"
      ObjectType="ViewObject" >
   </Containee>
   <Containee
      Name="XX03GetDefaultApproverVO"
      FullName="oracle.apps.xx03.ap.server.XX03GetDefaultApproverVO"
      ObjectType="ViewObject" >
   </Containee>
   <Containee
      Name="XX03GetSlipTypeVO"
      FullName="oracle.apps.xx03.ap.server.XX03GetSlipTypeVO"
      ObjectType="ViewObject" >
   </Containee>
   <Containee
      Name="XX03ApTermsLovVEO"
      FullName="oracle.apps.xx03.ap.server.XX03ApTermsLovVEO"
      ObjectType="Entity" >
   </Containee>
   <Containee
      Name="XX03ConversionTypesLovVEO"
      FullName="oracle.apps.xx03.ap.server.XX03ConversionTypesLovVEO"
      ObjectType="Entity" >
   </Containee>
   <Containee
      Name="XX03IncrDecrReasonsLovVEO"
      FullName="oracle.apps.xx03.ap.server.XX03IncrDecrReasonsLovVEO"
      ObjectType="Entity" >
   </Containee>
   <Containee
      Name="XX03VendorSitesLovVEO"
      FullName="oracle.apps.xx03.ap.server.XX03VendorSitesLovVEO"
      ObjectType="Entity" >
   </Containee>
   <Containee
      Name="XX03CurrenciesLovVEO"
      FullName="oracle.apps.xx03.ap.server.XX03CurrenciesLovVEO"
      ObjectType="Entity" >
   </Containee>
   <Containee
      Name="XX03SlipLineTypesLovVEO"
      FullName="oracle.apps.xx03.ap.server.XX03SlipLineTypesLovVEO"
      ObjectType="Entity" >
   </Containee>
   <Containee
      Name="XX03AccountsLovVEO"
      FullName="oracle.apps.xx03.ap.server.XX03AccountsLovVEO"
      ObjectType="Entity" >
   </Containee>
   <Containee
      Name="XX03ApTermsLovVO"
      FullName="oracle.apps.xx03.ap.server.XX03ApTermsLovVO"
      ObjectType="ViewObject" >
   </Containee>
   <Containee
      Name="XX03ConversionTypesLovVO"
      FullName="oracle.apps.xx03.ap.server.XX03ConversionTypesLovVO"
      ObjectType="ViewObject" >
   </Containee>
   <Containee
      Name="XX03ApproverPersonLovVEO"
      FullName="oracle.apps.xx03.ap.server.XX03ApproverPersonLovVEO"
      ObjectType="Entity" >
   </Containee>
   <Containee
      Name="XX03ApproverPersonLovVO"
      FullName="oracle.apps.xx03.ap.server.XX03ApproverPersonLovVO"
      ObjectType="ViewObject" >
   </Containee>
   <Containee
      Name="XX03CurrenciesLovVO"
      FullName="oracle.apps.xx03.ap.server.XX03CurrenciesLovVO"
      ObjectType="ViewObject" >
   </Containee>
   <Containee
      Name="XX03IncrDecrReasonsLovVO"
      FullName="oracle.apps.xx03.ap.server.XX03IncrDecrReasonsLovVO"
      ObjectType="ViewObject" >
   </Containee>
   <Containee
      Name="XX03ApPayGroupsLovVEO"
      FullName="oracle.apps.xx03.ap.server.XX03ApPayGroupsLovVEO"
      ObjectType="Entity" >
   </Containee>
   <Containee
      Name="XX03ApPayGroupsLovVO"
      FullName="oracle.apps.xx03.ap.server.XX03ApPayGroupsLovVO"
      ObjectType="ViewObject" >
   </Containee>
   <Containee
      Name="XX03SlipLineTypesLovVO"
      FullName="oracle.apps.xx03.ap.server.XX03SlipLineTypesLovVO"
      ObjectType="ViewObject" >
   </Containee>
   <Containee
      Name="XX03VendorsLovVEO"
      FullName="oracle.apps.xx03.ap.server.XX03VendorsLovVEO"
      ObjectType="Entity" >
   </Containee>
   <Containee
      Name="XX03VendorsLovVO"
      FullName="oracle.apps.xx03.ap.server.XX03VendorsLovVO"
      ObjectType="ViewObject" >
   </Containee>
   <Containee
      Name="XX03VendorSitesLovVO"
      FullName="oracle.apps.xx03.ap.server.XX03VendorSitesLovVO"
      ObjectType="ViewObject" >
   </Containee>
   <Containee
      Name="XX03GetBankInfoVO"
      FullName="oracle.apps.xx03.ap.server.XX03GetBankInfoVO"
      ObjectType="ViewObject" >
   </Containee>
   <Containee
      Name="XX03GetPaymentSlipsVO"
      FullName="oracle.apps.xx03.ap.server.XX03GetPaymentSlipsVO"
      ObjectType="ViewObject" >
   </Containee>
   <Containee
      Name="XX03GetPaymentSlipLinesVO"
      FullName="oracle.apps.xx03.ap.server.XX03GetPaymentSlipLinesVO"
      ObjectType="ViewObject" >
   </Containee>
   <Containee
      Name="XX03GetTaxVO"
      FullName="oracle.apps.xx03.ap.server.XX03GetTaxVO"
      ObjectType="ViewObject" >
   </Containee>
   <Containee
      Name="XX03SlipNumbersEO"
      FullName="oracle.apps.xx03.ap.server.XX03SlipNumbersEO"
      ObjectType="Entity" >
   </Containee>
   <Containee
      Name="XX03SlipNumbersVO"
      FullName="oracle.apps.xx03.ap.server.XX03SlipNumbersVO"
      ObjectType="ViewObject" >
   </Containee>
   <Containee
      Name="XX03GetDropDownListVO"
      FullName="oracle.apps.xx03.ap.server.XX03GetDropDownListVO"
      ObjectType="ViewObject" >
   </Containee>
   <Containee
      Name="XX03ApInvoiceConfirmAM"
      FullName="oracle.apps.xx03.ap.server.XX03ApInvoiceConfirmAM"
      ObjectType="AppModule" >
   </Containee>
   <Containee
      Name="XX03PaymentSlipsVEO"
      FullName="oracle.apps.xx03.ap.server.XX03PaymentSlipsVEO"
      ObjectType="Entity" >
   </Containee>
   <Containee
      Name="XX03PaymentSlipLinesVEO"
      FullName="oracle.apps.xx03.ap.server.XX03PaymentSlipLinesVEO"
      ObjectType="Entity" >
   </Containee>
   <Containee
      Name="XX03ConfirmPaymentSlipsVO"
      FullName="oracle.apps.xx03.ap.server.XX03ConfirmPaymentSlipsVO"
      ObjectType="ViewObject" >
   </Containee>
   <Containee
      Name="XX03ConfirmPaymentSlipLinesVO"
      FullName="oracle.apps.xx03.ap.server.XX03ConfirmPaymentSlipLinesVO"
      ObjectType="ViewObject" >
   </Containee>
   <Containee
      Name="XX03GetAmountFormatVO"
      FullName="oracle.apps.xx03.ap.server.XX03GetAmountFormatVO"
      ObjectType="ViewObject" >
   </Containee>
   <Containee
      Name="XX03GetCurrencyFormatVO"
      FullName="oracle.apps.xx03.ap.server.XX03GetCurrencyFormatVO"
      ObjectType="ViewObject" >
   </Containee>
   <Containee
      Name="XX03TaxCodesLovVEO"
      FullName="oracle.apps.xx03.ap.server.XX03TaxCodesLovVEO"
      ObjectType="Entity" >
   </Containee>
   <Containee
      Name="XX03TaxCodesLovVO"
      FullName="oracle.apps.xx03.ap.server.XX03TaxCodesLovVO"
      ObjectType="ViewObject" >
   </Containee>
   <Containee
      Name="XX03GetOldInvoiceIdVO"
      FullName="oracle.apps.xx03.ap.server.XX03GetOldInvoiceIdVO"
      ObjectType="ViewObject" >
   </Containee>
   <Containee
      Name="XX03ApInvoiceSearchAM"
      FullName="oracle.apps.xx03.ap.server.XX03ApInvoiceSearchAM"
      ObjectType="AppModule" >
   </Containee>
   <Containee
      Name="XX03WfStatusesVEO"
      FullName="oracle.apps.xx03.ap.server.XX03WfStatusesVEO"
      ObjectType="Entity" >
   </Containee>
   <Containee
      Name="XX03InvoiceSearchConditionVO"
      FullName="oracle.apps.xx03.ap.server.XX03InvoiceSearchConditionVO"
      ObjectType="ViewObject" >
   </Containee>
   <Containee
      Name="XX03WfStatusesVO"
      FullName="oracle.apps.xx03.ap.server.XX03WfStatusesVO"
      ObjectType="ViewObject" >
   </Containee>
   <Containee
      Name="XX03EntryPersonLovVO"
      FullName="oracle.apps.xx03.ap.server.XX03EntryPersonLovVO"
      ObjectType="ViewObject" >
   </Containee>
   <Containee
      Name="XX03ResultInvoiceVO"
      FullName="oracle.apps.xx03.ap.server.XX03ResultInvoiceVO"
      ObjectType="ViewObject" >
   </Containee>
   <Containee
      Name="XX03SlipTypesLovEO"
      FullName="oracle.apps.xx03.ap.server.XX03SlipTypesLovEO"
      ObjectType="Entity" >
   </Containee>
   <Containee
      Name="XX03SlipTypesLovVO"
      FullName="oracle.apps.xx03.ap.server.XX03SlipTypesLovVO"
      ObjectType="ViewObject" >
   </Containee>
   <Containee
      Name="XX03PrepaymentLovVEO"
      FullName="oracle.apps.xx03.ap.server.XX03PrepaymentLovVEO"
      ObjectType="Entity" >
   </Containee>
   <Containee
      Name="XX03PrepaymentLovVO"
      FullName="oracle.apps.xx03.ap.server.XX03PrepaymentLovVO"
      ObjectType="ViewObject" >
   </Containee>
   <Containee
      Name="XX03GetConversionVO"
      FullName="oracle.apps.xx03.ap.server.XX03GetConversionVO"
      ObjectType="ViewObject" >
   </Containee>
   <Containee
      Name="XX03GetPrepaymentVO"
      FullName="oracle.apps.xx03.ap.server.XX03GetPrepaymentVO"
      ObjectType="ViewObject" >
   </Containee>
   <Containee
      Name="XX03GetGlSetsOfBooksVO"
      FullName="oracle.apps.xx03.ap.server.XX03GetGlSetsOfBooksVO"
      ObjectType="ViewObject" >
   </Containee>
   <Containee
      Name="XX03ApSysetmParametersVO"
      FullName="oracle.apps.xx03.ap.server.XX03ApSysetmParametersVO"
      ObjectType="ViewObject" >
   </Containee>
   <Containee
      Name="XX03GetSystemDateVO"
      FullName="oracle.apps.xx03.ap.server.XX03GetSystemDateVO"
      ObjectType="ViewObject" >
   </Containee>
   <Containee
      Name="XX03ApCommonComponentAM"
      FullName="oracle.apps.xx03.ap.server.XX03ApCommonComponentAM"
      ObjectType="AppModule" >
   </Containee>
   <Containee
      Name="XX03GetItemFormatVO"
      FullName="oracle.apps.xx03.ap.server.XX03GetItemFormatVO"
      ObjectType="ViewObject" >
   </Containee>
   <Containee
      Name="XX03PaymentSlipsVVO"
      FullName="oracle.apps.xx03.ap.server.XX03PaymentSlipsVVO"
      ObjectType="ViewObject" >
   </Containee>
   <Containee
      Name="XX03ApInvoiceAcctModifyAM"
      FullName="oracle.apps.xx03.ap.server.XX03ApInvoiceAcctModifyAM"
      ObjectType="AppModule" >
   </Containee>
   <Containee
      Name="Xx03GetAffPromptVO"
      FullName="oracle.apps.xx03.ap.server.Xx03GetAffPromptVO"
      ObjectType="ViewObject" >
   </Containee>
   <Containee
      Name="Xx03GetDffPromptVO"
      FullName="oracle.apps.xx03.ap.server.Xx03GetDffPromptVO"
      ObjectType="ViewObject" >
   </Containee>
   <Containee
      Name="Xx03SelectedPrecisionVO"
      FullName="oracle.apps.xx03.ap.server.Xx03SelectedPrecisionVO"
      ObjectType="ViewObject" >
   </Containee>
   <Containee
      Name="Xx03GetApSlipLineTypeNameVO"
      FullName="oracle.apps.xx03.ap.server.Xx03GetApSlipLineTypeNameVO"
      ObjectType="ViewObject" >
   </Containee>
   <Containee
      Name="Xx03GetBankNameVO"
      FullName="oracle.apps.xx03.ap.server.Xx03GetBankNameVO"
      ObjectType="ViewObject" >
   </Containee>
   <Containee
      Name="Xx03GetCurrencyNameVO"
      FullName="oracle.apps.xx03.ap.server.Xx03GetCurrencyNameVO"
      ObjectType="ViewObject" >
   </Containee>
   <Containee
      Name="Xx03GetPayGroupNameVO"
      FullName="oracle.apps.xx03.ap.server.Xx03GetPayGroupNameVO"
      ObjectType="ViewObject" >
   </Containee>
   <Containee
      Name="Xx03GetTermsNameVO"
      FullName="oracle.apps.xx03.ap.server.Xx03GetTermsNameVO"
      ObjectType="ViewObject" >
   </Containee>
   <Containee
      Name="Xx03GetVendorSiteNameVO"
      FullName="oracle.apps.xx03.ap.server.Xx03GetVendorSiteNameVO"
      ObjectType="ViewObject" >
   </Containee>
   <Containee
      Name="Xx03GetVendorsNameVO"
      FullName="oracle.apps.xx03.ap.server.Xx03GetVendorsNameVO"
      ObjectType="ViewObject" >
   </Containee>
   <Containee
      Name="Xx03EnableSlipTypeVO"
      FullName="oracle.apps.xx03.ap.server.Xx03EnableSlipTypeVO"
      ObjectType="ViewObject" >
   </Containee>
   <Containee
      Name="Xx03GetTaxColVO"
      FullName="oracle.apps.xx03.ap.server.Xx03GetTaxColVO"
      ObjectType="ViewObject" >
   </Containee>
   <Containee
      Name="Xx03GetApproverNameVO"
      FullName="oracle.apps.xx03.ap.server.Xx03GetApproverNameVO"
      ObjectType="ViewObject" >
   </Containee>
   <Containee
      Name="Xx03ChkUsrDepartmentVO"
      FullName="oracle.apps.xx03.ap.server.Xx03ChkUsrDepartmentVO"
      ObjectType="ViewObject" >
   </Containee>
   <Containee
      Name="Xx03GetApMenuSlipTypeVO"
      FullName="oracle.apps.xx03.ap.server.Xx03GetApMenuSlipTypeVO"
      ObjectType="ViewObject" >
   </Containee>
</JboPackage>
