<?xml version="1.0" encoding='Shift_JIS'?>
<!DOCTYPE Entity SYSTEM "jbo_03_01.dtd">

<Entity
   Name="XX03VendorSitesLovVEO"
   DBObjectType="view"
   DBObjectName="XX03_VENDOR_SITES_LOV_V"
   AliasName="XX03VendorSitesLovVEO"
   BindingStyle="Oracle"
   UseGlueCode="false"
   CodeGenFlag="4"
   RowClass="oracle.apps.xx03.ap.server.XX03VendorSitesLovVEOImpl"
   DefClass="oracle.apps.fnd.framework.server.OAEntityDefImpl"
   CollClass="oracle.apps.fnd.framework.server.OAEntityCache" >
   <DesignTime>
      <Attr Name="_isCodegen" Value="true" />
      <Attr Name="_version" Value="9.0.3.11.44" />
      <AttrArray Name="_publishEvents">
      </AttrArray>
   </DesignTime>
   <Attribute
      Name="VendorId"
      IsNotNull="true"
      Type="oracle.jbo.domain.Number"
      ColumnName="VENDOR_ID"
      ColumnType="NUMBER"
      SQLType="NUMERIC"
      TableName="XX03_VENDOR_SITES_LOV_V" >
      <DesignTime>
         <Attr Name="_DisplaySize" Value="22" />
      </DesignTime>
   </Attribute>
   <Attribute
      Name="VendorSiteId"
      IsNotNull="true"
      Type="oracle.jbo.domain.Number"
      ColumnName="VENDOR_SITE_ID"
      ColumnType="NUMBER"
      SQLType="NUMERIC"
      TableName="XX03_VENDOR_SITES_LOV_V"
      PrimaryKey="true" >
      <DesignTime>
         <Attr Name="_DisplaySize" Value="22" />
      </DesignTime>
   </Attribute>
   <Attribute
      Name="VendorSiteCode"
      IsNotNull="true"
      Precision="15"
      Type="java.lang.String"
      ColumnName="VENDOR_SITE_CODE"
      ColumnType="VARCHAR2"
      SQLType="VARCHAR"
      TableName="XX03_VENDOR_SITES_LOV_V" >
      <DesignTime>
         <Attr Name="_DisplaySize" Value="15" />
      </DesignTime>
   </Attribute>
   <Attribute
      Name="VendorSiteCodeAlt"
      Precision="320"
      Type="java.lang.String"
      ColumnName="VENDOR_SITE_CODE_ALT"
      ColumnType="VARCHAR2"
      SQLType="VARCHAR"
      TableName="XX03_VENDOR_SITES_LOV_V" >
      <DesignTime>
         <Attr Name="_DisplaySize" Value="320" />
      </DesignTime>
   </Attribute>
   <Attribute
      Name="VendorName"
      IsNotNull="true"
      Precision="240"
      Type="java.lang.String"
      ColumnName="VENDOR_NAME"
      ColumnType="VARCHAR2"
      SQLType="VARCHAR"
      TableName="XX03_VENDOR_SITES_LOV_V" >
      <DesignTime>
         <Attr Name="_DisplaySize" Value="240" />
      </DesignTime>
   </Attribute>
   <Attribute
      Name="VendorNameAlt"
      Precision="320"
      Type="java.lang.String"
      ColumnName="VENDOR_NAME_ALT"
      ColumnType="VARCHAR2"
      SQLType="VARCHAR"
      TableName="XX03_VENDOR_SITES_LOV_V" >
      <DesignTime>
         <Attr Name="_DisplaySize" Value="320" />
      </DesignTime>
   </Attribute>
   <Attribute
      Name="VendorNumber"
      IsNotNull="true"
      Precision="30"
      Type="java.lang.String"
      ColumnName="VENDOR_NUMBER"
      ColumnType="VARCHAR2"
      SQLType="VARCHAR"
      TableName="XX03_VENDOR_SITES_LOV_V" >
      <DesignTime>
         <Attr Name="_DisplaySize" Value="30" />
      </DesignTime>
   </Attribute>
   <Attribute
      Name="VendorTypeLookupCode"
      Precision="30"
      Type="java.lang.String"
      ColumnName="VENDOR_TYPE_LOOKUP_CODE"
      ColumnType="VARCHAR2"
      SQLType="VARCHAR"
      TableName="XX03_VENDOR_SITES_LOV_V" >
      <DesignTime>
         <Attr Name="_DisplaySize" Value="30" />
      </DesignTime>
   </Attribute>
   <Attribute
      Name="PvsInactiveDate"
      Type="oracle.jbo.domain.Date"
      ColumnName="PVS_INACTIVE_DATE"
      ColumnType="DATE"
      SQLType="TIMESTAMP"
      TableName="XX03_VENDOR_SITES_LOV_V" >
      <DesignTime>
         <Attr Name="_DisplaySize" Value="7" />
      </DesignTime>
   </Attribute>
   <Attribute
      Name="InvoiceCurrencyCode"
      Precision="15"
      Type="java.lang.String"
      ColumnName="INVOICE_CURRENCY_CODE"
      ColumnType="VARCHAR2"
      SQLType="VARCHAR"
      TableName="XX03_VENDOR_SITES_LOV_V" >
      <DesignTime>
         <Attr Name="_DisplaySize" Value="15" />
      </DesignTime>
   </Attribute>
   <Attribute
      Name="TermId"
      Precision="15"
      Scale="0"
      Type="oracle.jbo.domain.Number"
      ColumnName="TERM_ID"
      ColumnType="NUMBER"
      SQLType="NUMERIC"
      TableName="XX03_VENDOR_SITES_LOV_V" >
      <DesignTime>
         <Attr Name="_DisplaySize" Value="22" />
      </DesignTime>
   </Attribute>
   <Attribute
      Name="TermName"
      Precision="50"
      Type="java.lang.String"
      ColumnName="TERM_NAME"
      ColumnType="VARCHAR2"
      SQLType="VARCHAR"
      TableName="XX03_VENDOR_SITES_LOV_V" >
      <DesignTime>
         <Attr Name="_DisplaySize" Value="50" />
      </DesignTime>
   </Attribute>
   <Attribute
      Name="PayGroupCode"
      Precision="30"
      Type="java.lang.String"
      ColumnName="PAY_GROUP_CODE"
      ColumnType="VARCHAR2"
      SQLType="VARCHAR"
      TableName="XX03_VENDOR_SITES_LOV_V" >
      <DesignTime>
         <Attr Name="_DisplaySize" Value="30" />
      </DesignTime>
   </Attribute>
   <Attribute
      Name="PayGroupMeaning"
      Precision="80"
      Type="java.lang.String"
      ColumnName="PAY_GROUP_MEANING"
      ColumnType="VARCHAR2"
      SQLType="VARCHAR"
      TableName="XX03_VENDOR_SITES_LOV_V" >
      <DesignTime>
         <Attr Name="_DisplaySize" Value="80" />
      </DesignTime>
   </Attribute>
   <Attribute
      Name="VatCode"
      Precision="20"
      Type="java.lang.String"
      ColumnName="VAT_CODE"
      ColumnType="VARCHAR2"
      SQLType="VARCHAR"
      TableName="XX03_VENDOR_SITES_LOV_V" >
      <DesignTime>
         <Attr Name="_DisplaySize" Value="20" />
      </DesignTime>
   </Attribute>
   <Attribute
      Name="AutoTaxCalcFlag"
      Precision="1"
      Type="java.lang.String"
      ColumnName="AUTO_TAX_CALC_FLAG"
      ColumnType="VARCHAR2"
      SQLType="VARCHAR"
      TableName="XX03_VENDOR_SITES_LOV_V" >
      <DesignTime>
         <Attr Name="_DisplaySize" Value="1" />
      </DesignTime>
   </Attribute>
   <Attribute
      Name="ApTaxRoundingRule"
      Precision="1"
      Type="java.lang.String"
      ColumnName="AP_TAX_ROUNDING_RULE"
      ColumnType="VARCHAR2"
      SQLType="VARCHAR"
      TableName="XX03_VENDOR_SITES_LOV_V" >
      <DesignTime>
         <Attr Name="_DisplaySize" Value="1" />
      </DesignTime>
   </Attribute>
   <Attribute
      Name="BankAccountUsesId"
      IsNotNull="true"
      Precision="15"
      Scale="0"
      Type="oracle.jbo.domain.Number"
      ColumnName="BANK_ACCOUNT_USES_ID"
      ColumnType="NUMBER"
      SQLType="NUMERIC"
      TableName="XX03_VENDOR_SITES_LOV_V" >
      <DesignTime>
         <Attr Name="_DisplaySize" Value="22" />
      </DesignTime>
   </Attribute>
   <Attribute
      Name="AbauStartDate"
      Type="oracle.jbo.domain.Date"
      ColumnName="ABAU_START_DATE"
      ColumnType="DATE"
      SQLType="TIMESTAMP"
      TableName="XX03_VENDOR_SITES_LOV_V" >
      <DesignTime>
         <Attr Name="_DisplaySize" Value="7" />
      </DesignTime>
   </Attribute>
   <Attribute
      Name="AbauEndDate"
      Type="oracle.jbo.domain.Date"
      ColumnName="ABAU_END_DATE"
      ColumnType="DATE"
      SQLType="TIMESTAMP"
      TableName="XX03_VENDOR_SITES_LOV_V" >
      <DesignTime>
         <Attr Name="_DisplaySize" Value="7" />
      </DesignTime>
   </Attribute>
   <Attribute
      Name="ExternalBankAccountId"
      IsNotNull="true"
      Precision="15"
      Scale="0"
      Type="oracle.jbo.domain.Number"
      ColumnName="EXTERNAL_BANK_ACCOUNT_ID"
      ColumnType="NUMBER"
      SQLType="NUMERIC"
      TableName="XX03_VENDOR_SITES_LOV_V" >
      <DesignTime>
         <Attr Name="_DisplaySize" Value="22" />
      </DesignTime>
   </Attribute>
   <Attribute
      Name="PrimaryFlag"
      IsNotNull="true"
      Precision="1"
      Type="java.lang.String"
      ColumnName="PRIMARY_FLAG"
      ColumnType="VARCHAR2"
      SQLType="VARCHAR"
      TableName="XX03_VENDOR_SITES_LOV_V" >
      <DesignTime>
         <Attr Name="_DisplaySize" Value="1" />
      </DesignTime>
   </Attribute>
   <Attribute
      Name="BankAccountName"
      IsNotNull="true"
      Precision="80"
      Type="java.lang.String"
      ColumnName="BANK_ACCOUNT_NAME"
      ColumnType="VARCHAR2"
      SQLType="VARCHAR"
      TableName="XX03_VENDOR_SITES_LOV_V" >
      <DesignTime>
         <Attr Name="_DisplaySize" Value="80" />
      </DesignTime>
   </Attribute>
   <Attribute
      Name="BankAccountNameAlt"
      Precision="320"
      Type="java.lang.String"
      ColumnName="BANK_ACCOUNT_NAME_ALT"
      ColumnType="VARCHAR2"
      SQLType="VARCHAR"
      TableName="XX03_VENDOR_SITES_LOV_V" >
      <DesignTime>
         <Attr Name="_DisplaySize" Value="320" />
      </DesignTime>
   </Attribute>
   <Attribute
      Name="BankAccountNum"
      IsNotNull="true"
      Precision="30"
      Type="java.lang.String"
      ColumnName="BANK_ACCOUNT_NUM"
      ColumnType="VARCHAR2"
      SQLType="VARCHAR"
      TableName="XX03_VENDOR_SITES_LOV_V" >
      <DesignTime>
         <Attr Name="_DisplaySize" Value="30" />
      </DesignTime>
   </Attribute>
   <Attribute
      Name="BankAccountType"
      Precision="25"
      Type="java.lang.String"
      ColumnName="BANK_ACCOUNT_TYPE"
      ColumnType="VARCHAR2"
      SQLType="VARCHAR"
      TableName="XX03_VENDOR_SITES_LOV_V" >
      <DesignTime>
         <Attr Name="_DisplaySize" Value="25" />
      </DesignTime>
   </Attribute>
   <Attribute
      Name="AccountType"
      IsNotNull="true"
      Precision="25"
      Type="java.lang.String"
      ColumnName="ACCOUNT_TYPE"
      ColumnType="VARCHAR2"
      SQLType="VARCHAR"
      TableName="XX03_VENDOR_SITES_LOV_V" >
      <DesignTime>
         <Attr Name="_DisplaySize" Value="25" />
      </DesignTime>
   </Attribute>
   <Attribute
      Name="SetOfBooksId"
      IsNotNull="true"
      Precision="15"
      Scale="0"
      Type="oracle.jbo.domain.Number"
      ColumnName="SET_OF_BOOKS_ID"
      ColumnType="NUMBER"
      SQLType="NUMERIC"
      TableName="XX03_VENDOR_SITES_LOV_V" >
      <DesignTime>
         <Attr Name="_DisplaySize" Value="22" />
      </DesignTime>
   </Attribute>
   <Attribute
      Name="CheckDigits"
      Precision="30"
      Type="java.lang.String"
      ColumnName="CHECK_DIGITS"
      ColumnType="VARCHAR2"
      SQLType="VARCHAR"
      TableName="XX03_VENDOR_SITES_LOV_V" >
      <DesignTime>
         <Attr Name="_DisplaySize" Value="30" />
      </DesignTime>
   </Attribute>
   <Attribute
      Name="AbaInactiveDate"
      Type="oracle.jbo.domain.Date"
      ColumnName="ABA_INACTIVE_DATE"
      ColumnType="DATE"
      SQLType="TIMESTAMP"
      TableName="XX03_VENDOR_SITES_LOV_V" >
      <DesignTime>
         <Attr Name="_DisplaySize" Value="7" />
      </DesignTime>
   </Attribute>
   <Attribute
      Name="BankName"
      IsNotNull="true"
      Precision="60"
      Type="java.lang.String"
      ColumnName="BANK_NAME"
      ColumnType="VARCHAR2"
      SQLType="VARCHAR"
      TableName="XX03_VENDOR_SITES_LOV_V" >
      <DesignTime>
         <Attr Name="_DisplaySize" Value="60" />
      </DesignTime>
   </Attribute>
   <Attribute
      Name="BankNameAlt"
      Precision="320"
      Type="java.lang.String"
      ColumnName="BANK_NAME_ALT"
      ColumnType="VARCHAR2"
      SQLType="VARCHAR"
      TableName="XX03_VENDOR_SITES_LOV_V" >
      <DesignTime>
         <Attr Name="_DisplaySize" Value="320" />
      </DesignTime>
   </Attribute>
   <Attribute
      Name="BankNumber"
      Precision="30"
      Type="java.lang.String"
      ColumnName="BANK_NUMBER"
      ColumnType="VARCHAR2"
      SQLType="VARCHAR"
      TableName="XX03_VENDOR_SITES_LOV_V" >
      <DesignTime>
         <Attr Name="_DisplaySize" Value="30" />
      </DesignTime>
   </Attribute>
   <Attribute
      Name="BankBranchName"
      IsNotNull="true"
      Precision="60"
      Type="java.lang.String"
      ColumnName="BANK_BRANCH_NAME"
      ColumnType="VARCHAR2"
      SQLType="VARCHAR"
      TableName="XX03_VENDOR_SITES_LOV_V" >
      <DesignTime>
         <Attr Name="_DisplaySize" Value="60" />
      </DesignTime>
   </Attribute>
   <Attribute
      Name="BankBranchNameAlt"
      Precision="320"
      Type="java.lang.String"
      ColumnName="BANK_BRANCH_NAME_ALT"
      ColumnType="VARCHAR2"
      SQLType="VARCHAR"
      TableName="XX03_VENDOR_SITES_LOV_V" >
      <DesignTime>
         <Attr Name="_DisplaySize" Value="320" />
      </DesignTime>
   </Attribute>
   <Attribute
      Name="BankNum"
      Precision="25"
      Type="java.lang.String"
      ColumnName="BANK_NUM"
      ColumnType="VARCHAR2"
      SQLType="VARCHAR"
      TableName="XX03_VENDOR_SITES_LOV_V" >
      <DesignTime>
         <Attr Name="_DisplaySize" Value="25" />
      </DesignTime>
   </Attribute>
   <Attribute
      Name="InstitutionType"
      IsNotNull="true"
      Precision="25"
      Type="java.lang.String"
      ColumnName="INSTITUTION_TYPE"
      ColumnType="VARCHAR2"
      SQLType="VARCHAR"
      TableName="XX03_VENDOR_SITES_LOV_V" >
      <DesignTime>
         <Attr Name="_DisplaySize" Value="25" />
      </DesignTime>
   </Attribute>
   <Attribute
      Name="BankBranchType"
      Precision="25"
      Type="java.lang.String"
      ColumnName="BANK_BRANCH_TYPE"
      ColumnType="VARCHAR2"
      SQLType="VARCHAR"
      TableName="XX03_VENDOR_SITES_LOV_V" >
      <DesignTime>
         <Attr Name="_DisplaySize" Value="25" />
      </DesignTime>
   </Attribute>
   <Attribute
      Name="AbbEndDate"
      Type="oracle.jbo.domain.Date"
      ColumnName="ABB_END_DATE"
      ColumnType="DATE"
      SQLType="TIMESTAMP"
      TableName="XX03_VENDOR_SITES_LOV_V" >
      <DesignTime>
         <Attr Name="_DisplaySize" Value="7" />
      </DesignTime>
   </Attribute>
   <Attribute
      Name="OrgId"
      Type="oracle.jbo.domain.Number"
      ColumnName="ORG_ID"
      ColumnType="NUMBER"
      SQLType="NUMERIC"
      TableName="XX03_VENDOR_SITES_LOV_V" >
      <DesignTime>
         <Attr Name="_DisplaySize" Value="22" />
      </DesignTime>
   </Attribute>
   <Attribute
      Name="BankFullName"
      Precision="159"
      Type="java.lang.String"
      ColumnName="BANK_FULL_NAME"
      ColumnType="VARCHAR2"
      SQLType="VARCHAR"
      TableName="XX03_VENDOR_SITES_LOV_V" >
      <DesignTime>
         <Attr Name="_DisplaySize" Value="159" />
      </DesignTime>
   </Attribute>
   <Attribute
      Name="LastUpdateDate"
      IsNotNull="true"
      Type="oracle.jbo.domain.Date"
      ColumnName="LAST_UPDATE_DATE"
      ColumnType="DATE"
      SQLType="TIMESTAMP"
      TableName="XX03_VENDOR_SITES_LOV_V" >
      <DesignTime>
         <Attr Name="_DisplaySize" Value="7" />
      </DesignTime>
   </Attribute>
   <Attribute
      Name="LastUpdatedBy"
      IsNotNull="true"
      Type="oracle.jbo.domain.Number"
      ColumnName="LAST_UPDATED_BY"
      ColumnType="NUMBER"
      SQLType="NUMERIC"
      TableName="XX03_VENDOR_SITES_LOV_V" >
      <DesignTime>
         <Attr Name="_DisplaySize" Value="22" />
      </DesignTime>
   </Attribute>
   <Attribute
      Name="CreationDate"
      Type="oracle.jbo.domain.Date"
      ColumnName="CREATION_DATE"
      ColumnType="DATE"
      SQLType="TIMESTAMP"
      TableName="XX03_VENDOR_SITES_LOV_V" >
      <DesignTime>
         <Attr Name="_DisplaySize" Value="7" />
      </DesignTime>
   </Attribute>
   <Attribute
      Name="CreatedBy"
      Type="oracle.jbo.domain.Number"
      ColumnName="CREATED_BY"
      ColumnType="NUMBER"
      SQLType="NUMERIC"
      TableName="XX03_VENDOR_SITES_LOV_V" >
      <DesignTime>
         <Attr Name="_DisplaySize" Value="22" />
      </DesignTime>
   </Attribute>
   <Attribute
      Name="LastUpdateLogin"
      Type="oracle.jbo.domain.Number"
      ColumnName="LAST_UPDATE_LOGIN"
      ColumnType="NUMBER"
      SQLType="NUMERIC"
      TableName="XX03_VENDOR_SITES_LOV_V" >
      <DesignTime>
         <Attr Name="_DisplaySize" Value="22" />
      </DesignTime>
   </Attribute>
   <Key
      Name="Xx03vendorsiteslovveoPrimaryKey" >
      <AttrArray Name="Attributes">
         <Item Value="oracle.apps.xx03.ap.server.XX03VendorSitesLovVEO.VendorSiteId" />
      </AttrArray>
      <DesignTime>
         <Attr Name="_DBObjectName" Value="XX03VENDORSITESLOVVEO_PRIMARY_" />
         <Attr Name="_isPrimary" Value="true" />
      </DesignTime>
   </Key>
</Entity>
