<?xml version="1.0" encoding='Shift_JIS'?>
<!DOCTYPE Entity SYSTEM "jbo_03_01.dtd">

<Entity
   Name="XX03PaymentSlipLinesEO"
   DBObjectType="synonym"
   DBObjectName="XX03_PAYMENT_SLIP_LINES"
   AliasName="XX03PaymentSlipLinesEO"
   BindingStyle="Oracle"
   UseGlueCode="false"
   CodeGenFlag="7"
   RowClass="oracle.apps.xx03.ap.server.XX03PaymentSlipLinesEOImpl"
   DefClass="oracle.apps.fnd.framework.server.OAEntityDefImpl"
   CollClass="oracle.apps.fnd.framework.server.OAEntityCache" >
   <DesignTime>
      <Attr Name="_isCodegen" Value="true" />
      <Attr Name="_version" Value="9.0.3.11.88" />
      <AttrArray Name="_publishEvents">
      </AttrArray>
   </DesignTime>
   <Attribute
      Name="InvoiceLineId"
      Precision="15"
      Scale="0"
      Type="oracle.jbo.domain.Number"
      ColumnName="INVOICE_LINE_ID"
      ColumnType="NUMBER"
      SQLType="NUMERIC"
      TableName="XX03_PAYMENT_SLIP_LINES"
      PrimaryKey="true" >
      <DesignTime>
         <Attr Name="_DisplaySize" Value="22" />
      </DesignTime>
   </Attribute>
   <Attribute
      Name="InvoiceId"
      Precision="15"
      Scale="0"
      Type="oracle.jbo.domain.Number"
      ColumnName="INVOICE_ID"
      ColumnType="NUMBER"
      SQLType="NUMERIC"
      TableName="XX03_PAYMENT_SLIP_LINES" >
      <DesignTime>
         <Attr Name="_DisplaySize" Value="22" />
      </DesignTime>
   </Attribute>
   <Attribute
      Name="LineNumber"
      Precision="15"
      Scale="0"
      Type="oracle.jbo.domain.Number"
      ColumnName="LINE_NUMBER"
      ColumnType="NUMBER"
      SQLType="NUMERIC"
      TableName="XX03_PAYMENT_SLIP_LINES" >
      <DesignTime>
         <Attr Name="_DisplaySize" Value="22" />
      </DesignTime>
   </Attribute>
   <Attribute
      Name="SlipLineType"
      Precision="25"
      Type="java.lang.String"
      ColumnName="SLIP_LINE_TYPE"
      ColumnType="VARCHAR2"
      SQLType="VARCHAR"
      TableName="XX03_PAYMENT_SLIP_LINES" >
      <DesignTime>
         <Attr Name="_DisplaySize" Value="25" />
      </DesignTime>
   </Attribute>
   <Attribute
      Name="SlipLineTypeName"
      Precision="500"
      Type="java.lang.String"
      ColumnName="SLIP_LINE_TYPE_NAME"
      ColumnType="VARCHAR2"
      SQLType="VARCHAR"
      TableName="XX03_PAYMENT_SLIP_LINES" >
      <DesignTime>
         <Attr Name="_DisplaySize" Value="500" />
      </DesignTime>
   </Attribute>
   <Attribute
      Name="EnteredAmount"
      Type="oracle.jbo.domain.Number"
      ColumnName="ENTERED_AMOUNT"
      ColumnType="NUMBER"
      SQLType="NUMERIC"
      TableName="XX03_PAYMENT_SLIP_LINES" >
      <DesignTime>
         <Attr Name="_DisplaySize" Value="22" />
      </DesignTime>
   </Attribute>
   <Attribute
      Name="EnteredItemAmount"
      Type="oracle.jbo.domain.Number"
      ColumnName="ENTERED_ITEM_AMOUNT"
      ColumnType="NUMBER"
      SQLType="NUMERIC"
      TableName="XX03_PAYMENT_SLIP_LINES" >
      <DesignTime>
         <Attr Name="_DisplaySize" Value="22" />
      </DesignTime>
   </Attribute>
   <Attribute
      Name="EnteredTaxAmount"
      Type="oracle.jbo.domain.Number"
      ColumnName="ENTERED_TAX_AMOUNT"
      ColumnType="NUMBER"
      SQLType="NUMERIC"
      TableName="XX03_PAYMENT_SLIP_LINES" >
      <DesignTime>
         <Attr Name="_DisplaySize" Value="22" />
      </DesignTime>
   </Attribute>
   <Attribute
      Name="Description"
      Precision="240"
      Type="java.lang.String"
      ColumnName="DESCRIPTION"
      ColumnType="VARCHAR2"
      SQLType="VARCHAR"
      TableName="XX03_PAYMENT_SLIP_LINES" >
      <DesignTime>
         <Attr Name="_DisplaySize" Value="240" />
      </DesignTime>
   </Attribute>
   <Attribute
      Name="AmountIncludesTaxFlag"
      Precision="1"
      Type="java.lang.String"
      ColumnName="AMOUNT_INCLUDES_TAX_FLAG"
      ColumnType="VARCHAR2"
      SQLType="VARCHAR"
      TableName="XX03_PAYMENT_SLIP_LINES" >
      <DesignTime>
         <Attr Name="_DisplaySize" Value="1" />
      </DesignTime>
   </Attribute>
   <Attribute
      Name="TaxCode"
      Precision="15"
      Type="java.lang.String"
      ColumnName="TAX_CODE"
      ColumnType="VARCHAR2"
      SQLType="VARCHAR"
      TableName="XX03_PAYMENT_SLIP_LINES" >
      <DesignTime>
         <Attr Name="_DisplaySize" Value="22" />
      </DesignTime>
   </Attribute>
   <Attribute
      Name="TaxName"
      Precision="500"
      Type="java.lang.String"
      ColumnName="TAX_NAME"
      ColumnType="VARCHAR2"
      SQLType="VARCHAR"
      TableName="XX03_PAYMENT_SLIP_LINES" >
      <DesignTime>
         <Attr Name="_DisplaySize" Value="500" />
      </DesignTime>
   </Attribute>
   <Attribute
      Name="Segment1"
      Precision="150"
      Type="java.lang.String"
      ColumnName="SEGMENT1"
      ColumnType="VARCHAR2"
      SQLType="VARCHAR"
      TableName="XX03_PAYMENT_SLIP_LINES" >
      <DesignTime>
         <Attr Name="_DisplaySize" Value="150" />
      </DesignTime>
   </Attribute>
   <Attribute
      Name="Segment2"
      Precision="150"
      Type="java.lang.String"
      ColumnName="SEGMENT2"
      ColumnType="VARCHAR2"
      SQLType="VARCHAR"
      TableName="XX03_PAYMENT_SLIP_LINES" >
      <DesignTime>
         <Attr Name="_DisplaySize" Value="150" />
      </DesignTime>
   </Attribute>
   <Attribute
      Name="Segment3"
      Precision="150"
      Type="java.lang.String"
      ColumnName="SEGMENT3"
      ColumnType="VARCHAR2"
      SQLType="VARCHAR"
      TableName="XX03_PAYMENT_SLIP_LINES" >
      <DesignTime>
         <Attr Name="_DisplaySize" Value="150" />
      </DesignTime>
   </Attribute>
   <Attribute
      Name="Segment4"
      Precision="150"
      Type="java.lang.String"
      ColumnName="SEGMENT4"
      ColumnType="VARCHAR2"
      SQLType="VARCHAR"
      TableName="XX03_PAYMENT_SLIP_LINES" >
      <DesignTime>
         <Attr Name="_DisplaySize" Value="150" />
      </DesignTime>
   </Attribute>
   <Attribute
      Name="Segment5"
      Precision="150"
      Type="java.lang.String"
      ColumnName="SEGMENT5"
      ColumnType="VARCHAR2"
      SQLType="VARCHAR"
      TableName="XX03_PAYMENT_SLIP_LINES" >
      <DesignTime>
         <Attr Name="_DisplaySize" Value="150" />
      </DesignTime>
   </Attribute>
   <Attribute
      Name="Segment6"
      Precision="150"
      Type="java.lang.String"
      ColumnName="SEGMENT6"
      ColumnType="VARCHAR2"
      SQLType="VARCHAR"
      TableName="XX03_PAYMENT_SLIP_LINES" >
      <DesignTime>
         <Attr Name="_DisplaySize" Value="150" />
      </DesignTime>
   </Attribute>
   <Attribute
      Name="Segment7"
      Precision="150"
      Type="java.lang.String"
      ColumnName="SEGMENT7"
      ColumnType="VARCHAR2"
      SQLType="VARCHAR"
      TableName="XX03_PAYMENT_SLIP_LINES" >
      <DesignTime>
         <Attr Name="_DisplaySize" Value="150" />
      </DesignTime>
   </Attribute>
   <Attribute
      Name="Segment8"
      Precision="150"
      Type="java.lang.String"
      ColumnName="SEGMENT8"
      ColumnType="VARCHAR2"
      SQLType="VARCHAR"
      TableName="XX03_PAYMENT_SLIP_LINES" >
      <DesignTime>
         <Attr Name="_DisplaySize" Value="150" />
      </DesignTime>
   </Attribute>
   <Attribute
      Name="Segment9"
      Precision="150"
      Type="java.lang.String"
      ColumnName="SEGMENT9"
      ColumnType="VARCHAR2"
      SQLType="VARCHAR"
      TableName="XX03_PAYMENT_SLIP_LINES" >
      <DesignTime>
         <Attr Name="_DisplaySize" Value="150" />
      </DesignTime>
   </Attribute>
   <Attribute
      Name="Segment10"
      Precision="150"
      Type="java.lang.String"
      ColumnName="SEGMENT10"
      ColumnType="VARCHAR2"
      SQLType="VARCHAR"
      TableName="XX03_PAYMENT_SLIP_LINES" >
      <DesignTime>
         <Attr Name="_DisplaySize" Value="150" />
      </DesignTime>
   </Attribute>
   <Attribute
      Name="Segment11"
      Precision="150"
      Type="java.lang.String"
      ColumnName="SEGMENT11"
      ColumnType="VARCHAR2"
      SQLType="VARCHAR"
      TableName="XX03_PAYMENT_SLIP_LINES" >
      <DesignTime>
         <Attr Name="_DisplaySize" Value="150" />
      </DesignTime>
   </Attribute>
   <Attribute
      Name="Segment12"
      Precision="150"
      Type="java.lang.String"
      ColumnName="SEGMENT12"
      ColumnType="VARCHAR2"
      SQLType="VARCHAR"
      TableName="XX03_PAYMENT_SLIP_LINES" >
      <DesignTime>
         <Attr Name="_DisplaySize" Value="150" />
      </DesignTime>
   </Attribute>
   <Attribute
      Name="Segment13"
      Precision="150"
      Type="java.lang.String"
      ColumnName="SEGMENT13"
      ColumnType="VARCHAR2"
      SQLType="VARCHAR"
      TableName="XX03_PAYMENT_SLIP_LINES" >
      <DesignTime>
         <Attr Name="_DisplaySize" Value="150" />
      </DesignTime>
   </Attribute>
   <Attribute
      Name="Segment14"
      Precision="150"
      Type="java.lang.String"
      ColumnName="SEGMENT14"
      ColumnType="VARCHAR2"
      SQLType="VARCHAR"
      TableName="XX03_PAYMENT_SLIP_LINES" >
      <DesignTime>
         <Attr Name="_DisplaySize" Value="150" />
      </DesignTime>
   </Attribute>
   <Attribute
      Name="Segment15"
      Precision="150"
      Type="java.lang.String"
      ColumnName="SEGMENT15"
      ColumnType="VARCHAR2"
      SQLType="VARCHAR"
      TableName="XX03_PAYMENT_SLIP_LINES" >
      <DesignTime>
         <Attr Name="_DisplaySize" Value="150" />
      </DesignTime>
   </Attribute>
   <Attribute
      Name="Segment16"
      Precision="150"
      Type="java.lang.String"
      ColumnName="SEGMENT16"
      ColumnType="VARCHAR2"
      SQLType="VARCHAR"
      TableName="XX03_PAYMENT_SLIP_LINES" >
      <DesignTime>
         <Attr Name="_DisplaySize" Value="150" />
      </DesignTime>
   </Attribute>
   <Attribute
      Name="Segment17"
      Precision="150"
      Type="java.lang.String"
      ColumnName="SEGMENT17"
      ColumnType="VARCHAR2"
      SQLType="VARCHAR"
      TableName="XX03_PAYMENT_SLIP_LINES" >
      <DesignTime>
         <Attr Name="_DisplaySize" Value="150" />
      </DesignTime>
   </Attribute>
   <Attribute
      Name="Segment18"
      Precision="150"
      Type="java.lang.String"
      ColumnName="SEGMENT18"
      ColumnType="VARCHAR2"
      SQLType="VARCHAR"
      TableName="XX03_PAYMENT_SLIP_LINES" >
      <DesignTime>
         <Attr Name="_DisplaySize" Value="150" />
      </DesignTime>
   </Attribute>
   <Attribute
      Name="Segment19"
      Precision="150"
      Type="java.lang.String"
      ColumnName="SEGMENT19"
      ColumnType="VARCHAR2"
      SQLType="VARCHAR"
      TableName="XX03_PAYMENT_SLIP_LINES" >
      <DesignTime>
         <Attr Name="_DisplaySize" Value="150" />
      </DesignTime>
   </Attribute>
   <Attribute
      Name="Segment20"
      Precision="150"
      Type="java.lang.String"
      ColumnName="SEGMENT20"
      ColumnType="VARCHAR2"
      SQLType="VARCHAR"
      TableName="XX03_PAYMENT_SLIP_LINES" >
      <DesignTime>
         <Attr Name="_DisplaySize" Value="150" />
      </DesignTime>
   </Attribute>
   <Attribute
      Name="Segment1Name"
      Precision="500"
      Type="java.lang.String"
      ColumnName="SEGMENT1_NAME"
      ColumnType="VARCHAR2"
      SQLType="VARCHAR"
      TableName="XX03_PAYMENT_SLIP_LINES" >
      <DesignTime>
         <Attr Name="_DisplaySize" Value="500" />
      </DesignTime>
   </Attribute>
   <Attribute
      Name="Segment2Name"
      Precision="500"
      Type="java.lang.String"
      ColumnName="SEGMENT2_NAME"
      ColumnType="VARCHAR2"
      SQLType="VARCHAR"
      TableName="XX03_PAYMENT_SLIP_LINES" >
      <DesignTime>
         <Attr Name="_DisplaySize" Value="500" />
      </DesignTime>
   </Attribute>
   <Attribute
      Name="Segment3Name"
      Precision="500"
      Type="java.lang.String"
      ColumnName="SEGMENT3_NAME"
      ColumnType="VARCHAR2"
      SQLType="VARCHAR"
      TableName="XX03_PAYMENT_SLIP_LINES" >
      <DesignTime>
         <Attr Name="_DisplaySize" Value="500" />
      </DesignTime>
   </Attribute>
   <Attribute
      Name="Segment4Name"
      Precision="500"
      Type="java.lang.String"
      ColumnName="SEGMENT4_NAME"
      ColumnType="VARCHAR2"
      SQLType="VARCHAR"
      TableName="XX03_PAYMENT_SLIP_LINES" >
      <DesignTime>
         <Attr Name="_DisplaySize" Value="500" />
      </DesignTime>
   </Attribute>
   <Attribute
      Name="Segment5Name"
      Precision="500"
      Type="java.lang.String"
      ColumnName="SEGMENT5_NAME"
      ColumnType="VARCHAR2"
      SQLType="VARCHAR"
      TableName="XX03_PAYMENT_SLIP_LINES" >
      <DesignTime>
         <Attr Name="_DisplaySize" Value="500" />
      </DesignTime>
   </Attribute>
   <Attribute
      Name="Segment6Name"
      Precision="500"
      Type="java.lang.String"
      ColumnName="SEGMENT6_NAME"
      ColumnType="VARCHAR2"
      SQLType="VARCHAR"
      TableName="XX03_PAYMENT_SLIP_LINES" >
      <DesignTime>
         <Attr Name="_DisplaySize" Value="500" />
      </DesignTime>
   </Attribute>
   <Attribute
      Name="Segment7Name"
      Precision="500"
      Type="java.lang.String"
      ColumnName="SEGMENT7_NAME"
      ColumnType="VARCHAR2"
      SQLType="VARCHAR"
      TableName="XX03_PAYMENT_SLIP_LINES" >
      <DesignTime>
         <Attr Name="_DisplaySize" Value="500" />
      </DesignTime>
   </Attribute>
   <Attribute
      Name="Segment8Name"
      Precision="500"
      Type="java.lang.String"
      ColumnName="SEGMENT8_NAME"
      ColumnType="VARCHAR2"
      SQLType="VARCHAR"
      TableName="XX03_PAYMENT_SLIP_LINES" >
      <DesignTime>
         <Attr Name="_DisplaySize" Value="500" />
      </DesignTime>
   </Attribute>
   <Attribute
      Name="IncrDecrReasonCode"
      Precision="150"
      Type="java.lang.String"
      ColumnName="INCR_DECR_REASON_CODE"
      ColumnType="VARCHAR2"
      SQLType="VARCHAR"
      TableName="XX03_PAYMENT_SLIP_LINES" >
      <DesignTime>
         <Attr Name="_DisplaySize" Value="150" />
      </DesignTime>
   </Attribute>
   <Attribute
      Name="IncrDecrReasonName"
      Precision="500"
      Type="java.lang.String"
      ColumnName="INCR_DECR_REASON_NAME"
      ColumnType="VARCHAR2"
      SQLType="VARCHAR"
      TableName="XX03_PAYMENT_SLIP_LINES" >
      <DesignTime>
         <Attr Name="_DisplaySize" Value="500" />
      </DesignTime>
   </Attribute>
   <Attribute
      Name="ReconReference"
      Precision="150"
      Type="java.lang.String"
      ColumnName="RECON_REFERENCE"
      ColumnType="VARCHAR2"
      SQLType="VARCHAR"
      TableName="XX03_PAYMENT_SLIP_LINES" >
      <DesignTime>
         <Attr Name="_DisplaySize" Value="150" />
      </DesignTime>
   </Attribute>
   <Attribute
      Name="OrgId"
      Precision="15"
      Scale="0"
      Type="oracle.jbo.domain.Number"
      ColumnName="ORG_ID"
      ColumnType="NUMBER"
      SQLType="NUMERIC"
      TableName="XX03_PAYMENT_SLIP_LINES" >
      <DesignTime>
         <Attr Name="_DisplaySize" Value="22" />
      </DesignTime>
   </Attribute>
   <Attribute
      Name="AttributeCategory"
      Precision="150"
      Type="java.lang.String"
      ColumnName="ATTRIBUTE_CATEGORY"
      ColumnType="VARCHAR2"
      SQLType="VARCHAR"
      TableName="XX03_PAYMENT_SLIP_LINES" >
      <DesignTime>
         <Attr Name="_DisplaySize" Value="150" />
      </DesignTime>
   </Attribute>
   <Attribute
      Name="Attribute1"
      Precision="150"
      Type="java.lang.String"
      ColumnName="ATTRIBUTE1"
      ColumnType="VARCHAR2"
      SQLType="VARCHAR"
      TableName="XX03_PAYMENT_SLIP_LINES" >
      <DesignTime>
         <Attr Name="_DisplaySize" Value="150" />
      </DesignTime>
   </Attribute>
   <Attribute
      Name="Attribute2"
      Precision="150"
      Type="java.lang.String"
      ColumnName="ATTRIBUTE2"
      ColumnType="VARCHAR2"
      SQLType="VARCHAR"
      TableName="XX03_PAYMENT_SLIP_LINES" >
      <DesignTime>
         <Attr Name="_DisplaySize" Value="150" />
      </DesignTime>
   </Attribute>
   <Attribute
      Name="Attribute3"
      Precision="150"
      Type="java.lang.String"
      ColumnName="ATTRIBUTE3"
      ColumnType="VARCHAR2"
      SQLType="VARCHAR"
      TableName="XX03_PAYMENT_SLIP_LINES" >
      <DesignTime>
         <Attr Name="_DisplaySize" Value="150" />
      </DesignTime>
   </Attribute>
   <Attribute
      Name="Attribute4"
      Precision="150"
      Type="java.lang.String"
      ColumnName="ATTRIBUTE4"
      ColumnType="VARCHAR2"
      SQLType="VARCHAR"
      TableName="XX03_PAYMENT_SLIP_LINES" >
      <DesignTime>
         <Attr Name="_DisplaySize" Value="150" />
      </DesignTime>
   </Attribute>
   <Attribute
      Name="Attribute5"
      Precision="150"
      Type="java.lang.String"
      ColumnName="ATTRIBUTE5"
      ColumnType="VARCHAR2"
      SQLType="VARCHAR"
      TableName="XX03_PAYMENT_SLIP_LINES" >
      <DesignTime>
         <Attr Name="_DisplaySize" Value="150" />
      </DesignTime>
   </Attribute>
   <Attribute
      Name="Attribute6"
      Precision="150"
      Type="java.lang.String"
      ColumnName="ATTRIBUTE6"
      ColumnType="VARCHAR2"
      SQLType="VARCHAR"
      TableName="XX03_PAYMENT_SLIP_LINES" >
      <DesignTime>
         <Attr Name="_DisplaySize" Value="150" />
      </DesignTime>
   </Attribute>
   <Attribute
      Name="Attribute7"
      Precision="150"
      Type="java.lang.String"
      ColumnName="ATTRIBUTE7"
      ColumnType="VARCHAR2"
      SQLType="VARCHAR"
      TableName="XX03_PAYMENT_SLIP_LINES" >
      <DesignTime>
         <Attr Name="_DisplaySize" Value="150" />
      </DesignTime>
   </Attribute>
   <Attribute
      Name="Attribute8"
      Precision="150"
      Type="java.lang.String"
      ColumnName="ATTRIBUTE8"
      ColumnType="VARCHAR2"
      SQLType="VARCHAR"
      TableName="XX03_PAYMENT_SLIP_LINES" >
      <DesignTime>
         <Attr Name="_DisplaySize" Value="150" />
      </DesignTime>
   </Attribute>
   <Attribute
      Name="Attribute9"
      Precision="150"
      Type="java.lang.String"
      ColumnName="ATTRIBUTE9"
      ColumnType="VARCHAR2"
      SQLType="VARCHAR"
      TableName="XX03_PAYMENT_SLIP_LINES" >
      <DesignTime>
         <Attr Name="_DisplaySize" Value="150" />
      </DesignTime>
   </Attribute>
   <Attribute
      Name="Attribute10"
      Precision="150"
      Type="java.lang.String"
      ColumnName="ATTRIBUTE10"
      ColumnType="VARCHAR2"
      SQLType="VARCHAR"
      TableName="XX03_PAYMENT_SLIP_LINES" >
      <DesignTime>
         <Attr Name="_DisplaySize" Value="150" />
      </DesignTime>
   </Attribute>
   <Attribute
      Name="Attribute11"
      Precision="150"
      Type="java.lang.String"
      ColumnName="ATTRIBUTE11"
      ColumnType="VARCHAR2"
      SQLType="VARCHAR"
      TableName="XX03_PAYMENT_SLIP_LINES" >
      <DesignTime>
         <Attr Name="_DisplaySize" Value="150" />
      </DesignTime>
   </Attribute>
   <Attribute
      Name="Attribute12"
      Precision="150"
      Type="java.lang.String"
      ColumnName="ATTRIBUTE12"
      ColumnType="VARCHAR2"
      SQLType="VARCHAR"
      TableName="XX03_PAYMENT_SLIP_LINES" >
      <DesignTime>
         <Attr Name="_DisplaySize" Value="150" />
      </DesignTime>
   </Attribute>
   <Attribute
      Name="Attribute13"
      Precision="150"
      Type="java.lang.String"
      ColumnName="ATTRIBUTE13"
      ColumnType="VARCHAR2"
      SQLType="VARCHAR"
      TableName="XX03_PAYMENT_SLIP_LINES" >
      <DesignTime>
         <Attr Name="_DisplaySize" Value="150" />
      </DesignTime>
   </Attribute>
   <Attribute
      Name="Attribute14"
      Precision="150"
      Type="java.lang.String"
      ColumnName="ATTRIBUTE14"
      ColumnType="VARCHAR2"
      SQLType="VARCHAR"
      TableName="XX03_PAYMENT_SLIP_LINES" >
      <DesignTime>
         <Attr Name="_DisplaySize" Value="150" />
      </DesignTime>
   </Attribute>
   <Attribute
      Name="Attribute15"
      Precision="150"
      Type="java.lang.String"
      ColumnName="ATTRIBUTE15"
      ColumnType="VARCHAR2"
      SQLType="VARCHAR"
      TableName="XX03_PAYMENT_SLIP_LINES" >
      <DesignTime>
         <Attr Name="_DisplaySize" Value="150" />
      </DesignTime>
   </Attribute>
   <Attribute
      Name="CreatedBy"
      Precision="15"
      Scale="0"
      Type="oracle.jbo.domain.Number"
      ColumnName="CREATED_BY"
      ColumnType="NUMBER"
      SQLType="NUMERIC"
      TableName="XX03_PAYMENT_SLIP_LINES" >
      <DesignTime>
         <Attr Name="_DisplaySize" Value="22" />
      </DesignTime>
   </Attribute>
   <Attribute
      Name="CreationDate"
      Type="oracle.jbo.domain.Date"
      ColumnName="CREATION_DATE"
      ColumnType="DATE"
      SQLType="TIMESTAMP"
      TableName="XX03_PAYMENT_SLIP_LINES" >
      <DesignTime>
         <Attr Name="_DisplaySize" Value="7" />
      </DesignTime>
   </Attribute>
   <Attribute
      Name="LastUpdatedBy"
      Precision="15"
      Scale="0"
      Type="oracle.jbo.domain.Number"
      ColumnName="LAST_UPDATED_BY"
      ColumnType="NUMBER"
      SQLType="NUMERIC"
      TableName="XX03_PAYMENT_SLIP_LINES" >
      <DesignTime>
         <Attr Name="_DisplaySize" Value="22" />
      </DesignTime>
   </Attribute>
   <Attribute
      Name="LastUpdateDate"
      Type="oracle.jbo.domain.Date"
      ColumnName="LAST_UPDATE_DATE"
      ColumnType="DATE"
      SQLType="TIMESTAMP"
      TableName="XX03_PAYMENT_SLIP_LINES" >
      <DesignTime>
         <Attr Name="_DisplaySize" Value="7" />
      </DesignTime>
   </Attribute>
   <Attribute
      Name="LastUpdateLogin"
      Precision="15"
      Scale="0"
      Type="oracle.jbo.domain.Number"
      ColumnName="LAST_UPDATE_LOGIN"
      ColumnType="NUMBER"
      SQLType="NUMERIC"
      TableName="XX03_PAYMENT_SLIP_LINES" >
      <DesignTime>
         <Attr Name="_DisplaySize" Value="22" />
      </DesignTime>
   </Attribute>
   <Attribute
      Name="RequestId"
      Precision="15"
      Scale="0"
      Type="oracle.jbo.domain.Number"
      ColumnName="REQUEST_ID"
      ColumnType="NUMBER"
      SQLType="NUMERIC"
      TableName="XX03_PAYMENT_SLIP_LINES" >
      <DesignTime>
         <Attr Name="_DisplaySize" Value="22" />
      </DesignTime>
   </Attribute>
   <Attribute
      Name="ProgramApplicationId"
      Precision="15"
      Scale="0"
      Type="oracle.jbo.domain.Number"
      ColumnName="PROGRAM_APPLICATION_ID"
      ColumnType="NUMBER"
      SQLType="NUMERIC"
      TableName="XX03_PAYMENT_SLIP_LINES" >
      <DesignTime>
         <Attr Name="_DisplaySize" Value="22" />
      </DesignTime>
   </Attribute>
   <Attribute
      Name="ProgramId"
      Precision="15"
      Scale="0"
      Type="oracle.jbo.domain.Number"
      ColumnName="PROGRAM_ID"
      ColumnType="NUMBER"
      SQLType="NUMERIC"
      TableName="XX03_PAYMENT_SLIP_LINES" >
      <DesignTime>
         <Attr Name="_DisplaySize" Value="22" />
      </DesignTime>
   </Attribute>
   <Attribute
      Name="ProgramUpdateDate"
      Type="oracle.jbo.domain.Date"
      ColumnName="PROGRAM_UPDATE_DATE"
      ColumnType="DATE"
      SQLType="TIMESTAMP"
      TableName="XX03_PAYMENT_SLIP_LINES" >
      <DesignTime>
         <Attr Name="_DisplaySize" Value="7" />
      </DesignTime>
   </Attribute>
   <Key
      Name="SysC00159783" >
      <AttrArray Name="Attributes">
         <Item Value="oracle.apps.xx03.ap.server.XX03PaymentSlipLinesEO.InvoiceId" />
      </AttrArray>
      <DesignTime>
         <Attr Name="_DBObjectName" Value="SYS_C00159783" />
         <Attr Name="_checkCondition" Value="&#34;INVOICE_ID&#34; IS NOT NULL" />
         <Attr Name="_isCheck" Value="true" />
      </DesignTime>
   </Key>
   <Key
      Name="SysC00159787" >
      <AttrArray Name="Attributes">
         <Item Value="oracle.apps.xx03.ap.server.XX03PaymentSlipLinesEO.EnteredItemAmount" />
      </AttrArray>
      <DesignTime>
         <Attr Name="_DBObjectName" Value="SYS_C00159787" />
         <Attr Name="_checkCondition" Value="&#34;ENTERED_ITEM_AMOUNT&#34; IS NOT NULL" />
         <Attr Name="_isCheck" Value="true" />
      </DesignTime>
   </Key>
   <Key
      Name="SysC00159791" >
      <AttrArray Name="Attributes">
         <Item Value="oracle.apps.xx03.ap.server.XX03PaymentSlipLinesEO.Segment1" />
      </AttrArray>
      <DesignTime>
         <Attr Name="_DBObjectName" Value="SYS_C00159791" />
         <Attr Name="_checkCondition" Value="&#34;SEGMENT1&#34; IS NOT NULL" />
         <Attr Name="_isCheck" Value="true" />
      </DesignTime>
   </Key>
   <Key
      Name="SysC00159795" >
      <AttrArray Name="Attributes">
         <Item Value="oracle.apps.xx03.ap.server.XX03PaymentSlipLinesEO.Segment5" />
      </AttrArray>
      <DesignTime>
         <Attr Name="_DBObjectName" Value="SYS_C00159795" />
         <Attr Name="_checkCondition" Value="&#34;SEGMENT5&#34; IS NOT NULL" />
         <Attr Name="_isCheck" Value="true" />
      </DesignTime>
   </Key>
   <Key
      Name="SysC00159799" >
      <AttrArray Name="Attributes">
         <Item Value="oracle.apps.xx03.ap.server.XX03PaymentSlipLinesEO.OrgId" />
      </AttrArray>
      <DesignTime>
         <Attr Name="_DBObjectName" Value="SYS_C00159799" />
         <Attr Name="_checkCondition" Value="&#34;ORG_ID&#34; IS NOT NULL" />
         <Attr Name="_isCheck" Value="true" />
      </DesignTime>
   </Key>
   <Key
      Name="SysC00159803" >
      <AttrArray Name="Attributes">
         <Item Value="oracle.apps.xx03.ap.server.XX03PaymentSlipLinesEO.LastUpdateDate" />
      </AttrArray>
      <DesignTime>
         <Attr Name="_DBObjectName" Value="SYS_C00159803" />
         <Attr Name="_checkCondition" Value="&#34;LAST_UPDATE_DATE&#34; IS NOT NULL" />
         <Attr Name="_isCheck" Value="true" />
      </DesignTime>
   </Key>
   <Key
      Name="SysC00159788" >
      <AttrArray Name="Attributes">
         <Item Value="oracle.apps.xx03.ap.server.XX03PaymentSlipLinesEO.EnteredTaxAmount" />
      </AttrArray>
      <DesignTime>
         <Attr Name="_DBObjectName" Value="SYS_C00159788" />
         <Attr Name="_checkCondition" Value="&#34;ENTERED_TAX_AMOUNT&#34; IS NOT NULL" />
         <Attr Name="_isCheck" Value="true" />
      </DesignTime>
   </Key>
   <Key
      Name="SysC00159796" >
      <AttrArray Name="Attributes">
         <Item Value="oracle.apps.xx03.ap.server.XX03PaymentSlipLinesEO.Segment6" />
      </AttrArray>
      <DesignTime>
         <Attr Name="_DBObjectName" Value="SYS_C00159796" />
         <Attr Name="_checkCondition" Value="&#34;SEGMENT6&#34; IS NOT NULL" />
         <Attr Name="_isCheck" Value="true" />
      </DesignTime>
   </Key>
   <Key
      Name="Xx03paymentsliplineseoPrimaryKey" >
      <AttrArray Name="Attributes">
         <Item Value="oracle.apps.xx03.ap.server.XX03PaymentSlipLinesEO.InvoiceLineId" />
      </AttrArray>
      <DesignTime>
         <Attr Name="_DBObjectName" Value="XX03PAYMENTSLIPLINESEO_PRIMARY" />
         <Attr Name="_isPrimary" Value="true" />
      </DesignTime>
   </Key>
   <Key
      Name="SysC00159790" >
      <AttrArray Name="Attributes">
         <Item Value="oracle.apps.xx03.ap.server.XX03PaymentSlipLinesEO.TaxCode" />
      </AttrArray>
      <DesignTime>
         <Attr Name="_DBObjectName" Value="SYS_C00159790" />
         <Attr Name="_checkCondition" Value="&#34;TAX_CODE&#34; IS NOT NULL" />
         <Attr Name="_isCheck" Value="true" />
      </DesignTime>
   </Key>
   <Key
      Name="SysC00159794" >
      <AttrArray Name="Attributes">
         <Item Value="oracle.apps.xx03.ap.server.XX03PaymentSlipLinesEO.Segment4" />
      </AttrArray>
      <DesignTime>
         <Attr Name="_DBObjectName" Value="SYS_C00159794" />
         <Attr Name="_checkCondition" Value="&#34;SEGMENT4&#34; IS NOT NULL" />
         <Attr Name="_isCheck" Value="true" />
      </DesignTime>
   </Key>
   <Key
      Name="SysC00159802" >
      <AttrArray Name="Attributes">
         <Item Value="oracle.apps.xx03.ap.server.XX03PaymentSlipLinesEO.LastUpdatedBy" />
      </AttrArray>
      <DesignTime>
         <Attr Name="_DBObjectName" Value="SYS_C00159802" />
         <Attr Name="_checkCondition" Value="&#34;LAST_UPDATED_BY&#34; IS NOT NULL" />
         <Attr Name="_isCheck" Value="true" />
      </DesignTime>
   </Key>
   <Key
      Name="SysC00158910" >
      <AttrArray Name="Attributes">
         <Item Value="oracle.apps.xx03.ap.server.XX03PaymentSlipLinesEO.InvoiceId" />
      </AttrArray>
      <DesignTime>
         <Attr Name="_DBObjectName" Value="SYS_C00158910" />
         <Attr Name="_checkCondition" Value="&#34;INVOICE_ID&#34; IS NOT NULL" />
         <Attr Name="_isCheck" Value="true" />
      </DesignTime>
   </Key>
   <Key
      Name="SysC00159789" >
      <AttrArray Name="Attributes">
         <Item Value="oracle.apps.xx03.ap.server.XX03PaymentSlipLinesEO.AmountIncludesTaxFlag" />
      </AttrArray>
      <DesignTime>
         <Attr Name="_DBObjectName" Value="SYS_C00159789" />
         <Attr Name="_checkCondition" Value="&#34;AMOUNT_INCLUDES_TAX_FLAG&#34; IS NOT NULL" />
         <Attr Name="_isCheck" Value="true" />
      </DesignTime>
   </Key>
   <Key
      Name="SysC00159797" >
      <AttrArray Name="Attributes">
         <Item Value="oracle.apps.xx03.ap.server.XX03PaymentSlipLinesEO.Segment7" />
      </AttrArray>
      <DesignTime>
         <Attr Name="_DBObjectName" Value="SYS_C00159797" />
         <Attr Name="_checkCondition" Value="&#34;SEGMENT7&#34; IS NOT NULL" />
         <Attr Name="_isCheck" Value="true" />
      </DesignTime>
   </Key>
   <Key
      Name="SysC00159784" >
      <AttrArray Name="Attributes">
         <Item Value="oracle.apps.xx03.ap.server.XX03PaymentSlipLinesEO.LineNumber" />
      </AttrArray>
      <DesignTime>
         <Attr Name="_DBObjectName" Value="SYS_C00159784" />
         <Attr Name="_checkCondition" Value="&#34;LINE_NUMBER&#34; IS NOT NULL" />
         <Attr Name="_isCheck" Value="true" />
      </DesignTime>
   </Key>
   <Key
      Name="SysC00159800" >
      <AttrArray Name="Attributes">
         <Item Value="oracle.apps.xx03.ap.server.XX03PaymentSlipLinesEO.CreatedBy" />
      </AttrArray>
      <DesignTime>
         <Attr Name="_DBObjectName" Value="SYS_C00159800" />
         <Attr Name="_checkCondition" Value="&#34;CREATED_BY&#34; IS NOT NULL" />
         <Attr Name="_isCheck" Value="true" />
      </DesignTime>
   </Key>
   <Key
      Name="SysC00159798" >
      <AttrArray Name="Attributes">
         <Item Value="oracle.apps.xx03.ap.server.XX03PaymentSlipLinesEO.Segment8" />
      </AttrArray>
      <DesignTime>
         <Attr Name="_DBObjectName" Value="SYS_C00159798" />
         <Attr Name="_checkCondition" Value="&#34;SEGMENT8&#34; IS NOT NULL" />
         <Attr Name="_isCheck" Value="true" />
      </DesignTime>
   </Key>
   <Key
      Name="SysC00159786" >
      <AttrArray Name="Attributes">
         <Item Value="oracle.apps.xx03.ap.server.XX03PaymentSlipLinesEO.EnteredAmount" />
      </AttrArray>
      <DesignTime>
         <Attr Name="_DBObjectName" Value="SYS_C00159786" />
         <Attr Name="_checkCondition" Value="&#34;ENTERED_AMOUNT&#34; IS NOT NULL" />
         <Attr Name="_isCheck" Value="true" />
      </DesignTime>
   </Key>
   <Key
      Name="SysC00159793" >
      <AttrArray Name="Attributes">
         <Item Value="oracle.apps.xx03.ap.server.XX03PaymentSlipLinesEO.Segment3" />
      </AttrArray>
      <DesignTime>
         <Attr Name="_DBObjectName" Value="SYS_C00159793" />
         <Attr Name="_checkCondition" Value="&#34;SEGMENT3&#34; IS NOT NULL" />
         <Attr Name="_isCheck" Value="true" />
      </DesignTime>
   </Key>
   <Key
      Name="SysC00159792" >
      <AttrArray Name="Attributes">
         <Item Value="oracle.apps.xx03.ap.server.XX03PaymentSlipLinesEO.Segment2" />
      </AttrArray>
      <DesignTime>
         <Attr Name="_DBObjectName" Value="SYS_C00159792" />
         <Attr Name="_checkCondition" Value="&#34;SEGMENT2&#34; IS NOT NULL" />
         <Attr Name="_isCheck" Value="true" />
      </DesignTime>
   </Key>
   <Key
      Name="SysC00158909" >
      <AttrArray Name="Attributes">
         <Item Value="oracle.apps.xx03.ap.server.XX03PaymentSlipLinesEO.InvoiceLineId" />
      </AttrArray>
      <DesignTime>
         <Attr Name="_DBObjectName" Value="SYS_C00158909" />
         <Attr Name="_checkCondition" Value="&#34;INVOICE_LINE_ID&#34; IS NOT NULL" />
         <Attr Name="_isCheck" Value="true" />
      </DesignTime>
   </Key>
   <Key
      Name="SysC00159801" >
      <AttrArray Name="Attributes">
         <Item Value="oracle.apps.xx03.ap.server.XX03PaymentSlipLinesEO.CreationDate" />
      </AttrArray>
      <DesignTime>
         <Attr Name="_DBObjectName" Value="SYS_C00159801" />
         <Attr Name="_checkCondition" Value="&#34;CREATION_DATE&#34; IS NOT NULL" />
         <Attr Name="_isCheck" Value="true" />
      </DesignTime>
   </Key>
   <Key
      Name="SysC00159785" >
      <AttrArray Name="Attributes">
         <Item Value="oracle.apps.xx03.ap.server.XX03PaymentSlipLinesEO.SlipLineType" />
      </AttrArray>
      <DesignTime>
         <Attr Name="_DBObjectName" Value="SYS_C00159785" />
         <Attr Name="_checkCondition" Value="&#34;SLIP_LINE_TYPE&#34; IS NOT NULL" />
         <Attr Name="_isCheck" Value="true" />
      </DesignTime>
   </Key>
   <Key
      Name="SysC00159782" >
      <AttrArray Name="Attributes">
         <Item Value="oracle.apps.xx03.ap.server.XX03PaymentSlipLinesEO.InvoiceLineId" />
      </AttrArray>
      <DesignTime>
         <Attr Name="_DBObjectName" Value="SYS_C00159782" />
         <Attr Name="_checkCondition" Value="&#34;INVOICE_LINE_ID&#34; IS NOT NULL" />
         <Attr Name="_isCheck" Value="true" />
      </DesignTime>
   </Key>
   <Key
      Name="Xx03PaymentSlipLinesPk" >
      <AttrArray Name="Attributes">
         <Item Value="oracle.apps.xx03.ap.server.XX03PaymentSlipLinesEO.InvoiceLineId" />
      </AttrArray>
      <DesignTime>
         <Attr Name="_DBObjectName" Value="XX03_PAYMENT_SLIP_LINES_PK" />
         <Attr Name="_isNotNull" Value="true" />
      </DesignTime>
   </Key>
</Entity>
