<?xml version="1.0" encoding='Shift_JIS'?>
<!DOCTYPE ViewObject SYSTEM "jbo_03_01.dtd">

<ViewObject
   Name="XX03GetConversionVO"
   BindingStyle="Oracle"
   CustomQuery="true"
   RowClass="oracle.apps.xx03.ap.server.XX03GetConversionVORowImpl"
   ComponentClass="oracle.apps.xx03.ap.server.XX03GetConversionVOImpl"
   MsgBundleClass="oracle.jbo.common.JboResourceBundle"
   UseGlueCode="false" >
   <SQLQuery><![CDATA[
SELECT XX03ConversionTypesLV.CONVERSION_TYPE, 
       XX03ConversionTypesLV.FROM_CURRENCY, 
       XX03ConversionTypesLV.USER_CONVERSION_TYPE, 
       XX03ConversionTypesLV.CONVERSION_DATE, 
       XX03ConversionTypesLV.CONVERSION_RATE 
  FROM XX03_CONVERSION_TYPES_LOV_V XX03ConversionTypesLV
 WHERE XX03ConversionTypesLV.CONVERSION_TYPE = :1
   AND XX03ConversionTypesLV.FROM_CURRENCY = :2
   AND TRUNC(XX03ConversionTypesLV.CONVERSION_DATE) = TRUNC(TO_DATE(:3,'yyyy/mm/dd'))
   ]]></SQLQuery>
   <DesignTime>
      <Attr Name="_isCodegen" Value="true" />
      <Attr Name="_version" Value="9.0.3.13.75" />
      <Attr Name="_CodeGenFlagNew" Value="36" />
   </DesignTime>
   <ViewAttribute
      Name="ConversionType"
      IsPersistent="false"
      Precision="30"
      Type="java.lang.String"
      AliasName="CONVERSION_TYPE"
      ColumnType="VARCHAR2"
      Expression="CONVERSION_TYPE"
      SQLType="VARCHAR" >
      <DesignTime>
         <Attr Name="_DisplaySize" Value="30" />
      </DesignTime>
   </ViewAttribute>
   <ViewAttribute
      Name="FromCurrency"
      IsPersistent="false"
      Precision="15"
      Type="java.lang.String"
      AliasName="FROM_CURRENCY"
      ColumnType="VARCHAR2"
      Expression="FROM_CURRENCY"
      SQLType="VARCHAR" >
      <DesignTime>
         <Attr Name="_DisplaySize" Value="15" />
      </DesignTime>
   </ViewAttribute>
   <ViewAttribute
      Name="UserConversionType"
      IsPersistent="false"
      Precision="30"
      Type="java.lang.String"
      AliasName="USER_CONVERSION_TYPE"
      ColumnType="VARCHAR2"
      Expression="USER_CONVERSION_TYPE"
      SQLType="VARCHAR" >
      <DesignTime>
         <Attr Name="_DisplaySize" Value="30" />
      </DesignTime>
   </ViewAttribute>
   <ViewAttribute
      Name="ConversionDate"
      IsPersistent="false"
      Type="oracle.jbo.domain.Date"
      AliasName="CONVERSION_DATE"
      ColumnType="VARCHAR2"
      Expression="CONVERSION_DATE"
      SQLType="DATE" >
      <DesignTime>
         <Attr Name="_DisplaySize" Value="7" />
      </DesignTime>
   </ViewAttribute>
   <ViewAttribute
      Name="ConversionRate"
      IsPersistent="false"
      Type="oracle.jbo.domain.Number"
      AliasName="CONVERSION_RATE"
      ColumnType="VARCHAR2"
      Expression="CONVERSION_RATE"
      SQLType="NUMERIC" >
      <DesignTime>
         <Attr Name="_DisplaySize" Value="22" />
      </DesignTime>
   </ViewAttribute>
</ViewObject>
