<?xml version="1.0" encoding='windows-31j'?>
<!DOCTYPE ViewObject SYSTEM "jbo_03_01.dtd">

<ViewObject
   Name="Xx03GetApMenuSlipTypeVO"
   BindingStyle="Oracle"
   CustomQuery="true"
   RowClass="oracle.apps.xx03.ap.server.Xx03GetApMenuSlipTypeVORowImpl"
   ComponentClass="oracle.apps.xx03.ap.server.Xx03GetApMenuSlipTypeVOImpl"
   MsgBundleClass="oracle.jbo.common.JboResourceBundle"
   UseGlueCode="false" >
   <SQLQuery><![CDATA[
select count(*) CNT
  from FND_FORM_FUNCTIONS FFF
 where (   upper(FFF.PARAMETERS) like '%&SLIPTYPECODE=' || :1
        or upper(FFF.PARAMETERS) like '%&SLIPTYPECODE=' || :2 || '&%'
        or upper(FFF.PARAMETERS) like 'SLIPTYPECODE='   || :3 || '&%'
        )
   and WEB_HTML_CALL = :4
   and exists(select '1'
                from (
                     (select X.FUNCTION_ID
                        from ( select MENU_ID        MENU_ID
                                    , SUB_MENU_ID    SUB_MENU_ID
                                    , FUNCTION_ID    FUNCTION_ID
                                 from FND_MENU_ENTRIES
                                where GRANT_FLAG = 'Y'
                                start with MENU_ID = (select MENU_ID from FND_RESPONSIBILITY where RESPONSIBILITY_ID  = xx00_global_pkg.resp_id)
                                connect by prior SUB_MENU_ID = MENU_ID
                              ) X
                       where X.FUNCTION_ID is not null
                      )
                     minus
                     (select B.ACTION_ID FUNCTION_ID
                        from FND_RESPONSIBILITY A
                           , FND_RESP_FUNCTIONS B
                       where A.RESPONSIBILITY_ID  = xx00_global_pkg.resp_id
                         and A.APPLICATION_ID     = xx00_global_pkg.resp_appl_id
                         and B.APPLICATION_ID     = A.APPLICATION_ID
                         and B.RESPONSIBILITY_ID  = A.RESPONSIBILITY_ID
                         and B.RULE_TYPE          = 'F'
                      )
                     minus
                     (select X.FUNCTION_ID
                        from ( select AA.MENU_ID
                                    , AA.SUB_MENU_ID
                                    , AA.FUNCTION_ID
                                 from ( ( select MENU_ID        MENU_ID
                                               , SUB_MENU_ID    SUB_MENU_ID
                                               , FUNCTION_ID    FUNCTION_ID
                                            from FND_MENU_ENTRIES
                                           where GRANT_FLAG = 'Y'
                                         )
                                        union all
                                        (select 0                MENU_ID
                                              , B.ACTION_ID      SUB_MENU_ID
                                              , null             FUNCTION_ID
                                           from FND_RESPONSIBILITY A
                                              , FND_RESP_FUNCTIONS B
                                          where A.RESPONSIBILITY_ID  = xx00_global_pkg.resp_id
                                            and A.APPLICATION_ID     = xx00_global_pkg.resp_appl_id
                                            and B.APPLICATION_ID     = A.APPLICATION_ID
                                            and B.RESPONSIBILITY_ID  = A.RESPONSIBILITY_ID
                                            and B.RULE_TYPE          = 'M'
                                         )
                                       ) AA
                                start with AA.MENU_ID = 0
                                connect by prior AA.SUB_MENU_ID = AA.MENU_ID
                              ) X
                      )
                      ) Y
              where Y.FUNCTION_ID = FFF.FUNCTION_ID
              )
   ]]></SQLQuery>
   <DesignTime>
      <Attr Name="_isCodegen" Value="true" />
      <Attr Name="_version" Value="9.0.3.13.75" />
      <Attr Name="_CodeGenFlagNew" Value="36" />
   </DesignTime>
   <ViewAttribute
      Name="Cnt"
      IsPersistent="false"
      Type="oracle.jbo.domain.Number"
      AliasName="CNT"
      ColumnType="VARCHAR2"
      Expression="CNT"
      SQLType="NUMERIC" >
      <DesignTime>
         <Attr Name="_DisplaySize" Value="22" />
      </DesignTime>
   </ViewAttribute>
</ViewObject>
