<?xml version="1.0" encoding='Shift_JIS'?>
<!DOCTYPE Entity SYSTEM "jbo_03_01.dtd">

<Entity
   Name="XX03IncrDecrReasonsLovVEO"
   DBObjectType="view"
   DBObjectName="XX03_INCR_DECR_REASONS_LOV_V"
   AliasName="XX03IncrDecrReasonsLovVEO"
   BindingStyle="Oracle"
   UseGlueCode="false"
   CodeGenFlag="4"
   RowClass="oracle.apps.xx03.ap.server.XX03IncrDecrReasonsLovVEOImpl"
   DefClass="oracle.apps.fnd.framework.server.OAEntityDefImpl"
   CollClass="oracle.apps.fnd.framework.server.OAEntityCache" >
   <DesignTime>
      <Attr Name="_isCodegen" Value="true" />
      <Attr Name="_version" Value="9.0.3.11.44" />
      <AttrArray Name="_publishEvents">
      </AttrArray>
   </DesignTime>
   <Attribute
      Name="RowId1"
      Type="oracle.jbo.domain.RowID"
      ColumnName="ROW_ID"
      ColumnType="ROWID"
      SQLType="VARCHAR"
      TableName="XX03_INCR_DECR_REASONS_LOV_V" >
      <DesignTime>
         <Attr Name="_DisplaySize" Value="1" />
      </DesignTime>
   </Attribute>
   <Attribute
      Name="FlexValueSetId"
      IsNotNull="true"
      Precision="10"
      Scale="0"
      Type="oracle.jbo.domain.Number"
      ColumnName="FLEX_VALUE_SET_ID"
      ColumnType="NUMBER"
      SQLType="NUMERIC"
      TableName="XX03_INCR_DECR_REASONS_LOV_V" >
      <DesignTime>
         <Attr Name="_DisplaySize" Value="22" />
      </DesignTime>
   </Attribute>
   <Attribute
      Name="FlexValueId"
      IsNotNull="true"
      Precision="15"
      Scale="0"
      Type="oracle.jbo.domain.Number"
      ColumnName="FLEX_VALUE_ID"
      ColumnType="NUMBER"
      SQLType="NUMERIC"
      TableName="XX03_INCR_DECR_REASONS_LOV_V"
      PrimaryKey="true" >
      <DesignTime>
         <Attr Name="_DisplaySize" Value="22" />
      </DesignTime>
   </Attribute>
   <Attribute
      Name="FlexValue"
      IsNotNull="true"
      Precision="150"
      Type="java.lang.String"
      ColumnName="FLEX_VALUE"
      ColumnType="VARCHAR2"
      SQLType="VARCHAR"
      TableName="XX03_INCR_DECR_REASONS_LOV_V" >
      <DesignTime>
         <Attr Name="_DisplaySize" Value="150" />
      </DesignTime>
   </Attribute>
   <Attribute
      Name="IncrDecrReasonsCol"
      Precision="4000"
      Type="java.lang.String"
      ColumnName="INCR_DECR_REASONS_COL"
      ColumnType="VARCHAR2"
      SQLType="VARCHAR"
      TableName="XX03_INCR_DECR_REASONS_LOV_V" >
      <DesignTime>
         <Attr Name="_DisplaySize" Value="4000" />
      </DesignTime>
   </Attribute>
   <Attribute
      Name="LastUpdateDate"
      IsNotNull="true"
      Type="oracle.jbo.domain.Date"
      ColumnName="LAST_UPDATE_DATE"
      ColumnType="DATE"
      SQLType="TIMESTAMP"
      TableName="XX03_INCR_DECR_REASONS_LOV_V" >
      <DesignTime>
         <Attr Name="_DisplaySize" Value="7" />
      </DesignTime>
   </Attribute>
   <Attribute
      Name="LastUpdatedBy"
      IsNotNull="true"
      Precision="15"
      Scale="0"
      Type="oracle.jbo.domain.Number"
      ColumnName="LAST_UPDATED_BY"
      ColumnType="NUMBER"
      SQLType="NUMERIC"
      TableName="XX03_INCR_DECR_REASONS_LOV_V" >
      <DesignTime>
         <Attr Name="_DisplaySize" Value="22" />
      </DesignTime>
   </Attribute>
   <Attribute
      Name="CreationDate"
      IsNotNull="true"
      Type="oracle.jbo.domain.Date"
      ColumnName="CREATION_DATE"
      ColumnType="DATE"
      SQLType="TIMESTAMP"
      TableName="XX03_INCR_DECR_REASONS_LOV_V" >
      <DesignTime>
         <Attr Name="_DisplaySize" Value="7" />
      </DesignTime>
   </Attribute>
   <Attribute
      Name="CreatedBy"
      IsNotNull="true"
      Precision="15"
      Scale="0"
      Type="oracle.jbo.domain.Number"
      ColumnName="CREATED_BY"
      ColumnType="NUMBER"
      SQLType="NUMERIC"
      TableName="XX03_INCR_DECR_REASONS_LOV_V" >
      <DesignTime>
         <Attr Name="_DisplaySize" Value="22" />
      </DesignTime>
   </Attribute>
   <Attribute
      Name="LastUpdateLogin"
      Precision="15"
      Scale="0"
      Type="oracle.jbo.domain.Number"
      ColumnName="LAST_UPDATE_LOGIN"
      ColumnType="NUMBER"
      SQLType="NUMERIC"
      TableName="XX03_INCR_DECR_REASONS_LOV_V" >
      <DesignTime>
         <Attr Name="_DisplaySize" Value="22" />
      </DesignTime>
   </Attribute>
   <Attribute
      Name="EnabledFlag"
      IsNotNull="true"
      Precision="1"
      Type="java.lang.String"
      ColumnName="ENABLED_FLAG"
      ColumnType="VARCHAR2"
      SQLType="VARCHAR"
      TableName="XX03_INCR_DECR_REASONS_LOV_V" >
      <DesignTime>
         <Attr Name="_DisplaySize" Value="1" />
      </DesignTime>
   </Attribute>
   <Attribute
      Name="SummaryFlag"
      IsNotNull="true"
      Precision="1"
      Type="java.lang.String"
      ColumnName="SUMMARY_FLAG"
      ColumnType="VARCHAR2"
      SQLType="VARCHAR"
      TableName="XX03_INCR_DECR_REASONS_LOV_V" >
      <DesignTime>
         <Attr Name="_DisplaySize" Value="1" />
      </DesignTime>
   </Attribute>
   <Attribute
      Name="StartDateActive"
      Type="oracle.jbo.domain.Date"
      ColumnName="START_DATE_ACTIVE"
      ColumnType="DATE"
      SQLType="TIMESTAMP"
      TableName="XX03_INCR_DECR_REASONS_LOV_V" >
      <DesignTime>
         <Attr Name="_DisplaySize" Value="7" />
      </DesignTime>
   </Attribute>
   <Attribute
      Name="EndDateActive"
      Type="oracle.jbo.domain.Date"
      ColumnName="END_DATE_ACTIVE"
      ColumnType="DATE"
      SQLType="TIMESTAMP"
      TableName="XX03_INCR_DECR_REASONS_LOV_V" >
      <DesignTime>
         <Attr Name="_DisplaySize" Value="7" />
      </DesignTime>
   </Attribute>
   <Attribute
      Name="ParentFlexValueLow"
      Precision="60"
      Type="java.lang.String"
      ColumnName="PARENT_FLEX_VALUE_LOW"
      ColumnType="VARCHAR2"
      SQLType="VARCHAR"
      TableName="XX03_INCR_DECR_REASONS_LOV_V" >
      <DesignTime>
         <Attr Name="_DisplaySize" Value="60" />
      </DesignTime>
   </Attribute>
   <Attribute
      Name="ParentFlexValueHigh"
      Precision="60"
      Type="java.lang.String"
      ColumnName="PARENT_FLEX_VALUE_HIGH"
      ColumnType="VARCHAR2"
      SQLType="VARCHAR"
      TableName="XX03_INCR_DECR_REASONS_LOV_V" >
      <DesignTime>
         <Attr Name="_DisplaySize" Value="60" />
      </DesignTime>
   </Attribute>
   <Attribute
      Name="StructuredHierarchyLevel"
      Precision="15"
      Scale="0"
      Type="oracle.jbo.domain.Number"
      ColumnName="STRUCTURED_HIERARCHY_LEVEL"
      ColumnType="NUMBER"
      SQLType="NUMERIC"
      TableName="XX03_INCR_DECR_REASONS_LOV_V" >
      <DesignTime>
         <Attr Name="_DisplaySize" Value="22" />
      </DesignTime>
   </Attribute>
   <Attribute
      Name="HierarchyLevel"
      Precision="30"
      Type="java.lang.String"
      ColumnName="HIERARCHY_LEVEL"
      ColumnType="VARCHAR2"
      SQLType="VARCHAR"
      TableName="XX03_INCR_DECR_REASONS_LOV_V" >
      <DesignTime>
         <Attr Name="_DisplaySize" Value="30" />
      </DesignTime>
   </Attribute>
   <Attribute
      Name="CompiledValueAttributes"
      Precision="2000"
      Type="java.lang.String"
      ColumnName="COMPILED_VALUE_ATTRIBUTES"
      ColumnType="VARCHAR2"
      SQLType="VARCHAR"
      TableName="XX03_INCR_DECR_REASONS_LOV_V" >
      <DesignTime>
         <Attr Name="_DisplaySize" Value="2000" />
      </DesignTime>
   </Attribute>
   <Attribute
      Name="ValueCategory"
      Precision="30"
      Type="java.lang.String"
      ColumnName="VALUE_CATEGORY"
      ColumnType="VARCHAR2"
      SQLType="VARCHAR"
      TableName="XX03_INCR_DECR_REASONS_LOV_V" >
      <DesignTime>
         <Attr Name="_DisplaySize" Value="30" />
      </DesignTime>
   </Attribute>
   <Attribute
      Name="Attribute1"
      Precision="240"
      Type="java.lang.String"
      ColumnName="ATTRIBUTE1"
      ColumnType="VARCHAR2"
      SQLType="VARCHAR"
      TableName="XX03_INCR_DECR_REASONS_LOV_V" >
      <DesignTime>
         <Attr Name="_DisplaySize" Value="240" />
      </DesignTime>
   </Attribute>
   <Attribute
      Name="Attribute2"
      Precision="240"
      Type="java.lang.String"
      ColumnName="ATTRIBUTE2"
      ColumnType="VARCHAR2"
      SQLType="VARCHAR"
      TableName="XX03_INCR_DECR_REASONS_LOV_V" >
      <DesignTime>
         <Attr Name="_DisplaySize" Value="240" />
      </DesignTime>
   </Attribute>
   <Attribute
      Name="Attribute3"
      Precision="240"
      Type="java.lang.String"
      ColumnName="ATTRIBUTE3"
      ColumnType="VARCHAR2"
      SQLType="VARCHAR"
      TableName="XX03_INCR_DECR_REASONS_LOV_V" >
      <DesignTime>
         <Attr Name="_DisplaySize" Value="240" />
      </DesignTime>
   </Attribute>
   <Attribute
      Name="Attribute4"
      Precision="240"
      Type="java.lang.String"
      ColumnName="ATTRIBUTE4"
      ColumnType="VARCHAR2"
      SQLType="VARCHAR"
      TableName="XX03_INCR_DECR_REASONS_LOV_V" >
      <DesignTime>
         <Attr Name="_DisplaySize" Value="240" />
      </DesignTime>
   </Attribute>
   <Attribute
      Name="Attribute5"
      Precision="240"
      Type="java.lang.String"
      ColumnName="ATTRIBUTE5"
      ColumnType="VARCHAR2"
      SQLType="VARCHAR"
      TableName="XX03_INCR_DECR_REASONS_LOV_V" >
      <DesignTime>
         <Attr Name="_DisplaySize" Value="240" />
      </DesignTime>
   </Attribute>
   <Attribute
      Name="Attribute6"
      Precision="240"
      Type="java.lang.String"
      ColumnName="ATTRIBUTE6"
      ColumnType="VARCHAR2"
      SQLType="VARCHAR"
      TableName="XX03_INCR_DECR_REASONS_LOV_V" >
      <DesignTime>
         <Attr Name="_DisplaySize" Value="240" />
      </DesignTime>
   </Attribute>
   <Attribute
      Name="Attribute7"
      Precision="240"
      Type="java.lang.String"
      ColumnName="ATTRIBUTE7"
      ColumnType="VARCHAR2"
      SQLType="VARCHAR"
      TableName="XX03_INCR_DECR_REASONS_LOV_V" >
      <DesignTime>
         <Attr Name="_DisplaySize" Value="240" />
      </DesignTime>
   </Attribute>
   <Attribute
      Name="Attribute8"
      Precision="240"
      Type="java.lang.String"
      ColumnName="ATTRIBUTE8"
      ColumnType="VARCHAR2"
      SQLType="VARCHAR"
      TableName="XX03_INCR_DECR_REASONS_LOV_V" >
      <DesignTime>
         <Attr Name="_DisplaySize" Value="240" />
      </DesignTime>
   </Attribute>
   <Attribute
      Name="Attribute9"
      Precision="240"
      Type="java.lang.String"
      ColumnName="ATTRIBUTE9"
      ColumnType="VARCHAR2"
      SQLType="VARCHAR"
      TableName="XX03_INCR_DECR_REASONS_LOV_V" >
      <DesignTime>
         <Attr Name="_DisplaySize" Value="240" />
      </DesignTime>
   </Attribute>
   <Attribute
      Name="Attribute10"
      Precision="240"
      Type="java.lang.String"
      ColumnName="ATTRIBUTE10"
      ColumnType="VARCHAR2"
      SQLType="VARCHAR"
      TableName="XX03_INCR_DECR_REASONS_LOV_V" >
      <DesignTime>
         <Attr Name="_DisplaySize" Value="240" />
      </DesignTime>
   </Attribute>
   <Attribute
      Name="Attribute11"
      Precision="240"
      Type="java.lang.String"
      ColumnName="ATTRIBUTE11"
      ColumnType="VARCHAR2"
      SQLType="VARCHAR"
      TableName="XX03_INCR_DECR_REASONS_LOV_V" >
      <DesignTime>
         <Attr Name="_DisplaySize" Value="240" />
      </DesignTime>
   </Attribute>
   <Attribute
      Name="Attribute12"
      Precision="240"
      Type="java.lang.String"
      ColumnName="ATTRIBUTE12"
      ColumnType="VARCHAR2"
      SQLType="VARCHAR"
      TableName="XX03_INCR_DECR_REASONS_LOV_V" >
      <DesignTime>
         <Attr Name="_DisplaySize" Value="240" />
      </DesignTime>
   </Attribute>
   <Attribute
      Name="Attribute13"
      Precision="240"
      Type="java.lang.String"
      ColumnName="ATTRIBUTE13"
      ColumnType="VARCHAR2"
      SQLType="VARCHAR"
      TableName="XX03_INCR_DECR_REASONS_LOV_V" >
      <DesignTime>
         <Attr Name="_DisplaySize" Value="240" />
      </DesignTime>
   </Attribute>
   <Attribute
      Name="Attribute14"
      Precision="240"
      Type="java.lang.String"
      ColumnName="ATTRIBUTE14"
      ColumnType="VARCHAR2"
      SQLType="VARCHAR"
      TableName="XX03_INCR_DECR_REASONS_LOV_V" >
      <DesignTime>
         <Attr Name="_DisplaySize" Value="240" />
      </DesignTime>
   </Attribute>
   <Attribute
      Name="Attribute15"
      Precision="240"
      Type="java.lang.String"
      ColumnName="ATTRIBUTE15"
      ColumnType="VARCHAR2"
      SQLType="VARCHAR"
      TableName="XX03_INCR_DECR_REASONS_LOV_V" >
      <DesignTime>
         <Attr Name="_DisplaySize" Value="240" />
      </DesignTime>
   </Attribute>
   <Attribute
      Name="Attribute16"
      Precision="240"
      Type="java.lang.String"
      ColumnName="ATTRIBUTE16"
      ColumnType="VARCHAR2"
      SQLType="VARCHAR"
      TableName="XX03_INCR_DECR_REASONS_LOV_V" >
      <DesignTime>
         <Attr Name="_DisplaySize" Value="240" />
      </DesignTime>
   </Attribute>
   <Attribute
      Name="Attribute17"
      Precision="240"
      Type="java.lang.String"
      ColumnName="ATTRIBUTE17"
      ColumnType="VARCHAR2"
      SQLType="VARCHAR"
      TableName="XX03_INCR_DECR_REASONS_LOV_V" >
      <DesignTime>
         <Attr Name="_DisplaySize" Value="240" />
      </DesignTime>
   </Attribute>
   <Attribute
      Name="Attribute18"
      Precision="240"
      Type="java.lang.String"
      ColumnName="ATTRIBUTE18"
      ColumnType="VARCHAR2"
      SQLType="VARCHAR"
      TableName="XX03_INCR_DECR_REASONS_LOV_V" >
      <DesignTime>
         <Attr Name="_DisplaySize" Value="240" />
      </DesignTime>
   </Attribute>
   <Attribute
      Name="Attribute19"
      Precision="240"
      Type="java.lang.String"
      ColumnName="ATTRIBUTE19"
      ColumnType="VARCHAR2"
      SQLType="VARCHAR"
      TableName="XX03_INCR_DECR_REASONS_LOV_V" >
      <DesignTime>
         <Attr Name="_DisplaySize" Value="240" />
      </DesignTime>
   </Attribute>
   <Attribute
      Name="Attribute20"
      Precision="240"
      Type="java.lang.String"
      ColumnName="ATTRIBUTE20"
      ColumnType="VARCHAR2"
      SQLType="VARCHAR"
      TableName="XX03_INCR_DECR_REASONS_LOV_V" >
      <DesignTime>
         <Attr Name="_DisplaySize" Value="240" />
      </DesignTime>
   </Attribute>
   <Attribute
      Name="Attribute21"
      Precision="240"
      Type="java.lang.String"
      ColumnName="ATTRIBUTE21"
      ColumnType="VARCHAR2"
      SQLType="VARCHAR"
      TableName="XX03_INCR_DECR_REASONS_LOV_V" >
      <DesignTime>
         <Attr Name="_DisplaySize" Value="240" />
      </DesignTime>
   </Attribute>
   <Attribute
      Name="Attribute22"
      Precision="240"
      Type="java.lang.String"
      ColumnName="ATTRIBUTE22"
      ColumnType="VARCHAR2"
      SQLType="VARCHAR"
      TableName="XX03_INCR_DECR_REASONS_LOV_V" >
      <DesignTime>
         <Attr Name="_DisplaySize" Value="240" />
      </DesignTime>
   </Attribute>
   <Attribute
      Name="Attribute23"
      Precision="240"
      Type="java.lang.String"
      ColumnName="ATTRIBUTE23"
      ColumnType="VARCHAR2"
      SQLType="VARCHAR"
      TableName="XX03_INCR_DECR_REASONS_LOV_V" >
      <DesignTime>
         <Attr Name="_DisplaySize" Value="240" />
      </DesignTime>
   </Attribute>
   <Attribute
      Name="Attribute24"
      Precision="240"
      Type="java.lang.String"
      ColumnName="ATTRIBUTE24"
      ColumnType="VARCHAR2"
      SQLType="VARCHAR"
      TableName="XX03_INCR_DECR_REASONS_LOV_V" >
      <DesignTime>
         <Attr Name="_DisplaySize" Value="240" />
      </DesignTime>
   </Attribute>
   <Attribute
      Name="Attribute25"
      Precision="240"
      Type="java.lang.String"
      ColumnName="ATTRIBUTE25"
      ColumnType="VARCHAR2"
      SQLType="VARCHAR"
      TableName="XX03_INCR_DECR_REASONS_LOV_V" >
      <DesignTime>
         <Attr Name="_DisplaySize" Value="240" />
      </DesignTime>
   </Attribute>
   <Attribute
      Name="Attribute26"
      Precision="240"
      Type="java.lang.String"
      ColumnName="ATTRIBUTE26"
      ColumnType="VARCHAR2"
      SQLType="VARCHAR"
      TableName="XX03_INCR_DECR_REASONS_LOV_V" >
      <DesignTime>
         <Attr Name="_DisplaySize" Value="240" />
      </DesignTime>
   </Attribute>
   <Attribute
      Name="Attribute27"
      Precision="240"
      Type="java.lang.String"
      ColumnName="ATTRIBUTE27"
      ColumnType="VARCHAR2"
      SQLType="VARCHAR"
      TableName="XX03_INCR_DECR_REASONS_LOV_V" >
      <DesignTime>
         <Attr Name="_DisplaySize" Value="240" />
      </DesignTime>
   </Attribute>
   <Attribute
      Name="Attribute28"
      Precision="240"
      Type="java.lang.String"
      ColumnName="ATTRIBUTE28"
      ColumnType="VARCHAR2"
      SQLType="VARCHAR"
      TableName="XX03_INCR_DECR_REASONS_LOV_V" >
      <DesignTime>
         <Attr Name="_DisplaySize" Value="240" />
      </DesignTime>
   </Attribute>
   <Attribute
      Name="Attribute29"
      Precision="240"
      Type="java.lang.String"
      ColumnName="ATTRIBUTE29"
      ColumnType="VARCHAR2"
      SQLType="VARCHAR"
      TableName="XX03_INCR_DECR_REASONS_LOV_V" >
      <DesignTime>
         <Attr Name="_DisplaySize" Value="240" />
      </DesignTime>
   </Attribute>
   <Attribute
      Name="Attribute30"
      Precision="240"
      Type="java.lang.String"
      ColumnName="ATTRIBUTE30"
      ColumnType="VARCHAR2"
      SQLType="VARCHAR"
      TableName="XX03_INCR_DECR_REASONS_LOV_V" >
      <DesignTime>
         <Attr Name="_DisplaySize" Value="240" />
      </DesignTime>
   </Attribute>
   <Attribute
      Name="Attribute31"
      Precision="240"
      Type="java.lang.String"
      ColumnName="ATTRIBUTE31"
      ColumnType="VARCHAR2"
      SQLType="VARCHAR"
      TableName="XX03_INCR_DECR_REASONS_LOV_V" >
      <DesignTime>
         <Attr Name="_DisplaySize" Value="240" />
      </DesignTime>
   </Attribute>
   <Attribute
      Name="Attribute32"
      Precision="240"
      Type="java.lang.String"
      ColumnName="ATTRIBUTE32"
      ColumnType="VARCHAR2"
      SQLType="VARCHAR"
      TableName="XX03_INCR_DECR_REASONS_LOV_V" >
      <DesignTime>
         <Attr Name="_DisplaySize" Value="240" />
      </DesignTime>
   </Attribute>
   <Attribute
      Name="Attribute33"
      Precision="240"
      Type="java.lang.String"
      ColumnName="ATTRIBUTE33"
      ColumnType="VARCHAR2"
      SQLType="VARCHAR"
      TableName="XX03_INCR_DECR_REASONS_LOV_V" >
      <DesignTime>
         <Attr Name="_DisplaySize" Value="240" />
      </DesignTime>
   </Attribute>
   <Attribute
      Name="Attribute34"
      Precision="240"
      Type="java.lang.String"
      ColumnName="ATTRIBUTE34"
      ColumnType="VARCHAR2"
      SQLType="VARCHAR"
      TableName="XX03_INCR_DECR_REASONS_LOV_V" >
      <DesignTime>
         <Attr Name="_DisplaySize" Value="240" />
      </DesignTime>
   </Attribute>
   <Attribute
      Name="Attribute35"
      Precision="240"
      Type="java.lang.String"
      ColumnName="ATTRIBUTE35"
      ColumnType="VARCHAR2"
      SQLType="VARCHAR"
      TableName="XX03_INCR_DECR_REASONS_LOV_V" >
      <DesignTime>
         <Attr Name="_DisplaySize" Value="240" />
      </DesignTime>
   </Attribute>
   <Attribute
      Name="Attribute36"
      Precision="240"
      Type="java.lang.String"
      ColumnName="ATTRIBUTE36"
      ColumnType="VARCHAR2"
      SQLType="VARCHAR"
      TableName="XX03_INCR_DECR_REASONS_LOV_V" >
      <DesignTime>
         <Attr Name="_DisplaySize" Value="240" />
      </DesignTime>
   </Attribute>
   <Attribute
      Name="Attribute37"
      Precision="240"
      Type="java.lang.String"
      ColumnName="ATTRIBUTE37"
      ColumnType="VARCHAR2"
      SQLType="VARCHAR"
      TableName="XX03_INCR_DECR_REASONS_LOV_V" >
      <DesignTime>
         <Attr Name="_DisplaySize" Value="240" />
      </DesignTime>
   </Attribute>
   <Attribute
      Name="Attribute38"
      Precision="240"
      Type="java.lang.String"
      ColumnName="ATTRIBUTE38"
      ColumnType="VARCHAR2"
      SQLType="VARCHAR"
      TableName="XX03_INCR_DECR_REASONS_LOV_V" >
      <DesignTime>
         <Attr Name="_DisplaySize" Value="240" />
      </DesignTime>
   </Attribute>
   <Attribute
      Name="Attribute39"
      Precision="240"
      Type="java.lang.String"
      ColumnName="ATTRIBUTE39"
      ColumnType="VARCHAR2"
      SQLType="VARCHAR"
      TableName="XX03_INCR_DECR_REASONS_LOV_V" >
      <DesignTime>
         <Attr Name="_DisplaySize" Value="240" />
      </DesignTime>
   </Attribute>
   <Attribute
      Name="Attribute40"
      Precision="240"
      Type="java.lang.String"
      ColumnName="ATTRIBUTE40"
      ColumnType="VARCHAR2"
      SQLType="VARCHAR"
      TableName="XX03_INCR_DECR_REASONS_LOV_V" >
      <DesignTime>
         <Attr Name="_DisplaySize" Value="240" />
      </DesignTime>
   </Attribute>
   <Attribute
      Name="Attribute41"
      Precision="240"
      Type="java.lang.String"
      ColumnName="ATTRIBUTE41"
      ColumnType="VARCHAR2"
      SQLType="VARCHAR"
      TableName="XX03_INCR_DECR_REASONS_LOV_V" >
      <DesignTime>
         <Attr Name="_DisplaySize" Value="240" />
      </DesignTime>
   </Attribute>
   <Attribute
      Name="Attribute42"
      Precision="240"
      Type="java.lang.String"
      ColumnName="ATTRIBUTE42"
      ColumnType="VARCHAR2"
      SQLType="VARCHAR"
      TableName="XX03_INCR_DECR_REASONS_LOV_V" >
      <DesignTime>
         <Attr Name="_DisplaySize" Value="240" />
      </DesignTime>
   </Attribute>
   <Attribute
      Name="Attribute43"
      Precision="240"
      Type="java.lang.String"
      ColumnName="ATTRIBUTE43"
      ColumnType="VARCHAR2"
      SQLType="VARCHAR"
      TableName="XX03_INCR_DECR_REASONS_LOV_V" >
      <DesignTime>
         <Attr Name="_DisplaySize" Value="240" />
      </DesignTime>
   </Attribute>
   <Attribute
      Name="Attribute44"
      Precision="240"
      Type="java.lang.String"
      ColumnName="ATTRIBUTE44"
      ColumnType="VARCHAR2"
      SQLType="VARCHAR"
      TableName="XX03_INCR_DECR_REASONS_LOV_V" >
      <DesignTime>
         <Attr Name="_DisplaySize" Value="240" />
      </DesignTime>
   </Attribute>
   <Attribute
      Name="Attribute45"
      Precision="240"
      Type="java.lang.String"
      ColumnName="ATTRIBUTE45"
      ColumnType="VARCHAR2"
      SQLType="VARCHAR"
      TableName="XX03_INCR_DECR_REASONS_LOV_V" >
      <DesignTime>
         <Attr Name="_DisplaySize" Value="240" />
      </DesignTime>
   </Attribute>
   <Attribute
      Name="Attribute46"
      Precision="240"
      Type="java.lang.String"
      ColumnName="ATTRIBUTE46"
      ColumnType="VARCHAR2"
      SQLType="VARCHAR"
      TableName="XX03_INCR_DECR_REASONS_LOV_V" >
      <DesignTime>
         <Attr Name="_DisplaySize" Value="240" />
      </DesignTime>
   </Attribute>
   <Attribute
      Name="Attribute47"
      Precision="240"
      Type="java.lang.String"
      ColumnName="ATTRIBUTE47"
      ColumnType="VARCHAR2"
      SQLType="VARCHAR"
      TableName="XX03_INCR_DECR_REASONS_LOV_V" >
      <DesignTime>
         <Attr Name="_DisplaySize" Value="240" />
      </DesignTime>
   </Attribute>
   <Attribute
      Name="Attribute48"
      Precision="240"
      Type="java.lang.String"
      ColumnName="ATTRIBUTE48"
      ColumnType="VARCHAR2"
      SQLType="VARCHAR"
      TableName="XX03_INCR_DECR_REASONS_LOV_V" >
      <DesignTime>
         <Attr Name="_DisplaySize" Value="240" />
      </DesignTime>
   </Attribute>
   <Attribute
      Name="Attribute49"
      Precision="240"
      Type="java.lang.String"
      ColumnName="ATTRIBUTE49"
      ColumnType="VARCHAR2"
      SQLType="VARCHAR"
      TableName="XX03_INCR_DECR_REASONS_LOV_V" >
      <DesignTime>
         <Attr Name="_DisplaySize" Value="240" />
      </DesignTime>
   </Attribute>
   <Attribute
      Name="Attribute50"
      Precision="240"
      Type="java.lang.String"
      ColumnName="ATTRIBUTE50"
      ColumnType="VARCHAR2"
      SQLType="VARCHAR"
      TableName="XX03_INCR_DECR_REASONS_LOV_V" >
      <DesignTime>
         <Attr Name="_DisplaySize" Value="240" />
      </DesignTime>
   </Attribute>
   <Attribute
      Name="FlexValueMeaning"
      IsNotNull="true"
      Precision="150"
      Type="java.lang.String"
      ColumnName="FLEX_VALUE_MEANING"
      ColumnType="VARCHAR2"
      SQLType="VARCHAR"
      TableName="XX03_INCR_DECR_REASONS_LOV_V" >
      <DesignTime>
         <Attr Name="_DisplaySize" Value="150" />
      </DesignTime>
   </Attribute>
   <Attribute
      Name="Description"
      Precision="240"
      Type="java.lang.String"
      ColumnName="DESCRIPTION"
      ColumnType="VARCHAR2"
      SQLType="VARCHAR"
      TableName="XX03_INCR_DECR_REASONS_LOV_V" >
      <DesignTime>
         <Attr Name="_DisplaySize" Value="240" />
      </DesignTime>
   </Attribute>
   <Key
      Name="Xx03incrdecrreasonslovveoPrimaryKey" >
      <AttrArray Name="Attributes">
         <Item Value="oracle.apps.xx03.ap.server.XX03IncrDecrReasonsLovVEO.FlexValueId" />
      </AttrArray>
      <DesignTime>
         <Attr Name="_DBObjectName" Value="XX03INCRDECRREASONSLOVVEO_PRIM" />
         <Attr Name="_isPrimary" Value="true" />
      </DesignTime>
   </Key>
</Entity>
