<?xml version="1.0" encoding='Shift_JIS'?>
<!DOCTYPE ViewObject SYSTEM "jbo_03_01.dtd">

<ViewObject
   Name="XX03GetBankInfoVO"
   BindingStyle="Oracle"
   CustomQuery="true"
   RowClass="oracle.apps.xx03.ap.server.XX03GetBankInfoVORowImpl"
   ComponentClass="oracle.apps.xx03.ap.server.XX03GetBankInfoVOImpl"
   MsgBundleClass="oracle.jbo.common.JboResourceBundle"
   UseGlueCode="false" >
   <SQLQuery><![CDATA[
SELECT XX03VendorSitesLV.VENDOR_SITE_ID, 
       XX03VendorSitesLV.VENDOR_ID, 
       XX03VendorSitesLV.BANK_FULL_NAME
  FROM XX03_VENDOR_SITES_LOV_V XX03VendorSitesLV
 WHERE XX03VendorSitesLV.VENDOR_SITE_ID = :1
   ]]></SQLQuery>
   <DesignTime>
      <Attr Name="_isCodegen" Value="true" />
      <Attr Name="_version" Value="9.0.3.13.75" />
      <Attr Name="_CodeGenFlagNew" Value="36" />
   </DesignTime>
   <ViewAttribute
      Name="VendorSiteId"
      IsPersistent="false"
      IsNotNull="true"
      Type="oracle.jbo.domain.Number"
      AliasName="VENDOR_SITE_ID"
      ColumnType="VARCHAR2"
      Expression="VENDOR_SITE_ID"
      SQLType="NUMERIC" >
      <DesignTime>
         <Attr Name="_DisplaySize" Value="22" />
      </DesignTime>
   </ViewAttribute>
   <ViewAttribute
      Name="VendorId"
      IsPersistent="false"
      IsNotNull="true"
      Type="oracle.jbo.domain.Number"
      AliasName="VENDOR_ID"
      ColumnType="VARCHAR2"
      Expression="VENDOR_ID"
      SQLType="NUMERIC" >
      <DesignTime>
         <Attr Name="_DisplaySize" Value="22" />
      </DesignTime>
   </ViewAttribute>
   <ViewAttribute
      Name="BankFullName"
      IsPersistent="false"
      Precision="159"
      Type="java.lang.String"
      AliasName="BANK_FULL_NAME"
      ColumnType="VARCHAR2"
      Expression="BANK_FULL_NAME"
      SQLType="VARCHAR" >
      <DesignTime>
         <Attr Name="_DisplaySize" Value="159" />
      </DesignTime>
   </ViewAttribute>
</ViewObject>
