<?xml version="1.0" encoding='Shift_JIS'?>
<!DOCTYPE ViewObject SYSTEM "jbo_03_01.dtd">

<ViewObject
   Name="XX03GetPrepaymentVO"
   BindingStyle="Oracle"
   CustomQuery="true"
   RowClass="oracle.apps.xx03.ap.server.XX03GetPrepaymentVORowImpl"
   ComponentClass="oracle.apps.xx03.ap.server.XX03GetPrepaymentVOImpl"
   MsgBundleClass="oracle.jbo.common.JboResourceBundle"
   UseGlueCode="false" >
   <SQLQuery><![CDATA[
SELECT XX03PrepaymentLV.INVOICE_NUM, 
       XX03PrepaymentLV.PREPAY_AMOUNT_APPLIED_DISP, 
       XX03PrepaymentLV.INVOICE_CURRENCY_CODE, 
       XX03PrepaymentLV.ATTRIBUTE2, 
       XX03PrepaymentLV.INVOICE_DATE, 
       XX03PrepaymentLV.DESCRIPTION, 
       XX03PrepaymentLV.VENDOR_ID, 
       XX03PrepaymentLV.PREPAY_AMOUNT_APPLIED, 
       XX03PrepaymentLV.INVOICE_ID
  FROM XX03_PREPAYMENT_LOV_V XX03PrepaymentLV
 WHERE XX03PrepaymentLV.INVOICE_NUM = :1
   ]]></SQLQuery>
   <DesignTime>
      <Attr Name="_isCodegen" Value="true" />
      <Attr Name="_version" Value="9.0.3.13.75" />
      <Attr Name="_CodeGenFlagNew" Value="36" />
   </DesignTime>
   <ViewAttribute
      Name="InvoiceNum"
      IsPersistent="false"
      IsNotNull="true"
      Precision="50"
      Type="java.lang.String"
      AliasName="INVOICE_NUM"
      ColumnType="VARCHAR2"
      Expression="INVOICE_NUM"
      SQLType="VARCHAR" >
      <DesignTime>
         <Attr Name="_DisplaySize" Value="50" />
      </DesignTime>
   </ViewAttribute>
   <ViewAttribute
      Name="PrepayAmountAppliedDisp"
      IsPersistent="false"
      Precision="4000"
      Type="java.lang.String"
      AliasName="PREPAY_AMOUNT_APPLIED_DISP"
      ColumnType="VARCHAR2"
      Expression="PREPAY_AMOUNT_APPLIED_DISP"
      SQLType="VARCHAR" >
      <DesignTime>
         <Attr Name="_DisplaySize" Value="4000" />
      </DesignTime>
   </ViewAttribute>
   <ViewAttribute
      Name="InvoiceCurrencyCode"
      IsPersistent="false"
      IsNotNull="true"
      Precision="15"
      Type="java.lang.String"
      AliasName="INVOICE_CURRENCY_CODE"
      ColumnType="VARCHAR2"
      Expression="INVOICE_CURRENCY_CODE"
      SQLType="VARCHAR" >
      <DesignTime>
         <Attr Name="_DisplaySize" Value="15" />
      </DesignTime>
   </ViewAttribute>
   <ViewAttribute
      Name="Attribute2"
      IsPersistent="false"
      Precision="150"
      Type="java.lang.String"
      AliasName="ATTRIBUTE2"
      ColumnType="VARCHAR2"
      Expression="ATTRIBUTE2"
      SQLType="VARCHAR" >
      <DesignTime>
         <Attr Name="_DisplaySize" Value="150" />
      </DesignTime>
   </ViewAttribute>
   <ViewAttribute
      Name="InvoiceDate"
      IsPersistent="false"
      Type="oracle.jbo.domain.Date"
      AliasName="INVOICE_DATE"
      ColumnType="VARCHAR2"
      Expression="INVOICE_DATE"
      SQLType="DATE" >
      <DesignTime>
         <Attr Name="_DisplaySize" Value="7" />
      </DesignTime>
   </ViewAttribute>
   <ViewAttribute
      Name="Description"
      IsPersistent="false"
      Precision="240"
      Type="java.lang.String"
      AliasName="DESCRIPTION"
      ColumnType="VARCHAR2"
      Expression="DESCRIPTION"
      SQLType="VARCHAR" >
      <DesignTime>
         <Attr Name="_DisplaySize" Value="240" />
      </DesignTime>
   </ViewAttribute>
   <ViewAttribute
      Name="VendorId"
      IsPersistent="false"
      IsNotNull="true"
      Precision="15"
      Scale="0"
      Type="oracle.jbo.domain.Number"
      AliasName="VENDOR_ID"
      ColumnType="VARCHAR2"
      Expression="VENDOR_ID"
      SQLType="NUMERIC" >
      <DesignTime>
         <Attr Name="_DisplaySize" Value="22" />
      </DesignTime>
   </ViewAttribute>
   <ViewAttribute
      Name="PrepayAmountApplied"
      IsPersistent="false"
      Type="oracle.jbo.domain.Number"
      AliasName="PREPAY_AMOUNT_APPLIED"
      ColumnType="VARCHAR2"
      Expression="PREPAY_AMOUNT_APPLIED"
      SQLType="NUMERIC" >
      <DesignTime>
         <Attr Name="_DisplaySize" Value="22" />
      </DesignTime>
   </ViewAttribute>
   <ViewAttribute
      Name="InvoiceId"
      IsPersistent="false"
      IsNotNull="true"
      Precision="15"
      Scale="0"
      Type="oracle.jbo.domain.Number"
      AliasName="INVOICE_ID"
      ColumnType="VARCHAR2"
      Expression="INVOICE_ID"
      SQLType="NUMERIC" >
      <DesignTime>
         <Attr Name="_DisplaySize" Value="22" />
      </DesignTime>
   </ViewAttribute>
</ViewObject>
