<?xml version="1.0" encoding='windows-31j'?>
<!DOCTYPE AppModule SYSTEM "jbo_03_01.dtd">

<AppModule
   Name="XX03ApInvoiceInputAM"
   ComponentClass="oracle.apps.xx03.ap.server.XX03ApInvoiceInputAMImpl" >
   <DesignTime>
      <Attr Name="_isCodegen" Value="true" />
      <Attr Name="_version" Value="9.0.3.13.75" />
      <Attr Name="_deployType" Value="0" />
   </DesignTime>
   <ViewUsage
      Name="XX03PaymentSlipsVO1"
      ViewObjectName="oracle.apps.xx03.ap.server.XX03PaymentSlipsVO" >
   </ViewUsage>
   <ViewUsage
      Name="XX03PaymentSlipLinesVO1"
      ViewObjectName="oracle.apps.xx03.ap.server.XX03PaymentSlipLinesVO" >
   </ViewUsage>
   <ViewUsage
      Name="XX03VendorBankInfoVO1"
      ViewObjectName="oracle.apps.xx03.ap.server.XX03VendorBankInfoVO" >
   </ViewUsage>
   <ViewUsage
      Name="XX03EntryUserInfoVO1"
      ViewObjectName="oracle.apps.xx03.ap.server.XX03EntryUserInfoVO" >
   </ViewUsage>
   <ViewUsage
      Name="XX03GetDefaultApproverVO1"
      ViewObjectName="oracle.apps.xx03.ap.server.XX03GetDefaultApproverVO" >
   </ViewUsage>
   <ViewUsage
      Name="XX03GetSlipTypeVO1"
      ViewObjectName="oracle.apps.xx03.ap.server.XX03GetSlipTypeVO" >
   </ViewUsage>
   <ViewUsage
      Name="XX03GetBankInfoVO1"
      ViewObjectName="oracle.apps.xx03.ap.server.XX03GetBankInfoVO" >
   </ViewUsage>
   <ViewUsage
      Name="XX03GetTaxVO1"
      ViewObjectName="oracle.apps.xx03.ap.server.XX03GetTaxVO" >
   </ViewUsage>
   <ViewUsage
      Name="XX03SlipNumbersVO1"
      ViewObjectName="oracle.apps.xx03.ap.server.XX03SlipNumbersVO" >
   </ViewUsage>
   <ViewUsage
      Name="XX03GetAmountFormatVO1"
      ViewObjectName="oracle.apps.xx03.ap.server.XX03GetAmountFormatVO" >
   </ViewUsage>
   <ViewUsage
      Name="XX03PaymentSlipsVO2"
      ViewObjectName="oracle.apps.xx03.ap.server.XX03PaymentSlipsVO" >
   </ViewUsage>
   <ViewUsage
      Name="XX03PaymentSlipLinesVO2"
      ViewObjectName="oracle.apps.xx03.ap.server.XX03PaymentSlipLinesVO" >
   </ViewUsage>
   <ViewUsage
      Name="XX03GetCurrencyFormatVO1"
      ViewObjectName="oracle.apps.xx03.ap.server.XX03GetCurrencyFormatVO" >
   </ViewUsage>
   <ViewUsage
      Name="XX03GetOldInvoiceIdVO1"
      ViewObjectName="oracle.apps.xx03.ap.server.XX03GetOldInvoiceIdVO" >
   </ViewUsage>
   <ViewUsage
      Name="XX03GetConversionVO1"
      ViewObjectName="oracle.apps.xx03.ap.server.XX03GetConversionVO" >
   </ViewUsage>
   <ViewUsage
      Name="XX03getPrepaymentVO1"
      ViewObjectName="oracle.apps.xx03.ap.server.XX03GetPrepaymentVO" >
   </ViewUsage>
   <ViewUsage
      Name="XX03GetGlSetsOfBooksVO1"
      ViewObjectName="oracle.apps.xx03.ap.server.XX03GetGlSetsOfBooksVO" >
   </ViewUsage>
   <ViewUsage
      Name="XX03ApSysetmParametersVO1"
      ViewObjectName="oracle.apps.xx03.ap.server.XX03ApSysetmParametersVO" >
   </ViewUsage>
   <ViewUsage
      Name="XX03GetSystemDateVO1"
      ViewObjectName="oracle.apps.xx03.ap.server.XX03GetSystemDateVO" >
   </ViewUsage>
   <ViewUsage
      Name="XX03GetItemFormatVO1"
      ViewObjectName="oracle.apps.xx03.ap.server.XX03GetItemFormatVO" >
   </ViewUsage>
   <ViewUsage
      Name="XX03CurrenciesLovVO1"
      ViewObjectName="oracle.apps.xx03.ap.server.XX03CurrenciesLovVO" >
   </ViewUsage>
   <ViewUsage
      Name="Xx03GetAffPromptVO1"
      ViewObjectName="oracle.apps.xx03.ap.server.Xx03GetAffPromptVO" >
   </ViewUsage>
   <ViewUsage
      Name="Xx03GetDffPromptVO1"
      ViewObjectName="oracle.apps.xx03.ap.server.Xx03GetDffPromptVO" >
   </ViewUsage>
   <ViewUsage
      Name="Xx03SelectedPrecisionVO1"
      ViewObjectName="oracle.apps.xx03.ap.server.Xx03SelectedPrecisionVO" >
   </ViewUsage>
   <ViewUsage
      Name="Xx03GetVendorsNameVO1"
      ViewObjectName="oracle.apps.xx03.ap.server.Xx03GetVendorsNameVO" >
   </ViewUsage>
   <ViewUsage
      Name="Xx03GetVendorSiteNameVO1"
      ViewObjectName="oracle.apps.xx03.ap.server.Xx03GetVendorSiteNameVO" >
   </ViewUsage>
   <ViewUsage
      Name="Xx03GetBankNameVO1"
      ViewObjectName="oracle.apps.xx03.ap.server.Xx03GetBankNameVO" >
   </ViewUsage>
   <ViewUsage
      Name="Xx03GetCurrencyNameVO1"
      ViewObjectName="oracle.apps.xx03.ap.server.Xx03GetCurrencyNameVO" >
   </ViewUsage>
   <ViewUsage
      Name="Xx03GetPayGroupNameVO1"
      ViewObjectName="oracle.apps.xx03.ap.server.Xx03GetPayGroupNameVO" >
   </ViewUsage>
   <ViewUsage
      Name="Xx03GetTermsNameVO1"
      ViewObjectName="oracle.apps.xx03.ap.server.Xx03GetTermsNameVO" >
   </ViewUsage>
   <ViewUsage
      Name="Xx03GetApSlipLineTypeNameVO1"
      ViewObjectName="oracle.apps.xx03.ap.server.Xx03GetApSlipLineTypeNameVO" >
   </ViewUsage>
   <ViewUsage
      Name="XX03TaxCodesLovVO1"
      ViewObjectName="oracle.apps.xx03.ap.server.XX03TaxCodesLovVO" >
   </ViewUsage>
   <ViewUsage
      Name="Xx03GetTaxColVO1"
      ViewObjectName="oracle.apps.xx03.ap.server.Xx03GetTaxColVO" >
   </ViewUsage>
   <ViewUsage
      Name="Xx03GetApproverNameVO1"
      ViewObjectName="oracle.apps.xx03.ap.server.Xx03GetApproverNameVO" >
   </ViewUsage>
   <AppModuleUsage
      Name="XX03ApCommonComponentAM1"
      FullName="oracle.apps.xx03.ap.server.XX03ApCommonComponentAM" >
   </AppModuleUsage>
</AppModule>
