<?xml version="1.0" encoding='windows-31j'?>
<!DOCTYPE ViewObject SYSTEM "jbo_03_01.dtd">

<ViewObject
   Name="XX03CurrenciesLovVO"
   BindingStyle="Oracle"
   CustomQuery="true"
   RowClass="oracle.apps.xx03.ap.server.XX03CurrenciesLovVORowImpl"
   ComponentClass="oracle.apps.xx03.ap.server.XX03CurrenciesLovVOImpl"
   MsgBundleClass="oracle.jbo.common.JboResourceBundle"
   FetchMode="FETCH_AS_NEEDED"
   UseGlueCode="false" >
   <SQLQuery><![CDATA[
SELECT XX03CurrenciesLV.CURRENCY_CODE
     , NULL RATETYPE
  FROM XX03_CURRENCIES_LOV_V XX03CurrenciesLV
   ]]></SQLQuery>
   <DesignTime>
      <Attr Name="_isCodegen" Value="true" />
      <Attr Name="_version" Value="9.0.3.13.75" />
      <Attr Name="_CodeGenFlagNew" Value="36" />
   </DesignTime>
   <ViewAttribute
      Name="CurrencyCode"
      IsPersistent="false"
      IsNotNull="true"
      Precision="15"
      Type="java.lang.String"
      AliasName="CURRENCY_CODE"
      ColumnType="VARCHAR2"
      Expression="CURRENCY_CODE"
      SQLType="VARCHAR" >
      <DesignTime>
         <Attr Name="_DisplaySize" Value="15" />
      </DesignTime>
   </ViewAttribute>
   <ViewAttribute
      Name="Ratetype"
      IsPersistent="false"
      Type="java.lang.String"
      AliasName="RATETYPE"
      ColumnType="VARCHAR2"
      Expression="RATETYPE"
      SQLType="VARCHAR" >
   </ViewAttribute>
</ViewObject>
