<?xml version="1.0" encoding='Shift_JIS'?>
<!DOCTYPE Entity SYSTEM "jbo_03_01.dtd">

<Entity
   Name="XX03PrepaymentLovVEO"
   DBObjectType="view"
   DBObjectName="XX03_PREPAYMENT_LOV_V"
   AliasName="XX03PrepaymentLovVEO"
   BindingStyle="Oracle"
   UseGlueCode="false"
   CodeGenFlag="4"
   RowClass="oracle.apps.xx03.ap.server.XX03PrepaymentLovVEOImpl"
   DefClass="oracle.apps.fnd.framework.server.OAEntityDefImpl"
   CollClass="oracle.apps.fnd.framework.server.OAEntityCache" >
   <DesignTime>
      <Attr Name="_isCodegen" Value="true" />
      <Attr Name="_version" Value="9.0.3.11.44" />
      <AttrArray Name="_publishEvents">
      </AttrArray>
   </DesignTime>
   <Attribute
      Name="RowId1"
      Type="oracle.jbo.domain.RowID"
      ColumnName="ROW_ID"
      ColumnType="ROWID"
      SQLType="VARCHAR"
      TableName="XX03_PREPAYMENT_LOV_V"
      PrimaryKey="true" >
      <DesignTime>
         <Attr Name="_DisplaySize" Value="1" />
      </DesignTime>
   </Attribute>
   <Attribute
      Name="AcctsPayCodeCombinationId"
      Precision="15"
      Scale="0"
      Type="oracle.jbo.domain.Number"
      ColumnName="ACCTS_PAY_CODE_COMBINATION_ID"
      ColumnType="NUMBER"
      SQLType="NUMERIC"
      TableName="XX03_PREPAYMENT_LOV_V" >
      <DesignTime>
         <Attr Name="_DisplaySize" Value="22" />
      </DesignTime>
   </Attribute>
   <Attribute
      Name="AmountApplicableToDiscount"
      Type="oracle.jbo.domain.Number"
      ColumnName="AMOUNT_APPLICABLE_TO_DISCOUNT"
      ColumnType="NUMBER"
      SQLType="NUMERIC"
      TableName="XX03_PREPAYMENT_LOV_V" >
      <DesignTime>
         <Attr Name="_DisplaySize" Value="22" />
      </DesignTime>
   </Attribute>
   <Attribute
      Name="AmountPaid"
      Type="oracle.jbo.domain.Number"
      ColumnName="AMOUNT_PAID"
      ColumnType="NUMBER"
      SQLType="NUMERIC"
      TableName="XX03_PREPAYMENT_LOV_V" >
      <DesignTime>
         <Attr Name="_DisplaySize" Value="22" />
      </DesignTime>
   </Attribute>
   <Attribute
      Name="ApprovalDescription"
      Precision="240"
      Type="java.lang.String"
      ColumnName="APPROVAL_DESCRIPTION"
      ColumnType="VARCHAR2"
      SQLType="VARCHAR"
      TableName="XX03_PREPAYMENT_LOV_V" >
      <DesignTime>
         <Attr Name="_DisplaySize" Value="240" />
      </DesignTime>
   </Attribute>
   <Attribute
      Name="ApprovedAmount"
      Type="oracle.jbo.domain.Number"
      ColumnName="APPROVED_AMOUNT"
      ColumnType="NUMBER"
      SQLType="NUMERIC"
      TableName="XX03_PREPAYMENT_LOV_V" >
      <DesignTime>
         <Attr Name="_DisplaySize" Value="22" />
      </DesignTime>
   </Attribute>
   <Attribute
      Name="Attribute1"
      Precision="150"
      Type="java.lang.String"
      ColumnName="ATTRIBUTE1"
      ColumnType="VARCHAR2"
      SQLType="VARCHAR"
      TableName="XX03_PREPAYMENT_LOV_V" >
      <DesignTime>
         <Attr Name="_DisplaySize" Value="150" />
      </DesignTime>
   </Attribute>
   <Attribute
      Name="Attribute2"
      Precision="150"
      Type="java.lang.String"
      ColumnName="ATTRIBUTE2"
      ColumnType="VARCHAR2"
      SQLType="VARCHAR"
      TableName="XX03_PREPAYMENT_LOV_V" >
      <DesignTime>
         <Attr Name="_DisplaySize" Value="150" />
      </DesignTime>
   </Attribute>
   <Attribute
      Name="Attribute3"
      Precision="150"
      Type="java.lang.String"
      ColumnName="ATTRIBUTE3"
      ColumnType="VARCHAR2"
      SQLType="VARCHAR"
      TableName="XX03_PREPAYMENT_LOV_V" >
      <DesignTime>
         <Attr Name="_DisplaySize" Value="150" />
      </DesignTime>
   </Attribute>
   <Attribute
      Name="Attribute4"
      Precision="150"
      Type="java.lang.String"
      ColumnName="ATTRIBUTE4"
      ColumnType="VARCHAR2"
      SQLType="VARCHAR"
      TableName="XX03_PREPAYMENT_LOV_V" >
      <DesignTime>
         <Attr Name="_DisplaySize" Value="150" />
      </DesignTime>
   </Attribute>
   <Attribute
      Name="Attribute5"
      Precision="150"
      Type="java.lang.String"
      ColumnName="ATTRIBUTE5"
      ColumnType="VARCHAR2"
      SQLType="VARCHAR"
      TableName="XX03_PREPAYMENT_LOV_V" >
      <DesignTime>
         <Attr Name="_DisplaySize" Value="150" />
      </DesignTime>
   </Attribute>
   <Attribute
      Name="Attribute6"
      Precision="150"
      Type="java.lang.String"
      ColumnName="ATTRIBUTE6"
      ColumnType="VARCHAR2"
      SQLType="VARCHAR"
      TableName="XX03_PREPAYMENT_LOV_V" >
      <DesignTime>
         <Attr Name="_DisplaySize" Value="150" />
      </DesignTime>
   </Attribute>
   <Attribute
      Name="Attribute7"
      Precision="150"
      Type="java.lang.String"
      ColumnName="ATTRIBUTE7"
      ColumnType="VARCHAR2"
      SQLType="VARCHAR"
      TableName="XX03_PREPAYMENT_LOV_V" >
      <DesignTime>
         <Attr Name="_DisplaySize" Value="150" />
      </DesignTime>
   </Attribute>
   <Attribute
      Name="Attribute8"
      Precision="150"
      Type="java.lang.String"
      ColumnName="ATTRIBUTE8"
      ColumnType="VARCHAR2"
      SQLType="VARCHAR"
      TableName="XX03_PREPAYMENT_LOV_V" >
      <DesignTime>
         <Attr Name="_DisplaySize" Value="150" />
      </DesignTime>
   </Attribute>
   <Attribute
      Name="Attribute9"
      Precision="150"
      Type="java.lang.String"
      ColumnName="ATTRIBUTE9"
      ColumnType="VARCHAR2"
      SQLType="VARCHAR"
      TableName="XX03_PREPAYMENT_LOV_V" >
      <DesignTime>
         <Attr Name="_DisplaySize" Value="150" />
      </DesignTime>
   </Attribute>
   <Attribute
      Name="Attribute10"
      Precision="150"
      Type="java.lang.String"
      ColumnName="ATTRIBUTE10"
      ColumnType="VARCHAR2"
      SQLType="VARCHAR"
      TableName="XX03_PREPAYMENT_LOV_V" >
      <DesignTime>
         <Attr Name="_DisplaySize" Value="150" />
      </DesignTime>
   </Attribute>
   <Attribute
      Name="Attribute11"
      Precision="150"
      Type="java.lang.String"
      ColumnName="ATTRIBUTE11"
      ColumnType="VARCHAR2"
      SQLType="VARCHAR"
      TableName="XX03_PREPAYMENT_LOV_V" >
      <DesignTime>
         <Attr Name="_DisplaySize" Value="150" />
      </DesignTime>
   </Attribute>
   <Attribute
      Name="Attribute12"
      Precision="150"
      Type="java.lang.String"
      ColumnName="ATTRIBUTE12"
      ColumnType="VARCHAR2"
      SQLType="VARCHAR"
      TableName="XX03_PREPAYMENT_LOV_V" >
      <DesignTime>
         <Attr Name="_DisplaySize" Value="150" />
      </DesignTime>
   </Attribute>
   <Attribute
      Name="Attribute13"
      Precision="150"
      Type="java.lang.String"
      ColumnName="ATTRIBUTE13"
      ColumnType="VARCHAR2"
      SQLType="VARCHAR"
      TableName="XX03_PREPAYMENT_LOV_V" >
      <DesignTime>
         <Attr Name="_DisplaySize" Value="150" />
      </DesignTime>
   </Attribute>
   <Attribute
      Name="Attribute14"
      Precision="150"
      Type="java.lang.String"
      ColumnName="ATTRIBUTE14"
      ColumnType="VARCHAR2"
      SQLType="VARCHAR"
      TableName="XX03_PREPAYMENT_LOV_V" >
      <DesignTime>
         <Attr Name="_DisplaySize" Value="150" />
      </DesignTime>
   </Attribute>
   <Attribute
      Name="Attribute15"
      Precision="150"
      Type="java.lang.String"
      ColumnName="ATTRIBUTE15"
      ColumnType="VARCHAR2"
      SQLType="VARCHAR"
      TableName="XX03_PREPAYMENT_LOV_V" >
      <DesignTime>
         <Attr Name="_DisplaySize" Value="150" />
      </DesignTime>
   </Attribute>
   <Attribute
      Name="AttributeCategory"
      Precision="150"
      Type="java.lang.String"
      ColumnName="ATTRIBUTE_CATEGORY"
      ColumnType="VARCHAR2"
      SQLType="VARCHAR"
      TableName="XX03_PREPAYMENT_LOV_V" >
      <DesignTime>
         <Attr Name="_DisplaySize" Value="150" />
      </DesignTime>
   </Attribute>
   <Attribute
      Name="AuthorizedBy"
      Precision="25"
      Type="java.lang.String"
      ColumnName="AUTHORIZED_BY"
      ColumnType="VARCHAR2"
      SQLType="VARCHAR"
      TableName="XX03_PREPAYMENT_LOV_V" >
      <DesignTime>
         <Attr Name="_DisplaySize" Value="25" />
      </DesignTime>
   </Attribute>
   <Attribute
      Name="AwtFlag"
      Precision="1"
      Type="java.lang.String"
      ColumnName="AWT_FLAG"
      ColumnType="VARCHAR2"
      SQLType="VARCHAR"
      TableName="XX03_PREPAYMENT_LOV_V" >
      <DesignTime>
         <Attr Name="_DisplaySize" Value="1" />
      </DesignTime>
   </Attribute>
   <Attribute
      Name="AwtGroupId"
      Precision="15"
      Scale="0"
      Type="oracle.jbo.domain.Number"
      ColumnName="AWT_GROUP_ID"
      ColumnType="NUMBER"
      SQLType="NUMERIC"
      TableName="XX03_PREPAYMENT_LOV_V" >
      <DesignTime>
         <Attr Name="_DisplaySize" Value="22" />
      </DesignTime>
   </Attribute>
   <Attribute
      Name="BaseAmount"
      Type="oracle.jbo.domain.Number"
      ColumnName="BASE_AMOUNT"
      ColumnType="NUMBER"
      SQLType="NUMERIC"
      TableName="XX03_PREPAYMENT_LOV_V" >
      <DesignTime>
         <Attr Name="_DisplaySize" Value="22" />
      </DesignTime>
   </Attribute>
   <Attribute
      Name="BatchId"
      Precision="15"
      Scale="0"
      Type="oracle.jbo.domain.Number"
      ColumnName="BATCH_ID"
      ColumnType="NUMBER"
      SQLType="NUMERIC"
      TableName="XX03_PREPAYMENT_LOV_V" >
      <DesignTime>
         <Attr Name="_DisplaySize" Value="22" />
      </DesignTime>
   </Attribute>
   <Attribute
      Name="CancelledAmount"
      Type="oracle.jbo.domain.Number"
      ColumnName="CANCELLED_AMOUNT"
      ColumnType="NUMBER"
      SQLType="NUMERIC"
      TableName="XX03_PREPAYMENT_LOV_V" >
      <DesignTime>
         <Attr Name="_DisplaySize" Value="22" />
      </DesignTime>
   </Attribute>
   <Attribute
      Name="CancelledBy"
      Precision="15"
      Scale="0"
      Type="oracle.jbo.domain.Number"
      ColumnName="CANCELLED_BY"
      ColumnType="NUMBER"
      SQLType="NUMERIC"
      TableName="XX03_PREPAYMENT_LOV_V" >
      <DesignTime>
         <Attr Name="_DisplaySize" Value="22" />
      </DesignTime>
   </Attribute>
   <Attribute
      Name="CancelledDate"
      Type="oracle.jbo.domain.Date"
      ColumnName="CANCELLED_DATE"
      ColumnType="DATE"
      SQLType="TIMESTAMP"
      TableName="XX03_PREPAYMENT_LOV_V" >
      <DesignTime>
         <Attr Name="_DisplaySize" Value="7" />
      </DesignTime>
   </Attribute>
   <Attribute
      Name="CreatedBy"
      Precision="15"
      Scale="0"
      Type="oracle.jbo.domain.Number"
      ColumnName="CREATED_BY"
      ColumnType="NUMBER"
      SQLType="NUMERIC"
      TableName="XX03_PREPAYMENT_LOV_V" >
      <DesignTime>
         <Attr Name="_DisplaySize" Value="22" />
      </DesignTime>
   </Attribute>
   <Attribute
      Name="CreationDate"
      Type="oracle.jbo.domain.Date"
      ColumnName="CREATION_DATE"
      ColumnType="DATE"
      SQLType="TIMESTAMP"
      TableName="XX03_PREPAYMENT_LOV_V" >
      <DesignTime>
         <Attr Name="_DisplaySize" Value="7" />
      </DesignTime>
   </Attribute>
   <Attribute
      Name="Description"
      Precision="240"
      Type="java.lang.String"
      ColumnName="DESCRIPTION"
      ColumnType="VARCHAR2"
      SQLType="VARCHAR"
      TableName="XX03_PREPAYMENT_LOV_V" >
      <DesignTime>
         <Attr Name="_DisplaySize" Value="240" />
      </DesignTime>
   </Attribute>
   <Attribute
      Name="DiscountAmountTaken"
      Type="oracle.jbo.domain.Number"
      ColumnName="DISCOUNT_AMOUNT_TAKEN"
      ColumnType="NUMBER"
      SQLType="NUMERIC"
      TableName="XX03_PREPAYMENT_LOV_V" >
      <DesignTime>
         <Attr Name="_DisplaySize" Value="22" />
      </DesignTime>
   </Attribute>
   <Attribute
      Name="DocCategoryCode"
      Precision="30"
      Type="java.lang.String"
      ColumnName="DOC_CATEGORY_CODE"
      ColumnType="VARCHAR2"
      SQLType="VARCHAR"
      TableName="XX03_PREPAYMENT_LOV_V" >
      <DesignTime>
         <Attr Name="_DisplaySize" Value="30" />
      </DesignTime>
   </Attribute>
   <Attribute
      Name="DocSequenceId"
      Type="oracle.jbo.domain.Number"
      ColumnName="DOC_SEQUENCE_ID"
      ColumnType="NUMBER"
      SQLType="NUMERIC"
      TableName="XX03_PREPAYMENT_LOV_V" >
      <DesignTime>
         <Attr Name="_DisplaySize" Value="22" />
      </DesignTime>
   </Attribute>
   <Attribute
      Name="DocSequenceValue"
      Type="oracle.jbo.domain.Number"
      ColumnName="DOC_SEQUENCE_VALUE"
      ColumnType="NUMBER"
      SQLType="NUMERIC"
      TableName="XX03_PREPAYMENT_LOV_V" >
      <DesignTime>
         <Attr Name="_DisplaySize" Value="22" />
      </DesignTime>
   </Attribute>
   <Attribute
      Name="EarliestSettlementDate"
      Type="oracle.jbo.domain.Date"
      ColumnName="EARLIEST_SETTLEMENT_DATE"
      ColumnType="DATE"
      SQLType="TIMESTAMP"
      TableName="XX03_PREPAYMENT_LOV_V" >
      <DesignTime>
         <Attr Name="_DisplaySize" Value="7" />
      </DesignTime>
   </Attribute>
   <Attribute
      Name="ExchangeDate"
      Type="oracle.jbo.domain.Date"
      ColumnName="EXCHANGE_DATE"
      ColumnType="DATE"
      SQLType="TIMESTAMP"
      TableName="XX03_PREPAYMENT_LOV_V" >
      <DesignTime>
         <Attr Name="_DisplaySize" Value="7" />
      </DesignTime>
   </Attribute>
   <Attribute
      Name="ExchangeRate"
      Type="oracle.jbo.domain.Number"
      ColumnName="EXCHANGE_RATE"
      ColumnType="NUMBER"
      SQLType="NUMERIC"
      TableName="XX03_PREPAYMENT_LOV_V" >
      <DesignTime>
         <Attr Name="_DisplaySize" Value="22" />
      </DesignTime>
   </Attribute>
   <Attribute
      Name="ExchangeRateType"
      Precision="30"
      Type="java.lang.String"
      ColumnName="EXCHANGE_RATE_TYPE"
      ColumnType="VARCHAR2"
      SQLType="VARCHAR"
      TableName="XX03_PREPAYMENT_LOV_V" >
      <DesignTime>
         <Attr Name="_DisplaySize" Value="30" />
      </DesignTime>
   </Attribute>
   <Attribute
      Name="ExclusivePaymentFlag"
      Precision="1"
      Type="java.lang.String"
      ColumnName="EXCLUSIVE_PAYMENT_FLAG"
      ColumnType="VARCHAR2"
      SQLType="VARCHAR"
      TableName="XX03_PREPAYMENT_LOV_V" >
      <DesignTime>
         <Attr Name="_DisplaySize" Value="1" />
      </DesignTime>
   </Attribute>
   <Attribute
      Name="ExpenditureItemDate"
      Type="oracle.jbo.domain.Date"
      ColumnName="EXPENDITURE_ITEM_DATE"
      ColumnType="DATE"
      SQLType="TIMESTAMP"
      TableName="XX03_PREPAYMENT_LOV_V" >
      <DesignTime>
         <Attr Name="_DisplaySize" Value="7" />
      </DesignTime>
   </Attribute>
   <Attribute
      Name="ExpenditureOrganizationId"
      Precision="15"
      Scale="0"
      Type="oracle.jbo.domain.Number"
      ColumnName="EXPENDITURE_ORGANIZATION_ID"
      ColumnType="NUMBER"
      SQLType="NUMERIC"
      TableName="XX03_PREPAYMENT_LOV_V" >
      <DesignTime>
         <Attr Name="_DisplaySize" Value="22" />
      </DesignTime>
   </Attribute>
   <Attribute
      Name="ExpenditureType"
      Precision="30"
      Type="java.lang.String"
      ColumnName="EXPENDITURE_TYPE"
      ColumnType="VARCHAR2"
      SQLType="VARCHAR"
      TableName="XX03_PREPAYMENT_LOV_V" >
      <DesignTime>
         <Attr Name="_DisplaySize" Value="30" />
      </DesignTime>
   </Attribute>
   <Attribute
      Name="FreightAmount"
      Type="oracle.jbo.domain.Number"
      ColumnName="FREIGHT_AMOUNT"
      ColumnType="NUMBER"
      SQLType="NUMERIC"
      TableName="XX03_PREPAYMENT_LOV_V" >
      <DesignTime>
         <Attr Name="_DisplaySize" Value="22" />
      </DesignTime>
   </Attribute>
   <Attribute
      Name="GoodsReceivedDate"
      Type="oracle.jbo.domain.Date"
      ColumnName="GOODS_RECEIVED_DATE"
      ColumnType="DATE"
      SQLType="TIMESTAMP"
      TableName="XX03_PREPAYMENT_LOV_V" >
      <DesignTime>
         <Attr Name="_DisplaySize" Value="7" />
      </DesignTime>
   </Attribute>
   <Attribute
      Name="InvoiceAmount"
      Type="oracle.jbo.domain.Number"
      ColumnName="INVOICE_AMOUNT"
      ColumnType="NUMBER"
      SQLType="NUMERIC"
      TableName="XX03_PREPAYMENT_LOV_V" >
      <DesignTime>
         <Attr Name="_DisplaySize" Value="22" />
      </DesignTime>
   </Attribute>
   <Attribute
      Name="InvoiceCurrencyCode"
      IsNotNull="true"
      Precision="15"
      Type="java.lang.String"
      ColumnName="INVOICE_CURRENCY_CODE"
      ColumnType="VARCHAR2"
      SQLType="VARCHAR"
      TableName="XX03_PREPAYMENT_LOV_V" >
      <DesignTime>
         <Attr Name="_DisplaySize" Value="15" />
      </DesignTime>
   </Attribute>
   <Attribute
      Name="InvoiceDate"
      Type="oracle.jbo.domain.Date"
      ColumnName="INVOICE_DATE"
      ColumnType="DATE"
      SQLType="TIMESTAMP"
      TableName="XX03_PREPAYMENT_LOV_V" >
      <DesignTime>
         <Attr Name="_DisplaySize" Value="7" />
      </DesignTime>
   </Attribute>
   <Attribute
      Name="InvoiceId"
      IsNotNull="true"
      Precision="15"
      Scale="0"
      Type="oracle.jbo.domain.Number"
      ColumnName="INVOICE_ID"
      ColumnType="NUMBER"
      SQLType="NUMERIC"
      TableName="XX03_PREPAYMENT_LOV_V" >
      <DesignTime>
         <Attr Name="_DisplaySize" Value="22" />
      </DesignTime>
   </Attribute>
   <Attribute
      Name="InvoiceNum"
      IsNotNull="true"
      Precision="50"
      Type="java.lang.String"
      ColumnName="INVOICE_NUM"
      ColumnType="VARCHAR2"
      SQLType="VARCHAR"
      TableName="XX03_PREPAYMENT_LOV_V" >
      <DesignTime>
         <Attr Name="_DisplaySize" Value="50" />
      </DesignTime>
   </Attribute>
   <Attribute
      Name="InvoiceReceivedDate"
      Type="oracle.jbo.domain.Date"
      ColumnName="INVOICE_RECEIVED_DATE"
      ColumnType="DATE"
      SQLType="TIMESTAMP"
      TableName="XX03_PREPAYMENT_LOV_V" >
      <DesignTime>
         <Attr Name="_DisplaySize" Value="7" />
      </DesignTime>
   </Attribute>
   <Attribute
      Name="InvoiceTypeLookupCode"
      Precision="25"
      Type="java.lang.String"
      ColumnName="INVOICE_TYPE_LOOKUP_CODE"
      ColumnType="VARCHAR2"
      SQLType="VARCHAR"
      TableName="XX03_PREPAYMENT_LOV_V" >
      <DesignTime>
         <Attr Name="_DisplaySize" Value="25" />
      </DesignTime>
   </Attribute>
   <Attribute
      Name="LastUpdatedBy"
      IsNotNull="true"
      Precision="15"
      Scale="0"
      Type="oracle.jbo.domain.Number"
      ColumnName="LAST_UPDATED_BY"
      ColumnType="NUMBER"
      SQLType="NUMERIC"
      TableName="XX03_PREPAYMENT_LOV_V" >
      <DesignTime>
         <Attr Name="_DisplaySize" Value="22" />
      </DesignTime>
   </Attribute>
   <Attribute
      Name="LastUpdateDate"
      IsNotNull="true"
      Type="oracle.jbo.domain.Date"
      ColumnName="LAST_UPDATE_DATE"
      ColumnType="DATE"
      SQLType="TIMESTAMP"
      TableName="XX03_PREPAYMENT_LOV_V" >
      <DesignTime>
         <Attr Name="_DisplaySize" Value="7" />
      </DesignTime>
   </Attribute>
   <Attribute
      Name="LastUpdateLogin"
      Precision="15"
      Scale="0"
      Type="oracle.jbo.domain.Number"
      ColumnName="LAST_UPDATE_LOGIN"
      ColumnType="NUMBER"
      SQLType="NUMERIC"
      TableName="XX03_PREPAYMENT_LOV_V" >
      <DesignTime>
         <Attr Name="_DisplaySize" Value="22" />
      </DesignTime>
   </Attribute>
   <Attribute
      Name="OriginalPrepaymentAmount"
      Type="oracle.jbo.domain.Number"
      ColumnName="ORIGINAL_PREPAYMENT_AMOUNT"
      ColumnType="NUMBER"
      SQLType="NUMERIC"
      TableName="XX03_PREPAYMENT_LOV_V" >
      <DesignTime>
         <Attr Name="_DisplaySize" Value="22" />
      </DesignTime>
   </Attribute>
   <Attribute
      Name="PaymentAmountTotal"
      Type="oracle.jbo.domain.Number"
      ColumnName="PAYMENT_AMOUNT_TOTAL"
      ColumnType="NUMBER"
      SQLType="NUMERIC"
      TableName="XX03_PREPAYMENT_LOV_V" >
      <DesignTime>
         <Attr Name="_DisplaySize" Value="22" />
      </DesignTime>
   </Attribute>
   <Attribute
      Name="PaymentCrossRate"
      IsNotNull="true"
      Type="oracle.jbo.domain.Number"
      ColumnName="PAYMENT_CROSS_RATE"
      ColumnType="NUMBER"
      SQLType="NUMERIC"
      TableName="XX03_PREPAYMENT_LOV_V" >
      <DesignTime>
         <Attr Name="_DisplaySize" Value="22" />
      </DesignTime>
   </Attribute>
   <Attribute
      Name="PaymentCurrencyCode"
      IsNotNull="true"
      Precision="15"
      Type="java.lang.String"
      ColumnName="PAYMENT_CURRENCY_CODE"
      ColumnType="VARCHAR2"
      SQLType="VARCHAR"
      TableName="XX03_PREPAYMENT_LOV_V" >
      <DesignTime>
         <Attr Name="_DisplaySize" Value="15" />
      </DesignTime>
   </Attribute>
   <Attribute
      Name="PaymentMethodLookupCode"
      Precision="25"
      Type="java.lang.String"
      ColumnName="PAYMENT_METHOD_LOOKUP_CODE"
      ColumnType="VARCHAR2"
      SQLType="VARCHAR"
      TableName="XX03_PREPAYMENT_LOV_V" >
      <DesignTime>
         <Attr Name="_DisplaySize" Value="25" />
      </DesignTime>
   </Attribute>
   <Attribute
      Name="PaymentStatusFlag"
      Precision="1"
      Type="java.lang.String"
      ColumnName="PAYMENT_STATUS_FLAG"
      ColumnType="VARCHAR2"
      SQLType="VARCHAR"
      TableName="XX03_PREPAYMENT_LOV_V" >
      <DesignTime>
         <Attr Name="_DisplaySize" Value="1" />
      </DesignTime>
   </Attribute>
   <Attribute
      Name="PayGroupLookupCode"
      Precision="25"
      Type="java.lang.String"
      ColumnName="PAY_GROUP_LOOKUP_CODE"
      ColumnType="VARCHAR2"
      SQLType="VARCHAR"
      TableName="XX03_PREPAYMENT_LOV_V" >
      <DesignTime>
         <Attr Name="_DisplaySize" Value="25" />
      </DesignTime>
   </Attribute>
   <Attribute
      Name="PrepayFlag"
      Precision="1"
      Type="java.lang.String"
      ColumnName="PREPAY_FLAG"
      ColumnType="VARCHAR2"
      SQLType="VARCHAR"
      TableName="XX03_PREPAYMENT_LOV_V" >
      <DesignTime>
         <Attr Name="_DisplaySize" Value="1" />
      </DesignTime>
   </Attribute>
   <Attribute
      Name="RecurringPaymentId"
      Precision="15"
      Scale="0"
      Type="oracle.jbo.domain.Number"
      ColumnName="RECURRING_PAYMENT_ID"
      ColumnType="NUMBER"
      SQLType="NUMERIC"
      TableName="XX03_PREPAYMENT_LOV_V" >
      <DesignTime>
         <Attr Name="_DisplaySize" Value="22" />
      </DesignTime>
   </Attribute>
   <Attribute
      Name="SetOfBooksId"
      IsNotNull="true"
      Precision="15"
      Scale="0"
      Type="oracle.jbo.domain.Number"
      ColumnName="SET_OF_BOOKS_ID"
      ColumnType="NUMBER"
      SQLType="NUMERIC"
      TableName="XX03_PREPAYMENT_LOV_V" >
      <DesignTime>
         <Attr Name="_DisplaySize" Value="22" />
      </DesignTime>
   </Attribute>
   <Attribute
      Name="Source"
      Precision="25"
      Type="java.lang.String"
      ColumnName="SOURCE"
      ColumnType="VARCHAR2"
      SQLType="VARCHAR"
      TableName="XX03_PREPAYMENT_LOV_V" >
      <DesignTime>
         <Attr Name="_DisplaySize" Value="25" />
      </DesignTime>
   </Attribute>
   <Attribute
      Name="TaskId"
      Precision="15"
      Scale="0"
      Type="oracle.jbo.domain.Number"
      ColumnName="TASK_ID"
      ColumnType="NUMBER"
      SQLType="NUMERIC"
      TableName="XX03_PREPAYMENT_LOV_V" >
      <DesignTime>
         <Attr Name="_DisplaySize" Value="22" />
      </DesignTime>
   </Attribute>
   <Attribute
      Name="TaxAmount"
      Type="oracle.jbo.domain.Number"
      ColumnName="TAX_AMOUNT"
      ColumnType="NUMBER"
      SQLType="NUMERIC"
      TableName="XX03_PREPAYMENT_LOV_V" >
      <DesignTime>
         <Attr Name="_DisplaySize" Value="22" />
      </DesignTime>
   </Attribute>
   <Attribute
      Name="TempCancelledAmount"
      Type="oracle.jbo.domain.Number"
      ColumnName="TEMP_CANCELLED_AMOUNT"
      ColumnType="NUMBER"
      SQLType="NUMERIC"
      TableName="XX03_PREPAYMENT_LOV_V" >
      <DesignTime>
         <Attr Name="_DisplaySize" Value="22" />
      </DesignTime>
   </Attribute>
   <Attribute
      Name="TermsDate"
      Type="oracle.jbo.domain.Date"
      ColumnName="TERMS_DATE"
      ColumnType="DATE"
      SQLType="TIMESTAMP"
      TableName="XX03_PREPAYMENT_LOV_V" >
      <DesignTime>
         <Attr Name="_DisplaySize" Value="7" />
      </DesignTime>
   </Attribute>
   <Attribute
      Name="TermsId"
      Precision="15"
      Scale="0"
      Type="oracle.jbo.domain.Number"
      ColumnName="TERMS_ID"
      ColumnType="NUMBER"
      SQLType="NUMERIC"
      TableName="XX03_PREPAYMENT_LOV_V" >
      <DesignTime>
         <Attr Name="_DisplaySize" Value="22" />
      </DesignTime>
   </Attribute>
   <Attribute
      Name="UssglTransactionCode"
      Precision="30"
      Type="java.lang.String"
      ColumnName="USSGL_TRANSACTION_CODE"
      ColumnType="VARCHAR2"
      SQLType="VARCHAR"
      TableName="XX03_PREPAYMENT_LOV_V" >
      <DesignTime>
         <Attr Name="_DisplaySize" Value="30" />
      </DesignTime>
   </Attribute>
   <Attribute
      Name="UssglTrxCodeContext"
      Precision="30"
      Type="java.lang.String"
      ColumnName="USSGL_TRX_CODE_CONTEXT"
      ColumnType="VARCHAR2"
      SQLType="VARCHAR"
      TableName="XX03_PREPAYMENT_LOV_V" >
      <DesignTime>
         <Attr Name="_DisplaySize" Value="30" />
      </DesignTime>
   </Attribute>
   <Attribute
      Name="VatCode"
      Precision="15"
      Type="java.lang.String"
      ColumnName="VAT_CODE"
      ColumnType="VARCHAR2"
      SQLType="VARCHAR"
      TableName="XX03_PREPAYMENT_LOV_V" >
      <DesignTime>
         <Attr Name="_DisplaySize" Value="15" />
      </DesignTime>
   </Attribute>
   <Attribute
      Name="VendorId"
      IsNotNull="true"
      Precision="15"
      Scale="0"
      Type="oracle.jbo.domain.Number"
      ColumnName="VENDOR_ID"
      ColumnType="NUMBER"
      SQLType="NUMERIC"
      TableName="XX03_PREPAYMENT_LOV_V" >
      <DesignTime>
         <Attr Name="_DisplaySize" Value="22" />
      </DesignTime>
   </Attribute>
   <Attribute
      Name="VendorPrepayAmount"
      Type="oracle.jbo.domain.Number"
      ColumnName="VENDOR_PREPAY_AMOUNT"
      ColumnType="NUMBER"
      SQLType="NUMERIC"
      TableName="XX03_PREPAYMENT_LOV_V" >
      <DesignTime>
         <Attr Name="_DisplaySize" Value="22" />
      </DesignTime>
   </Attribute>
   <Attribute
      Name="VendorSiteId"
      Precision="15"
      Scale="0"
      Type="oracle.jbo.domain.Number"
      ColumnName="VENDOR_SITE_ID"
      ColumnType="NUMBER"
      SQLType="NUMERIC"
      TableName="XX03_PREPAYMENT_LOV_V" >
      <DesignTime>
         <Attr Name="_DisplaySize" Value="22" />
      </DesignTime>
   </Attribute>
   <Attribute
      Name="VoucherNum"
      Precision="50"
      Type="java.lang.String"
      ColumnName="VOUCHER_NUM"
      ColumnType="VARCHAR2"
      SQLType="VARCHAR"
      TableName="XX03_PREPAYMENT_LOV_V" >
      <DesignTime>
         <Attr Name="_DisplaySize" Value="50" />
      </DesignTime>
   </Attribute>
   <Attribute
      Name="PrepaymentTypeLookupCode"
      Precision="9"
      Type="java.lang.String"
      ColumnName="PREPAYMENT_TYPE_LOOKUP_CODE"
      ColumnType="VARCHAR2"
      SQLType="VARCHAR"
      TableName="XX03_PREPAYMENT_LOV_V" >
      <DesignTime>
         <Attr Name="_DisplaySize" Value="9" />
      </DesignTime>
   </Attribute>
   <Attribute
      Name="ActualInvoiceAmount"
      Type="oracle.jbo.domain.Number"
      ColumnName="ACTUAL_INVOICE_AMOUNT"
      ColumnType="NUMBER"
      SQLType="NUMERIC"
      TableName="XX03_PREPAYMENT_LOV_V" >
      <DesignTime>
         <Attr Name="_DisplaySize" Value="22" />
      </DesignTime>
   </Attribute>
   <Attribute
      Name="DistributionTotal"
      Type="oracle.jbo.domain.Number"
      ColumnName="DISTRIBUTION_TOTAL"
      ColumnType="NUMBER"
      SQLType="NUMERIC"
      TableName="XX03_PREPAYMENT_LOV_V" >
      <DesignTime>
         <Attr Name="_DisplaySize" Value="22" />
      </DesignTime>
   </Attribute>
   <Attribute
      Name="PostingFlag"
      Precision="4000"
      Type="java.lang.String"
      ColumnName="POSTING_FLAG"
      ColumnType="VARCHAR2"
      SQLType="VARCHAR"
      TableName="XX03_PREPAYMENT_LOV_V" >
      <DesignTime>
         <Attr Name="_DisplaySize" Value="4000" />
      </DesignTime>
   </Attribute>
   <Attribute
      Name="ApprovalStatusLookupCode"
      Precision="4000"
      Type="java.lang.String"
      ColumnName="APPROVAL_STATUS_LOOKUP_CODE"
      ColumnType="VARCHAR2"
      SQLType="VARCHAR"
      TableName="XX03_PREPAYMENT_LOV_V" >
      <DesignTime>
         <Attr Name="_DisplaySize" Value="4000" />
      </DesignTime>
   </Attribute>
   <Attribute
      Name="AmountWithheld"
      Type="oracle.jbo.domain.Number"
      ColumnName="AMOUNT_WITHHELD"
      ColumnType="NUMBER"
      SQLType="NUMERIC"
      TableName="XX03_PREPAYMENT_LOV_V" >
      <DesignTime>
         <Attr Name="_DisplaySize" Value="22" />
      </DesignTime>
   </Attribute>
   <Attribute
      Name="PrepaidAmount"
      Type="oracle.jbo.domain.Number"
      ColumnName="PREPAID_AMOUNT"
      ColumnType="NUMBER"
      SQLType="NUMERIC"
      TableName="XX03_PREPAYMENT_LOV_V" >
      <DesignTime>
         <Attr Name="_DisplaySize" Value="22" />
      </DesignTime>
   </Attribute>
   <Attribute
      Name="NotesCount"
      Type="oracle.jbo.domain.Number"
      ColumnName="NOTES_COUNT"
      ColumnType="NUMBER"
      SQLType="NUMERIC"
      TableName="XX03_PREPAYMENT_LOV_V" >
      <DesignTime>
         <Attr Name="_DisplaySize" Value="22" />
      </DesignTime>
   </Attribute>
   <Attribute
      Name="HoldsCount"
      Type="oracle.jbo.domain.Number"
      ColumnName="HOLDS_COUNT"
      ColumnType="NUMBER"
      SQLType="NUMERIC"
      TableName="XX03_PREPAYMENT_LOV_V" >
      <DesignTime>
         <Attr Name="_DisplaySize" Value="22" />
      </DesignTime>
   </Attribute>
   <Attribute
      Name="AmountHoldFlag"
      Precision="4000"
      Type="java.lang.String"
      ColumnName="AMOUNT_HOLD_FLAG"
      ColumnType="VARCHAR2"
      SQLType="VARCHAR"
      TableName="XX03_PREPAYMENT_LOV_V" >
      <DesignTime>
         <Attr Name="_DisplaySize" Value="4000" />
      </DesignTime>
   </Attribute>
   <Attribute
      Name="VendorHoldFlag"
      Precision="4000"
      Type="java.lang.String"
      ColumnName="VENDOR_HOLD_FLAG"
      ColumnType="VARCHAR2"
      SQLType="VARCHAR"
      TableName="XX03_PREPAYMENT_LOV_V" >
      <DesignTime>
         <Attr Name="_DisplaySize" Value="4000" />
      </DesignTime>
   </Attribute>
   <Attribute
      Name="TotalPrepays"
      Type="oracle.jbo.domain.Number"
      ColumnName="TOTAL_PREPAYS"
      ColumnType="NUMBER"
      SQLType="NUMERIC"
      TableName="XX03_PREPAYMENT_LOV_V" >
      <DesignTime>
         <Attr Name="_DisplaySize" Value="22" />
      </DesignTime>
   </Attribute>
   <Attribute
      Name="AvailablePrepays"
      Type="oracle.jbo.domain.Number"
      ColumnName="AVAILABLE_PREPAYS"
      ColumnType="NUMBER"
      SQLType="NUMERIC"
      TableName="XX03_PREPAYMENT_LOV_V" >
      <DesignTime>
         <Attr Name="_DisplaySize" Value="22" />
      </DesignTime>
   </Attribute>
   <Attribute
      Name="EncumberedFlag"
      Precision="4000"
      Type="java.lang.String"
      ColumnName="ENCUMBERED_FLAG"
      ColumnType="VARCHAR2"
      SQLType="VARCHAR"
      TableName="XX03_PREPAYMENT_LOV_V" >
      <DesignTime>
         <Attr Name="_DisplaySize" Value="4000" />
      </DesignTime>
   </Attribute>
   <Attribute
      Name="GlDate"
      IsNotNull="true"
      Type="oracle.jbo.domain.Date"
      ColumnName="GL_DATE"
      ColumnType="DATE"
      SQLType="TIMESTAMP"
      TableName="XX03_PREPAYMENT_LOV_V" >
      <DesignTime>
         <Attr Name="_DisplaySize" Value="7" />
      </DesignTime>
   </Attribute>
   <Attribute
      Name="SelectedForPaymentFlag"
      Precision="4000"
      Type="java.lang.String"
      ColumnName="SELECTED_FOR_PAYMENT_FLAG"
      ColumnType="VARCHAR2"
      SQLType="VARCHAR"
      TableName="XX03_PREPAYMENT_LOV_V" >
      <DesignTime>
         <Attr Name="_DisplaySize" Value="4000" />
      </DesignTime>
   </Attribute>
   <Attribute
      Name="UnpostedVoidPaymentFlag"
      Precision="4000"
      Type="java.lang.String"
      ColumnName="UNPOSTED_VOID_PAYMENT_FLAG"
      ColumnType="VARCHAR2"
      SQLType="VARCHAR"
      TableName="XX03_PREPAYMENT_LOV_V" >
      <DesignTime>
         <Attr Name="_DisplaySize" Value="4000" />
      </DesignTime>
   </Attribute>
   <Attribute
      Name="DiscountPayDistsFlag"
      Precision="4000"
      Type="java.lang.String"
      ColumnName="DISCOUNT_PAY_DISTS_FLAG"
      ColumnType="VARCHAR2"
      SQLType="VARCHAR"
      TableName="XX03_PREPAYMENT_LOV_V" >
      <DesignTime>
         <Attr Name="_DisplaySize" Value="4000" />
      </DesignTime>
   </Attribute>
   <Attribute
      Name="PrepaymentsAppliedFlag"
      Precision="4000"
      Type="java.lang.String"
      ColumnName="PREPAYMENTS_APPLIED_FLAG"
      ColumnType="VARCHAR2"
      SQLType="VARCHAR"
      TableName="XX03_PREPAYMENT_LOV_V" >
      <DesignTime>
         <Attr Name="_DisplaySize" Value="4000" />
      </DesignTime>
   </Attribute>
   <Attribute
      Name="PaymentsExistFlag"
      Precision="4000"
      Type="java.lang.String"
      ColumnName="PAYMENTS_EXIST_FLAG"
      ColumnType="VARCHAR2"
      SQLType="VARCHAR"
      TableName="XX03_PREPAYMENT_LOV_V" >
      <DesignTime>
         <Attr Name="_DisplaySize" Value="4000" />
      </DesignTime>
   </Attribute>
   <Attribute
      Name="PrepayAmountApplied"
      Type="oracle.jbo.domain.Number"
      ColumnName="PREPAY_AMOUNT_APPLIED"
      ColumnType="NUMBER"
      SQLType="NUMERIC"
      TableName="XX03_PREPAYMENT_LOV_V" >
      <DesignTime>
         <Attr Name="_DisplaySize" Value="22" />
      </DesignTime>
   </Attribute>
   <Attribute
      Name="PrepayAmountAppliedDisp"
      Precision="4000"
      Type="java.lang.String"
      ColumnName="PREPAY_AMOUNT_APPLIED_DISP"
      ColumnType="VARCHAR2"
      SQLType="VARCHAR"
      TableName="XX03_PREPAYMENT_LOV_V" >
      <DesignTime>
         <Attr Name="_DisplaySize" Value="4000" />
      </DesignTime>
   </Attribute>
   <Attribute
      Name="ApprovalStatus"
      Precision="25"
      Type="java.lang.String"
      ColumnName="APPROVAL_STATUS"
      ColumnType="VARCHAR2"
      SQLType="VARCHAR"
      TableName="XX03_PREPAYMENT_LOV_V" >
      <DesignTime>
         <Attr Name="_DisplaySize" Value="25" />
      </DesignTime>
   </Attribute>
   <Attribute
      Name="InvoiceDistributionTotal"
      Type="oracle.jbo.domain.Number"
      ColumnName="INVOICE_DISTRIBUTION_TOTAL"
      ColumnType="NUMBER"
      SQLType="NUMERIC"
      TableName="XX03_PREPAYMENT_LOV_V" >
      <DesignTime>
         <Attr Name="_DisplaySize" Value="22" />
      </DesignTime>
   </Attribute>
   <Attribute
      Name="PostingStatus"
      Precision="15"
      Type="java.lang.String"
      ColumnName="POSTING_STATUS"
      ColumnType="VARCHAR2"
      SQLType="VARCHAR"
      TableName="XX03_PREPAYMENT_LOV_V" >
      <DesignTime>
         <Attr Name="_DisplaySize" Value="15" />
      </DesignTime>
   </Attribute>
   <Attribute
      Name="OrgId"
      Precision="15"
      Scale="0"
      Type="oracle.jbo.domain.Number"
      ColumnName="ORG_ID"
      ColumnType="NUMBER"
      SQLType="NUMERIC"
      TableName="XX03_PREPAYMENT_LOV_V" >
      <DesignTime>
         <Attr Name="_DisplaySize" Value="22" />
      </DesignTime>
   </Attribute>
   <Attribute
      Name="AutoTaxCalcFlag"
      Precision="1"
      Type="java.lang.String"
      ColumnName="AUTO_TAX_CALC_FLAG"
      ColumnType="VARCHAR2"
      SQLType="VARCHAR"
      TableName="XX03_PREPAYMENT_LOV_V" >
      <DesignTime>
         <Attr Name="_DisplaySize" Value="1" />
      </DesignTime>
   </Attribute>
   <Attribute
      Name="PaymentCrossRateType"
      Precision="30"
      Type="java.lang.String"
      ColumnName="PAYMENT_CROSS_RATE_TYPE"
      ColumnType="VARCHAR2"
      SQLType="VARCHAR"
      TableName="XX03_PREPAYMENT_LOV_V" >
      <DesignTime>
         <Attr Name="_DisplaySize" Value="30" />
      </DesignTime>
   </Attribute>
   <Attribute
      Name="PaymentCrossRateDate"
      Type="oracle.jbo.domain.Date"
      ColumnName="PAYMENT_CROSS_RATE_DATE"
      ColumnType="DATE"
      SQLType="TIMESTAMP"
      TableName="XX03_PREPAYMENT_LOV_V" >
      <DesignTime>
         <Attr Name="_DisplaySize" Value="7" />
      </DesignTime>
   </Attribute>
   <Attribute
      Name="AwardId"
      Precision="15"
      Scale="0"
      Type="oracle.jbo.domain.Number"
      ColumnName="AWARD_ID"
      ColumnType="NUMBER"
      SQLType="NUMERIC"
      TableName="XX03_PREPAYMENT_LOV_V" >
      <DesignTime>
         <Attr Name="_DisplaySize" Value="22" />
      </DesignTime>
   </Attribute>
   <Attribute
      Name="WfapprovalStatus"
      IsNotNull="true"
      Precision="50"
      Type="java.lang.String"
      ColumnName="WFAPPROVAL_STATUS"
      ColumnType="VARCHAR2"
      SQLType="VARCHAR"
      TableName="XX03_PREPAYMENT_LOV_V" >
      <DesignTime>
         <Attr Name="_DisplaySize" Value="50" />
      </DesignTime>
   </Attribute>
   <Attribute
      Name="ApprovalReadyFlag"
      IsNotNull="true"
      Precision="1"
      Type="java.lang.String"
      ColumnName="APPROVAL_READY_FLAG"
      ColumnType="VARCHAR2"
      SQLType="VARCHAR"
      TableName="XX03_PREPAYMENT_LOV_V" >
      <DesignTime>
         <Attr Name="_DisplaySize" Value="1" />
      </DesignTime>
   </Attribute>
   <Attribute
      Name="ApprovalIteration"
      Precision="9"
      Scale="0"
      Type="oracle.jbo.domain.Number"
      ColumnName="APPROVAL_ITERATION"
      ColumnType="NUMBER"
      SQLType="NUMERIC"
      TableName="XX03_PREPAYMENT_LOV_V" >
      <DesignTime>
         <Attr Name="_DisplaySize" Value="22" />
      </DesignTime>
   </Attribute>
   <Key
      Name="Xx03prepaymentlovveoPrimaryKey" >
      <AttrArray Name="Attributes">
         <Item Value="oracle.apps.xx03.ap.server.XX03PrepaymentLovVEO.RowId1" />
      </AttrArray>
      <DesignTime>
         <Attr Name="_DBObjectName" Value="XX03PREPAYMENTLOVVEO_PRIMARY_K" />
         <Attr Name="_isPrimary" Value="true" />
      </DesignTime>
   </Key>
</Entity>
