<?xml version="1.0" encoding='windows-31j'?>
<!DOCTYPE ViewObject SYSTEM "jbo_03_01.dtd">

<ViewObject
   Name="XX03GetTaxVO"
   BindingStyle="Oracle"
   CustomQuery="true"
   RowClass="oracle.apps.xx03.ap.server.XX03GetTaxVORowImpl"
   ComponentClass="oracle.apps.xx03.ap.server.XX03GetTaxVOImpl"
   MsgBundleClass="oracle.jbo.common.JboResourceBundle"
   UseGlueCode="false" >
   <SQLQuery><![CDATA[
SELECT XTCLV.TAX_RATE
  FROM XX03_TAX_CODES_LOV_V XTCLV
 WHERE XTCLV.NAME = :1
   AND :2 BETWEEN NVL(START_DATE   , TO_DATE('1000/01/01', 'YYYY/MM/DD'))
              AND NVL(INACTIVE_DATE, TO_DATE('4712/12/31', 'YYYY/MM/DD'))
   ]]></SQLQuery>
   <DesignTime>
      <Attr Name="_isCodegen" Value="true" />
      <Attr Name="_version" Value="9.0.3.13.75" />
      <Attr Name="_CodeGenFlagNew" Value="36" />
   </DesignTime>
   <ViewAttribute
      Name="TaxRate"
      IsPersistent="false"
      Type="oracle.jbo.domain.Number"
      AliasName="TAX_RATE"
      ColumnType="VARCHAR2"
      Expression="TAX_RATE"
      SQLType="NUMERIC" >
      <DesignTime>
         <Attr Name="_DisplaySize" Value="22" />
      </DesignTime>
   </ViewAttribute>
</ViewObject>
