<?xml version="1.0" encoding='windows-31j'?>
<!DOCTYPE ViewObject SYSTEM "jbo_03_01.dtd">

<ViewObject
   Name="Xx03GetPayGroupNameVO"
   BindingStyle="Oracle"
   CustomQuery="true"
   RowClass="oracle.apps.xx03.ap.server.Xx03GetPayGroupNameVORowImpl"
   ComponentClass="oracle.apps.xx03.ap.server.Xx03GetPayGroupNameVOImpl"
   MsgBundleClass="oracle.jbo.common.JboResourceBundle"
   UseGlueCode="false" >
   <SQLQuery><![CDATA[
SELECT MEANING NAME
      ,ATTRIBUTE1 PAYMETHOD
  FROM FND_LOOKUP_VALUES
 WHERE LOOKUP_TYPE = 'PAY GROUP'
   AND LANGUAGE = USERENV('LANG')
   AND ENABLED_FLAG = 'Y'
   AND LOOKUP_CODE = :1 
   AND TRUNC(SYSDATE) BETWEEN NVL(START_DATE_ACTIVE, TO_DATE('1000/01/01','YYYY/MM/DD'))
                          AND NVL(END_DATE_ACTIVE  , TO_DATE('4712/12/31','YYYY/MM/DD'))
   ]]></SQLQuery>
   <DesignTime>
      <Attr Name="_isCodegen" Value="true" />
      <Attr Name="_version" Value="9.0.3.13.88" />
      <Attr Name="_CodeGenFlagNew" Value="36" />
   </DesignTime>
   <ViewAttribute
      Name="Name"
      IsPersistent="false"
      IsNotNull="true"
      Precision="80"
      Type="java.lang.String"
      ColumnType="VARCHAR2"
      AliasName="NAME"
      Expression="NAME"
      SQLType="VARCHAR" >
      <DesignTime>
         <Attr Name="_DisplaySize" Value="80" />
      </DesignTime>
   </ViewAttribute>
   <ViewAttribute
      Name="Paymethod"
      IsPersistent="false"
      Precision="150"
      Type="java.lang.String"
      ColumnType="VARCHAR2"
      AliasName="PAYMETHOD"
      Expression="PAYMETHOD"
      SQLType="VARCHAR" >
      <DesignTime>
         <Attr Name="_DisplaySize" Value="150" />
      </DesignTime>
   </ViewAttribute>
</ViewObject>
