<?xml version="1.0" encoding='Shift_JIS'?>
<!DOCTYPE Entity SYSTEM "jbo_03_01.dtd">

<Entity
   Name="XX03ApproverPersonLovVEO"
   DBObjectType="view"
   DBObjectName="XX03_APPROVER_PERSON_LOV_V"
   AliasName="XX03ApproverPersonLovVEO"
   BindingStyle="Oracle"
   UseGlueCode="false"
   CodeGenFlag="4"
   RowClass="oracle.apps.xx03.ap.server.XX03ApproverPersonLovVEOImpl"
   DefClass="oracle.apps.fnd.framework.server.OAEntityDefImpl"
   CollClass="oracle.apps.fnd.framework.server.OAEntityCache" >
   <DesignTime>
      <Attr Name="_isCodegen" Value="true" />
      <Attr Name="_version" Value="9.0.3.11.44" />
      <AttrArray Name="_publishEvents">
      </AttrArray>
   </DesignTime>
   <Attribute
      Name="PersonId"
      IsNotNull="true"
      Precision="10"
      Scale="0"
      Type="oracle.jbo.domain.Number"
      ColumnName="PERSON_ID"
      ColumnType="NUMBER"
      SQLType="NUMERIC"
      TableName="XX03_APPROVER_PERSON_LOV_V"
      PrimaryKey="true" >
      <DesignTime>
         <Attr Name="_DisplaySize" Value="22" />
      </DesignTime>
   </Attribute>
   <Attribute
      Name="EffectiveStartDate"
      IsNotNull="true"
      Type="oracle.jbo.domain.Date"
      ColumnName="EFFECTIVE_START_DATE"
      ColumnType="DATE"
      SQLType="TIMESTAMP"
      TableName="XX03_APPROVER_PERSON_LOV_V"
      PrimaryKey="true" >
      <DesignTime>
         <Attr Name="_DisplaySize" Value="7" />
      </DesignTime>
   </Attribute>
   <Attribute
      Name="EffectiveEndDate"
      IsNotNull="true"
      Type="oracle.jbo.domain.Date"
      ColumnName="EFFECTIVE_END_DATE"
      ColumnType="DATE"
      SQLType="TIMESTAMP"
      TableName="XX03_APPROVER_PERSON_LOV_V" >
      <DesignTime>
         <Attr Name="_DisplaySize" Value="7" />
      </DesignTime>
   </Attribute>
   <Attribute
      Name="FullName"
      Precision="240"
      Type="java.lang.String"
      ColumnName="FULL_NAME"
      ColumnType="VARCHAR2"
      SQLType="VARCHAR"
      TableName="XX03_APPROVER_PERSON_LOV_V" >
      <DesignTime>
         <Attr Name="_DisplaySize" Value="240" />
      </DesignTime>
   </Attribute>
   <Attribute
      Name="PerInformation18"
      Precision="150"
      Type="java.lang.String"
      ColumnName="PER_INFORMATION18"
      ColumnType="VARCHAR2"
      SQLType="VARCHAR"
      TableName="XX03_APPROVER_PERSON_LOV_V" >
      <DesignTime>
         <Attr Name="_DisplaySize" Value="150" />
      </DesignTime>
   </Attribute>
   <Attribute
      Name="PerInformation19"
      Precision="150"
      Type="java.lang.String"
      ColumnName="PER_INFORMATION19"
      ColumnType="VARCHAR2"
      SQLType="VARCHAR"
      TableName="XX03_APPROVER_PERSON_LOV_V" >
      <DesignTime>
         <Attr Name="_DisplaySize" Value="150" />
      </DesignTime>
   </Attribute>
   <Attribute
      Name="EmployeeNumber"
      Precision="30"
      Type="java.lang.String"
      ColumnName="EMPLOYEE_NUMBER"
      ColumnType="VARCHAR2"
      SQLType="VARCHAR"
      TableName="XX03_APPROVER_PERSON_LOV_V" >
      <DesignTime>
         <Attr Name="_DisplaySize" Value="30" />
      </DesignTime>
   </Attribute>
   <Attribute
      Name="EmployeeDisp"
      Precision="4000"
      Type="java.lang.String"
      ColumnName="EMPLOYEE_DISP"
      ColumnType="VARCHAR2"
      SQLType="VARCHAR"
      TableName="XX03_APPROVER_PERSON_LOV_V" >
      <DesignTime>
         <Attr Name="_DisplaySize" Value="4000" />
      </DesignTime>
   </Attribute>
   <Attribute
      Name="AttributeCategory"
      Precision="30"
      Type="java.lang.String"
      ColumnName="ATTRIBUTE_CATEGORY"
      ColumnType="VARCHAR2"
      SQLType="VARCHAR"
      TableName="XX03_APPROVER_PERSON_LOV_V" >
      <DesignTime>
         <Attr Name="_DisplaySize" Value="30" />
      </DesignTime>
   </Attribute>
   <Attribute
      Name="Attribute28"
      Precision="150"
      Type="java.lang.String"
      ColumnName="ATTRIBUTE28"
      ColumnType="VARCHAR2"
      SQLType="VARCHAR"
      TableName="XX03_APPROVER_PERSON_LOV_V" >
      <DesignTime>
         <Attr Name="_DisplaySize" Value="150" />
      </DesignTime>
   </Attribute>
   <Attribute
      Name="DepartmentsCol"
      Precision="4000"
      Type="java.lang.String"
      ColumnName="DEPARTMENTS_COL"
      ColumnType="VARCHAR2"
      SQLType="VARCHAR"
      TableName="XX03_APPROVER_PERSON_LOV_V" >
      <DesignTime>
         <Attr Name="_DisplaySize" Value="4000" />
      </DesignTime>
   </Attribute>
   <Attribute
      Name="Attribute29"
      Precision="150"
      Type="java.lang.String"
      ColumnName="ATTRIBUTE29"
      ColumnType="VARCHAR2"
      SQLType="VARCHAR"
      TableName="XX03_APPROVER_PERSON_LOV_V" >
      <DesignTime>
         <Attr Name="_DisplaySize" Value="150" />
      </DesignTime>
   </Attribute>
   <Attribute
      Name="Attribute30"
      Precision="150"
      Type="java.lang.String"
      ColumnName="ATTRIBUTE30"
      ColumnType="VARCHAR2"
      SQLType="VARCHAR"
      TableName="XX03_APPROVER_PERSON_LOV_V" >
      <DesignTime>
         <Attr Name="_DisplaySize" Value="150" />
      </DesignTime>
   </Attribute>
   <Attribute
      Name="ResponsibilityId"
      IsNotNull="true"
      Precision="15"
      Scale="0"
      Type="oracle.jbo.domain.Number"
      ColumnName="RESPONSIBILITY_ID"
      ColumnType="NUMBER"
      SQLType="NUMERIC"
      TableName="XX03_APPROVER_PERSON_LOV_V"
      PrimaryKey="true" >
      <DesignTime>
         <Attr Name="_DisplaySize" Value="22" />
      </DesignTime>
   </Attribute>
   <Attribute
      Name="RStartDate"
      IsNotNull="true"
      Type="oracle.jbo.domain.Date"
      ColumnName="R_START_DATE"
      ColumnType="DATE"
      SQLType="TIMESTAMP"
      TableName="XX03_APPROVER_PERSON_LOV_V" >
      <DesignTime>
         <Attr Name="_DisplaySize" Value="7" />
      </DesignTime>
   </Attribute>
   <Attribute
      Name="REndDate"
      Type="oracle.jbo.domain.Date"
      ColumnName="R_END_DATE"
      ColumnType="DATE"
      SQLType="TIMESTAMP"
      TableName="XX03_APPROVER_PERSON_LOV_V" >
      <DesignTime>
         <Attr Name="_DisplaySize" Value="7" />
      </DesignTime>
   </Attribute>
   <Attribute
      Name="ProfileOptionValue"
      Precision="240"
      Type="java.lang.String"
      ColumnName="PROFILE_OPTION_VALUE"
      ColumnType="VARCHAR2"
      SQLType="VARCHAR"
      TableName="XX03_APPROVER_PERSON_LOV_V" >
      <DesignTime>
         <Attr Name="_DisplaySize" Value="240" />
      </DesignTime>
   </Attribute>
   <Attribute
      Name="UserId"
      IsNotNull="true"
      Precision="15"
      Scale="0"
      Type="oracle.jbo.domain.Number"
      ColumnName="USER_ID"
      ColumnType="NUMBER"
      SQLType="NUMERIC"
      TableName="XX03_APPROVER_PERSON_LOV_V" >
      <DesignTime>
         <Attr Name="_DisplaySize" Value="22" />
      </DesignTime>
   </Attribute>
   <Attribute
      Name="UserName"
      IsNotNull="true"
      Precision="100"
      Type="java.lang.String"
      ColumnName="USER_NAME"
      ColumnType="VARCHAR2"
      SQLType="VARCHAR"
      TableName="XX03_APPROVER_PERSON_LOV_V" >
      <DesignTime>
         <Attr Name="_DisplaySize" Value="100" />
      </DesignTime>
   </Attribute>
   <Attribute
      Name="SessionNumber"
      IsNotNull="true"
      Type="oracle.jbo.domain.Number"
      ColumnName="SESSION_NUMBER"
      ColumnType="NUMBER"
      SQLType="NUMERIC"
      TableName="XX03_APPROVER_PERSON_LOV_V" >
      <DesignTime>
         <Attr Name="_DisplaySize" Value="22" />
      </DesignTime>
   </Attribute>
   <Attribute
      Name="UStartDate"
      IsNotNull="true"
      Type="oracle.jbo.domain.Date"
      ColumnName="U_START_DATE"
      ColumnType="DATE"
      SQLType="TIMESTAMP"
      TableName="XX03_APPROVER_PERSON_LOV_V" >
      <DesignTime>
         <Attr Name="_DisplaySize" Value="7" />
      </DesignTime>
   </Attribute>
   <Attribute
      Name="UEndDate"
      Type="oracle.jbo.domain.Date"
      ColumnName="U_END_DATE"
      ColumnType="DATE"
      SQLType="TIMESTAMP"
      TableName="XX03_APPROVER_PERSON_LOV_V" >
      <DesignTime>
         <Attr Name="_DisplaySize" Value="7" />
      </DesignTime>
   </Attribute>
   <Attribute
      Name="Description"
      Precision="240"
      Type="java.lang.String"
      ColumnName="DESCRIPTION"
      ColumnType="VARCHAR2"
      SQLType="VARCHAR"
      TableName="XX03_APPROVER_PERSON_LOV_V" >
      <DesignTime>
         <Attr Name="_DisplaySize" Value="240" />
      </DesignTime>
   </Attribute>
   <Attribute
      Name="EmployeeId"
      Precision="15"
      Scale="0"
      Type="oracle.jbo.domain.Number"
      ColumnName="EMPLOYEE_ID"
      ColumnType="NUMBER"
      SQLType="NUMERIC"
      TableName="XX03_APPROVER_PERSON_LOV_V" >
      <DesignTime>
         <Attr Name="_DisplaySize" Value="22" />
      </DesignTime>
   </Attribute>
   <Attribute
      Name="EmailAddress"
      Precision="240"
      Type="java.lang.String"
      ColumnName="EMAIL_ADDRESS"
      ColumnType="VARCHAR2"
      SQLType="VARCHAR"
      TableName="XX03_APPROVER_PERSON_LOV_V" >
      <DesignTime>
         <Attr Name="_DisplaySize" Value="240" />
      </DesignTime>
   </Attribute>
   <Attribute
      Name="Fax"
      Precision="80"
      Type="java.lang.String"
      ColumnName="FAX"
      ColumnType="VARCHAR2"
      SQLType="VARCHAR"
      TableName="XX03_APPROVER_PERSON_LOV_V" >
      <DesignTime>
         <Attr Name="_DisplaySize" Value="80" />
      </DesignTime>
   </Attribute>
   <Attribute
      Name="CustomerId"
      Precision="15"
      Scale="0"
      Type="oracle.jbo.domain.Number"
      ColumnName="CUSTOMER_ID"
      ColumnType="NUMBER"
      SQLType="NUMERIC"
      TableName="XX03_APPROVER_PERSON_LOV_V" >
      <DesignTime>
         <Attr Name="_DisplaySize" Value="22" />
      </DesignTime>
   </Attribute>
   <Attribute
      Name="SupplierId"
      Precision="15"
      Scale="0"
      Type="oracle.jbo.domain.Number"
      ColumnName="SUPPLIER_ID"
      ColumnType="NUMBER"
      SQLType="NUMERIC"
      TableName="XX03_APPROVER_PERSON_LOV_V" >
      <DesignTime>
         <Attr Name="_DisplaySize" Value="22" />
      </DesignTime>
   </Attribute>
   <Attribute
      Name="WebPassword"
      Precision="240"
      Type="java.lang.String"
      ColumnName="WEB_PASSWORD"
      ColumnType="VARCHAR2"
      SQLType="VARCHAR"
      TableName="XX03_APPROVER_PERSON_LOV_V" >
      <DesignTime>
         <Attr Name="_DisplaySize" Value="240" />
      </DesignTime>
   </Attribute>
   <Attribute
      Name="UserGuid"
      Type="oracle.jbo.domain.Raw"
      ColumnName="USER_GUID"
      ColumnType="RAW"
      SQLType="VARBINARY"
      TableName="XX03_APPROVER_PERSON_LOV_V" >
      <DesignTime>
         <Attr Name="_DisplaySize" Value="16" />
      </DesignTime>
   </Attribute>
   <Attribute
      Name="GcnCodeCombinationId"
      Precision="15"
      Scale="0"
      Type="oracle.jbo.domain.Number"
      ColumnName="GCN_CODE_COMBINATION_ID"
      ColumnType="NUMBER"
      SQLType="NUMERIC"
      TableName="XX03_APPROVER_PERSON_LOV_V" >
      <DesignTime>
         <Attr Name="_DisplaySize" Value="22" />
      </DesignTime>
   </Attribute>
   <Attribute
      Name="PersonPartyId"
      Type="oracle.jbo.domain.Number"
      ColumnName="PERSON_PARTY_ID"
      ColumnType="NUMBER"
      SQLType="NUMERIC"
      TableName="XX03_APPROVER_PERSON_LOV_V" >
      <DesignTime>
         <Attr Name="_DisplaySize" Value="22" />
      </DesignTime>
   </Attribute>
   <Attribute
      Name="LastUpdateDate"
      Type="oracle.jbo.domain.Date"
      ColumnName="LAST_UPDATE_DATE"
      ColumnType="DATE"
      SQLType="TIMESTAMP"
      TableName="XX03_APPROVER_PERSON_LOV_V" >
      <DesignTime>
         <Attr Name="_DisplaySize" Value="7" />
      </DesignTime>
   </Attribute>
   <Attribute
      Name="LastUpdatedBy"
      Precision="15"
      Scale="0"
      Type="oracle.jbo.domain.Number"
      ColumnName="LAST_UPDATED_BY"
      ColumnType="NUMBER"
      SQLType="NUMERIC"
      TableName="XX03_APPROVER_PERSON_LOV_V" >
      <DesignTime>
         <Attr Name="_DisplaySize" Value="22" />
      </DesignTime>
   </Attribute>
   <Attribute
      Name="CreationDate"
      Type="oracle.jbo.domain.Date"
      ColumnName="CREATION_DATE"
      ColumnType="DATE"
      SQLType="TIMESTAMP"
      TableName="XX03_APPROVER_PERSON_LOV_V" >
      <DesignTime>
         <Attr Name="_DisplaySize" Value="7" />
      </DesignTime>
   </Attribute>
   <Attribute
      Name="CreatedBy"
      Precision="15"
      Scale="0"
      Type="oracle.jbo.domain.Number"
      ColumnName="CREATED_BY"
      ColumnType="NUMBER"
      SQLType="NUMERIC"
      TableName="XX03_APPROVER_PERSON_LOV_V" >
      <DesignTime>
         <Attr Name="_DisplaySize" Value="22" />
      </DesignTime>
   </Attribute>
   <Attribute
      Name="LastUpdateLogin"
      Precision="15"
      Scale="0"
      Type="oracle.jbo.domain.Number"
      ColumnName="LAST_UPDATE_LOGIN"
      ColumnType="NUMBER"
      SQLType="NUMERIC"
      TableName="XX03_APPROVER_PERSON_LOV_V" >
      <DesignTime>
         <Attr Name="_DisplaySize" Value="22" />
      </DesignTime>
   </Attribute>
   <Key
      Name="Xx03approverpersonlovveoPrimaryKey" >
      <AttrArray Name="Attributes">
         <Item Value="oracle.apps.xx03.ap.server.XX03ApproverPersonLovVEO.PersonId" />
         <Item Value="oracle.apps.xx03.ap.server.XX03ApproverPersonLovVEO.EffectiveStartDate" />
         <Item Value="oracle.apps.xx03.ap.server.XX03ApproverPersonLovVEO.ResponsibilityId" />
      </AttrArray>
      <DesignTime>
         <Attr Name="_DBObjectName" Value="XX03APPROVERPERSONLOVVEO_PRIMA" />
         <Attr Name="_isPrimary" Value="true" />
      </DesignTime>
   </Key>
</Entity>
