<?xml version="1.0" encoding='Shift_JIS'?>
<!DOCTYPE ViewObject SYSTEM "jbo_03_01.dtd">

<ViewObject
   Name="XX03GetDropDownListVO"
   BindingStyle="Oracle"
   CustomQuery="true"
   RowClass="oracle.apps.xx03.ap.server.XX03GetDropDownListVORowImpl"
   ComponentClass="oracle.apps.xx03.ap.server.XX03GetDropDownListVOImpl"
   MsgBundleClass="oracle.jbo.common.JboResourceBundle"
   UseGlueCode="false" >
   <SQLQuery><![CDATA[
SELECT 'now' AS NOW_ROW,
       'all' AS ALL_ROW,
       'value' AS CURRENT_ROW
  FROM DUAL
 WHERE NULL IS NOT NULL
   ]]></SQLQuery>
   <DesignTime>
      <Attr Name="_isCodegen" Value="true" />
      <Attr Name="_version" Value="9.0.3.11.44" />
      <Attr Name="_CodeGenFlagNew" Value="36" />
   </DesignTime>
   <ViewAttribute
      Name="NowRow"
      IsPersistent="false"
      Precision="100"
      Type="java.lang.String"
      AliasName="NOW_ROW"
      ColumnType="VARCHAR2"
      Expression="NOW_ROW"
      SQLType="VARCHAR" >
   </ViewAttribute>
   <ViewAttribute
      Name="AllRow"
      IsPersistent="false"
      Precision="100"
      Type="java.lang.String"
      AliasName="ALL_ROW"
      ColumnType="VARCHAR2"
      Expression="ALL_ROW"
      SQLType="VARCHAR" >
   </ViewAttribute>
   <ViewAttribute
      Name="CurrentRow"
      IsPersistent="false"
      Precision="5"
      Type="java.lang.String"
      AliasName="CURRENT_ROW"
      ColumnType="VARCHAR2"
      Expression="CURRENT_ROW"
      SQLType="VARCHAR" >
      <DesignTime>
         <Attr Name="_DisplaySize" Value="5" />
      </DesignTime>
   </ViewAttribute>
</ViewObject>
