<?xml version="1.0" encoding='windows-31j'?>
<!DOCTYPE ViewObject SYSTEM "jbo_03_01.dtd">

<ViewObject
   Name="XX03ApproverPersonLovVO"
   OrderBy="EMPLOYEE_DISP"
   BindingStyle="Oracle"
   CustomQuery="true"
   RowClass="oracle.apps.xx03.ap.server.XX03ApproverPersonLovVORowImpl"
   ComponentClass="oracle.apps.xx03.ap.server.XX03ApproverPersonLovVOImpl"
   MsgBundleClass="oracle.jbo.common.JboResourceBundle"
   UseGlueCode="false" >
   <SQLQuery><![CDATA[
SELECT distinct PERSON_ID,EMPLOYEE_DISP,DEPARTMENTS_COL
FROM(
SELECT XAPLV.PERSON_ID, 
       XAPLV.EMPLOYEE_DISP, 
       XAPLV.DEPARTMENTS_COL
  FROM XX03_APPROVER_PERSON_LOV_V XAPLV
 WHERE XAPLV.PROFILE_VAL_DEP = 'ALL'
    OR XAPLV.PROFILE_VAL_DEP = :1
)
   ]]></SQLQuery>
   <DesignTime>
      <Attr Name="_isCodegen" Value="true" />
      <Attr Name="_version" Value="9.0.3.13.75" />
      <Attr Name="_CodeGenFlagNew" Value="36" />
   </DesignTime>
   <ViewAttribute
      Name="PersonId"
      IsPersistent="false"
      IsNotNull="true"
      Precision="10"
      Scale="0"
      Type="oracle.jbo.domain.Number"
      AliasName="PERSON_ID"
      ColumnType="VARCHAR2"
      Expression="PERSON_ID"
      SQLType="NUMERIC" >
      <DesignTime>
         <Attr Name="_DisplaySize" Value="22" />
      </DesignTime>
   </ViewAttribute>
   <ViewAttribute
      Name="EmployeeDisp"
      IsPersistent="false"
      Precision="4000"
      Type="java.lang.String"
      AliasName="EMPLOYEE_DISP"
      ColumnType="VARCHAR2"
      Expression="EMPLOYEE_DISP"
      SQLType="VARCHAR" >
      <DesignTime>
         <Attr Name="_DisplaySize" Value="4000" />
      </DesignTime>
   </ViewAttribute>
   <ViewAttribute
      Name="DepartmentsCol"
      IsPersistent="false"
      Precision="4000"
      Type="java.lang.String"
      AliasName="DEPARTMENTS_COL"
      ColumnType="VARCHAR2"
      Expression="DEPARTMENTS_COL"
      SQLType="VARCHAR" >
      <DesignTime>
         <Attr Name="_DisplaySize" Value="4000" />
      </DesignTime>
   </ViewAttribute>
   <ViewAttribute
      Name="appCode"
      IsPersistent="false"
      Precision="255"
      Type="java.lang.String"
      AliasName="APPCODE"
      ColumnType="VARCHAR2"
      SQLType="VARCHAR" >
   </ViewAttribute>
</ViewObject>
