<?xml version="1.0" encoding='Shift_JIS'?>
<!DOCTYPE ViewObject SYSTEM "jbo_03_01.dtd">

<ViewObject
   Name="XX03GetOldInvoiceIdVO"
   BindingStyle="Oracle"
   CustomQuery="true"
   RowClass="oracle.apps.xx03.ap.server.XX03GetOldInvoiceIdVORowImpl"
   ComponentClass="oracle.apps.xx03.ap.server.XX03GetOldInvoiceIdVOImpl"
   MsgBundleClass="oracle.jbo.common.JboResourceBundle"
   UseGlueCode="false" >
   <SQLQuery><![CDATA[
SELECT XX03PaymentSlipsEO.INVOICE_ID
  FROM XX03_PAYMENT_SLIPS XX03PaymentSlipsEO
 WHERE XX03PaymentSlipsEO.INVOICE_NUM = :1
   ]]></SQLQuery>
   <DesignTime>
      <Attr Name="_isCodegen" Value="true" />
      <Attr Name="_version" Value="9.0.3.11.44" />
      <Attr Name="_CodeGenFlagNew" Value="36" />
   </DesignTime>
   <EntityUsage
      Name="XX03PaymentSlipsEO"
      Entity="oracle.apps.xx03.ap.server.XX03PaymentSlipsEO" >
      <DesignTime>
         <Attr Name="_EntireObjectTable" Value="false" />
         <Attr Name="_queryClause" Value="false" />
      </DesignTime>
   </EntityUsage>
   <ViewAttribute
      Name="InvoiceId"
      IsNotNull="true"
      EntityAttrName="InvoiceId"
      EntityUsage="XX03PaymentSlipsEO"
      AliasName="INVOICE_ID"
      ColumnType="VARCHAR2" >
   </ViewAttribute>
</ViewObject>
