<?xml version="1.0" encoding='windows-31j'?>
<!DOCTYPE ViewObject SYSTEM "jbo_03_01.dtd">

<ViewObject
   Name="Xx03GetTaxColVO"
   BindingStyle="Oracle"
   CustomQuery="true"
   RowClass="oracle.apps.xx03.ap.server.Xx03GetTaxColVORowImpl"
   ComponentClass="oracle.apps.xx03.ap.server.Xx03GetTaxColVOImpl"
   MsgBundleClass="oracle.jbo.common.JboResourceBundle"
   UseGlueCode="false" >
   <SQLQuery><![CDATA[
SELECT tax_codes_col tax_col
FROM   xx03_tax_codes_lov_v
WHERE  name = :1
  AND  :2 BETWEEN NVL(start_date   , TO_DATE('1000/01/01', 'YYYY/MM/DD'))
              AND NVL(inactive_date, TO_DATE('4712/12/31', 'YYYY/MM/DD'))
   ]]></SQLQuery>
   <DesignTime>
      <Attr Name="_isCodegen" Value="true" />
      <Attr Name="_version" Value="9.0.3.13.75" />
      <Attr Name="_CodeGenFlagNew" Value="36" />
   </DesignTime>
   <ViewAttribute
      Name="TaxCol"
      IsPersistent="false"
      Precision="4000"
      Type="java.lang.String"
      AliasName="TAX_COL"
      ColumnType="VARCHAR2"
      Expression="TAX_COL"
      SQLType="VARCHAR" >
      <DesignTime>
         <Attr Name="_DisplaySize" Value="4000" />
      </DesignTime>
   </ViewAttribute>
</ViewObject>
