<?xml version="1.0" encoding='Shift_JIS'?>
<!DOCTYPE ViewObject SYSTEM "jbo_03_01.dtd">

<ViewObject
   Name="XX03GetPaymentSlipsVO"
   BindingStyle="Oracle"
   CustomQuery="true"
   RowClass="oracle.apps.xx03.ap.server.XX03GetPaymentSlipsVORowImpl"
   ComponentClass="oracle.apps.xx03.ap.server.XX03GetPaymentSlipsVOImpl"
   MsgBundleClass="oracle.jbo.common.JboResourceBundle"
   UseGlueCode="false" >
   <SQLQuery><![CDATA[
SELECT XX03PaymentSlipsEO.INVOICE_ID, 
       XX03PaymentSlipsEO.WF_STATUS, 
       XX03PaymentSlipsEO.SLIP_TYPE, 
       XX03PaymentSlipsEO.INVOICE_NUM, 
       XX03PaymentSlipsEO.ENTRY_DATE, 
       XX03PaymentSlipsEO.REQUEST_KEY, 
       XX03PaymentSlipsEO.REQUESTOR_PERSON_ID, 
       XX03PaymentSlipsEO.REQUESTOR_PERSON_NAME, 
       XX03PaymentSlipsEO.APPROVER_PERSON_ID, 
       XX03PaymentSlipsEO.APPROVER_PERSON_NAME, 
       XX03PaymentSlipsEO.REQUEST_DATE, 
       XX03PaymentSlipsEO.APPROVAL_DATE, 
       XX03PaymentSlipsEO.REJECTION_DATE, 
       XX03PaymentSlipsEO.ACCOUNT_APPROVER_PERSON_ID, 
       XX03PaymentSlipsEO.ACCOUNT_APPROVAL_DATE, 
       XX03PaymentSlipsEO.AP_FORWORD_DATE, 
       XX03PaymentSlipsEO.RECOGNITION_CLASS, 
       XX03PaymentSlipsEO.APPROVER_COMMENTS, 
       XX03PaymentSlipsEO.REQUEST_ENABLE_FLAG, 
       XX03PaymentSlipsEO.ACCOUNT_REVISION_FLAG, 
       XX03PaymentSlipsEO.INVOICE_DATE, 
       XX03PaymentSlipsEO.VENDOR_ID, 
       XX03PaymentSlipsEO.VENDOR_NAME, 
       XX03PaymentSlipsEO.VENDOR_SITE_ID, 
       XX03PaymentSlipsEO.VENDOR_SITE_NAME, 
       XX03PaymentSlipsEO.INV_AMOUNT, 
       XX03PaymentSlipsEO.INV_ACCOUNTED_AMOUNT, 
       XX03PaymentSlipsEO.INV_ITEM_AMOUNT, 
       XX03PaymentSlipsEO.INV_TAX_AMOUNT, 
       XX03PaymentSlipsEO.INV_PREPAY_AMOUNT, 
       XX03PaymentSlipsEO.INVOICE_CURRENCY_CODE, 
       XX03PaymentSlipsEO.EXCHANGE_RATE, 
       XX03PaymentSlipsEO.EXCHANGE_RATE_TYPE, 
       XX03PaymentSlipsEO.EXCHANGE_RATE_TYPE_NAME, 
       XX03PaymentSlipsEO.TERMS_ID, 
       XX03PaymentSlipsEO.TERMS_NAME, 
       XX03PaymentSlipsEO.DESCRIPTION, 
       XX03PaymentSlipsEO.VENDOR_INVOICE_NUM, 
       XX03PaymentSlipsEO.ENTRY_DEPARTMENT, 
       XX03PaymentSlipsEO.ENTRY_PERSON_ID, 
       XX03PaymentSlipsEO.ORIG_INVOICE_NUM, 
       XX03PaymentSlipsEO.ACCOUNT_APPROVAL_FLAG, 
       XX03PaymentSlipsEO.PAY_GROUP_LOOKUP_CODE, 
       XX03PaymentSlipsEO.PAY_GROUP_LOOKUP_NAME, 
       XX03PaymentSlipsEO.GL_DATE, 
       XX03PaymentSlipsEO.ACCTS_PAY_CODE_COMBINATION_ID, 
       XX03PaymentSlipsEO.AUTO_TAX_CALC_FLAG, 
       XX03PaymentSlipsEO.AP_TAX_ROUNDING_RULE, 
       XX03PaymentSlipsEO.PREPAY_NUM, 
       XX03PaymentSlipsEO.TERMS_DATE, 
       XX03PaymentSlipsEO.FORM_SELECT_FLAG, 
       XX03PaymentSlipsEO.ORG_ID, 
       XX03PaymentSlipsEO.ATTRIBUTE_CATEGORY, 
       XX03PaymentSlipsEO.ATTRIBUTE1, 
       XX03PaymentSlipsEO.ATTRIBUTE2, 
       XX03PaymentSlipsEO.ATTRIBUTE3, 
       XX03PaymentSlipsEO.ATTRIBUTE4, 
       XX03PaymentSlipsEO.ATTRIBUTE5, 
       XX03PaymentSlipsEO.ATTRIBUTE6, 
       XX03PaymentSlipsEO.ATTRIBUTE7, 
       XX03PaymentSlipsEO.ATTRIBUTE8, 
       XX03PaymentSlipsEO.ATTRIBUTE9, 
       XX03PaymentSlipsEO.ATTRIBUTE10, 
       XX03PaymentSlipsEO.ATTRIBUTE11, 
       XX03PaymentSlipsEO.ATTRIBUTE12, 
       XX03PaymentSlipsEO.ATTRIBUTE13, 
       XX03PaymentSlipsEO.ATTRIBUTE14, 
       XX03PaymentSlipsEO.ATTRIBUTE15, 
       XX03PaymentSlipsEO.ATTRIBUTE16, 
       XX03PaymentSlipsEO.ATTRIBUTE17, 
       XX03PaymentSlipsEO.ATTRIBUTE18, 
       XX03PaymentSlipsEO.ATTRIBUTE19, 
       XX03PaymentSlipsEO.ATTRIBUTE20, 
       XX03PaymentSlipsEO.CREATED_BY, 
       XX03PaymentSlipsEO.CREATION_DATE, 
       XX03PaymentSlipsEO.LAST_UPDATED_BY, 
       XX03PaymentSlipsEO.LAST_UPDATE_DATE, 
       XX03PaymentSlipsEO.LAST_UPDATE_LOGIN, 
       XX03PaymentSlipsEO.REQUEST_ID, 
       XX03PaymentSlipsEO.PROGRAM_APPLICATION_ID, 
       XX03PaymentSlipsEO.PROGRAM_UPDATE_DATE, 
       XX03PaymentSlipsEO.PROGRAM_ID
  FROM XX03_PAYMENT_SLIPS XX03PaymentSlipsEO
 WHERE XX03PaymentSlipsEO.INVOICE_ID = :1
   ]]></SQLQuery>
   <DesignTime>
      <Attr Name="_isCodegen" Value="true" />
      <Attr Name="_version" Value="9.0.3.11.44" />
      <Attr Name="_CodeGenFlagNew" Value="36" />
   </DesignTime>
   <EntityUsage
      Name="XX03PaymentSlipsEO"
      Entity="oracle.apps.xx03.ap.server.XX03PaymentSlipsEO" >
      <DesignTime>
         <Attr Name="_EntireObjectTable" Value="false" />
         <Attr Name="_queryClause" Value="false" />
      </DesignTime>
   </EntityUsage>
   <ViewAttribute
      Name="InvoiceId"
      IsNotNull="true"
      EntityAttrName="InvoiceId"
      EntityUsage="XX03PaymentSlipsEO"
      AliasName="INVOICE_ID"
      ColumnType="VARCHAR2" >
   </ViewAttribute>
   <ViewAttribute
      Name="WfStatus"
      IsNotNull="true"
      EntityAttrName="WfStatus"
      EntityUsage="XX03PaymentSlipsEO"
      AliasName="WF_STATUS"
      ColumnType="VARCHAR2" >
   </ViewAttribute>
   <ViewAttribute
      Name="SlipType"
      IsNotNull="true"
      EntityAttrName="SlipType"
      EntityUsage="XX03PaymentSlipsEO"
      AliasName="SLIP_TYPE"
      ColumnType="VARCHAR2" >
   </ViewAttribute>
   <ViewAttribute
      Name="InvoiceNum"
      IsNotNull="true"
      EntityAttrName="InvoiceNum"
      EntityUsage="XX03PaymentSlipsEO"
      AliasName="INVOICE_NUM"
      ColumnType="VARCHAR2" >
   </ViewAttribute>
   <ViewAttribute
      Name="EntryDate"
      EntityAttrName="EntryDate"
      EntityUsage="XX03PaymentSlipsEO"
      AliasName="ENTRY_DATE"
      ColumnType="VARCHAR2" >
   </ViewAttribute>
   <ViewAttribute
      Name="RequestKey"
      EntityAttrName="RequestKey"
      EntityUsage="XX03PaymentSlipsEO"
      AliasName="REQUEST_KEY"
      ColumnType="VARCHAR2" >
   </ViewAttribute>
   <ViewAttribute
      Name="RequestorPersonId"
      EntityAttrName="RequestorPersonId"
      EntityUsage="XX03PaymentSlipsEO"
      AliasName="REQUESTOR_PERSON_ID"
      ColumnType="VARCHAR2" >
   </ViewAttribute>
   <ViewAttribute
      Name="RequestorPersonName"
      EntityAttrName="RequestorPersonName"
      EntityUsage="XX03PaymentSlipsEO"
      AliasName="REQUESTOR_PERSON_NAME"
      ColumnType="VARCHAR2" >
   </ViewAttribute>
   <ViewAttribute
      Name="ApproverPersonId"
      EntityAttrName="ApproverPersonId"
      EntityUsage="XX03PaymentSlipsEO"
      AliasName="APPROVER_PERSON_ID"
      ColumnType="VARCHAR2" >
   </ViewAttribute>
   <ViewAttribute
      Name="ApproverPersonName"
      EntityAttrName="ApproverPersonName"
      EntityUsage="XX03PaymentSlipsEO"
      AliasName="APPROVER_PERSON_NAME"
      ColumnType="VARCHAR2" >
   </ViewAttribute>
   <ViewAttribute
      Name="RequestDate"
      EntityAttrName="RequestDate"
      EntityUsage="XX03PaymentSlipsEO"
      AliasName="REQUEST_DATE"
      ColumnType="VARCHAR2" >
   </ViewAttribute>
   <ViewAttribute
      Name="ApprovalDate"
      EntityAttrName="ApprovalDate"
      EntityUsage="XX03PaymentSlipsEO"
      AliasName="APPROVAL_DATE"
      ColumnType="VARCHAR2" >
   </ViewAttribute>
   <ViewAttribute
      Name="RejectionDate"
      EntityAttrName="RejectionDate"
      EntityUsage="XX03PaymentSlipsEO"
      AliasName="REJECTION_DATE"
      ColumnType="VARCHAR2" >
   </ViewAttribute>
   <ViewAttribute
      Name="AccountApproverPersonId"
      EntityAttrName="AccountApproverPersonId"
      EntityUsage="XX03PaymentSlipsEO"
      AliasName="ACCOUNT_APPROVER_PERSON_ID"
      ColumnType="VARCHAR2" >
   </ViewAttribute>
   <ViewAttribute
      Name="AccountApprovalDate"
      EntityAttrName="AccountApprovalDate"
      EntityUsage="XX03PaymentSlipsEO"
      AliasName="ACCOUNT_APPROVAL_DATE"
      ColumnType="VARCHAR2" >
   </ViewAttribute>
   <ViewAttribute
      Name="ApForwordDate"
      EntityAttrName="ApForwordDate"
      EntityUsage="XX03PaymentSlipsEO"
      AliasName="AP_FORWORD_DATE"
      ColumnType="VARCHAR2" >
   </ViewAttribute>
   <ViewAttribute
      Name="RecognitionClass"
      EntityAttrName="RecognitionClass"
      EntityUsage="XX03PaymentSlipsEO"
      AliasName="RECOGNITION_CLASS"
      ColumnType="VARCHAR2" >
   </ViewAttribute>
   <ViewAttribute
      Name="ApproverComments"
      EntityAttrName="ApproverComments"
      EntityUsage="XX03PaymentSlipsEO"
      AliasName="APPROVER_COMMENTS"
      ColumnType="VARCHAR2" >
   </ViewAttribute>
   <ViewAttribute
      Name="RequestEnableFlag"
      IsNotNull="true"
      EntityAttrName="RequestEnableFlag"
      EntityUsage="XX03PaymentSlipsEO"
      AliasName="REQUEST_ENABLE_FLAG"
      ColumnType="VARCHAR2" >
   </ViewAttribute>
   <ViewAttribute
      Name="AccountRevisionFlag"
      IsNotNull="true"
      EntityAttrName="AccountRevisionFlag"
      EntityUsage="XX03PaymentSlipsEO"
      AliasName="ACCOUNT_REVISION_FLAG"
      ColumnType="VARCHAR2" >
   </ViewAttribute>
   <ViewAttribute
      Name="InvoiceDate"
      IsNotNull="true"
      EntityAttrName="InvoiceDate"
      EntityUsage="XX03PaymentSlipsEO"
      AliasName="INVOICE_DATE"
      ColumnType="VARCHAR2" >
   </ViewAttribute>
   <ViewAttribute
      Name="VendorId"
      IsNotNull="true"
      EntityAttrName="VendorId"
      EntityUsage="XX03PaymentSlipsEO"
      AliasName="VENDOR_ID"
      ColumnType="VARCHAR2" >
   </ViewAttribute>
   <ViewAttribute
      Name="VendorName"
      EntityAttrName="VendorName"
      EntityUsage="XX03PaymentSlipsEO"
      AliasName="VENDOR_NAME"
      ColumnType="VARCHAR2" >
   </ViewAttribute>
   <ViewAttribute
      Name="VendorSiteId"
      IsNotNull="true"
      EntityAttrName="VendorSiteId"
      EntityUsage="XX03PaymentSlipsEO"
      AliasName="VENDOR_SITE_ID"
      ColumnType="VARCHAR2" >
   </ViewAttribute>
   <ViewAttribute
      Name="VendorSiteName"
      EntityAttrName="VendorSiteName"
      EntityUsage="XX03PaymentSlipsEO"
      AliasName="VENDOR_SITE_NAME"
      ColumnType="VARCHAR2" >
   </ViewAttribute>
   <ViewAttribute
      Name="InvAmount"
      EntityAttrName="InvAmount"
      EntityUsage="XX03PaymentSlipsEO"
      AliasName="INV_AMOUNT"
      ColumnType="VARCHAR2" >
   </ViewAttribute>
   <ViewAttribute
      Name="InvAccountedAmount"
      EntityAttrName="InvAccountedAmount"
      EntityUsage="XX03PaymentSlipsEO"
      AliasName="INV_ACCOUNTED_AMOUNT"
      ColumnType="VARCHAR2" >
   </ViewAttribute>
   <ViewAttribute
      Name="InvItemAmount"
      EntityAttrName="InvItemAmount"
      EntityUsage="XX03PaymentSlipsEO"
      AliasName="INV_ITEM_AMOUNT"
      ColumnType="VARCHAR2" >
   </ViewAttribute>
   <ViewAttribute
      Name="InvTaxAmount"
      EntityAttrName="InvTaxAmount"
      EntityUsage="XX03PaymentSlipsEO"
      AliasName="INV_TAX_AMOUNT"
      ColumnType="VARCHAR2" >
   </ViewAttribute>
   <ViewAttribute
      Name="InvPrepayAmount"
      EntityAttrName="InvPrepayAmount"
      EntityUsage="XX03PaymentSlipsEO"
      AliasName="INV_PREPAY_AMOUNT"
      ColumnType="VARCHAR2" >
   </ViewAttribute>
   <ViewAttribute
      Name="InvoiceCurrencyCode"
      IsNotNull="true"
      EntityAttrName="InvoiceCurrencyCode"
      EntityUsage="XX03PaymentSlipsEO"
      AliasName="INVOICE_CURRENCY_CODE"
      ColumnType="VARCHAR2" >
   </ViewAttribute>
   <ViewAttribute
      Name="ExchangeRate"
      EntityAttrName="ExchangeRate"
      EntityUsage="XX03PaymentSlipsEO"
      AliasName="EXCHANGE_RATE"
      ColumnType="VARCHAR2" >
   </ViewAttribute>
   <ViewAttribute
      Name="ExchangeRateType"
      EntityAttrName="ExchangeRateType"
      EntityUsage="XX03PaymentSlipsEO"
      AliasName="EXCHANGE_RATE_TYPE"
      ColumnType="VARCHAR2" >
   </ViewAttribute>
   <ViewAttribute
      Name="ExchangeRateTypeName"
      EntityAttrName="ExchangeRateTypeName"
      EntityUsage="XX03PaymentSlipsEO"
      AliasName="EXCHANGE_RATE_TYPE_NAME"
      ColumnType="VARCHAR2" >
   </ViewAttribute>
   <ViewAttribute
      Name="TermsId"
      IsNotNull="true"
      EntityAttrName="TermsId"
      EntityUsage="XX03PaymentSlipsEO"
      AliasName="TERMS_ID"
      ColumnType="VARCHAR2" >
   </ViewAttribute>
   <ViewAttribute
      Name="TermsName"
      EntityAttrName="TermsName"
      EntityUsage="XX03PaymentSlipsEO"
      AliasName="TERMS_NAME"
      ColumnType="VARCHAR2" >
   </ViewAttribute>
   <ViewAttribute
      Name="Description"
      EntityAttrName="Description"
      EntityUsage="XX03PaymentSlipsEO"
      AliasName="DESCRIPTION"
      ColumnType="VARCHAR2" >
   </ViewAttribute>
   <ViewAttribute
      Name="VendorInvoiceNum"
      EntityAttrName="VendorInvoiceNum"
      EntityUsage="XX03PaymentSlipsEO"
      AliasName="VENDOR_INVOICE_NUM"
      ColumnType="VARCHAR2" >
   </ViewAttribute>
   <ViewAttribute
      Name="EntryDepartment"
      IsNotNull="true"
      EntityAttrName="EntryDepartment"
      EntityUsage="XX03PaymentSlipsEO"
      AliasName="ENTRY_DEPARTMENT"
      ColumnType="VARCHAR2" >
   </ViewAttribute>
   <ViewAttribute
      Name="EntryPersonId"
      IsNotNull="true"
      EntityAttrName="EntryPersonId"
      EntityUsage="XX03PaymentSlipsEO"
      AliasName="ENTRY_PERSON_ID"
      ColumnType="VARCHAR2" >
   </ViewAttribute>
   <ViewAttribute
      Name="OrigInvoiceNum"
      EntityAttrName="OrigInvoiceNum"
      EntityUsage="XX03PaymentSlipsEO"
      AliasName="ORIG_INVOICE_NUM"
      ColumnType="VARCHAR2" >
   </ViewAttribute>
   <ViewAttribute
      Name="AccountApprovalFlag"
      IsNotNull="true"
      EntityAttrName="AccountApprovalFlag"
      EntityUsage="XX03PaymentSlipsEO"
      AliasName="ACCOUNT_APPROVAL_FLAG"
      ColumnType="VARCHAR2" >
   </ViewAttribute>
   <ViewAttribute
      Name="PayGroupLookupCode"
      IsNotNull="true"
      EntityAttrName="PayGroupLookupCode"
      EntityUsage="XX03PaymentSlipsEO"
      AliasName="PAY_GROUP_LOOKUP_CODE"
      ColumnType="VARCHAR2" >
   </ViewAttribute>
   <ViewAttribute
      Name="PayGroupLookupName"
      EntityAttrName="PayGroupLookupName"
      EntityUsage="XX03PaymentSlipsEO"
      AliasName="PAY_GROUP_LOOKUP_NAME"
      ColumnType="VARCHAR2" >
   </ViewAttribute>
   <ViewAttribute
      Name="GlDate"
      IsNotNull="true"
      EntityAttrName="GlDate"
      EntityUsage="XX03PaymentSlipsEO"
      AliasName="GL_DATE"
      ColumnType="VARCHAR2" >
   </ViewAttribute>
   <ViewAttribute
      Name="AcctsPayCodeCombinationId"
      EntityAttrName="AcctsPayCodeCombinationId"
      EntityUsage="XX03PaymentSlipsEO"
      AliasName="ACCTS_PAY_CODE_COMBINATION_ID"
      ColumnType="VARCHAR2" >
   </ViewAttribute>
   <ViewAttribute
      Name="AutoTaxCalcFlag"
      EntityAttrName="AutoTaxCalcFlag"
      EntityUsage="XX03PaymentSlipsEO"
      AliasName="AUTO_TAX_CALC_FLAG"
      ColumnType="VARCHAR2" >
   </ViewAttribute>
   <ViewAttribute
      Name="ApTaxRoundingRule"
      EntityAttrName="ApTaxRoundingRule"
      EntityUsage="XX03PaymentSlipsEO"
      AliasName="AP_TAX_ROUNDING_RULE"
      ColumnType="VARCHAR2" >
   </ViewAttribute>
   <ViewAttribute
      Name="PrepayNum"
      EntityAttrName="PrepayNum"
      EntityUsage="XX03PaymentSlipsEO"
      AliasName="PREPAY_NUM"
      ColumnType="VARCHAR2" >
   </ViewAttribute>
   <ViewAttribute
      Name="TermsDate"
      IsNotNull="true"
      EntityAttrName="TermsDate"
      EntityUsage="XX03PaymentSlipsEO"
      AliasName="TERMS_DATE"
      ColumnType="VARCHAR2" >
   </ViewAttribute>
   <ViewAttribute
      Name="FormSelectFlag"
      EntityAttrName="FormSelectFlag"
      EntityUsage="XX03PaymentSlipsEO"
      AliasName="FORM_SELECT_FLAG"
      ColumnType="VARCHAR2" >
   </ViewAttribute>
   <ViewAttribute
      Name="OrgId"
      IsNotNull="true"
      EntityAttrName="OrgId"
      EntityUsage="XX03PaymentSlipsEO"
      AliasName="ORG_ID"
      ColumnType="VARCHAR2" >
   </ViewAttribute>
   <ViewAttribute
      Name="AttributeCategory"
      EntityAttrName="AttributeCategory"
      EntityUsage="XX03PaymentSlipsEO"
      AliasName="ATTRIBUTE_CATEGORY"
      ColumnType="VARCHAR2" >
   </ViewAttribute>
   <ViewAttribute
      Name="Attribute1"
      EntityAttrName="Attribute1"
      EntityUsage="XX03PaymentSlipsEO"
      AliasName="ATTRIBUTE1"
      ColumnType="VARCHAR2" >
   </ViewAttribute>
   <ViewAttribute
      Name="Attribute2"
      EntityAttrName="Attribute2"
      EntityUsage="XX03PaymentSlipsEO"
      AliasName="ATTRIBUTE2"
      ColumnType="VARCHAR2" >
   </ViewAttribute>
   <ViewAttribute
      Name="Attribute3"
      EntityAttrName="Attribute3"
      EntityUsage="XX03PaymentSlipsEO"
      AliasName="ATTRIBUTE3"
      ColumnType="VARCHAR2" >
   </ViewAttribute>
   <ViewAttribute
      Name="Attribute4"
      EntityAttrName="Attribute4"
      EntityUsage="XX03PaymentSlipsEO"
      AliasName="ATTRIBUTE4"
      ColumnType="VARCHAR2" >
   </ViewAttribute>
   <ViewAttribute
      Name="Attribute5"
      EntityAttrName="Attribute5"
      EntityUsage="XX03PaymentSlipsEO"
      AliasName="ATTRIBUTE5"
      ColumnType="VARCHAR2" >
   </ViewAttribute>
   <ViewAttribute
      Name="Attribute6"
      EntityAttrName="Attribute6"
      EntityUsage="XX03PaymentSlipsEO"
      AliasName="ATTRIBUTE6"
      ColumnType="VARCHAR2" >
   </ViewAttribute>
   <ViewAttribute
      Name="Attribute7"
      EntityAttrName="Attribute7"
      EntityUsage="XX03PaymentSlipsEO"
      AliasName="ATTRIBUTE7"
      ColumnType="VARCHAR2" >
   </ViewAttribute>
   <ViewAttribute
      Name="Attribute8"
      EntityAttrName="Attribute8"
      EntityUsage="XX03PaymentSlipsEO"
      AliasName="ATTRIBUTE8"
      ColumnType="VARCHAR2" >
   </ViewAttribute>
   <ViewAttribute
      Name="Attribute9"
      EntityAttrName="Attribute9"
      EntityUsage="XX03PaymentSlipsEO"
      AliasName="ATTRIBUTE9"
      ColumnType="VARCHAR2" >
   </ViewAttribute>
   <ViewAttribute
      Name="Attribute10"
      EntityAttrName="Attribute10"
      EntityUsage="XX03PaymentSlipsEO"
      AliasName="ATTRIBUTE10"
      ColumnType="VARCHAR2" >
   </ViewAttribute>
   <ViewAttribute
      Name="Attribute11"
      EntityAttrName="Attribute11"
      EntityUsage="XX03PaymentSlipsEO"
      AliasName="ATTRIBUTE11"
      ColumnType="VARCHAR2" >
   </ViewAttribute>
   <ViewAttribute
      Name="Attribute12"
      EntityAttrName="Attribute12"
      EntityUsage="XX03PaymentSlipsEO"
      AliasName="ATTRIBUTE12"
      ColumnType="VARCHAR2" >
   </ViewAttribute>
   <ViewAttribute
      Name="Attribute13"
      EntityAttrName="Attribute13"
      EntityUsage="XX03PaymentSlipsEO"
      AliasName="ATTRIBUTE13"
      ColumnType="VARCHAR2" >
   </ViewAttribute>
   <ViewAttribute
      Name="Attribute14"
      EntityAttrName="Attribute14"
      EntityUsage="XX03PaymentSlipsEO"
      AliasName="ATTRIBUTE14"
      ColumnType="VARCHAR2" >
   </ViewAttribute>
   <ViewAttribute
      Name="Attribute15"
      EntityAttrName="Attribute15"
      EntityUsage="XX03PaymentSlipsEO"
      AliasName="ATTRIBUTE15"
      ColumnType="VARCHAR2" >
   </ViewAttribute>
   <ViewAttribute
      Name="Attribute16"
      EntityAttrName="Attribute16"
      EntityUsage="XX03PaymentSlipsEO"
      AliasName="ATTRIBUTE16"
      ColumnType="VARCHAR2" >
   </ViewAttribute>
   <ViewAttribute
      Name="Attribute17"
      EntityAttrName="Attribute17"
      EntityUsage="XX03PaymentSlipsEO"
      AliasName="ATTRIBUTE17"
      ColumnType="VARCHAR2" >
   </ViewAttribute>
   <ViewAttribute
      Name="Attribute18"
      EntityAttrName="Attribute18"
      EntityUsage="XX03PaymentSlipsEO"
      AliasName="ATTRIBUTE18"
      ColumnType="VARCHAR2" >
   </ViewAttribute>
   <ViewAttribute
      Name="Attribute19"
      EntityAttrName="Attribute19"
      EntityUsage="XX03PaymentSlipsEO"
      AliasName="ATTRIBUTE19"
      ColumnType="VARCHAR2" >
   </ViewAttribute>
   <ViewAttribute
      Name="Attribute20"
      EntityAttrName="Attribute20"
      EntityUsage="XX03PaymentSlipsEO"
      AliasName="ATTRIBUTE20"
      ColumnType="VARCHAR2" >
   </ViewAttribute>
   <ViewAttribute
      Name="CreatedBy"
      IsNotNull="true"
      EntityAttrName="CreatedBy"
      EntityUsage="XX03PaymentSlipsEO"
      AliasName="CREATED_BY"
      ColumnType="VARCHAR2" >
   </ViewAttribute>
   <ViewAttribute
      Name="CreationDate"
      IsNotNull="true"
      EntityAttrName="CreationDate"
      EntityUsage="XX03PaymentSlipsEO"
      AliasName="CREATION_DATE"
      ColumnType="VARCHAR2" >
   </ViewAttribute>
   <ViewAttribute
      Name="LastUpdatedBy"
      IsNotNull="true"
      EntityAttrName="LastUpdatedBy"
      EntityUsage="XX03PaymentSlipsEO"
      AliasName="LAST_UPDATED_BY"
      ColumnType="VARCHAR2" >
   </ViewAttribute>
   <ViewAttribute
      Name="LastUpdateDate"
      IsNotNull="true"
      EntityAttrName="LastUpdateDate"
      EntityUsage="XX03PaymentSlipsEO"
      AliasName="LAST_UPDATE_DATE"
      ColumnType="VARCHAR2" >
   </ViewAttribute>
   <ViewAttribute
      Name="LastUpdateLogin"
      EntityAttrName="LastUpdateLogin"
      EntityUsage="XX03PaymentSlipsEO"
      AliasName="LAST_UPDATE_LOGIN"
      ColumnType="VARCHAR2" >
   </ViewAttribute>
   <ViewAttribute
      Name="RequestId"
      EntityAttrName="RequestId"
      EntityUsage="XX03PaymentSlipsEO"
      AliasName="REQUEST_ID"
      ColumnType="VARCHAR2" >
   </ViewAttribute>
   <ViewAttribute
      Name="ProgramApplicationId"
      EntityAttrName="ProgramApplicationId"
      EntityUsage="XX03PaymentSlipsEO"
      AliasName="PROGRAM_APPLICATION_ID"
      ColumnType="VARCHAR2" >
   </ViewAttribute>
   <ViewAttribute
      Name="ProgramUpdateDate"
      EntityAttrName="ProgramUpdateDate"
      EntityUsage="XX03PaymentSlipsEO"
      AliasName="PROGRAM_UPDATE_DATE"
      ColumnType="VARCHAR2" >
   </ViewAttribute>
   <ViewAttribute
      Name="ProgramId"
      EntityAttrName="ProgramId"
      EntityUsage="XX03PaymentSlipsEO"
      AliasName="PROGRAM_ID"
      ColumnType="VARCHAR2" >
   </ViewAttribute>
</ViewObject>
