<?xml version="1.0" encoding='windows-31j'?>
<!DOCTYPE ViewObject SYSTEM "jbo_03_01.dtd">

<ViewObject
   Name="XX03ResultInvoiceVO"
   OrderBy="INVOICE_NUM"
   BindingStyle="Oracle"
   CustomQuery="true"
   RowClass="oracle.apps.xx03.ap.server.XX03ResultInvoiceVORowImpl"
   ComponentClass="oracle.apps.xx03.ap.server.XX03ResultInvoiceVOImpl"
   MsgBundleClass="oracle.jbo.common.JboResourceBundle"
   FetchMode="FETCH_AS_NEEDED"
   UseGlueCode="false" >
   <SQLQuery><![CDATA[
SELECT
   XPS.INVOICE_ID     invoice_id
  ,XPS.WF_STATUS      wf_status
  ,XWSV.MEANING       meaning
  ,XPS.INVOICE_NUM    invoice_num
  ,XPS.SLIP_TYPE      slip_type
  ,XSTV.DESCRIPTION   description
  ,XPS.VENDOR_ID      vendor_id
  ,XPS.VENDOR_NAME    vendor_name
  ,XPS.INVOICE_DATE   invoice_date
  ,DECODE(XPS.INV_AMOUNT,TO_NUMBER(TO_CHAR(XPS.INV_AMOUNT, xx00_currency_pkg.get_format_mask(XPS.INVOICE_CURRENCY_CODE, 38))
                                   ,xx00_currency_pkg.get_format_mask(XPS.INVOICE_CURRENCY_CODE, 38))
                        ,TO_CHAR(XPS.INV_AMOUNT, xx00_currency_pkg.get_format_mask(XPS.INVOICE_CURRENCY_CODE, 38))
                        ,TO_CHAR(XPS.INV_AMOUNT)
              ) invoice_amount
  ,XPS.ATTRIBUTE2     attribute2
  ,XPS.FORM_SELECT_FLAG     form_select_flag
  ,XPS.ENTRY_PERSON_ID      entry_person_id
  ,XPS.INVOICE_CURRENCY_CODE  invoice_currency_code
  ,decode(XPS.WF_STATUS
          ,'00',decode(XPS.ENTRY_PERSON_ID,:1,'deleteicon_enabled.gif','deleteicon_disabled.gif')
          ,'10',decode(XPS.ENTRY_PERSON_ID,:2,'deleteicon_enabled.gif','deleteicon_disabled.gif')
          ,'deleteicon_disabled.gif'
          )                 delete_flag
  ,decode(XPS.WF_STATUS
          ,'00',decode(XPS.ENTRY_PERSON_ID,:3,'javascript:submitForm(0, 0, {serverValidate:"0", invoiceId:"' || XPS.INVOICE_ID || '", invoiceNum:"' || XPS.INVOICE_NUM || '" ,datadelete:"datadelete"})', null)
          ,'10',decode(XPS.ENTRY_PERSON_ID,:4,'javascript:submitForm(0, 0, {serverValidate:"0", invoiceId:"' || XPS.INVOICE_ID || '", invoiceNum:"' || XPS.INVOICE_NUM || '" ,datadelete:"datadelete"})', null)
          ,null
          )                 delete_uri
  ,XPS.ENTRY_DEPARTMENT     entry_department
  ,XPS.APPROVER_PERSON_ID   approver_person_id
  ,XPS.VENDOR_INVOICE_NUM   vendor_invoice_num
  ,XPS.PAY_GROUP_LOOKUP_CODE  pay_group_lookup_code
  ,TRUNC(XPS.TERMS_DATE)    terms_date
  ,TRUNC(XPS.GL_DATE)       gl_date
  ,TRUNC(XPS.ENTRY_DATE)    entry_date
  ,XPS.LAST_UPDATE_DATE     last_update_date
FROM
   XX03_PAYMENT_SLIPS  XPS
  ,XX03_WF_STATUSES_V  XWSV
  ,XX03_SLIP_TYPES_V   XSTV
WHERE
      XPS.DELETE_FLAG  = 'N'
  AND XPS.WF_STATUS    = XWSV.LOOKUP_CODE (+)
  AND XPS.SLIP_TYPE    = XSTV.LOOKUP_CODE (+)
  AND (   EXISTS (SELECT '1'
                  FROM   XX03_PER_PEOPLES_V          XPPV
                        ,XX03_FLEX_VALUE_CHILDREN_V  XFVCV
                  WHERE  XPPV.USER_ID      = XX00_PROFILE_PKG.VALUE('USER_ID')
                    AND  TRUNC(SYSDATE) BETWEEN XPPV.EFFECTIVE_START_DATE AND XPPV.EFFECTIVE_END_DATE
                    AND  XPPV.ATTRIBUTE29  = XFVCV.PARENT_FLEX_VALUE
                    AND  XFVCV.FLEX_VALUE  = XPS.ENTRY_DEPARTMENT
                  )
       OR EXISTS (SELECT '1'
                  FROM   FND_USER  FU
                  WHERE  FU.USER_ID      = XX00_PROFILE_PKG.VALUE('USER_ID')
                    AND  FU.EMPLOYEE_ID  = XPS.ENTRY_PERSON_ID
                    AND  'Y'             = XX00_PROFILE_PKG.VALUE('XX03_SELF_ENTRY_SELECT_FLAG')
                  )
       )
  AND EXISTS (SELECT '1'
              FROM   XX03_PAYMENT_SLIP_LINES XPSL
              WHERE  XPSL.INVOICE_ID   = XPS.INVOICE_ID
                AND  XPSL.ORG_ID       = XX00_PROFILE_PKG.VALUE('ORG_ID')
              )
   ]]></SQLQuery>
   <DesignTime>
      <Attr Name="_isCodegen" Value="true" />
      <Attr Name="_version" Value="9.0.3.13.88" />
      <Attr Name="_CodeGenFlagNew" Value="36" />
   </DesignTime>
   <ViewAttribute
      Name="InvoiceId"
      IsPersistent="false"
      IsNotNull="true"
      Precision="15"
      Scale="0"
      Type="oracle.jbo.domain.Number"
      ColumnType="VARCHAR2"
      AliasName="INVOICE_ID"
      Expression="INVOICE_ID"
      SQLType="NUMERIC" >
      <DesignTime>
         <Attr Name="_DisplaySize" Value="22" />
      </DesignTime>
   </ViewAttribute>
   <ViewAttribute
      Name="WfStatus"
      IsPersistent="false"
      IsNotNull="true"
      Precision="25"
      Type="java.lang.String"
      ColumnType="VARCHAR2"
      AliasName="WF_STATUS"
      Expression="WF_STATUS"
      SQLType="VARCHAR" >
      <DesignTime>
         <Attr Name="_DisplaySize" Value="25" />
      </DesignTime>
   </ViewAttribute>
   <ViewAttribute
      Name="Meaning"
      IsPersistent="false"
      IsNotNull="true"
      Precision="80"
      Type="java.lang.String"
      ColumnType="VARCHAR2"
      AliasName="MEANING"
      Expression="MEANING"
      SQLType="VARCHAR" >
      <DesignTime>
         <Attr Name="_DisplaySize" Value="80" />
      </DesignTime>
   </ViewAttribute>
   <ViewAttribute
      Name="InvoiceNum"
      IsPersistent="false"
      IsNotNull="true"
      Precision="50"
      Type="java.lang.String"
      ColumnType="VARCHAR2"
      AliasName="INVOICE_NUM"
      Expression="INVOICE_NUM"
      SQLType="VARCHAR" >
      <DesignTime>
         <Attr Name="_DisplaySize" Value="50" />
      </DesignTime>
   </ViewAttribute>
   <ViewAttribute
      Name="SlipType"
      IsPersistent="false"
      IsNotNull="true"
      Precision="25"
      Type="java.lang.String"
      ColumnType="VARCHAR2"
      AliasName="SLIP_TYPE"
      Expression="SLIP_TYPE"
      SQLType="VARCHAR" >
      <DesignTime>
         <Attr Name="_DisplaySize" Value="25" />
      </DesignTime>
   </ViewAttribute>
   <ViewAttribute
      Name="Description"
      IsPersistent="false"
      Precision="240"
      Type="java.lang.String"
      ColumnType="VARCHAR2"
      AliasName="DESCRIPTION"
      Expression="DESCRIPTION"
      SQLType="VARCHAR" >
      <DesignTime>
         <Attr Name="_DisplaySize" Value="240" />
      </DesignTime>
   </ViewAttribute>
   <ViewAttribute
      Name="VendorId"
      IsPersistent="false"
      IsNotNull="true"
      Precision="15"
      Scale="0"
      Type="oracle.jbo.domain.Number"
      ColumnType="VARCHAR2"
      AliasName="VENDOR_ID"
      Expression="VENDOR_ID"
      SQLType="NUMERIC" >
      <DesignTime>
         <Attr Name="_DisplaySize" Value="22" />
      </DesignTime>
   </ViewAttribute>
   <ViewAttribute
      Name="VendorName"
      IsPersistent="false"
      IsNotNull="true"
      Precision="240"
      Type="java.lang.String"
      ColumnType="VARCHAR2"
      AliasName="VENDOR_NAME"
      Expression="VENDOR_NAME"
      SQLType="VARCHAR" >
      <DesignTime>
         <Attr Name="_DisplaySize" Value="240" />
      </DesignTime>
   </ViewAttribute>
   <ViewAttribute
      Name="InvoiceDate"
      IsPersistent="false"
      Type="oracle.jbo.domain.Date"
      ColumnType="VARCHAR2"
      AliasName="INVOICE_DATE"
      Expression="INVOICE_DATE"
      SQLType="DATE" >
      <DesignTime>
         <Attr Name="_DisplaySize" Value="7" />
      </DesignTime>
   </ViewAttribute>
   <ViewAttribute
      Name="InvoiceAmount"
      IsPersistent="false"
      Precision="4000"
      Type="java.lang.String"
      ColumnType="VARCHAR2"
      AliasName="INVOICE_AMOUNT"
      Expression="INVOICE_AMOUNT"
      SQLType="VARCHAR" >
      <DesignTime>
         <Attr Name="_DisplaySize" Value="4000" />
      </DesignTime>
   </ViewAttribute>
   <ViewAttribute
      Name="Attribute2"
      IsPersistent="false"
      Precision="150"
      Type="java.lang.String"
      ColumnType="VARCHAR2"
      AliasName="ATTRIBUTE2"
      Expression="ATTRIBUTE2"
      SQLType="VARCHAR" >
      <DesignTime>
         <Attr Name="_DisplaySize" Value="150" />
      </DesignTime>
   </ViewAttribute>
   <ViewAttribute
      Name="FormSelectFlag"
      IsPersistent="false"
      Precision="1"
      Type="java.lang.String"
      ColumnType="VARCHAR2"
      AliasName="FORM_SELECT_FLAG"
      Expression="FORM_SELECT_FLAG"
      SQLType="VARCHAR" >
      <DesignTime>
         <Attr Name="_DisplaySize" Value="1" />
      </DesignTime>
   </ViewAttribute>
   <ViewAttribute
      Name="EntryPersonId"
      IsPersistent="false"
      IsNotNull="true"
      Precision="15"
      Scale="0"
      Type="oracle.jbo.domain.Number"
      ColumnType="VARCHAR2"
      AliasName="ENTRY_PERSON_ID"
      Expression="ENTRY_PERSON_ID"
      SQLType="NUMERIC" >
      <DesignTime>
         <Attr Name="_DisplaySize" Value="22" />
      </DesignTime>
   </ViewAttribute>
   <ViewAttribute
      Name="InvoiceCurrencyCode"
      IsPersistent="false"
      IsNotNull="true"
      Precision="15"
      Type="java.lang.String"
      ColumnType="VARCHAR2"
      AliasName="INVOICE_CURRENCY_CODE"
      Expression="INVOICE_CURRENCY_CODE"
      SQLType="VARCHAR" >
      <DesignTime>
         <Attr Name="_DisplaySize" Value="15" />
      </DesignTime>
   </ViewAttribute>
   <ViewAttribute
      Name="DeleteFlag"
      IsPersistent="false"
      Precision="23"
      Type="java.lang.String"
      ColumnType="VARCHAR2"
      AliasName="DELETE_FLAG"
      Expression="DELETE_FLAG"
      SQLType="VARCHAR" >
      <DesignTime>
         <Attr Name="_DisplaySize" Value="23" />
      </DesignTime>
   </ViewAttribute>
   <ViewAttribute
      Name="DeleteUri"
      IsPersistent="false"
      Precision="193"
      Type="java.lang.String"
      ColumnType="VARCHAR2"
      AliasName="DELETE_URI"
      Expression="DELETE_URI"
      SQLType="VARCHAR" >
      <DesignTime>
         <Attr Name="_DisplaySize" Value="193" />
      </DesignTime>
   </ViewAttribute>
   <ViewAttribute
      Name="EntryDepartment"
      IsPersistent="false"
      IsNotNull="true"
      Precision="150"
      Type="java.lang.String"
      ColumnType="VARCHAR2"
      AliasName="ENTRY_DEPARTMENT"
      Expression="ENTRY_DEPARTMENT"
      SQLType="VARCHAR" >
      <DesignTime>
         <Attr Name="_DisplaySize" Value="150" />
      </DesignTime>
   </ViewAttribute>
   <ViewAttribute
      Name="ApproverPersonId"
      IsPersistent="false"
      Precision="15"
      Scale="0"
      Type="oracle.jbo.domain.Number"
      ColumnType="VARCHAR2"
      AliasName="APPROVER_PERSON_ID"
      Expression="APPROVER_PERSON_ID"
      SQLType="NUMERIC" >
      <DesignTime>
         <Attr Name="_DisplaySize" Value="22" />
      </DesignTime>
   </ViewAttribute>
   <ViewAttribute
      Name="VendorInvoiceNum"
      IsPersistent="false"
      Precision="150"
      Type="java.lang.String"
      ColumnType="VARCHAR2"
      AliasName="VENDOR_INVOICE_NUM"
      Expression="VENDOR_INVOICE_NUM"
      SQLType="VARCHAR" >
      <DesignTime>
         <Attr Name="_DisplaySize" Value="150" />
      </DesignTime>
   </ViewAttribute>
   <ViewAttribute
      Name="PayGroupLookupCode"
      IsPersistent="false"
      IsNotNull="true"
      Precision="25"
      Type="java.lang.String"
      ColumnType="VARCHAR2"
      AliasName="PAY_GROUP_LOOKUP_CODE"
      Expression="PAY_GROUP_LOOKUP_CODE"
      SQLType="VARCHAR" >
      <DesignTime>
         <Attr Name="_DisplaySize" Value="25" />
      </DesignTime>
   </ViewAttribute>
   <ViewAttribute
      Name="TermsDate"
      IsPersistent="false"
      Type="oracle.jbo.domain.Date"
      ColumnType="VARCHAR2"
      AliasName="TERMS_DATE"
      Expression="TERMS_DATE"
      SQLType="DATE" >
      <DesignTime>
         <Attr Name="_DisplaySize" Value="7" />
      </DesignTime>
   </ViewAttribute>
   <ViewAttribute
      Name="GlDate"
      IsPersistent="false"
      Type="oracle.jbo.domain.Date"
      ColumnType="VARCHAR2"
      AliasName="GL_DATE"
      Expression="GL_DATE"
      SQLType="DATE" >
      <DesignTime>
         <Attr Name="_DisplaySize" Value="7" />
      </DesignTime>
   </ViewAttribute>
   <ViewAttribute
      Name="EntryDate"
      IsPersistent="false"
      Type="oracle.jbo.domain.Date"
      ColumnType="VARCHAR2"
      AliasName="ENTRY_DATE"
      Expression="ENTRY_DATE"
      SQLType="DATE" >
      <DesignTime>
         <Attr Name="_DisplaySize" Value="7" />
      </DesignTime>
   </ViewAttribute>
   <ViewAttribute
      Name="LastUpdateDate"
      IsPersistent="false"
      IsNotNull="true"
      Type="oracle.jbo.domain.Date"
      ColumnType="VARCHAR2"
      AliasName="LAST_UPDATE_DATE"
      Expression="LAST_UPDATE_DATE"
      SQLType="DATE" >
      <DesignTime>
         <Attr Name="_DisplaySize" Value="7" />
      </DesignTime>
   </ViewAttribute>
</ViewObject>
