<?xml version="1.0" encoding='windows-31j'?>
<!DOCTYPE ViewObject SYSTEM "jbo_03_01.dtd">

<ViewObject
   Name="XX03ConfirmPaymentSlipLinesVO"
   OrderBy="LINE_NUMBER"
   BindingStyle="Oracle"
   CustomQuery="true"
   RowClass="oracle.apps.xx03.ap.server.XX03ConfirmPaymentSlipLinesVORowImpl"
   ComponentClass="oracle.apps.xx03.ap.server.XX03ConfirmPaymentSlipLinesVOImpl"
   MsgBundleClass="oracle.jbo.common.JboResourceBundle"
   UseGlueCode="false" >
   <SQLQuery><![CDATA[
SELECT
   XPSL.INVOICE_LINE_ID
  ,XPSL.INVOICE_ID
  ,XPSL.LINE_NUMBER
  ,XPSL.SLIP_LINE_TYPE
  ,XPSL.SLIP_LINE_TYPE_NAME
  ,DECODE(XPSL.ENTERED_AMOUNT     ,TO_NUMBER(TO_CHAR(XPSL.ENTERED_AMOUNT     , xx00_currency_pkg.get_format_mask(XPS.INVOICE_CURRENCY_CODE, 38))
                                             ,xx00_currency_pkg.get_format_mask(XPS.INVOICE_CURRENCY_CODE, 38))
                                  ,TO_CHAR(XPSL.ENTERED_AMOUNT     , xx00_currency_pkg.get_format_mask(XPS.INVOICE_CURRENCY_CODE, 38))
                                  ,TO_CHAR(XPSL.ENTERED_AMOUNT     ) ) ENTERED_AMOUNT
  ,DECODE(XPSL.ENTERED_ITEM_AMOUNT,TO_NUMBER(TO_CHAR(XPSL.ENTERED_ITEM_AMOUNT, xx00_currency_pkg.get_format_mask(XPS.INVOICE_CURRENCY_CODE, 38))
                                             ,xx00_currency_pkg.get_format_mask(XPS.INVOICE_CURRENCY_CODE, 38))
                                  ,TO_CHAR(XPSL.ENTERED_ITEM_AMOUNT, xx00_currency_pkg.get_format_mask(XPS.INVOICE_CURRENCY_CODE, 38))
                                  ,TO_CHAR(XPSL.ENTERED_ITEM_AMOUNT) ) ENTERED_ITEM_AMOUNT
  ,DECODE(XPSL.ENTERED_TAX_AMOUNT ,TO_NUMBER(TO_CHAR(XPSL.ENTERED_TAX_AMOUNT , xx00_currency_pkg.get_format_mask(XPS.INVOICE_CURRENCY_CODE, 38))
                                             ,xx00_currency_pkg.get_format_mask(XPS.INVOICE_CURRENCY_CODE, 38))
                                  ,TO_CHAR(XPSL.ENTERED_TAX_AMOUNT , xx00_currency_pkg.get_format_mask(XPS.INVOICE_CURRENCY_CODE, 38))
                                  ,TO_CHAR(XPSL.ENTERED_TAX_AMOUNT ) ) ENTERED_TAX_AMOUNT
  ,XPSL.DESCRIPTION
  ,XPSL.AMOUNT_INCLUDES_TAX_FLAG
  ,XPSL.TAX_CODE
  ,XPSL.TAX_NAME
  ,XPSL.SEGMENT1
  ,XPSL.SEGMENT2
  ,XPSL.SEGMENT3
  ,XPSL.SEGMENT4
  ,XPSL.SEGMENT5
  ,XPSL.SEGMENT6
  ,XPSL.SEGMENT7
  ,XPSL.SEGMENT8
  ,XPSL.SEGMENT9
  ,XPSL.SEGMENT10
  ,XPSL.SEGMENT11
  ,XPSL.SEGMENT12
  ,XPSL.SEGMENT13
  ,XPSL.SEGMENT14
  ,XPSL.SEGMENT15
  ,XPSL.SEGMENT16
  ,XPSL.SEGMENT17
  ,XPSL.SEGMENT18
  ,XPSL.SEGMENT19
  ,XPSL.SEGMENT20
  ,XPSL.SEGMENT1_NAME
  ,XPSL.SEGMENT2_NAME
  ,XPSL.SEGMENT3_NAME
  ,XPSL.SEGMENT4_NAME
  ,XPSL.SEGMENT5_NAME
  ,XPSL.SEGMENT6_NAME
  ,XPSL.SEGMENT7_NAME
  ,XPSL.SEGMENT8_NAME
  ,XPSL.INCR_DECR_REASON_CODE
  ,XPSL.INCR_DECR_REASON_NAME
  ,XPSL.RECON_REFERENCE
  ,XPSL.ORG_ID
  ,XPSL.ATTRIBUTE_CATEGORY
  ,XPSL.ATTRIBUTE1
  ,XPSL.ATTRIBUTE2
  ,XPSL.ATTRIBUTE3
  ,XPSL.ATTRIBUTE4
  ,XPSL.ATTRIBUTE5
  ,XPSL.ATTRIBUTE6
  ,XPSL.ATTRIBUTE7
  ,XPSL.ATTRIBUTE8
  ,XPSL.ATTRIBUTE9
  ,XPSL.ATTRIBUTE10
  ,XPSL.ATTRIBUTE11
  ,XPSL.ATTRIBUTE12
  ,XPSL.ATTRIBUTE13
  ,XPSL.ATTRIBUTE14
  ,XPSL.ATTRIBUTE15
  ,XPSL.CREATED_BY
  ,XPSL.CREATION_DATE
  ,XPSL.LAST_UPDATED_BY
  ,XPSL.LAST_UPDATE_DATE
  ,XPSL.LAST_UPDATE_LOGIN
  ,XPSL.REQUEST_ID
  ,XPSL.PROGRAM_APPLICATION_ID
  ,XPSL.PROGRAM_ID
  ,XPSL.PROGRAM_UPDATE_DATE
FROM
   XX03_PAYMENT_SLIPS       XPS
  ,XX03_PAYMENT_SLIP_LINES  XPSL
WHERE
      XPSL.INVOICE_ID = XPS.INVOICE_ID
  AND XPS.ORG_ID      = XX00_PROFILE_PKG.VALUE('ORG_ID')
  AND XPSL.ORG_ID     = XX00_PROFILE_PKG.VALUE('ORG_ID')
  AND XPS.INVOICE_ID  = :1
   ]]></SQLQuery>
   <DesignTime>
      <Attr Name="_isCodegen" Value="true" />
      <Attr Name="_version" Value="9.0.3.13.88" />
      <Attr Name="_CodeGenFlagNew" Value="36" />
   </DesignTime>
   <ViewAttribute
      Name="InvoiceLineId"
      IsPersistent="false"
      IsNotNull="true"
      Precision="15"
      Scale="0"
      Type="oracle.jbo.domain.Number"
      ColumnType="VARCHAR2"
      AliasName="INVOICE_LINE_ID"
      Expression="INVOICE_LINE_ID"
      SQLType="NUMERIC" >
      <DesignTime>
         <Attr Name="_DisplaySize" Value="22" />
      </DesignTime>
   </ViewAttribute>
   <ViewAttribute
      Name="InvoiceId"
      IsPersistent="false"
      IsNotNull="true"
      Precision="15"
      Scale="0"
      Type="oracle.jbo.domain.Number"
      ColumnType="VARCHAR2"
      AliasName="INVOICE_ID"
      Expression="INVOICE_ID"
      SQLType="NUMERIC" >
      <DesignTime>
         <Attr Name="_DisplaySize" Value="22" />
      </DesignTime>
   </ViewAttribute>
   <ViewAttribute
      Name="LineNumber"
      IsPersistent="false"
      IsNotNull="true"
      Precision="15"
      Scale="0"
      Type="oracle.jbo.domain.Number"
      ColumnType="VARCHAR2"
      AliasName="LINE_NUMBER"
      Expression="LINE_NUMBER"
      SQLType="NUMERIC" >
      <DesignTime>
         <Attr Name="_DisplaySize" Value="22" />
      </DesignTime>
   </ViewAttribute>
   <ViewAttribute
      Name="SlipLineType"
      IsPersistent="false"
      IsNotNull="true"
      Precision="25"
      Type="java.lang.String"
      ColumnType="VARCHAR2"
      AliasName="SLIP_LINE_TYPE"
      Expression="SLIP_LINE_TYPE"
      SQLType="VARCHAR" >
      <DesignTime>
         <Attr Name="_DisplaySize" Value="25" />
      </DesignTime>
   </ViewAttribute>
   <ViewAttribute
      Name="SlipLineTypeName"
      IsPersistent="false"
      Precision="500"
      Type="java.lang.String"
      ColumnType="VARCHAR2"
      AliasName="SLIP_LINE_TYPE_NAME"
      Expression="SLIP_LINE_TYPE_NAME"
      SQLType="VARCHAR" >
      <DesignTime>
         <Attr Name="_DisplaySize" Value="500" />
      </DesignTime>
   </ViewAttribute>
   <ViewAttribute
      Name="EnteredAmount"
      IsPersistent="false"
      Precision="4000"
      Type="java.lang.String"
      ColumnType="VARCHAR2"
      AliasName="ENTERED_AMOUNT"
      Expression="ENTERED_AMOUNT"
      SQLType="VARCHAR" >
      <DesignTime>
         <Attr Name="_DisplaySize" Value="4000" />
      </DesignTime>
   </ViewAttribute>
   <ViewAttribute
      Name="EnteredItemAmount"
      IsPersistent="false"
      Precision="4000"
      Type="java.lang.String"
      ColumnType="VARCHAR2"
      AliasName="ENTERED_ITEM_AMOUNT"
      Expression="ENTERED_ITEM_AMOUNT"
      SQLType="VARCHAR" >
      <DesignTime>
         <Attr Name="_DisplaySize" Value="4000" />
      </DesignTime>
   </ViewAttribute>
   <ViewAttribute
      Name="EnteredTaxAmount"
      IsPersistent="false"
      Precision="4000"
      Type="java.lang.String"
      ColumnType="VARCHAR2"
      AliasName="ENTERED_TAX_AMOUNT"
      Expression="ENTERED_TAX_AMOUNT"
      SQLType="VARCHAR" >
      <DesignTime>
         <Attr Name="_DisplaySize" Value="4000" />
      </DesignTime>
   </ViewAttribute>
   <ViewAttribute
      Name="Description"
      IsPersistent="false"
      Precision="240"
      Type="java.lang.String"
      ColumnType="VARCHAR2"
      AliasName="DESCRIPTION"
      Expression="DESCRIPTION"
      SQLType="VARCHAR" >
      <DesignTime>
         <Attr Name="_DisplaySize" Value="240" />
      </DesignTime>
   </ViewAttribute>
   <ViewAttribute
      Name="AmountIncludesTaxFlag"
      IsPersistent="false"
      IsNotNull="true"
      Precision="1"
      Type="java.lang.String"
      ColumnType="VARCHAR2"
      AliasName="AMOUNT_INCLUDES_TAX_FLAG"
      Expression="AMOUNT_INCLUDES_TAX_FLAG"
      SQLType="VARCHAR" >
      <DesignTime>
         <Attr Name="_DisplaySize" Value="1" />
      </DesignTime>
   </ViewAttribute>
   <ViewAttribute
      Name="TaxCode"
      IsPersistent="false"
      IsNotNull="true"
      Precision="15"
      Type="java.lang.String"
      ColumnType="VARCHAR2"
      AliasName="TAX_CODE"
      Expression="TAX_CODE"
      SQLType="VARCHAR" >
      <DesignTime>
         <Attr Name="_DisplaySize" Value="15" />
      </DesignTime>
   </ViewAttribute>
   <ViewAttribute
      Name="TaxName"
      IsPersistent="false"
      Precision="500"
      Type="java.lang.String"
      ColumnType="VARCHAR2"
      AliasName="TAX_NAME"
      Expression="TAX_NAME"
      SQLType="VARCHAR" >
      <DesignTime>
         <Attr Name="_DisplaySize" Value="500" />
      </DesignTime>
   </ViewAttribute>
   <ViewAttribute
      Name="Segment1"
      IsPersistent="false"
      IsNotNull="true"
      Precision="150"
      Type="java.lang.String"
      ColumnType="VARCHAR2"
      AliasName="SEGMENT1"
      Expression="SEGMENT1"
      SQLType="VARCHAR" >
      <DesignTime>
         <Attr Name="_DisplaySize" Value="150" />
      </DesignTime>
   </ViewAttribute>
   <ViewAttribute
      Name="Segment2"
      IsPersistent="false"
      IsNotNull="true"
      Precision="150"
      Type="java.lang.String"
      ColumnType="VARCHAR2"
      AliasName="SEGMENT2"
      Expression="SEGMENT2"
      SQLType="VARCHAR" >
      <DesignTime>
         <Attr Name="_DisplaySize" Value="150" />
      </DesignTime>
   </ViewAttribute>
   <ViewAttribute
      Name="Segment3"
      IsPersistent="false"
      IsNotNull="true"
      Precision="150"
      Type="java.lang.String"
      ColumnType="VARCHAR2"
      AliasName="SEGMENT3"
      Expression="SEGMENT3"
      SQLType="VARCHAR" >
      <DesignTime>
         <Attr Name="_DisplaySize" Value="150" />
      </DesignTime>
   </ViewAttribute>
   <ViewAttribute
      Name="Segment4"
      IsPersistent="false"
      IsNotNull="true"
      Precision="150"
      Type="java.lang.String"
      ColumnType="VARCHAR2"
      AliasName="SEGMENT4"
      Expression="SEGMENT4"
      SQLType="VARCHAR" >
      <DesignTime>
         <Attr Name="_DisplaySize" Value="150" />
      </DesignTime>
   </ViewAttribute>
   <ViewAttribute
      Name="Segment5"
      IsPersistent="false"
      IsNotNull="true"
      Precision="150"
      Type="java.lang.String"
      ColumnType="VARCHAR2"
      AliasName="SEGMENT5"
      Expression="SEGMENT5"
      SQLType="VARCHAR" >
      <DesignTime>
         <Attr Name="_DisplaySize" Value="150" />
      </DesignTime>
   </ViewAttribute>
   <ViewAttribute
      Name="Segment6"
      IsPersistent="false"
      IsNotNull="true"
      Precision="150"
      Type="java.lang.String"
      ColumnType="VARCHAR2"
      AliasName="SEGMENT6"
      Expression="SEGMENT6"
      SQLType="VARCHAR" >
      <DesignTime>
         <Attr Name="_DisplaySize" Value="150" />
      </DesignTime>
   </ViewAttribute>
   <ViewAttribute
      Name="Segment7"
      IsPersistent="false"
      IsNotNull="true"
      Precision="150"
      Type="java.lang.String"
      ColumnType="VARCHAR2"
      AliasName="SEGMENT7"
      Expression="SEGMENT7"
      SQLType="VARCHAR" >
      <DesignTime>
         <Attr Name="_DisplaySize" Value="150" />
      </DesignTime>
   </ViewAttribute>
   <ViewAttribute
      Name="Segment8"
      IsPersistent="false"
      IsNotNull="true"
      Precision="150"
      Type="java.lang.String"
      ColumnType="VARCHAR2"
      AliasName="SEGMENT8"
      Expression="SEGMENT8"
      SQLType="VARCHAR" >
      <DesignTime>
         <Attr Name="_DisplaySize" Value="150" />
      </DesignTime>
   </ViewAttribute>
   <ViewAttribute
      Name="Segment9"
      IsPersistent="false"
      Precision="150"
      Type="java.lang.String"
      ColumnType="VARCHAR2"
      AliasName="SEGMENT9"
      Expression="SEGMENT9"
      SQLType="VARCHAR" >
      <DesignTime>
         <Attr Name="_DisplaySize" Value="150" />
      </DesignTime>
   </ViewAttribute>
   <ViewAttribute
      Name="Segment10"
      IsPersistent="false"
      Precision="150"
      Type="java.lang.String"
      ColumnType="VARCHAR2"
      AliasName="SEGMENT10"
      Expression="SEGMENT10"
      SQLType="VARCHAR" >
      <DesignTime>
         <Attr Name="_DisplaySize" Value="150" />
      </DesignTime>
   </ViewAttribute>
   <ViewAttribute
      Name="Segment11"
      IsPersistent="false"
      Precision="150"
      Type="java.lang.String"
      ColumnType="VARCHAR2"
      AliasName="SEGMENT11"
      Expression="SEGMENT11"
      SQLType="VARCHAR" >
      <DesignTime>
         <Attr Name="_DisplaySize" Value="150" />
      </DesignTime>
   </ViewAttribute>
   <ViewAttribute
      Name="Segment12"
      IsPersistent="false"
      Precision="150"
      Type="java.lang.String"
      ColumnType="VARCHAR2"
      AliasName="SEGMENT12"
      Expression="SEGMENT12"
      SQLType="VARCHAR" >
      <DesignTime>
         <Attr Name="_DisplaySize" Value="150" />
      </DesignTime>
   </ViewAttribute>
   <ViewAttribute
      Name="Segment13"
      IsPersistent="false"
      Precision="150"
      Type="java.lang.String"
      ColumnType="VARCHAR2"
      AliasName="SEGMENT13"
      Expression="SEGMENT13"
      SQLType="VARCHAR" >
      <DesignTime>
         <Attr Name="_DisplaySize" Value="150" />
      </DesignTime>
   </ViewAttribute>
   <ViewAttribute
      Name="Segment14"
      IsPersistent="false"
      Precision="150"
      Type="java.lang.String"
      ColumnType="VARCHAR2"
      AliasName="SEGMENT14"
      Expression="SEGMENT14"
      SQLType="VARCHAR" >
      <DesignTime>
         <Attr Name="_DisplaySize" Value="150" />
      </DesignTime>
   </ViewAttribute>
   <ViewAttribute
      Name="Segment15"
      IsPersistent="false"
      Precision="150"
      Type="java.lang.String"
      ColumnType="VARCHAR2"
      AliasName="SEGMENT15"
      Expression="SEGMENT15"
      SQLType="VARCHAR" >
      <DesignTime>
         <Attr Name="_DisplaySize" Value="150" />
      </DesignTime>
   </ViewAttribute>
   <ViewAttribute
      Name="Segment16"
      IsPersistent="false"
      Precision="150"
      Type="java.lang.String"
      ColumnType="VARCHAR2"
      AliasName="SEGMENT16"
      Expression="SEGMENT16"
      SQLType="VARCHAR" >
      <DesignTime>
         <Attr Name="_DisplaySize" Value="150" />
      </DesignTime>
   </ViewAttribute>
   <ViewAttribute
      Name="Segment17"
      IsPersistent="false"
      Precision="150"
      Type="java.lang.String"
      ColumnType="VARCHAR2"
      AliasName="SEGMENT17"
      Expression="SEGMENT17"
      SQLType="VARCHAR" >
      <DesignTime>
         <Attr Name="_DisplaySize" Value="150" />
      </DesignTime>
   </ViewAttribute>
   <ViewAttribute
      Name="Segment18"
      IsPersistent="false"
      Precision="150"
      Type="java.lang.String"
      ColumnType="VARCHAR2"
      AliasName="SEGMENT18"
      Expression="SEGMENT18"
      SQLType="VARCHAR" >
      <DesignTime>
         <Attr Name="_DisplaySize" Value="150" />
      </DesignTime>
   </ViewAttribute>
   <ViewAttribute
      Name="Segment19"
      IsPersistent="false"
      Precision="150"
      Type="java.lang.String"
      ColumnType="VARCHAR2"
      AliasName="SEGMENT19"
      Expression="SEGMENT19"
      SQLType="VARCHAR" >
      <DesignTime>
         <Attr Name="_DisplaySize" Value="150" />
      </DesignTime>
   </ViewAttribute>
   <ViewAttribute
      Name="Segment20"
      IsPersistent="false"
      Precision="150"
      Type="java.lang.String"
      ColumnType="VARCHAR2"
      AliasName="SEGMENT20"
      Expression="SEGMENT20"
      SQLType="VARCHAR" >
      <DesignTime>
         <Attr Name="_DisplaySize" Value="150" />
      </DesignTime>
   </ViewAttribute>
   <ViewAttribute
      Name="Segment1Name"
      IsPersistent="false"
      Precision="500"
      Type="java.lang.String"
      ColumnType="VARCHAR2"
      AliasName="SEGMENT1_NAME"
      Expression="SEGMENT1_NAME"
      SQLType="VARCHAR" >
      <DesignTime>
         <Attr Name="_DisplaySize" Value="500" />
      </DesignTime>
   </ViewAttribute>
   <ViewAttribute
      Name="Segment2Name"
      IsPersistent="false"
      Precision="500"
      Type="java.lang.String"
      ColumnType="VARCHAR2"
      AliasName="SEGMENT2_NAME"
      Expression="SEGMENT2_NAME"
      SQLType="VARCHAR" >
      <DesignTime>
         <Attr Name="_DisplaySize" Value="500" />
      </DesignTime>
   </ViewAttribute>
   <ViewAttribute
      Name="Segment3Name"
      IsPersistent="false"
      Precision="500"
      Type="java.lang.String"
      ColumnType="VARCHAR2"
      AliasName="SEGMENT3_NAME"
      Expression="SEGMENT3_NAME"
      SQLType="VARCHAR" >
      <DesignTime>
         <Attr Name="_DisplaySize" Value="500" />
      </DesignTime>
   </ViewAttribute>
   <ViewAttribute
      Name="Segment4Name"
      IsPersistent="false"
      Precision="500"
      Type="java.lang.String"
      ColumnType="VARCHAR2"
      AliasName="SEGMENT4_NAME"
      Expression="SEGMENT4_NAME"
      SQLType="VARCHAR" >
      <DesignTime>
         <Attr Name="_DisplaySize" Value="500" />
      </DesignTime>
   </ViewAttribute>
   <ViewAttribute
      Name="Segment5Name"
      IsPersistent="false"
      Precision="500"
      Type="java.lang.String"
      ColumnType="VARCHAR2"
      AliasName="SEGMENT5_NAME"
      Expression="SEGMENT5_NAME"
      SQLType="VARCHAR" >
      <DesignTime>
         <Attr Name="_DisplaySize" Value="500" />
      </DesignTime>
   </ViewAttribute>
   <ViewAttribute
      Name="Segment6Name"
      IsPersistent="false"
      Precision="500"
      Type="java.lang.String"
      ColumnType="VARCHAR2"
      AliasName="SEGMENT6_NAME"
      Expression="SEGMENT6_NAME"
      SQLType="VARCHAR" >
      <DesignTime>
         <Attr Name="_DisplaySize" Value="500" />
      </DesignTime>
   </ViewAttribute>
   <ViewAttribute
      Name="Segment7Name"
      IsPersistent="false"
      Precision="500"
      Type="java.lang.String"
      ColumnType="VARCHAR2"
      AliasName="SEGMENT7_NAME"
      Expression="SEGMENT7_NAME"
      SQLType="VARCHAR" >
      <DesignTime>
         <Attr Name="_DisplaySize" Value="500" />
      </DesignTime>
   </ViewAttribute>
   <ViewAttribute
      Name="Segment8Name"
      IsPersistent="false"
      Precision="500"
      Type="java.lang.String"
      ColumnType="VARCHAR2"
      AliasName="SEGMENT8_NAME"
      Expression="SEGMENT8_NAME"
      SQLType="VARCHAR" >
      <DesignTime>
         <Attr Name="_DisplaySize" Value="500" />
      </DesignTime>
   </ViewAttribute>
   <ViewAttribute
      Name="IncrDecrReasonCode"
      IsPersistent="false"
      Precision="150"
      Type="java.lang.String"
      ColumnType="VARCHAR2"
      AliasName="INCR_DECR_REASON_CODE"
      Expression="INCR_DECR_REASON_CODE"
      SQLType="VARCHAR" >
      <DesignTime>
         <Attr Name="_DisplaySize" Value="150" />
      </DesignTime>
   </ViewAttribute>
   <ViewAttribute
      Name="IncrDecrReasonName"
      IsPersistent="false"
      Precision="500"
      Type="java.lang.String"
      ColumnType="VARCHAR2"
      AliasName="INCR_DECR_REASON_NAME"
      Expression="INCR_DECR_REASON_NAME"
      SQLType="VARCHAR" >
      <DesignTime>
         <Attr Name="_DisplaySize" Value="500" />
      </DesignTime>
   </ViewAttribute>
   <ViewAttribute
      Name="ReconReference"
      IsPersistent="false"
      Precision="150"
      Type="java.lang.String"
      ColumnType="VARCHAR2"
      AliasName="RECON_REFERENCE"
      Expression="RECON_REFERENCE"
      SQLType="VARCHAR" >
      <DesignTime>
         <Attr Name="_DisplaySize" Value="150" />
      </DesignTime>
   </ViewAttribute>
   <ViewAttribute
      Name="OrgId"
      IsPersistent="false"
      IsNotNull="true"
      Precision="15"
      Scale="0"
      Type="oracle.jbo.domain.Number"
      ColumnType="VARCHAR2"
      AliasName="ORG_ID"
      Expression="ORG_ID"
      SQLType="NUMERIC" >
      <DesignTime>
         <Attr Name="_DisplaySize" Value="22" />
      </DesignTime>
   </ViewAttribute>
   <ViewAttribute
      Name="AttributeCategory"
      IsPersistent="false"
      Precision="150"
      Type="java.lang.String"
      ColumnType="VARCHAR2"
      AliasName="ATTRIBUTE_CATEGORY"
      Expression="ATTRIBUTE_CATEGORY"
      SQLType="VARCHAR" >
      <DesignTime>
         <Attr Name="_DisplaySize" Value="150" />
      </DesignTime>
   </ViewAttribute>
   <ViewAttribute
      Name="Attribute1"
      IsPersistent="false"
      Precision="150"
      Type="java.lang.String"
      ColumnType="VARCHAR2"
      AliasName="ATTRIBUTE1"
      Expression="ATTRIBUTE1"
      SQLType="VARCHAR" >
      <DesignTime>
         <Attr Name="_DisplaySize" Value="150" />
      </DesignTime>
   </ViewAttribute>
   <ViewAttribute
      Name="Attribute2"
      IsPersistent="false"
      Precision="150"
      Type="java.lang.String"
      ColumnType="VARCHAR2"
      AliasName="ATTRIBUTE2"
      Expression="ATTRIBUTE2"
      SQLType="VARCHAR" >
      <DesignTime>
         <Attr Name="_DisplaySize" Value="150" />
      </DesignTime>
   </ViewAttribute>
   <ViewAttribute
      Name="Attribute3"
      IsPersistent="false"
      Precision="150"
      Type="java.lang.String"
      ColumnType="VARCHAR2"
      AliasName="ATTRIBUTE3"
      Expression="ATTRIBUTE3"
      SQLType="VARCHAR" >
      <DesignTime>
         <Attr Name="_DisplaySize" Value="150" />
      </DesignTime>
   </ViewAttribute>
   <ViewAttribute
      Name="Attribute4"
      IsPersistent="false"
      Precision="150"
      Type="java.lang.String"
      ColumnType="VARCHAR2"
      AliasName="ATTRIBUTE4"
      Expression="ATTRIBUTE4"
      SQLType="VARCHAR" >
      <DesignTime>
         <Attr Name="_DisplaySize" Value="150" />
      </DesignTime>
   </ViewAttribute>
   <ViewAttribute
      Name="Attribute5"
      IsPersistent="false"
      Precision="150"
      Type="java.lang.String"
      ColumnType="VARCHAR2"
      AliasName="ATTRIBUTE5"
      Expression="ATTRIBUTE5"
      SQLType="VARCHAR" >
      <DesignTime>
         <Attr Name="_DisplaySize" Value="150" />
      </DesignTime>
   </ViewAttribute>
   <ViewAttribute
      Name="Attribute6"
      IsPersistent="false"
      Precision="150"
      Type="java.lang.String"
      ColumnType="VARCHAR2"
      AliasName="ATTRIBUTE6"
      Expression="ATTRIBUTE6"
      SQLType="VARCHAR" >
      <DesignTime>
         <Attr Name="_DisplaySize" Value="150" />
      </DesignTime>
   </ViewAttribute>
   <ViewAttribute
      Name="Attribute7"
      IsPersistent="false"
      Precision="150"
      Type="java.lang.String"
      ColumnType="VARCHAR2"
      AliasName="ATTRIBUTE7"
      Expression="ATTRIBUTE7"
      SQLType="VARCHAR" >
      <DesignTime>
         <Attr Name="_DisplaySize" Value="150" />
      </DesignTime>
   </ViewAttribute>
   <ViewAttribute
      Name="Attribute8"
      IsPersistent="false"
      Precision="150"
      Type="java.lang.String"
      ColumnType="VARCHAR2"
      AliasName="ATTRIBUTE8"
      Expression="ATTRIBUTE8"
      SQLType="VARCHAR" >
      <DesignTime>
         <Attr Name="_DisplaySize" Value="150" />
      </DesignTime>
   </ViewAttribute>
   <ViewAttribute
      Name="Attribute9"
      IsPersistent="false"
      Precision="150"
      Type="java.lang.String"
      ColumnType="VARCHAR2"
      AliasName="ATTRIBUTE9"
      Expression="ATTRIBUTE9"
      SQLType="VARCHAR" >
      <DesignTime>
         <Attr Name="_DisplaySize" Value="150" />
      </DesignTime>
   </ViewAttribute>
   <ViewAttribute
      Name="Attribute10"
      IsPersistent="false"
      Precision="150"
      Type="java.lang.String"
      ColumnType="VARCHAR2"
      AliasName="ATTRIBUTE10"
      Expression="ATTRIBUTE10"
      SQLType="VARCHAR" >
      <DesignTime>
         <Attr Name="_DisplaySize" Value="150" />
      </DesignTime>
   </ViewAttribute>
   <ViewAttribute
      Name="Attribute11"
      IsPersistent="false"
      Precision="150"
      Type="java.lang.String"
      ColumnType="VARCHAR2"
      AliasName="ATTRIBUTE11"
      Expression="ATTRIBUTE11"
      SQLType="VARCHAR" >
      <DesignTime>
         <Attr Name="_DisplaySize" Value="150" />
      </DesignTime>
   </ViewAttribute>
   <ViewAttribute
      Name="Attribute12"
      IsPersistent="false"
      Precision="150"
      Type="java.lang.String"
      ColumnType="VARCHAR2"
      AliasName="ATTRIBUTE12"
      Expression="ATTRIBUTE12"
      SQLType="VARCHAR" >
      <DesignTime>
         <Attr Name="_DisplaySize" Value="150" />
      </DesignTime>
   </ViewAttribute>
   <ViewAttribute
      Name="Attribute13"
      IsPersistent="false"
      Precision="150"
      Type="java.lang.String"
      ColumnType="VARCHAR2"
      AliasName="ATTRIBUTE13"
      Expression="ATTRIBUTE13"
      SQLType="VARCHAR" >
      <DesignTime>
         <Attr Name="_DisplaySize" Value="150" />
      </DesignTime>
   </ViewAttribute>
   <ViewAttribute
      Name="Attribute14"
      IsPersistent="false"
      Precision="150"
      Type="java.lang.String"
      ColumnType="VARCHAR2"
      AliasName="ATTRIBUTE14"
      Expression="ATTRIBUTE14"
      SQLType="VARCHAR" >
      <DesignTime>
         <Attr Name="_DisplaySize" Value="150" />
      </DesignTime>
   </ViewAttribute>
   <ViewAttribute
      Name="Attribute15"
      IsPersistent="false"
      Precision="150"
      Type="java.lang.String"
      ColumnType="VARCHAR2"
      AliasName="ATTRIBUTE15"
      Expression="ATTRIBUTE15"
      SQLType="VARCHAR" >
      <DesignTime>
         <Attr Name="_DisplaySize" Value="150" />
      </DesignTime>
   </ViewAttribute>
   <ViewAttribute
      Name="CreatedBy"
      IsPersistent="false"
      IsNotNull="true"
      Precision="15"
      Scale="0"
      Type="oracle.jbo.domain.Number"
      ColumnType="VARCHAR2"
      AliasName="CREATED_BY"
      Expression="CREATED_BY"
      SQLType="NUMERIC" >
      <DesignTime>
         <Attr Name="_DisplaySize" Value="22" />
      </DesignTime>
   </ViewAttribute>
   <ViewAttribute
      Name="CreationDate"
      IsPersistent="false"
      IsNotNull="true"
      Type="oracle.jbo.domain.Date"
      ColumnType="VARCHAR2"
      AliasName="CREATION_DATE"
      Expression="CREATION_DATE"
      SQLType="DATE" >
      <DesignTime>
         <Attr Name="_DisplaySize" Value="7" />
      </DesignTime>
   </ViewAttribute>
   <ViewAttribute
      Name="LastUpdatedBy"
      IsPersistent="false"
      IsNotNull="true"
      Precision="15"
      Scale="0"
      Type="oracle.jbo.domain.Number"
      ColumnType="VARCHAR2"
      AliasName="LAST_UPDATED_BY"
      Expression="LAST_UPDATED_BY"
      SQLType="NUMERIC" >
      <DesignTime>
         <Attr Name="_DisplaySize" Value="22" />
      </DesignTime>
   </ViewAttribute>
   <ViewAttribute
      Name="LastUpdateDate"
      IsPersistent="false"
      IsNotNull="true"
      Type="oracle.jbo.domain.Date"
      ColumnType="VARCHAR2"
      AliasName="LAST_UPDATE_DATE"
      Expression="LAST_UPDATE_DATE"
      SQLType="DATE" >
      <DesignTime>
         <Attr Name="_DisplaySize" Value="7" />
      </DesignTime>
   </ViewAttribute>
   <ViewAttribute
      Name="LastUpdateLogin"
      IsPersistent="false"
      Precision="15"
      Scale="0"
      Type="oracle.jbo.domain.Number"
      ColumnType="VARCHAR2"
      AliasName="LAST_UPDATE_LOGIN"
      Expression="LAST_UPDATE_LOGIN"
      SQLType="NUMERIC" >
      <DesignTime>
         <Attr Name="_DisplaySize" Value="22" />
      </DesignTime>
   </ViewAttribute>
   <ViewAttribute
      Name="RequestId"
      IsPersistent="false"
      Precision="15"
      Scale="0"
      Type="oracle.jbo.domain.Number"
      ColumnType="VARCHAR2"
      AliasName="REQUEST_ID"
      Expression="REQUEST_ID"
      SQLType="NUMERIC" >
      <DesignTime>
         <Attr Name="_DisplaySize" Value="22" />
      </DesignTime>
   </ViewAttribute>
   <ViewAttribute
      Name="ProgramApplicationId"
      IsPersistent="false"
      Precision="15"
      Scale="0"
      Type="oracle.jbo.domain.Number"
      ColumnType="VARCHAR2"
      AliasName="PROGRAM_APPLICATION_ID"
      Expression="PROGRAM_APPLICATION_ID"
      SQLType="NUMERIC" >
      <DesignTime>
         <Attr Name="_DisplaySize" Value="22" />
      </DesignTime>
   </ViewAttribute>
   <ViewAttribute
      Name="ProgramId"
      IsPersistent="false"
      Precision="15"
      Scale="0"
      Type="oracle.jbo.domain.Number"
      ColumnType="VARCHAR2"
      AliasName="PROGRAM_ID"
      Expression="PROGRAM_ID"
      SQLType="NUMERIC" >
      <DesignTime>
         <Attr Name="_DisplaySize" Value="22" />
      </DesignTime>
   </ViewAttribute>
   <ViewAttribute
      Name="ProgramUpdateDate"
      IsPersistent="false"
      Type="oracle.jbo.domain.Date"
      ColumnType="VARCHAR2"
      AliasName="PROGRAM_UPDATE_DATE"
      Expression="PROGRAM_UPDATE_DATE"
      SQLType="DATE" >
      <DesignTime>
         <Attr Name="_DisplaySize" Value="7" />
      </DesignTime>
   </ViewAttribute>
</ViewObject>
