<?xml version="1.0" encoding='windows-31j'?>
<!DOCTYPE ViewObject SYSTEM "jbo_03_01.dtd">

<ViewObject
   Name="Xx03EnableSlipTypeVO"
   BindingStyle="Oracle"
   CustomQuery="true"
   RowClass="oracle.apps.xx03.ap.server.Xx03EnableSlipTypeVORowImpl"
   ComponentClass="oracle.apps.xx03.ap.server.Xx03EnableSlipTypeVOImpl"
   MsgBundleClass="oracle.jbo.common.JboResourceBundle"
   UseGlueCode="false" >
   <SQLQuery><![CDATA[
SELECT XSTV.LOOKUP_CODE,
       XSTV.DESCRIPTION
  FROM XX03_SLIP_TYPES_V XSTV
 WHERE XSTV.LOOKUP_CODE = :1
   AND XSTV.ENABLED_FLAG = 'Y'
   AND TRUNC(SYSDATE) BETWEEN NVL(xstv.start_date_active, TO_DATE('1000/01/01', 'YYYY/MM/DD'))
   AND NVL(xstv.end_date_active, TO_DATE('4712/12/31', 'YYYY/MM/DD'))
   ]]></SQLQuery>
   <DesignTime>
      <Attr Name="_isCodegen" Value="true" />
      <Attr Name="_version" Value="9.0.3.13.75" />
      <Attr Name="_CodeGenFlagNew" Value="36" />
   </DesignTime>
   <ViewAttribute
      Name="LookupCode"
      IsPersistent="false"
      IsNotNull="true"
      Precision="30"
      Type="java.lang.String"
      AliasName="LOOKUP_CODE"
      ColumnType="VARCHAR2"
      Expression="LOOKUP_CODE"
      SQLType="VARCHAR" >
      <DesignTime>
         <Attr Name="_DisplaySize" Value="30" />
      </DesignTime>
   </ViewAttribute>
   <ViewAttribute
      Name="Description"
      IsPersistent="false"
      Precision="240"
      Type="java.lang.String"
      AliasName="DESCRIPTION"
      ColumnType="VARCHAR2"
      Expression="DESCRIPTION"
      SQLType="VARCHAR" >
      <DesignTime>
         <Attr Name="_DisplaySize" Value="240" />
      </DesignTime>
   </ViewAttribute>
</ViewObject>
