<?xml version="1.0" encoding='Shift_JIS'?>
<!DOCTYPE ViewObject SYSTEM "jbo_03_01.dtd">

<ViewObject
   Name="XX03GetCurrencyFormatVO"
   BindingStyle="Oracle"
   CustomQuery="true"
   RowClass="oracle.apps.xx03.ap.server.XX03GetCurrencyFormatVORowImpl"
   ComponentClass="oracle.apps.xx03.ap.server.XX03GetCurrencyFormatVOImpl"
   MsgBundleClass="oracle.jbo.common.JboResourceBundle"
   FetchMode="FETCH_AS_NEEDED"
   UseGlueCode="false" >
   <SQLQuery><![CDATA[
SELECT TO_NUMBER(TO_CHAR(:1, xx00_currency_pkg.get_format_mask(:2, 38)), xx00_currency_pkg.get_format_mask(:3, 38)) ENTERED_AMOUNT
  FROM DUAL
   ]]></SQLQuery>
   <DesignTime>
      <Attr Name="_isCodegen" Value="true" />
      <Attr Name="_version" Value="9.0.3.11.44" />
      <Attr Name="_CodeGenFlagNew" Value="36" />
   </DesignTime>
   <ViewAttribute
      Name="EnteredAmount"
      IsPersistent="false"
      Type="oracle.jbo.domain.Number"
      AliasName="ENTERED_AMOUNT"
      ColumnType="NUMBER"
      Expression="ENTERED_AMOUNT"
      SQLType="NUMERIC" >
      <DesignTime>
         <Attr Name="_DisplaySize" Value="22" />
      </DesignTime>
   </ViewAttribute>
</ViewObject>
