<?xml version="1.0" encoding='windows-31j'?>
<!DOCTYPE ViewObject SYSTEM "jbo_03_01.dtd">

<ViewObject
   Name="XX03IncrDecrReasonsLovVO"
   OrderBy="FLEX_VALUE"
   BindingStyle="Oracle"
   CustomQuery="true"
   RowClass="oracle.apps.xx03.ap.server.XX03IncrDecrReasonsLovVORowImpl"
   ComponentClass="oracle.apps.xx03.ap.server.XX03IncrDecrReasonsLovVOImpl"
   MsgBundleClass="oracle.jbo.common.JboResourceBundle"
   UseGlueCode="false" >
   <SQLQuery><![CDATA[
SELECT lov.INCR_DECR_REASONS_COL  INCR_DECR_REASONS_COL, 
       lov.FLEX_VALUE             FLEX_VALUE, 
       lov.PARENT_FLEX_VALUE_LOW  PARENT_FLEX_VALUE_LOW
  FROM XX03_INCR_DECR_REASONS_LOV_V lov
   ]]></SQLQuery>
   <DesignTime>
      <Attr Name="_isCodegen" Value="true" />
      <Attr Name="_version" Value="9.0.3.13.75" />
      <Attr Name="_CodeGenFlagNew" Value="36" />
   </DesignTime>
   <ViewAttribute
      Name="IncrDecrReasonsCol"
      IsPersistent="false"
      Precision="4000"
      Type="java.lang.String"
      AliasName="INCR_DECR_REASONS_COL"
      ColumnType="VARCHAR2"
      Expression="INCR_DECR_REASONS_COL"
      SQLType="VARCHAR" >
      <DesignTime>
         <Attr Name="_DisplaySize" Value="4000" />
      </DesignTime>
   </ViewAttribute>
   <ViewAttribute
      Name="FlexValue"
      IsPersistent="false"
      IsNotNull="true"
      Precision="150"
      Type="java.lang.String"
      AliasName="FLEX_VALUE"
      ColumnType="VARCHAR2"
      Expression="FLEX_VALUE"
      SQLType="VARCHAR" >
      <DesignTime>
         <Attr Name="_DisplaySize" Value="150" />
      </DesignTime>
   </ViewAttribute>
   <ViewAttribute
      Name="ParentFlexValueLow"
      IsPersistent="false"
      IsNotNull="true"
      Precision="10"
      Type="java.lang.String"
      AliasName="PARENT_FLEX_VALUE_LOW"
      ColumnType="VARCHAR2"
      Expression="PARENT_FLEX_VALUE_LOW"
      SQLType="VARCHAR" >
      <DesignTime>
         <Attr Name="_DisplaySize" Value="10" />
      </DesignTime>
   </ViewAttribute>
</ViewObject>
