<?xml version="1.0" encoding='windows-31j'?>
<!DOCTYPE ViewObject SYSTEM "jbo_03_01.dtd">

<ViewObject
   Name="XX03SlipNumbersVO"
   BindingStyle="Oracle"
   CustomQuery="true"
   RowClass="oracle.apps.xx03.ap.server.XX03SlipNumbersVORowImpl"
   ComponentClass="oracle.apps.xx03.ap.server.XX03SlipNumbersVOImpl"
   MsgBundleClass="oracle.jbo.common.JboResourceBundle"
   UseGlueCode="false" >
   <SQLQuery><![CDATA[
SELECT XX03SlipNumbersEO.SLIP_NUMBERS_ID, 
       XX03SlipNumbersEO.APPLICATION_SHORT_NAME, 
       XX03SlipNumbersEO.NUM_TYPE, 
       XX03SlipNumbersEO.TEMPORARY_CODE, 
       XX03SlipNumbersEO.SLIP_NUMBER, 
       XX03SlipNumbersEO.ORG_ID, 
       XX03SlipNumbersEO.CREATED_BY, 
       XX03SlipNumbersEO.CREATION_DATE, 
       XX03SlipNumbersEO.LAST_UPDATED_BY, 
       XX03SlipNumbersEO.LAST_UPDATE_DATE, 
       XX03SlipNumbersEO.LAST_UPDATE_LOGIN
  FROM XX03_SLIP_NUMBERS XX03SlipNumbersEO
 WHERE XX03SlipNumbersEO.ORG_ID = XX00_PROFILE_PKG.VALUE('ORG_ID')
   AND XX03SlipNumbersEO.NUM_TYPE = :1
   AND XX03SlipNumbersEO.APPLICATION_SHORT_NAME = 'SQLAP'
   ]]></SQLQuery>
   <DesignTime>
      <Attr Name="_isCodegen" Value="true" />
      <Attr Name="_version" Value="9.0.3.13.75" />
      <Attr Name="_CodeGenFlagNew" Value="36" />
   </DesignTime>
   <EntityUsage
      Name="XX03SlipNumbersEO"
      Entity="oracle.apps.xx03.ap.server.XX03SlipNumbersEO" >
      <DesignTime>
         <Attr Name="_EntireObjectTable" Value="false" />
         <Attr Name="_queryClause" Value="false" />
      </DesignTime>
   </EntityUsage>
   <ViewAttribute
      Name="SlipNumbersId"
      IsNotNull="true"
      EntityAttrName="SlipNumbersId"
      EntityUsage="XX03SlipNumbersEO"
      AliasName="SLIP_NUMBERS_ID"
      ColumnType="VARCHAR2" >
   </ViewAttribute>
   <ViewAttribute
      Name="ApplicationShortName"
      IsNotNull="true"
      EntityAttrName="ApplicationShortName"
      EntityUsage="XX03SlipNumbersEO"
      AliasName="APPLICATION_SHORT_NAME"
      ColumnType="VARCHAR2" >
   </ViewAttribute>
   <ViewAttribute
      Name="NumType"
      IsNotNull="true"
      EntityAttrName="NumType"
      EntityUsage="XX03SlipNumbersEO"
      AliasName="NUM_TYPE"
      ColumnType="VARCHAR2" >
   </ViewAttribute>
   <ViewAttribute
      Name="TemporaryCode"
      EntityAttrName="TemporaryCode"
      EntityUsage="XX03SlipNumbersEO"
      AliasName="TEMPORARY_CODE"
      ColumnType="VARCHAR2" >
   </ViewAttribute>
   <ViewAttribute
      Name="SlipNumber"
      IsNotNull="true"
      EntityAttrName="SlipNumber"
      EntityUsage="XX03SlipNumbersEO"
      AliasName="SLIP_NUMBER"
      ColumnType="VARCHAR2" >
   </ViewAttribute>
   <ViewAttribute
      Name="OrgId"
      IsNotNull="true"
      EntityAttrName="OrgId"
      EntityUsage="XX03SlipNumbersEO"
      AliasName="ORG_ID"
      ColumnType="VARCHAR2" >
   </ViewAttribute>
   <ViewAttribute
      Name="CreatedBy"
      IsNotNull="true"
      EntityAttrName="CreatedBy"
      EntityUsage="XX03SlipNumbersEO"
      AliasName="CREATED_BY"
      ColumnType="VARCHAR2" >
   </ViewAttribute>
   <ViewAttribute
      Name="CreationDate"
      IsNotNull="true"
      EntityAttrName="CreationDate"
      EntityUsage="XX03SlipNumbersEO"
      AliasName="CREATION_DATE"
      ColumnType="VARCHAR2" >
   </ViewAttribute>
   <ViewAttribute
      Name="LastUpdatedBy"
      IsNotNull="true"
      EntityAttrName="LastUpdatedBy"
      EntityUsage="XX03SlipNumbersEO"
      AliasName="LAST_UPDATED_BY"
      ColumnType="VARCHAR2" >
   </ViewAttribute>
   <ViewAttribute
      Name="LastUpdateDate"
      IsNotNull="true"
      EntityAttrName="LastUpdateDate"
      EntityUsage="XX03SlipNumbersEO"
      AliasName="LAST_UPDATE_DATE"
      ColumnType="VARCHAR2" >
   </ViewAttribute>
   <ViewAttribute
      Name="LastUpdateLogin"
      EntityAttrName="LastUpdateLogin"
      EntityUsage="XX03SlipNumbersEO"
      AliasName="LAST_UPDATE_LOGIN"
      ColumnType="VARCHAR2" >
   </ViewAttribute>
</ViewObject>
