<?xml version="1.0" encoding='windows-31j'?>
<!DOCTYPE AppModule SYSTEM "jbo_03_01.dtd">

<AppModule
   Name="XX03ApInvoiceConfirmAM"
   ComponentClass="oracle.apps.xx03.ap.server.XX03ApInvoiceConfirmAMImpl" >
   <DesignTime>
      <Attr Name="_isCodegen" Value="true" />
      <Attr Name="_version" Value="9.0.3.13.75" />
      <Attr Name="_deployType" Value="0" />
   </DesignTime>
   <ViewUsage
      Name="XX03ConfirmPaymentSlipsVO1"
      ViewObjectName="oracle.apps.xx03.ap.server.XX03ConfirmPaymentSlipsVO" >
   </ViewUsage>
   <ViewUsage
      Name="XX03ConfirmPaymentSlipLinesVO1"
      ViewObjectName="oracle.apps.xx03.ap.server.XX03ConfirmPaymentSlipLinesVO" >
   </ViewUsage>
   <ViewUsage
      Name="XX03GetBankInfoVO1"
      ViewObjectName="oracle.apps.xx03.ap.server.XX03GetBankInfoVO" >
   </ViewUsage>
   <ViewUsage
      Name="XX03SlipNumbersVO1"
      ViewObjectName="oracle.apps.xx03.ap.server.XX03SlipNumbersVO" >
   </ViewUsage>
   <ViewUsage
      Name="XX03GetSlipTypeVO1"
      ViewObjectName="oracle.apps.xx03.ap.server.XX03GetSlipTypeVO" >
   </ViewUsage>
   <ViewUsage
      Name="XX03PaymentSlipsVO1"
      ViewObjectName="oracle.apps.xx03.ap.server.XX03PaymentSlipsVO" >
   </ViewUsage>
   <ViewUsage
      Name="XX03GetDefaultApproverVO1"
      ViewObjectName="oracle.apps.xx03.ap.server.XX03GetDefaultApproverVO" >
   </ViewUsage>
   <ViewUsage
      Name="Xx03GetAffPromptVO1"
      ViewObjectName="oracle.apps.xx03.ap.server.Xx03GetAffPromptVO" >
   </ViewUsage>
   <ViewUsage
      Name="Xx03GetDffPromptVO1"
      ViewObjectName="oracle.apps.xx03.ap.server.Xx03GetDffPromptVO" >
   </ViewUsage>
   <ViewUsage
      Name="Xx03GetVendorsNameVO1"
      ViewObjectName="oracle.apps.xx03.ap.server.Xx03GetVendorsNameVO" >
   </ViewUsage>
   <ViewUsage
      Name="Xx03GetVendorSiteNameVO1"
      ViewObjectName="oracle.apps.xx03.ap.server.Xx03GetVendorSiteNameVO" >
   </ViewUsage>
   <ViewUsage
      Name="Xx03GetBankNameVO1"
      ViewObjectName="oracle.apps.xx03.ap.server.Xx03GetBankNameVO" >
   </ViewUsage>
   <ViewUsage
      Name="Xx03GetCurrencyNameVO1"
      ViewObjectName="oracle.apps.xx03.ap.server.Xx03GetCurrencyNameVO" >
   </ViewUsage>
   <ViewUsage
      Name="Xx03GetPayGroupNameVO1"
      ViewObjectName="oracle.apps.xx03.ap.server.Xx03GetPayGroupNameVO" >
   </ViewUsage>
   <ViewUsage
      Name="Xx03GetTermsNameVO1"
      ViewObjectName="oracle.apps.xx03.ap.server.Xx03GetTermsNameVO" >
   </ViewUsage>
   <ViewUsage
      Name="Xx03GetApSlipLineTypeNameVO1"
      ViewObjectName="oracle.apps.xx03.ap.server.Xx03GetApSlipLineTypeNameVO" >
   </ViewUsage>
   <ViewUsage
      Name="Xx03EnableSlipTypeVO1"
      ViewObjectName="oracle.apps.xx03.ap.server.Xx03EnableSlipTypeVO" >
   </ViewUsage>
   <ViewUsage
      Name="Xx03GetTaxColVO1"
      ViewObjectName="oracle.apps.xx03.ap.server.Xx03GetTaxColVO" >
   </ViewUsage>
   <ViewUsage
      Name="Xx03GetApproverNameVO1"
      ViewObjectName="oracle.apps.xx03.ap.server.Xx03GetApproverNameVO" >
   </ViewUsage>
   <ViewUsage
      Name="Xx03ChkUsrDepartmentVO1"
      ViewObjectName="oracle.apps.xx03.ap.server.Xx03ChkUsrDepartmentVO" >
   </ViewUsage>
   <ViewUsage
      Name="Xx03GetApMenuSlipTypeVO1"
      ViewObjectName="oracle.apps.xx03.ap.server.Xx03GetApMenuSlipTypeVO" >
   </ViewUsage>
   <AppModuleUsage
      Name="XX03ApCommonComponentAM1"
      FullName="oracle.apps.xx03.ap.server.XX03ApCommonComponentAM" >
   </AppModuleUsage>
</AppModule>
