<?xml version="1.0" encoding='Windows-31J'?>
<!DOCTYPE ViewObject SYSTEM "jbo_03_01.dtd">

<ViewObject
   Name="XX03VendorsVO"
   BindingStyle="Oracle"
   CustomQuery="true"
   RowClass="oracle.apps.xx03.ap.server.XX03VendorsVORowImpl"
   ComponentClass="oracle.apps.xx03.ap.server.XX03VendorsVOImpl"
   MsgBundleClass="oracle.jbo.common.JboResourceBundle"
   FetchMode="FETCH_AS_NEEDED"
   UseGlueCode="false" >
   <SQLQuery><![CDATA[
SELECT 
xvlv.segment1 || '-' || xvlv.vendor_name AS vendor_name
,xvlv.pay_group_code AS pay_group_code
,xvlv.pay_group_meaning AS pay_group_meaning
-- 19496 Add Start
,NVL(xvlv.drafting_company, '001') AS drafting_company
-- 19496 Add End
FROM xx03_vendors_lov_v xvlv
WHERE xvlv.vendor_id = :1
AND xvlv.vendor_site_id = :2
   ]]></SQLQuery>
   <DesignTime>
      <Attr Name="_isCodegen" Value="true" />
      <Attr Name="_version" Value="9.0.3.14.01" />
      <Attr Name="_CodeGenFlagNew" Value="36" />
   </DesignTime>
   <ViewAttribute
      Name="VendorName"
      IsPersistent="false"
      IsNotNull="true"
      Precision="240"
      Type="java.lang.String"
      ColumnType="VARCHAR2"
      AliasName="VENDOR_NAME"
      Expression="VENDOR_NAME"
      SQLType="VARCHAR" >
      <DesignTime>
         <Attr Name="_DisplaySize" Value="240" />
      </DesignTime>
   </ViewAttribute>
   <ViewAttribute
      Name="PayGroupCode"
      IsPersistent="false"
      Precision="30"
      Type="java.lang.String"
      ColumnType="VARCHAR2"
      AliasName="PAY_GROUP_CODE"
      Expression="PAY_GROUP_CODE"
      SQLType="VARCHAR" >
      <DesignTime>
         <Attr Name="_DisplaySize" Value="30" />
      </DesignTime>
   </ViewAttribute>
   <ViewAttribute
      Name="PayGroupMeaning"
      IsPersistent="false"
      Precision="80"
      Type="java.lang.String"
      ColumnType="VARCHAR2"
      AliasName="PAY_GROUP_MEANING"
      Expression="PAY_GROUP_MEANING"
      SQLType="VARCHAR" >
      <DesignTime>
         <Attr Name="_DisplaySize" Value="80" />
      </DesignTime>
   </ViewAttribute>
   <ViewAttribute
      Name="DraftingCompany"
      IsPersistent="false"
      Precision="3"
      Type="java.lang.String"
      ColumnType="VARCHAR2"
      AliasName="DRAFTING_COMPANY"
      Expression="DRAFTING_COMPANY"
      SQLType="VARCHAR" >
      <DesignTime>
         <Attr Name="_DisplaySize" Value="3" />
      </DesignTime>
   </ViewAttribute>
</ViewObject>
