<?xml version="1.0" encoding='windows-31j'?>
<!DOCTYPE ViewObject SYSTEM "jbo_03_01.dtd">

<ViewObject
   Name="Xx03GetApSlipLineTypeNameVO"
   BindingStyle="Oracle"
   CustomQuery="true"
   RowClass="oracle.apps.xx03.ap.server.Xx03GetApSlipLineTypeNameVORowImpl"
   ComponentClass="oracle.apps.xx03.ap.server.Xx03GetApSlipLineTypeNameVOImpl"
   MsgBundleClass="oracle.jbo.common.JboResourceBundle"
   UseGlueCode="false" >
   <SQLQuery><![CDATA[
SELECT DESCRIPTION NAME
FROM   XX03_LOOKUPS_XX03_V
WHERE  LANGUAGE     = USERENV('LANG')
  AND  LOOKUP_TYPE  = 'XX03_SLIP_LINE_TYPES'
  AND  ATTRIBUTE15  = XX00_PROFILE_PKG.VALUE('ORG_ID')
  AND  ENABLED_FLAG = 'Y'
  AND  LOOKUP_CODE = :1
  AND  :2 BETWEEN NVL(START_DATE_ACTIVE, TO_DATE('1000/01/01','YYYY/MM/DD'))
              AND NVL(END_DATE_ACTIVE  , TO_DATE('4712/12/31','YYYY/MM/DD'))
   ]]></SQLQuery>
   <DesignTime>
      <Attr Name="_isCodegen" Value="true" />
      <Attr Name="_version" Value="9.0.3.13.75" />
      <Attr Name="_CodeGenFlagNew" Value="36" />
   </DesignTime>
   <ViewAttribute
      Name="Name"
      IsPersistent="false"
      Precision="240"
      Type="java.lang.String"
      AliasName="NAME"
      ColumnType="VARCHAR2"
      Expression="NAME"
      SQLType="VARCHAR" >
      <DesignTime>
         <Attr Name="_DisplaySize" Value="240" />
      </DesignTime>
   </ViewAttribute>
</ViewObject>
