<?xml version="1.0" encoding='Shift_JIS'?>
<!DOCTYPE AppModule SYSTEM "jbo_03_01.dtd">

<AppModule
   Name="XX03ApInvoiceSearchAM"
   ComponentClass="oracle.apps.xx03.ap.server.XX03ApInvoiceSearchAMImpl" >
   <DesignTime>
      <Attr Name="_isCodegen" Value="true" />
      <Attr Name="_version" Value="9.0.3.12.53" />
      <Attr Name="_deployType" Value="0" />
   </DesignTime>
   <ViewUsage
      Name="XX03InvoiceSearchConditionVO1"
      ViewObjectName="oracle.apps.xx03.ap.server.XX03InvoiceSearchConditionVO" >
   </ViewUsage>
   <ViewUsage
      Name="XX03WfStatusesVO1"
      ViewObjectName="oracle.apps.xx03.ap.server.XX03WfStatusesVO" >
   </ViewUsage>
   <ViewUsage
      Name="XX03ResultInvoiceVO1"
      ViewObjectName="oracle.apps.xx03.ap.server.XX03ResultInvoiceVO" >
   </ViewUsage>
   <ViewUsage
      Name="XX03PaymentSlipsVO1"
      ViewObjectName="oracle.apps.xx03.ap.server.XX03PaymentSlipsVO" >
   </ViewUsage>
   <ViewUsage
      Name="Xx03GetAffPromptVO1"
      ViewObjectName="oracle.apps.xx03.ap.server.Xx03GetAffPromptVO" >
   </ViewUsage>
   <ViewUsage
      Name="Xx03GetDffPromptVO1"
      ViewObjectName="oracle.apps.xx03.ap.server.Xx03GetDffPromptVO" >
   </ViewUsage>
   <AppModuleUsage
      Name="XX03ApCommonComponentAM1"
      FullName="oracle.apps.xx03.ap.server.XX03ApCommonComponentAM" >
   </AppModuleUsage>
</AppModule>
