<?xml version="1.0" encoding='windows-31j'?>
<!DOCTYPE ViewObject SYSTEM "jbo_03_01.dtd">

<ViewObject
   Name="Xx03ChkUsrDepartmentVO"
   BindingStyle="Oracle"
   CustomQuery="true"
   RowClass="oracle.apps.xx03.ap.server.Xx03ChkUsrDepartmentVORowImpl"
   ComponentClass="oracle.apps.xx03.ap.server.Xx03ChkUsrDepartmentVOImpl"
   MsgBundleClass="oracle.jbo.common.JboResourceBundle"
   UseGlueCode="false" >
   <SQLQuery><![CDATA[
SELECT COUNT(*) CNT
  FROM XX03_PER_PEOPLES_V          XPPV
      ,XX03_FLEX_VALUE_CHILDREN_V  XFVCV
 WHERE XPPV.USER_ID      = XX00_PROFILE_PKG.VALUE('USER_ID')
   AND TRUNC(SYSDATE) BETWEEN XPPV.EFFECTIVE_START_DATE AND XPPV.EFFECTIVE_END_DATE
   AND XPPV.ATTRIBUTE29  = XFVCV.PARENT_FLEX_VALUE
   AND XFVCV.FLEX_VALUE  = :1
   ]]></SQLQuery>
   <DesignTime>
      <Attr Name="_isCodegen" Value="true" />
      <Attr Name="_version" Value="9.0.3.13.75" />
      <Attr Name="_CodeGenFlagNew" Value="36" />
   </DesignTime>
   <ViewAttribute
      Name="Cnt"
      IsPersistent="false"
      Type="oracle.jbo.domain.Number"
      AliasName="CNT"
      ColumnType="VARCHAR2"
      Expression="CNT"
      SQLType="NUMERIC" >
      <DesignTime>
         <Attr Name="_DisplaySize" Value="22" />
      </DesignTime>
   </ViewAttribute>
</ViewObject>
