<?xml version="1.0" encoding='windows-31j'?>
<!DOCTYPE ViewObject SYSTEM "jbo_03_01.dtd">

<ViewObject
   Name="XX03TaxCodesLovVO"
   OrderBy="NAME,START_DATE"
   BindingStyle="Oracle"
   CustomQuery="true"
   RowClass="oracle.apps.xx03.ap.server.XX03TaxCodesLovVORowImpl"
   ComponentClass="oracle.apps.xx03.ap.server.XX03TaxCodesLovVOImpl"
   MsgBundleClass="oracle.jbo.common.JboResourceBundle"
   UseGlueCode="false" >
   <SQLQuery><![CDATA[
SELECT XTCLV.TAX_ID 
      ,XTCLV.NAME 
      ,XTCLV.TAX_CODES_COL 
      ,XTCLV.DESCRIPTION
      ,XTCLV.START_DATE
      ,XTCLV.INACTIVE_DATE
  FROM XX03_TAX_CODES_LOV_V XTCLV
   ]]></SQLQuery>
   <DesignTime>
      <Attr Name="_isCodegen" Value="true" />
      <Attr Name="_version" Value="9.0.3.13.75" />
      <Attr Name="_CodeGenFlagNew" Value="36" />
   </DesignTime>
   <ViewAttribute
      Name="TaxId"
      IsPersistent="false"
      IsNotNull="true"
      Precision="15"
      Scale="0"
      Type="oracle.jbo.domain.Number"
      AliasName="TAX_ID"
      ColumnType="VARCHAR2"
      Expression="TAX_ID"
      SQLType="NUMERIC" >
      <DesignTime>
         <Attr Name="_DisplaySize" Value="22" />
      </DesignTime>
   </ViewAttribute>
   <ViewAttribute
      Name="Name"
      IsPersistent="false"
      IsNotNull="true"
      Precision="15"
      Type="java.lang.String"
      AliasName="NAME"
      ColumnType="VARCHAR2"
      Expression="NAME"
      SQLType="VARCHAR" >
      <DesignTime>
         <Attr Name="_DisplaySize" Value="15" />
      </DesignTime>
   </ViewAttribute>
   <ViewAttribute
      Name="TaxCodesCol"
      IsPersistent="false"
      Precision="4000"
      Type="java.lang.String"
      AliasName="TAX_CODES_COL"
      ColumnType="VARCHAR2"
      Expression="TAX_CODES_COL"
      SQLType="VARCHAR" >
      <DesignTime>
         <Attr Name="_DisplaySize" Value="4000" />
      </DesignTime>
   </ViewAttribute>
   <ViewAttribute
      Name="Description"
      IsPersistent="false"
      Precision="240"
      Type="java.lang.String"
      AliasName="DESCRIPTION"
      ColumnType="VARCHAR2"
      Expression="DESCRIPTION"
      SQLType="VARCHAR" >
      <DesignTime>
         <Attr Name="_DisplaySize" Value="240" />
      </DesignTime>
   </ViewAttribute>
   <ViewAttribute
      Name="StartDate"
      IsPersistent="false"
      Type="oracle.jbo.domain.Date"
      AliasName="START_DATE"
      ColumnType="VARCHAR2"
      Expression="START_DATE"
      SQLType="DATE" >
      <DesignTime>
         <Attr Name="_DisplaySize" Value="7" />
      </DesignTime>
   </ViewAttribute>
   <ViewAttribute
      Name="InactiveDate"
      IsPersistent="false"
      Type="oracle.jbo.domain.Date"
      AliasName="INACTIVE_DATE"
      ColumnType="VARCHAR2"
      Expression="INACTIVE_DATE"
      SQLType="DATE" >
      <DesignTime>
         <Attr Name="_DisplaySize" Value="7" />
      </DesignTime>
   </ViewAttribute>
</ViewObject>
