<?xml version="1.0" encoding='Shift_JIS'?>
<!DOCTYPE Entity SYSTEM "jbo_03_01.dtd">

<Entity
   Name="XX03SlipNumbersEO"
   DBObjectType="synonym"
   DBObjectName="XX03_SLIP_NUMBERS"
   AliasName="XX03SlipNumbersEO"
   BindingStyle="Oracle"
   UseGlueCode="false"
   CodeGenFlag="7"
   RowClass="oracle.apps.xx03.ap.server.XX03SlipNumbersEOImpl"
   DefClass="oracle.apps.fnd.framework.server.OAEntityDefImpl"
   CollClass="oracle.apps.fnd.framework.server.OAEntityCache" >
   <DesignTime>
      <Attr Name="_isCodegen" Value="true" />
      <Attr Name="_version" Value="9.0.3.11.44" />
      <AttrArray Name="_publishEvents">
      </AttrArray>
   </DesignTime>
   <Attribute
      Name="SlipNumbersId"
      IsNotNull="true"
      Precision="15"
      Scale="0"
      Type="oracle.jbo.domain.Number"
      ColumnName="SLIP_NUMBERS_ID"
      ColumnType="NUMBER"
      SQLType="NUMERIC"
      TableName="XX03_SLIP_NUMBERS"
      PrimaryKey="true" >
      <DesignTime>
         <Attr Name="_DisplaySize" Value="22" />
      </DesignTime>
   </Attribute>
   <Attribute
      Name="ApplicationShortName"
      IsNotNull="true"
      Precision="50"
      Type="java.lang.String"
      ColumnName="APPLICATION_SHORT_NAME"
      ColumnType="VARCHAR2"
      SQLType="VARCHAR"
      TableName="XX03_SLIP_NUMBERS" >
      <DesignTime>
         <Attr Name="_DisplaySize" Value="50" />
      </DesignTime>
   </Attribute>
   <Attribute
      Name="NumType"
      IsNotNull="true"
      Precision="1"
      Type="java.lang.String"
      ColumnName="NUM_TYPE"
      ColumnType="VARCHAR2"
      SQLType="VARCHAR"
      TableName="XX03_SLIP_NUMBERS" >
      <DesignTime>
         <Attr Name="_DisplaySize" Value="1" />
      </DesignTime>
   </Attribute>
   <Attribute
      Name="TemporaryCode"
      Precision="10"
      Type="java.lang.String"
      ColumnName="TEMPORARY_CODE"
      ColumnType="VARCHAR2"
      SQLType="VARCHAR"
      TableName="XX03_SLIP_NUMBERS" >
      <DesignTime>
         <Attr Name="_DisplaySize" Value="10" />
      </DesignTime>
   </Attribute>
   <Attribute
      Name="SlipNumber"
      IsNotNull="true"
      Type="oracle.jbo.domain.Number"
      ColumnName="SLIP_NUMBER"
      ColumnType="NUMBER"
      SQLType="NUMERIC"
      TableName="XX03_SLIP_NUMBERS" >
      <DesignTime>
         <Attr Name="_DisplaySize" Value="22" />
      </DesignTime>
   </Attribute>
   <Attribute
      Name="OrgId"
      IsNotNull="true"
      Precision="15"
      Scale="0"
      Type="oracle.jbo.domain.Number"
      ColumnName="ORG_ID"
      ColumnType="NUMBER"
      SQLType="NUMERIC"
      TableName="XX03_SLIP_NUMBERS" >
      <DesignTime>
         <Attr Name="_DisplaySize" Value="22" />
      </DesignTime>
   </Attribute>
   <Attribute
      Name="CreatedBy"
      IsNotNull="true"
      Precision="15"
      Scale="0"
      Type="oracle.jbo.domain.Number"
      ColumnName="CREATED_BY"
      ColumnType="NUMBER"
      SQLType="NUMERIC"
      TableName="XX03_SLIP_NUMBERS" >
      <DesignTime>
         <Attr Name="_DisplaySize" Value="22" />
      </DesignTime>
   </Attribute>
   <Attribute
      Name="CreationDate"
      IsNotNull="true"
      Type="oracle.jbo.domain.Date"
      ColumnName="CREATION_DATE"
      ColumnType="DATE"
      SQLType="TIMESTAMP"
      TableName="XX03_SLIP_NUMBERS" >
      <DesignTime>
         <Attr Name="_DisplaySize" Value="7" />
      </DesignTime>
   </Attribute>
   <Attribute
      Name="LastUpdatedBy"
      IsNotNull="true"
      Precision="15"
      Scale="0"
      Type="oracle.jbo.domain.Number"
      ColumnName="LAST_UPDATED_BY"
      ColumnType="NUMBER"
      SQLType="NUMERIC"
      TableName="XX03_SLIP_NUMBERS" >
      <DesignTime>
         <Attr Name="_DisplaySize" Value="22" />
      </DesignTime>
   </Attribute>
   <Attribute
      Name="LastUpdateDate"
      IsNotNull="true"
      Type="oracle.jbo.domain.Date"
      ColumnName="LAST_UPDATE_DATE"
      ColumnType="DATE"
      SQLType="TIMESTAMP"
      TableName="XX03_SLIP_NUMBERS" >
      <DesignTime>
         <Attr Name="_DisplaySize" Value="7" />
      </DesignTime>
   </Attribute>
   <Attribute
      Name="LastUpdateLogin"
      Precision="15"
      Scale="0"
      Type="oracle.jbo.domain.Number"
      ColumnName="LAST_UPDATE_LOGIN"
      ColumnType="NUMBER"
      SQLType="NUMERIC"
      TableName="XX03_SLIP_NUMBERS" >
      <DesignTime>
         <Attr Name="_DisplaySize" Value="22" />
      </DesignTime>
   </Attribute>
   <Key
      Name="SysC00158900" >
      <AttrArray Name="Attributes">
         <Item Value="oracle.apps.xx03.ap.server.XX03SlipNumbersEO.ApplicationShortName" />
      </AttrArray>
      <DesignTime>
         <Attr Name="_DBObjectName" Value="SYS_C00158900" />
         <Attr Name="_checkCondition" Value="&#34;APPLICATION_SHORT_NAME&#34; IS NOT NULL" />
         <Attr Name="_isCheck" Value="true" />
      </DesignTime>
   </Key>
   <Key
      Name="SysC00158902" >
      <AttrArray Name="Attributes">
         <Item Value="oracle.apps.xx03.ap.server.XX03SlipNumbersEO.SlipNumber" />
      </AttrArray>
      <DesignTime>
         <Attr Name="_DBObjectName" Value="SYS_C00158902" />
         <Attr Name="_checkCondition" Value="&#34;SLIP_NUMBER&#34; IS NOT NULL" />
         <Attr Name="_isCheck" Value="true" />
      </DesignTime>
   </Key>
   <Key
      Name="SysC00158904" >
      <AttrArray Name="Attributes">
         <Item Value="oracle.apps.xx03.ap.server.XX03SlipNumbersEO.CreatedBy" />
      </AttrArray>
      <DesignTime>
         <Attr Name="_DBObjectName" Value="SYS_C00158904" />
         <Attr Name="_checkCondition" Value="&#34;CREATED_BY&#34; IS NOT NULL" />
         <Attr Name="_isCheck" Value="true" />
      </DesignTime>
   </Key>
   <Key
      Name="SysC00158906" >
      <AttrArray Name="Attributes">
         <Item Value="oracle.apps.xx03.ap.server.XX03SlipNumbersEO.LastUpdatedBy" />
      </AttrArray>
      <DesignTime>
         <Attr Name="_DBObjectName" Value="SYS_C00158906" />
         <Attr Name="_checkCondition" Value="&#34;LAST_UPDATED_BY&#34; IS NOT NULL" />
         <Attr Name="_isCheck" Value="true" />
      </DesignTime>
   </Key>
   <Key
      Name="Xx03SlipNumbersPk" >
      <AttrArray Name="Attributes">
         <Item Value="oracle.apps.xx03.ap.server.XX03SlipNumbersEO.SlipNumbersId" />
      </AttrArray>
      <DesignTime>
         <Attr Name="_DBObjectName" Value="XX03_SLIP_NUMBERS_PK" />
         <Attr Name="_isPrimary" Value="true" />
      </DesignTime>
   </Key>
   <Key
      Name="SysC00158901" >
      <AttrArray Name="Attributes">
         <Item Value="oracle.apps.xx03.ap.server.XX03SlipNumbersEO.NumType" />
      </AttrArray>
      <DesignTime>
         <Attr Name="_DBObjectName" Value="SYS_C00158901" />
         <Attr Name="_checkCondition" Value="&#34;NUM_TYPE&#34; IS NOT NULL" />
         <Attr Name="_isCheck" Value="true" />
      </DesignTime>
   </Key>
   <Key
      Name="SysC00158905" >
      <AttrArray Name="Attributes">
         <Item Value="oracle.apps.xx03.ap.server.XX03SlipNumbersEO.CreationDate" />
      </AttrArray>
      <DesignTime>
         <Attr Name="_DBObjectName" Value="SYS_C00158905" />
         <Attr Name="_checkCondition" Value="&#34;CREATION_DATE&#34; IS NOT NULL" />
         <Attr Name="_isCheck" Value="true" />
      </DesignTime>
   </Key>
   <Key
      Name="SysC00158899" >
      <AttrArray Name="Attributes">
         <Item Value="oracle.apps.xx03.ap.server.XX03SlipNumbersEO.SlipNumbersId" />
      </AttrArray>
      <DesignTime>
         <Attr Name="_DBObjectName" Value="SYS_C00158899" />
         <Attr Name="_checkCondition" Value="&#34;SLIP_NUMBERS_ID&#34; IS NOT NULL" />
         <Attr Name="_isCheck" Value="true" />
      </DesignTime>
   </Key>
   <Key
      Name="SysC00158907" >
      <AttrArray Name="Attributes">
         <Item Value="oracle.apps.xx03.ap.server.XX03SlipNumbersEO.LastUpdateDate" />
      </AttrArray>
      <DesignTime>
         <Attr Name="_DBObjectName" Value="SYS_C00158907" />
         <Attr Name="_checkCondition" Value="&#34;LAST_UPDATE_DATE&#34; IS NOT NULL" />
         <Attr Name="_isCheck" Value="true" />
      </DesignTime>
   </Key>
   <Key
      Name="SysC00158903" >
      <AttrArray Name="Attributes">
         <Item Value="oracle.apps.xx03.ap.server.XX03SlipNumbersEO.OrgId" />
      </AttrArray>
      <DesignTime>
         <Attr Name="_DBObjectName" Value="SYS_C00158903" />
         <Attr Name="_checkCondition" Value="&#34;ORG_ID&#34; IS NOT NULL" />
         <Attr Name="_isCheck" Value="true" />
      </DesignTime>
   </Key>
</Entity>
