<?xml version="1.0" encoding='Shift_JIS'?>
<!DOCTYPE ViewObject SYSTEM "jbo_03_01.dtd">

<ViewObject
   Name="XX03SlipTypesLovVO"
   BindingStyle="Oracle"
   CustomQuery="true"
   RowClass="oracle.apps.fnd.framework.server.OAViewRowImpl"
   ComponentClass="oracle.apps.fnd.framework.server.OAViewObjectImpl"
   MsgBundleClass="oracle.jbo.common.JboResourceBundle"
   FetchMode="FETCH_AS_NEEDED"
   UseGlueCode="false" >
   <SQLQuery><![CDATA[
SELECT XX03SlipTypesLovEO.ROWID, 
       XX03SlipTypesLovEO.LOOKUP_CODE, 
       XX03SlipTypesLovEO.DESCRIPTION
  FROM XX03_SLIP_TYPES_LOV_V XX03SlipTypesLovEO
 WHERE ATTRIBUTE14 = 'SQLAP'
ORDER BY
       XX03SlipTypesLovEO.DESCRIPTION
   ]]></SQLQuery>
   <DesignTime>
      <Attr Name="_version" Value="9.0.3.12.53" />
      <Attr Name="_CodeGenFlagNew" Value="4" />
   </DesignTime>
   <EntityUsage
      Name="XX03SlipTypesLovEO"
      Entity="oracle.apps.xx03.ap.server.XX03SlipTypesLovEO" >
      <DesignTime>
         <Attr Name="_EntireObjectTable" Value="false" />
         <Attr Name="_queryClause" Value="true" />
         <Attr Name="_queryOrderBy" Value="DESCRIPTION" />
      </DesignTime>
   </EntityUsage>
   <ViewAttribute
      Name="RowID"
      IsUpdateable="false"
      EntityAttrName="RowID"
      EntityUsage="XX03SlipTypesLovEO"
      AliasName="ROWID"
      ColumnType="VARCHAR2" >
   </ViewAttribute>
   <ViewAttribute
      Name="LookupCode"
      IsNotNull="true"
      EntityAttrName="LookupCode"
      EntityUsage="XX03SlipTypesLovEO"
      AliasName="LOOKUP_CODE"
      ColumnType="VARCHAR2" >
   </ViewAttribute>
   <ViewAttribute
      Name="Description"
      EntityAttrName="Description"
      EntityUsage="XX03SlipTypesLovEO"
      AliasName="DESCRIPTION"
      ColumnType="VARCHAR2" >
   </ViewAttribute>
</ViewObject>
