<?xml version="1.0" encoding='Shift_JIS'?>
<!DOCTYPE ViewObject SYSTEM "jbo_03_01.dtd">

<ViewObject
   Name="XX03GetPaymentSlipLinesVO"
   OrderBy="LINE_NUMBER"
   BindingStyle="Oracle"
   CustomQuery="true"
   RowClass="oracle.apps.xx03.ap.server.XX03GetPaymentSlipLinesVORowImpl"
   ComponentClass="oracle.apps.xx03.ap.server.XX03GetPaymentSlipLinesVOImpl"
   MsgBundleClass="oracle.jbo.common.JboResourceBundle"
   FetchMode="FETCH_AS_NEEDED"
   UseGlueCode="false" >
   <SQLQuery><![CDATA[
SELECT XX03PaymentSlipLinesEO.INVOICE_LINE_ID, 
       XX03PaymentSlipLinesEO.INVOICE_ID, 
       XX03PaymentSlipLinesEO.LINE_NUMBER, 
       XX03PaymentSlipLinesEO.SLIP_LINE_TYPE, 
       XX03PaymentSlipLinesEO.SLIP_LINE_TYPE_NAME, 
       XX03PaymentSlipLinesEO.ENTERED_AMOUNT, 
       XX03PaymentSlipLinesEO.ENTERED_ITEM_AMOUNT, 
       XX03PaymentSlipLinesEO.ENTERED_TAX_AMOUNT, 
       XX03PaymentSlipLinesEO.DESCRIPTION, 
       XX03PaymentSlipLinesEO.AMOUNT_INCLUDES_TAX_FLAG, 
       XX03PaymentSlipLinesEO.TAX_CODE, 
       XX03PaymentSlipLinesEO.TAX_NAME, 
       XX03PaymentSlipLinesEO.SEGMENT1, 
       XX03PaymentSlipLinesEO.SEGMENT2, 
       XX03PaymentSlipLinesEO.SEGMENT3, 
       XX03PaymentSlipLinesEO.SEGMENT4, 
       XX03PaymentSlipLinesEO.SEGMENT5, 
       XX03PaymentSlipLinesEO.SEGMENT6, 
       XX03PaymentSlipLinesEO.SEGMENT7, 
       XX03PaymentSlipLinesEO.SEGMENT8, 
       XX03PaymentSlipLinesEO.SEGMENT9, 
       XX03PaymentSlipLinesEO.SEGMENT10, 
       XX03PaymentSlipLinesEO.SEGMENT11, 
       XX03PaymentSlipLinesEO.SEGMENT12, 
       XX03PaymentSlipLinesEO.SEGMENT13, 
       XX03PaymentSlipLinesEO.SEGMENT14, 
       XX03PaymentSlipLinesEO.SEGMENT15, 
       XX03PaymentSlipLinesEO.SEGMENT16, 
       XX03PaymentSlipLinesEO.SEGMENT17, 
       XX03PaymentSlipLinesEO.SEGMENT18, 
       XX03PaymentSlipLinesEO.SEGMENT19, 
       XX03PaymentSlipLinesEO.SEGMENT20, 
       XX03PaymentSlipLinesEO.SEGMENT1_NAME, 
       XX03PaymentSlipLinesEO.SEGMENT2_NAME, 
       XX03PaymentSlipLinesEO.SEGMENT3_NAME, 
       XX03PaymentSlipLinesEO.SEGMENT4_NAME, 
       XX03PaymentSlipLinesEO.SEGMENT5_NAME, 
       XX03PaymentSlipLinesEO.SEGMENT6_NAME, 
       XX03PaymentSlipLinesEO.SEGMENT7_NAME, 
       XX03PaymentSlipLinesEO.SEGMENT8_NAME, 
       XX03PaymentSlipLinesEO.INCR_DECR_REASON_CODE, 
       XX03PaymentSlipLinesEO.INCR_DECR_REASON_NAME, 
       XX03PaymentSlipLinesEO.RECON_REFERENCE, 
       XX03PaymentSlipLinesEO.ORG_ID, 
       XX03PaymentSlipLinesEO.ATTRIBUTE_CATEGORY, 
       XX03PaymentSlipLinesEO.ATTRIBUTE1, 
       XX03PaymentSlipLinesEO.ATTRIBUTE2, 
       XX03PaymentSlipLinesEO.ATTRIBUTE3, 
       XX03PaymentSlipLinesEO.ATTRIBUTE4, 
       XX03PaymentSlipLinesEO.ATTRIBUTE5, 
       XX03PaymentSlipLinesEO.ATTRIBUTE6, 
       XX03PaymentSlipLinesEO.ATTRIBUTE7, 
       XX03PaymentSlipLinesEO.ATTRIBUTE8, 
       XX03PaymentSlipLinesEO.ATTRIBUTE9, 
       XX03PaymentSlipLinesEO.ATTRIBUTE10, 
       XX03PaymentSlipLinesEO.ATTRIBUTE11, 
       XX03PaymentSlipLinesEO.ATTRIBUTE12, 
       XX03PaymentSlipLinesEO.ATTRIBUTE13, 
       XX03PaymentSlipLinesEO.ATTRIBUTE14, 
       XX03PaymentSlipLinesEO.ATTRIBUTE15, 
       XX03PaymentSlipLinesEO.CREATED_BY, 
       XX03PaymentSlipLinesEO.CREATION_DATE, 
       XX03PaymentSlipLinesEO.LAST_UPDATED_BY, 
       XX03PaymentSlipLinesEO.LAST_UPDATE_DATE, 
       XX03PaymentSlipLinesEO.LAST_UPDATE_LOGIN, 
       XX03PaymentSlipLinesEO.REQUEST_ID, 
       XX03PaymentSlipLinesEO.PROGRAM_APPLICATION_ID, 
       XX03PaymentSlipLinesEO.PROGRAM_ID, 
       XX03PaymentSlipLinesEO.PROGRAM_UPDATE_DATE
  FROM XX03_PAYMENT_SLIP_LINES XX03PaymentSlipLinesEO
 WHERE XX03PaymentSlipLinesEO.INVOICE_ID = :1
   ]]></SQLQuery>
   <DesignTime>
      <Attr Name="_isCodegen" Value="true" />
      <Attr Name="_version" Value="9.0.3.11.44" />
      <Attr Name="_CodeGenFlagNew" Value="36" />
   </DesignTime>
   <EntityUsage
      Name="XX03PaymentSlipLinesEO"
      Entity="oracle.apps.xx03.ap.server.XX03PaymentSlipLinesEO" >
      <DesignTime>
         <Attr Name="_EntireObjectTable" Value="false" />
         <Attr Name="_queryClause" Value="false" />
      </DesignTime>
   </EntityUsage>
   <ViewAttribute
      Name="InvoiceLineId"
      EntityAttrName="InvoiceLineId"
      EntityUsage="XX03PaymentSlipLinesEO"
      AliasName="INVOICE_LINE_ID"
      ColumnType="VARCHAR2" >
   </ViewAttribute>
   <ViewAttribute
      Name="InvoiceId"
      EntityAttrName="InvoiceId"
      EntityUsage="XX03PaymentSlipLinesEO"
      AliasName="INVOICE_ID"
      ColumnType="VARCHAR2" >
   </ViewAttribute>
   <ViewAttribute
      Name="LineNumber"
      IsNotNull="true"
      EntityAttrName="LineNumber"
      EntityUsage="XX03PaymentSlipLinesEO"
      AliasName="LINE_NUMBER"
      ColumnType="VARCHAR2" >
   </ViewAttribute>
   <ViewAttribute
      Name="SlipLineType"
      IsNotNull="true"
      EntityAttrName="SlipLineType"
      EntityUsage="XX03PaymentSlipLinesEO"
      AliasName="SLIP_LINE_TYPE"
      ColumnType="VARCHAR2" >
   </ViewAttribute>
   <ViewAttribute
      Name="SlipLineTypeName"
      EntityAttrName="SlipLineTypeName"
      EntityUsage="XX03PaymentSlipLinesEO"
      AliasName="SLIP_LINE_TYPE_NAME"
      ColumnType="VARCHAR2" >
   </ViewAttribute>
   <ViewAttribute
      Name="EnteredAmount"
      IsNotNull="true"
      EntityAttrName="EnteredAmount"
      EntityUsage="XX03PaymentSlipLinesEO"
      AliasName="ENTERED_AMOUNT"
      ColumnType="VARCHAR2" >
   </ViewAttribute>
   <ViewAttribute
      Name="EnteredItemAmount"
      IsNotNull="true"
      EntityAttrName="EnteredItemAmount"
      EntityUsage="XX03PaymentSlipLinesEO"
      AliasName="ENTERED_ITEM_AMOUNT"
      ColumnType="VARCHAR2" >
   </ViewAttribute>
   <ViewAttribute
      Name="EnteredTaxAmount"
      IsNotNull="true"
      EntityAttrName="EnteredTaxAmount"
      EntityUsage="XX03PaymentSlipLinesEO"
      AliasName="ENTERED_TAX_AMOUNT"
      ColumnType="VARCHAR2" >
   </ViewAttribute>
   <ViewAttribute
      Name="Description"
      EntityAttrName="Description"
      EntityUsage="XX03PaymentSlipLinesEO"
      AliasName="DESCRIPTION"
      ColumnType="VARCHAR2" >
   </ViewAttribute>
   <ViewAttribute
      Name="AmountIncludesTaxFlag"
      IsNotNull="true"
      EntityAttrName="AmountIncludesTaxFlag"
      EntityUsage="XX03PaymentSlipLinesEO"
      AliasName="AMOUNT_INCLUDES_TAX_FLAG"
      ColumnType="VARCHAR2" >
   </ViewAttribute>
   <ViewAttribute
      Name="TaxCode"
      IsNotNull="true"
      EntityAttrName="TaxCode"
      EntityUsage="XX03PaymentSlipLinesEO"
      AliasName="TAX_CODE"
      ColumnType="VARCHAR2" >
   </ViewAttribute>
   <ViewAttribute
      Name="TaxName"
      EntityAttrName="TaxName"
      EntityUsage="XX03PaymentSlipLinesEO"
      AliasName="TAX_NAME"
      ColumnType="VARCHAR2" >
   </ViewAttribute>
   <ViewAttribute
      Name="Segment1"
      IsNotNull="true"
      EntityAttrName="Segment1"
      EntityUsage="XX03PaymentSlipLinesEO"
      AliasName="SEGMENT1"
      ColumnType="VARCHAR2" >
   </ViewAttribute>
   <ViewAttribute
      Name="Segment2"
      IsNotNull="true"
      EntityAttrName="Segment2"
      EntityUsage="XX03PaymentSlipLinesEO"
      AliasName="SEGMENT2"
      ColumnType="VARCHAR2" >
   </ViewAttribute>
   <ViewAttribute
      Name="Segment3"
      IsNotNull="true"
      EntityAttrName="Segment3"
      EntityUsage="XX03PaymentSlipLinesEO"
      AliasName="SEGMENT3"
      ColumnType="VARCHAR2" >
   </ViewAttribute>
   <ViewAttribute
      Name="Segment4"
      IsNotNull="true"
      EntityAttrName="Segment4"
      EntityUsage="XX03PaymentSlipLinesEO"
      AliasName="SEGMENT4"
      ColumnType="VARCHAR2" >
   </ViewAttribute>
   <ViewAttribute
      Name="Segment5"
      IsNotNull="true"
      EntityAttrName="Segment5"
      EntityUsage="XX03PaymentSlipLinesEO"
      AliasName="SEGMENT5"
      ColumnType="VARCHAR2" >
   </ViewAttribute>
   <ViewAttribute
      Name="Segment6"
      IsNotNull="true"
      EntityAttrName="Segment6"
      EntityUsage="XX03PaymentSlipLinesEO"
      AliasName="SEGMENT6"
      ColumnType="VARCHAR2" >
   </ViewAttribute>
   <ViewAttribute
      Name="Segment7"
      IsNotNull="true"
      EntityAttrName="Segment7"
      EntityUsage="XX03PaymentSlipLinesEO"
      AliasName="SEGMENT7"
      ColumnType="VARCHAR2" >
   </ViewAttribute>
   <ViewAttribute
      Name="Segment8"
      IsNotNull="true"
      EntityAttrName="Segment8"
      EntityUsage="XX03PaymentSlipLinesEO"
      AliasName="SEGMENT8"
      ColumnType="VARCHAR2" >
   </ViewAttribute>
   <ViewAttribute
      Name="Segment9"
      EntityAttrName="Segment9"
      EntityUsage="XX03PaymentSlipLinesEO"
      AliasName="SEGMENT9"
      ColumnType="VARCHAR2" >
   </ViewAttribute>
   <ViewAttribute
      Name="Segment10"
      EntityAttrName="Segment10"
      EntityUsage="XX03PaymentSlipLinesEO"
      AliasName="SEGMENT10"
      ColumnType="VARCHAR2" >
   </ViewAttribute>
   <ViewAttribute
      Name="Segment11"
      EntityAttrName="Segment11"
      EntityUsage="XX03PaymentSlipLinesEO"
      AliasName="SEGMENT11"
      ColumnType="VARCHAR2" >
   </ViewAttribute>
   <ViewAttribute
      Name="Segment12"
      EntityAttrName="Segment12"
      EntityUsage="XX03PaymentSlipLinesEO"
      AliasName="SEGMENT12"
      ColumnType="VARCHAR2" >
   </ViewAttribute>
   <ViewAttribute
      Name="Segment13"
      EntityAttrName="Segment13"
      EntityUsage="XX03PaymentSlipLinesEO"
      AliasName="SEGMENT13"
      ColumnType="VARCHAR2" >
   </ViewAttribute>
   <ViewAttribute
      Name="Segment14"
      EntityAttrName="Segment14"
      EntityUsage="XX03PaymentSlipLinesEO"
      AliasName="SEGMENT14"
      ColumnType="VARCHAR2" >
   </ViewAttribute>
   <ViewAttribute
      Name="Segment15"
      EntityAttrName="Segment15"
      EntityUsage="XX03PaymentSlipLinesEO"
      AliasName="SEGMENT15"
      ColumnType="VARCHAR2" >
   </ViewAttribute>
   <ViewAttribute
      Name="Segment16"
      EntityAttrName="Segment16"
      EntityUsage="XX03PaymentSlipLinesEO"
      AliasName="SEGMENT16"
      ColumnType="VARCHAR2" >
   </ViewAttribute>
   <ViewAttribute
      Name="Segment17"
      EntityAttrName="Segment17"
      EntityUsage="XX03PaymentSlipLinesEO"
      AliasName="SEGMENT17"
      ColumnType="VARCHAR2" >
   </ViewAttribute>
   <ViewAttribute
      Name="Segment18"
      EntityAttrName="Segment18"
      EntityUsage="XX03PaymentSlipLinesEO"
      AliasName="SEGMENT18"
      ColumnType="VARCHAR2" >
   </ViewAttribute>
   <ViewAttribute
      Name="Segment19"
      EntityAttrName="Segment19"
      EntityUsage="XX03PaymentSlipLinesEO"
      AliasName="SEGMENT19"
      ColumnType="VARCHAR2" >
   </ViewAttribute>
   <ViewAttribute
      Name="Segment20"
      EntityAttrName="Segment20"
      EntityUsage="XX03PaymentSlipLinesEO"
      AliasName="SEGMENT20"
      ColumnType="VARCHAR2" >
   </ViewAttribute>
   <ViewAttribute
      Name="Segment1Name"
      EntityAttrName="Segment1Name"
      EntityUsage="XX03PaymentSlipLinesEO"
      AliasName="SEGMENT1_NAME"
      ColumnType="VARCHAR2" >
   </ViewAttribute>
   <ViewAttribute
      Name="Segment2Name"
      EntityAttrName="Segment2Name"
      EntityUsage="XX03PaymentSlipLinesEO"
      AliasName="SEGMENT2_NAME"
      ColumnType="VARCHAR2" >
   </ViewAttribute>
   <ViewAttribute
      Name="Segment3Name"
      EntityAttrName="Segment3Name"
      EntityUsage="XX03PaymentSlipLinesEO"
      AliasName="SEGMENT3_NAME"
      ColumnType="VARCHAR2" >
   </ViewAttribute>
   <ViewAttribute
      Name="Segment4Name"
      EntityAttrName="Segment4Name"
      EntityUsage="XX03PaymentSlipLinesEO"
      AliasName="SEGMENT4_NAME"
      ColumnType="VARCHAR2" >
   </ViewAttribute>
   <ViewAttribute
      Name="Segment5Name"
      EntityAttrName="Segment5Name"
      EntityUsage="XX03PaymentSlipLinesEO"
      AliasName="SEGMENT5_NAME"
      ColumnType="VARCHAR2" >
   </ViewAttribute>
   <ViewAttribute
      Name="Segment6Name"
      EntityAttrName="Segment6Name"
      EntityUsage="XX03PaymentSlipLinesEO"
      AliasName="SEGMENT6_NAME"
      ColumnType="VARCHAR2" >
   </ViewAttribute>
   <ViewAttribute
      Name="Segment7Name"
      EntityAttrName="Segment7Name"
      EntityUsage="XX03PaymentSlipLinesEO"
      AliasName="SEGMENT7_NAME"
      ColumnType="VARCHAR2" >
   </ViewAttribute>
   <ViewAttribute
      Name="Segment8Name"
      EntityAttrName="Segment8Name"
      EntityUsage="XX03PaymentSlipLinesEO"
      AliasName="SEGMENT8_NAME"
      ColumnType="VARCHAR2" >
   </ViewAttribute>
   <ViewAttribute
      Name="IncrDecrReasonCode"
      EntityAttrName="IncrDecrReasonCode"
      EntityUsage="XX03PaymentSlipLinesEO"
      AliasName="INCR_DECR_REASON_CODE"
      ColumnType="VARCHAR2" >
   </ViewAttribute>
   <ViewAttribute
      Name="IncrDecrReasonName"
      EntityAttrName="IncrDecrReasonName"
      EntityUsage="XX03PaymentSlipLinesEO"
      AliasName="INCR_DECR_REASON_NAME"
      ColumnType="VARCHAR2" >
   </ViewAttribute>
   <ViewAttribute
      Name="ReconReference"
      EntityAttrName="ReconReference"
      EntityUsage="XX03PaymentSlipLinesEO"
      AliasName="RECON_REFERENCE"
      ColumnType="VARCHAR2" >
   </ViewAttribute>
   <ViewAttribute
      Name="OrgId"
      IsNotNull="true"
      EntityAttrName="OrgId"
      EntityUsage="XX03PaymentSlipLinesEO"
      AliasName="ORG_ID"
      ColumnType="VARCHAR2" >
   </ViewAttribute>
   <ViewAttribute
      Name="AttributeCategory"
      EntityAttrName="AttributeCategory"
      EntityUsage="XX03PaymentSlipLinesEO"
      AliasName="ATTRIBUTE_CATEGORY"
      ColumnType="VARCHAR2" >
   </ViewAttribute>
   <ViewAttribute
      Name="Attribute1"
      EntityAttrName="Attribute1"
      EntityUsage="XX03PaymentSlipLinesEO"
      AliasName="ATTRIBUTE1"
      ColumnType="VARCHAR2" >
   </ViewAttribute>
   <ViewAttribute
      Name="Attribute2"
      EntityAttrName="Attribute2"
      EntityUsage="XX03PaymentSlipLinesEO"
      AliasName="ATTRIBUTE2"
      ColumnType="VARCHAR2" >
   </ViewAttribute>
   <ViewAttribute
      Name="Attribute3"
      EntityAttrName="Attribute3"
      EntityUsage="XX03PaymentSlipLinesEO"
      AliasName="ATTRIBUTE3"
      ColumnType="VARCHAR2" >
   </ViewAttribute>
   <ViewAttribute
      Name="Attribute4"
      EntityAttrName="Attribute4"
      EntityUsage="XX03PaymentSlipLinesEO"
      AliasName="ATTRIBUTE4"
      ColumnType="VARCHAR2" >
   </ViewAttribute>
   <ViewAttribute
      Name="Attribute5"
      EntityAttrName="Attribute5"
      EntityUsage="XX03PaymentSlipLinesEO"
      AliasName="ATTRIBUTE5"
      ColumnType="VARCHAR2" >
   </ViewAttribute>
   <ViewAttribute
      Name="Attribute6"
      EntityAttrName="Attribute6"
      EntityUsage="XX03PaymentSlipLinesEO"
      AliasName="ATTRIBUTE6"
      ColumnType="VARCHAR2" >
   </ViewAttribute>
   <ViewAttribute
      Name="Attribute7"
      EntityAttrName="Attribute7"
      EntityUsage="XX03PaymentSlipLinesEO"
      AliasName="ATTRIBUTE7"
      ColumnType="VARCHAR2" >
   </ViewAttribute>
   <ViewAttribute
      Name="Attribute8"
      EntityAttrName="Attribute8"
      EntityUsage="XX03PaymentSlipLinesEO"
      AliasName="ATTRIBUTE8"
      ColumnType="VARCHAR2" >
   </ViewAttribute>
   <ViewAttribute
      Name="Attribute9"
      EntityAttrName="Attribute9"
      EntityUsage="XX03PaymentSlipLinesEO"
      AliasName="ATTRIBUTE9"
      ColumnType="VARCHAR2" >
   </ViewAttribute>
   <ViewAttribute
      Name="Attribute10"
      EntityAttrName="Attribute10"
      EntityUsage="XX03PaymentSlipLinesEO"
      AliasName="ATTRIBUTE10"
      ColumnType="VARCHAR2" >
   </ViewAttribute>
   <ViewAttribute
      Name="Attribute11"
      EntityAttrName="Attribute11"
      EntityUsage="XX03PaymentSlipLinesEO"
      AliasName="ATTRIBUTE11"
      ColumnType="VARCHAR2" >
   </ViewAttribute>
   <ViewAttribute
      Name="Attribute12"
      EntityAttrName="Attribute12"
      EntityUsage="XX03PaymentSlipLinesEO"
      AliasName="ATTRIBUTE12"
      ColumnType="VARCHAR2" >
   </ViewAttribute>
   <ViewAttribute
      Name="Attribute13"
      EntityAttrName="Attribute13"
      EntityUsage="XX03PaymentSlipLinesEO"
      AliasName="ATTRIBUTE13"
      ColumnType="VARCHAR2" >
   </ViewAttribute>
   <ViewAttribute
      Name="Attribute14"
      EntityAttrName="Attribute14"
      EntityUsage="XX03PaymentSlipLinesEO"
      AliasName="ATTRIBUTE14"
      ColumnType="VARCHAR2" >
   </ViewAttribute>
   <ViewAttribute
      Name="Attribute15"
      EntityAttrName="Attribute15"
      EntityUsage="XX03PaymentSlipLinesEO"
      AliasName="ATTRIBUTE15"
      ColumnType="VARCHAR2" >
   </ViewAttribute>
   <ViewAttribute
      Name="CreatedBy"
      IsNotNull="true"
      EntityAttrName="CreatedBy"
      EntityUsage="XX03PaymentSlipLinesEO"
      AliasName="CREATED_BY"
      ColumnType="VARCHAR2" >
   </ViewAttribute>
   <ViewAttribute
      Name="CreationDate"
      IsNotNull="true"
      EntityAttrName="CreationDate"
      EntityUsage="XX03PaymentSlipLinesEO"
      AliasName="CREATION_DATE"
      ColumnType="VARCHAR2" >
   </ViewAttribute>
   <ViewAttribute
      Name="LastUpdatedBy"
      IsNotNull="true"
      EntityAttrName="LastUpdatedBy"
      EntityUsage="XX03PaymentSlipLinesEO"
      AliasName="LAST_UPDATED_BY"
      ColumnType="VARCHAR2" >
   </ViewAttribute>
   <ViewAttribute
      Name="LastUpdateDate"
      IsNotNull="true"
      EntityAttrName="LastUpdateDate"
      EntityUsage="XX03PaymentSlipLinesEO"
      AliasName="LAST_UPDATE_DATE"
      ColumnType="VARCHAR2" >
   </ViewAttribute>
   <ViewAttribute
      Name="LastUpdateLogin"
      EntityAttrName="LastUpdateLogin"
      EntityUsage="XX03PaymentSlipLinesEO"
      AliasName="LAST_UPDATE_LOGIN"
      ColumnType="VARCHAR2" >
   </ViewAttribute>
   <ViewAttribute
      Name="RequestId"
      EntityAttrName="RequestId"
      EntityUsage="XX03PaymentSlipLinesEO"
      AliasName="REQUEST_ID"
      ColumnType="VARCHAR2" >
   </ViewAttribute>
   <ViewAttribute
      Name="ProgramApplicationId"
      EntityAttrName="ProgramApplicationId"
      EntityUsage="XX03PaymentSlipLinesEO"
      AliasName="PROGRAM_APPLICATION_ID"
      ColumnType="VARCHAR2" >
   </ViewAttribute>
   <ViewAttribute
      Name="ProgramId"
      EntityAttrName="ProgramId"
      EntityUsage="XX03PaymentSlipLinesEO"
      AliasName="PROGRAM_ID"
      ColumnType="VARCHAR2" >
   </ViewAttribute>
   <ViewAttribute
      Name="ProgramUpdateDate"
      EntityAttrName="ProgramUpdateDate"
      EntityUsage="XX03PaymentSlipLinesEO"
      AliasName="PROGRAM_UPDATE_DATE"
      ColumnType="VARCHAR2" >
   </ViewAttribute>
</ViewObject>
