<?xml version="1.0" encoding='windows-31j'?>
<!DOCTYPE ViewObject SYSTEM "jbo_03_01.dtd">

<ViewObject
   Name="Xx03GetCurrencyNameVO"
   BindingStyle="Oracle"
   CustomQuery="true"
   RowClass="oracle.apps.xx03.ap.server.Xx03GetCurrencyNameVORowImpl"
   ComponentClass="oracle.apps.xx03.ap.server.Xx03GetCurrencyNameVOImpl"
   MsgBundleClass="oracle.jbo.common.JboResourceBundle"
   UseGlueCode="false" >
   <SQLQuery><![CDATA[
SELECT CURRENCY_CODE NAME
FROM   FND_CURRENCIES
WHERE  ENABLED_FLAG  = 'Y'
  AND  CURRENCY_FLAG = 'Y'
  AND  CURRENCY_CODE = :1
  AND  TRUNC(SYSDATE) BETWEEN NVL(START_DATE_ACTIVE, TO_DATE('1000/01/01', 'YYYY/MM/DD'))
                          AND NVL(END_DATE_ACTIVE  , TO_DATE('4712/12/31', 'YYYY/MM/DD'))
   ]]></SQLQuery>
   <DesignTime>
      <Attr Name="_isCodegen" Value="true" />
      <Attr Name="_version" Value="9.0.3.13.75" />
      <Attr Name="_CodeGenFlagNew" Value="36" />
   </DesignTime>
   <ViewAttribute
      Name="Name"
      IsPersistent="false"
      IsNotNull="true"
      Precision="15"
      Type="java.lang.String"
      AliasName="NAME"
      ColumnType="VARCHAR2"
      Expression="NAME"
      SQLType="VARCHAR" >
      <DesignTime>
         <Attr Name="_DisplaySize" Value="15" />
      </DesignTime>
   </ViewAttribute>
</ViewObject>
