<?xml version="1.0" encoding='windows-31j'?>
<!DOCTYPE ViewObject SYSTEM "jbo_03_01.dtd">

<ViewObject
   Name="Xx03GetTermsNameVO"
   BindingStyle="Oracle"
   CustomQuery="true"
   RowClass="oracle.apps.xx03.ap.server.Xx03GetTermsNameVORowImpl"
   ComponentClass="oracle.apps.xx03.ap.server.Xx03GetTermsNameVOImpl"
   MsgBundleClass="oracle.jbo.common.JboResourceBundle"
   UseGlueCode="false" >
   <SQLQuery><![CDATA[
SELECT DESCRIPTION NAME
  FROM AP_TERMS
 WHERE ENABLED_FLAG = 'Y'
   AND TERM_ID = :1
   AND NVL(START_DATE_ACTIVE, TO_DATE('1000/01/01','YYYY/MM/DD')) <= TRUNC(SYSDATE)
   AND TRUNC(SYSDATE) < NVL(END_DATE_ACTIVE  , TO_DATE('4712/12/31','YYYY/MM/DD'))
   ]]></SQLQuery>
   <DesignTime>
      <Attr Name="_isCodegen" Value="true" />
      <Attr Name="_version" Value="9.0.3.13.75" />
      <Attr Name="_CodeGenFlagNew" Value="36" />
   </DesignTime>
   <ViewAttribute
      Name="Name"
      IsPersistent="false"
      Precision="240"
      Type="java.lang.String"
      AliasName="NAME"
      ColumnType="VARCHAR2"
      Expression="NAME"
      SQLType="VARCHAR" >
      <DesignTime>
         <Attr Name="_DisplaySize" Value="240" />
      </DesignTime>
   </ViewAttribute>
</ViewObject>
