<?xml version="1.0" encoding='Shift_JIS'?>
<!DOCTYPE ViewObject SYSTEM "jbo_03_01.dtd">

<ViewObject
   Name="XX03ApSysetmParametersVO"
   BindingStyle="Oracle"
   CustomQuery="true"
   RowClass="oracle.apps.xx03.ap.server.XX03ApSysetmParametersVORowImpl"
   ComponentClass="oracle.apps.xx03.ap.server.XX03ApSysetmParametersVOImpl"
   MsgBundleClass="oracle.jbo.common.JboResourceBundle"
   UseGlueCode="false" >
   <SQLQuery><![CDATA[
SELECT xaspv.AUTO_TAX_CALC_FLAG
  FROM XX03_AP_SYSTEM_PARAMETERS_V xaspv
   ]]></SQLQuery>
   <DesignTime>
      <Attr Name="_isCodegen" Value="true" />
      <Attr Name="_version" Value="9.0.3.11.88" />
      <Attr Name="_CodeGenFlagNew" Value="36" />
   </DesignTime>
   <ViewAttribute
      Name="AutoTaxCalcFlag"
      IsPersistent="false"
      Precision="1"
      Type="java.lang.String"
      AliasName="AUTO_TAX_CALC_FLAG"
      ColumnType="VARCHAR2"
      Expression="AUTO_TAX_CALC_FLAG"
      SQLType="VARCHAR" >
      <DesignTime>
         <Attr Name="_DisplaySize" Value="1" />
      </DesignTime>
   </ViewAttribute>
</ViewObject>
