<?xml version="1.0" encoding='Shift_JIS'?>
<!DOCTYPE ViewObject SYSTEM "jbo_03_01.dtd">

<ViewObject
   Name="XX03EntryPersonLovVO"
   OrderBy="EMPLOYEE_DISP"
   BindingStyle="Oracle"
   CustomQuery="true"
   RowClass="oracle.apps.fnd.framework.server.OAViewRowImpl"
   ComponentClass="oracle.apps.fnd.framework.server.OAViewObjectImpl"
   MsgBundleClass="oracle.jbo.common.JboResourceBundle"
   FetchMode="FETCH_AS_NEEDED"
   UseGlueCode="false" >
   <SQLQuery><![CDATA[
SELECT
    XEPLV.PERSON_ID person_id,
    XEPLV.EMPLOYEE_DISP employee_disp,
    XEPLV.DEPARTMENTS_COL departments_col
FROM
    XX03_ENTRY_PERSON_LOV_V XEPLV
   ]]></SQLQuery>
   <DesignTime>
      <Attr Name="_version" Value="9.0.3.11.88" />
      <Attr Name="_CodeGenFlagNew" Value="4" />
   </DesignTime>
   <ViewAttribute
      Name="PersonId"
      IsPersistent="false"
      IsNotNull="true"
      Precision="10"
      Scale="0"
      Type="oracle.jbo.domain.Number"
      AliasName="PERSON_ID"
      ColumnType="VARCHAR2"
      Expression="PERSON_ID"
      SQLType="NUMERIC" >
      <DesignTime>
         <Attr Name="_DisplaySize" Value="22" />
      </DesignTime>
   </ViewAttribute>
   <ViewAttribute
      Name="EmployeeDisp"
      IsPersistent="false"
      Precision="4000"
      Type="java.lang.String"
      AliasName="EMPLOYEE_DISP"
      ColumnType="VARCHAR2"
      Expression="EMPLOYEE_DISP"
      SQLType="VARCHAR" >
      <DesignTime>
         <Attr Name="_DisplaySize" Value="4000" />
      </DesignTime>
   </ViewAttribute>
   <ViewAttribute
      Name="DepartmentsCol"
      IsPersistent="false"
      Precision="4000"
      Type="java.lang.String"
      AliasName="DEPARTMENTS_COL"
      ColumnType="VARCHAR2"
      Expression="DEPARTMENTS_COL"
      SQLType="VARCHAR" >
      <DesignTime>
         <Attr Name="_DisplaySize" Value="4000" />
      </DesignTime>
   </ViewAttribute>
</ViewObject>
