<?xml version="1.0" encoding='windows-31j'?>
<!DOCTYPE ViewObject SYSTEM "jbo_03_01.dtd">

<ViewObject
   Name="XX03VendorSitesLovVO"
   BindingStyle="Oracle"
   CustomQuery="true"
   RowClass="oracle.apps.fnd.framework.server.OAViewRowImpl"
   ComponentClass="oracle.apps.fnd.framework.server.OAViewObjectImpl"
   MsgBundleClass="oracle.jbo.common.JboResourceBundle"
   UseGlueCode="false" >
   <SQLQuery><![CDATA[
SELECT XX03VendorSitesLV.VENDOR_ID, 
       XX03VendorSitesLV.VENDOR_SITE_ID, 
       XX03VendorSitesLV.VENDOR_SITE_CODE, 
       XX03VendorSitesLV.INVOICE_CURRENCY_CODE, 
       XX03VendorSitesLV.TERM_ID, 
       XX03VendorSitesLV.TERM_NAME, 
       XX03VendorSitesLV.PAY_GROUP_CODE, 
       XX03VendorSitesLV.PAY_GROUP_MEANING, 
       XX03VendorSitesLV.BANK_FULL_NAME, 
       XX03VendorSitesLV.AUTO_TAX_CALC_FLAG, 
       XX03VendorSitesLV.AP_TAX_ROUNDING_RULE
FROM XX03_VENDOR_SITES_LOV_V XX03VendorSitesLV
   ]]></SQLQuery>
   <DesignTime>
      <Attr Name="_version" Value="9.0.3.13.75" />
      <Attr Name="_CodeGenFlagNew" Value="4" />
   </DesignTime>
   <ViewAttribute
      Name="VendorId"
      IsPersistent="false"
      IsNotNull="true"
      Type="oracle.jbo.domain.Number"
      AliasName="VENDOR_ID"
      ColumnType="VARCHAR2"
      Expression="VENDOR_ID"
      SQLType="NUMERIC" >
      <DesignTime>
         <Attr Name="_DisplaySize" Value="22" />
      </DesignTime>
   </ViewAttribute>
   <ViewAttribute
      Name="VendorSiteId"
      IsPersistent="false"
      IsNotNull="true"
      Type="oracle.jbo.domain.Number"
      AliasName="VENDOR_SITE_ID"
      ColumnType="VARCHAR2"
      Expression="VENDOR_SITE_ID"
      SQLType="NUMERIC" >
      <DesignTime>
         <Attr Name="_DisplaySize" Value="22" />
      </DesignTime>
   </ViewAttribute>
   <ViewAttribute
      Name="VendorSiteCode"
      IsPersistent="false"
      IsNotNull="true"
      Precision="15"
      Type="java.lang.String"
      AliasName="VENDOR_SITE_CODE"
      ColumnType="VARCHAR2"
      Expression="VENDOR_SITE_CODE"
      SQLType="VARCHAR" >
      <DesignTime>
         <Attr Name="_DisplaySize" Value="15" />
      </DesignTime>
   </ViewAttribute>
   <ViewAttribute
      Name="InvoiceCurrencyCode"
      IsPersistent="false"
      Precision="15"
      Type="java.lang.String"
      AliasName="INVOICE_CURRENCY_CODE"
      ColumnType="VARCHAR2"
      Expression="INVOICE_CURRENCY_CODE"
      SQLType="VARCHAR" >
      <DesignTime>
         <Attr Name="_DisplaySize" Value="15" />
      </DesignTime>
   </ViewAttribute>
   <ViewAttribute
      Name="TermId"
      IsPersistent="false"
      Precision="15"
      Scale="0"
      Type="oracle.jbo.domain.Number"
      AliasName="TERM_ID"
      ColumnType="VARCHAR2"
      Expression="TERM_ID"
      SQLType="NUMERIC" >
      <DesignTime>
         <Attr Name="_DisplaySize" Value="22" />
      </DesignTime>
   </ViewAttribute>
   <ViewAttribute
      Name="TermName"
      IsPersistent="false"
      Precision="50"
      Type="java.lang.String"
      AliasName="TERM_NAME"
      ColumnType="VARCHAR2"
      Expression="TERM_NAME"
      SQLType="VARCHAR" >
      <DesignTime>
         <Attr Name="_DisplaySize" Value="50" />
      </DesignTime>
   </ViewAttribute>
   <ViewAttribute
      Name="PayGroupCode"
      IsPersistent="false"
      Precision="30"
      Type="java.lang.String"
      AliasName="PAY_GROUP_CODE"
      ColumnType="VARCHAR2"
      Expression="PAY_GROUP_CODE"
      SQLType="VARCHAR" >
      <DesignTime>
         <Attr Name="_DisplaySize" Value="30" />
      </DesignTime>
   </ViewAttribute>
   <ViewAttribute
      Name="PayGroupMeaning"
      IsPersistent="false"
      Precision="80"
      Type="java.lang.String"
      AliasName="PAY_GROUP_MEANING"
      ColumnType="VARCHAR2"
      Expression="PAY_GROUP_MEANING"
      SQLType="VARCHAR" >
      <DesignTime>
         <Attr Name="_DisplaySize" Value="80" />
      </DesignTime>
   </ViewAttribute>
   <ViewAttribute
      Name="BankFullName"
      IsPersistent="false"
      Precision="159"
      Type="java.lang.String"
      AliasName="BANK_FULL_NAME"
      ColumnType="VARCHAR2"
      Expression="BANK_FULL_NAME"
      SQLType="VARCHAR" >
      <DesignTime>
         <Attr Name="_DisplaySize" Value="159" />
      </DesignTime>
   </ViewAttribute>
   <ViewAttribute
      Name="AutoTaxCalcFlag"
      IsPersistent="false"
      Precision="150"
      Type="java.lang.String"
      AliasName="AUTO_TAX_CALC_FLAG"
      ColumnType="VARCHAR2"
      Expression="AUTO_TAX_CALC_FLAG"
      SQLType="VARCHAR" >
      <DesignTime>
         <Attr Name="_DisplaySize" Value="150" />
      </DesignTime>
   </ViewAttribute>
   <ViewAttribute
      Name="ApTaxRoundingRule"
      IsPersistent="false"
      Precision="1"
      Type="java.lang.String"
      AliasName="AP_TAX_ROUNDING_RULE"
      ColumnType="VARCHAR2"
      Expression="AP_TAX_ROUNDING_RULE"
      SQLType="VARCHAR" >
      <DesignTime>
         <Attr Name="_DisplaySize" Value="1" />
      </DesignTime>
   </ViewAttribute>
</ViewObject>
