<?xml version="1.0" encoding='Shift_JIS'?>
<!DOCTYPE Entity SYSTEM "jbo_03_01.dtd">

<Entity
   Name="XX03PaymentSlipLinesVEO"
   DBObjectType="view"
   DBObjectName="XX03_PAYMENT_SLIP_LINES_V"
   AliasName="XX03PaymentSlipLinesVEO"
   BindingStyle="Oracle"
   UseGlueCode="false"
   CodeGenFlag="7"
   RowClass="oracle.apps.xx03.ap.server.XX03PaymentSlipLinesVEOImpl"
   DefClass="oracle.apps.fnd.framework.server.OAEntityDefImpl"
   CollClass="oracle.apps.fnd.framework.server.OAEntityCache" >
   <DesignTime>
      <Attr Name="_isCodegen" Value="true" />
      <Attr Name="_version" Value="9.0.3.11.44" />
      <AttrArray Name="_publishEvents">
      </AttrArray>
   </DesignTime>
   <Attribute
      Name="InvoiceLineId"
      IsNotNull="true"
      Precision="15"
      Scale="0"
      Type="oracle.jbo.domain.Number"
      ColumnName="INVOICE_LINE_ID"
      ColumnType="NUMBER"
      SQLType="NUMERIC"
      TableName="XX03_PAYMENT_SLIP_LINES_V"
      PrimaryKey="true" >
      <DesignTime>
         <Attr Name="_DisplaySize" Value="22" />
      </DesignTime>
   </Attribute>
   <Attribute
      Name="InvoiceId"
      IsNotNull="true"
      Precision="15"
      Scale="0"
      Type="oracle.jbo.domain.Number"
      ColumnName="INVOICE_ID"
      ColumnType="NUMBER"
      SQLType="NUMERIC"
      TableName="XX03_PAYMENT_SLIP_LINES_V" >
      <DesignTime>
         <Attr Name="_DisplaySize" Value="22" />
      </DesignTime>
   </Attribute>
   <Attribute
      Name="LineNumber"
      IsNotNull="true"
      Precision="15"
      Scale="0"
      Type="oracle.jbo.domain.Number"
      ColumnName="LINE_NUMBER"
      ColumnType="NUMBER"
      SQLType="NUMERIC"
      TableName="XX03_PAYMENT_SLIP_LINES_V" >
      <DesignTime>
         <Attr Name="_DisplaySize" Value="22" />
      </DesignTime>
   </Attribute>
   <Attribute
      Name="SlipLineType"
      IsNotNull="true"
      Precision="25"
      Type="java.lang.String"
      ColumnName="SLIP_LINE_TYPE"
      ColumnType="VARCHAR2"
      SQLType="VARCHAR"
      TableName="XX03_PAYMENT_SLIP_LINES_V" >
      <DesignTime>
         <Attr Name="_DisplaySize" Value="25" />
      </DesignTime>
   </Attribute>
   <Attribute
      Name="SlipLineTypeName"
      Precision="500"
      Type="java.lang.String"
      ColumnName="SLIP_LINE_TYPE_NAME"
      ColumnType="VARCHAR2"
      SQLType="VARCHAR"
      TableName="XX03_PAYMENT_SLIP_LINES_V" >
      <DesignTime>
         <Attr Name="_DisplaySize" Value="500" />
      </DesignTime>
   </Attribute>
   <Attribute
      Name="EnteredAmount"
      Precision="4000"
      Type="java.lang.String"
      ColumnName="ENTERED_AMOUNT"
      ColumnType="VARCHAR2"
      SQLType="VARCHAR"
      TableName="XX03_PAYMENT_SLIP_LINES_V" >
      <DesignTime>
         <Attr Name="_DisplaySize" Value="4000" />
      </DesignTime>
   </Attribute>
   <Attribute
      Name="EnteredItemAmount"
      Precision="4000"
      Type="java.lang.String"
      ColumnName="ENTERED_ITEM_AMOUNT"
      ColumnType="VARCHAR2"
      SQLType="VARCHAR"
      TableName="XX03_PAYMENT_SLIP_LINES_V" >
      <DesignTime>
         <Attr Name="_DisplaySize" Value="4000" />
      </DesignTime>
   </Attribute>
   <Attribute
      Name="EnteredTaxAmount"
      Precision="4000"
      Type="java.lang.String"
      ColumnName="ENTERED_TAX_AMOUNT"
      ColumnType="VARCHAR2"
      SQLType="VARCHAR"
      TableName="XX03_PAYMENT_SLIP_LINES_V" >
      <DesignTime>
         <Attr Name="_DisplaySize" Value="4000" />
      </DesignTime>
   </Attribute>
   <Attribute
      Name="Description"
      Precision="240"
      Type="java.lang.String"
      ColumnName="DESCRIPTION"
      ColumnType="VARCHAR2"
      SQLType="VARCHAR"
      TableName="XX03_PAYMENT_SLIP_LINES_V" >
      <DesignTime>
         <Attr Name="_DisplaySize" Value="240" />
      </DesignTime>
   </Attribute>
   <Attribute
      Name="AmountIncludesTaxFlag"
      IsNotNull="true"
      Precision="1"
      Type="java.lang.String"
      ColumnName="AMOUNT_INCLUDES_TAX_FLAG"
      ColumnType="VARCHAR2"
      SQLType="VARCHAR"
      TableName="XX03_PAYMENT_SLIP_LINES_V" >
      <DesignTime>
         <Attr Name="_DisplaySize" Value="1" />
      </DesignTime>
   </Attribute>
   <Attribute
      Name="TaxCode"
      IsNotNull="true"
      Precision="15"
      Type="java.lang.String"
      ColumnName="TAX_CODE"
      ColumnType="VARCHAR2"
      SQLType="VARCHAR"
      TableName="XX03_PAYMENT_SLIP_LINES_V" >
      <DesignTime>
         <Attr Name="_DisplaySize" Value="15" />
      </DesignTime>
   </Attribute>
   <Attribute
      Name="TaxName"
      Precision="500"
      Type="java.lang.String"
      ColumnName="TAX_NAME"
      ColumnType="VARCHAR2"
      SQLType="VARCHAR"
      TableName="XX03_PAYMENT_SLIP_LINES_V" >
      <DesignTime>
         <Attr Name="_DisplaySize" Value="500" />
      </DesignTime>
   </Attribute>
   <Attribute
      Name="Segment1"
      IsNotNull="true"
      Precision="150"
      Type="java.lang.String"
      ColumnName="SEGMENT1"
      ColumnType="VARCHAR2"
      SQLType="VARCHAR"
      TableName="XX03_PAYMENT_SLIP_LINES_V" >
      <DesignTime>
         <Attr Name="_DisplaySize" Value="150" />
      </DesignTime>
   </Attribute>
   <Attribute
      Name="Segment2"
      IsNotNull="true"
      Precision="150"
      Type="java.lang.String"
      ColumnName="SEGMENT2"
      ColumnType="VARCHAR2"
      SQLType="VARCHAR"
      TableName="XX03_PAYMENT_SLIP_LINES_V" >
      <DesignTime>
         <Attr Name="_DisplaySize" Value="150" />
      </DesignTime>
   </Attribute>
   <Attribute
      Name="Segment3"
      IsNotNull="true"
      Precision="150"
      Type="java.lang.String"
      ColumnName="SEGMENT3"
      ColumnType="VARCHAR2"
      SQLType="VARCHAR"
      TableName="XX03_PAYMENT_SLIP_LINES_V" >
      <DesignTime>
         <Attr Name="_DisplaySize" Value="150" />
      </DesignTime>
   </Attribute>
   <Attribute
      Name="Segment4"
      IsNotNull="true"
      Precision="150"
      Type="java.lang.String"
      ColumnName="SEGMENT4"
      ColumnType="VARCHAR2"
      SQLType="VARCHAR"
      TableName="XX03_PAYMENT_SLIP_LINES_V" >
      <DesignTime>
         <Attr Name="_DisplaySize" Value="150" />
      </DesignTime>
   </Attribute>
   <Attribute
      Name="Segment5"
      IsNotNull="true"
      Precision="150"
      Type="java.lang.String"
      ColumnName="SEGMENT5"
      ColumnType="VARCHAR2"
      SQLType="VARCHAR"
      TableName="XX03_PAYMENT_SLIP_LINES_V" >
      <DesignTime>
         <Attr Name="_DisplaySize" Value="150" />
      </DesignTime>
   </Attribute>
   <Attribute
      Name="Segment6"
      IsNotNull="true"
      Precision="150"
      Type="java.lang.String"
      ColumnName="SEGMENT6"
      ColumnType="VARCHAR2"
      SQLType="VARCHAR"
      TableName="XX03_PAYMENT_SLIP_LINES_V" >
      <DesignTime>
         <Attr Name="_DisplaySize" Value="150" />
      </DesignTime>
   </Attribute>
   <Attribute
      Name="Segment7"
      IsNotNull="true"
      Precision="150"
      Type="java.lang.String"
      ColumnName="SEGMENT7"
      ColumnType="VARCHAR2"
      SQLType="VARCHAR"
      TableName="XX03_PAYMENT_SLIP_LINES_V" >
      <DesignTime>
         <Attr Name="_DisplaySize" Value="150" />
      </DesignTime>
   </Attribute>
   <Attribute
      Name="Segment8"
      IsNotNull="true"
      Precision="150"
      Type="java.lang.String"
      ColumnName="SEGMENT8"
      ColumnType="VARCHAR2"
      SQLType="VARCHAR"
      TableName="XX03_PAYMENT_SLIP_LINES_V" >
      <DesignTime>
         <Attr Name="_DisplaySize" Value="150" />
      </DesignTime>
   </Attribute>
   <Attribute
      Name="Segment9"
      Precision="150"
      Type="java.lang.String"
      ColumnName="SEGMENT9"
      ColumnType="VARCHAR2"
      SQLType="VARCHAR"
      TableName="XX03_PAYMENT_SLIP_LINES_V" >
      <DesignTime>
         <Attr Name="_DisplaySize" Value="150" />
      </DesignTime>
   </Attribute>
   <Attribute
      Name="Segment10"
      Precision="150"
      Type="java.lang.String"
      ColumnName="SEGMENT10"
      ColumnType="VARCHAR2"
      SQLType="VARCHAR"
      TableName="XX03_PAYMENT_SLIP_LINES_V" >
      <DesignTime>
         <Attr Name="_DisplaySize" Value="150" />
      </DesignTime>
   </Attribute>
   <Attribute
      Name="Segment11"
      Precision="150"
      Type="java.lang.String"
      ColumnName="SEGMENT11"
      ColumnType="VARCHAR2"
      SQLType="VARCHAR"
      TableName="XX03_PAYMENT_SLIP_LINES_V" >
      <DesignTime>
         <Attr Name="_DisplaySize" Value="150" />
      </DesignTime>
   </Attribute>
   <Attribute
      Name="Segment12"
      Precision="150"
      Type="java.lang.String"
      ColumnName="SEGMENT12"
      ColumnType="VARCHAR2"
      SQLType="VARCHAR"
      TableName="XX03_PAYMENT_SLIP_LINES_V" >
      <DesignTime>
         <Attr Name="_DisplaySize" Value="150" />
      </DesignTime>
   </Attribute>
   <Attribute
      Name="Segment13"
      Precision="150"
      Type="java.lang.String"
      ColumnName="SEGMENT13"
      ColumnType="VARCHAR2"
      SQLType="VARCHAR"
      TableName="XX03_PAYMENT_SLIP_LINES_V" >
      <DesignTime>
         <Attr Name="_DisplaySize" Value="150" />
      </DesignTime>
   </Attribute>
   <Attribute
      Name="Segment14"
      Precision="150"
      Type="java.lang.String"
      ColumnName="SEGMENT14"
      ColumnType="VARCHAR2"
      SQLType="VARCHAR"
      TableName="XX03_PAYMENT_SLIP_LINES_V" >
      <DesignTime>
         <Attr Name="_DisplaySize" Value="150" />
      </DesignTime>
   </Attribute>
   <Attribute
      Name="Segment15"
      Precision="150"
      Type="java.lang.String"
      ColumnName="SEGMENT15"
      ColumnType="VARCHAR2"
      SQLType="VARCHAR"
      TableName="XX03_PAYMENT_SLIP_LINES_V" >
      <DesignTime>
         <Attr Name="_DisplaySize" Value="150" />
      </DesignTime>
   </Attribute>
   <Attribute
      Name="Segment16"
      Precision="150"
      Type="java.lang.String"
      ColumnName="SEGMENT16"
      ColumnType="VARCHAR2"
      SQLType="VARCHAR"
      TableName="XX03_PAYMENT_SLIP_LINES_V" >
      <DesignTime>
         <Attr Name="_DisplaySize" Value="150" />
      </DesignTime>
   </Attribute>
   <Attribute
      Name="Segment17"
      Precision="150"
      Type="java.lang.String"
      ColumnName="SEGMENT17"
      ColumnType="VARCHAR2"
      SQLType="VARCHAR"
      TableName="XX03_PAYMENT_SLIP_LINES_V" >
      <DesignTime>
         <Attr Name="_DisplaySize" Value="150" />
      </DesignTime>
   </Attribute>
   <Attribute
      Name="Segment18"
      Precision="150"
      Type="java.lang.String"
      ColumnName="SEGMENT18"
      ColumnType="VARCHAR2"
      SQLType="VARCHAR"
      TableName="XX03_PAYMENT_SLIP_LINES_V" >
      <DesignTime>
         <Attr Name="_DisplaySize" Value="150" />
      </DesignTime>
   </Attribute>
   <Attribute
      Name="Segment19"
      Precision="150"
      Type="java.lang.String"
      ColumnName="SEGMENT19"
      ColumnType="VARCHAR2"
      SQLType="VARCHAR"
      TableName="XX03_PAYMENT_SLIP_LINES_V" >
      <DesignTime>
         <Attr Name="_DisplaySize" Value="150" />
      </DesignTime>
   </Attribute>
   <Attribute
      Name="Segment20"
      Precision="150"
      Type="java.lang.String"
      ColumnName="SEGMENT20"
      ColumnType="VARCHAR2"
      SQLType="VARCHAR"
      TableName="XX03_PAYMENT_SLIP_LINES_V" >
      <DesignTime>
         <Attr Name="_DisplaySize" Value="150" />
      </DesignTime>
   </Attribute>
   <Attribute
      Name="Segment1Name"
      Precision="500"
      Type="java.lang.String"
      ColumnName="SEGMENT1_NAME"
      ColumnType="VARCHAR2"
      SQLType="VARCHAR"
      TableName="XX03_PAYMENT_SLIP_LINES_V" >
      <DesignTime>
         <Attr Name="_DisplaySize" Value="500" />
      </DesignTime>
   </Attribute>
   <Attribute
      Name="Segment2Name"
      Precision="500"
      Type="java.lang.String"
      ColumnName="SEGMENT2_NAME"
      ColumnType="VARCHAR2"
      SQLType="VARCHAR"
      TableName="XX03_PAYMENT_SLIP_LINES_V" >
      <DesignTime>
         <Attr Name="_DisplaySize" Value="500" />
      </DesignTime>
   </Attribute>
   <Attribute
      Name="Segment3Name"
      Precision="500"
      Type="java.lang.String"
      ColumnName="SEGMENT3_NAME"
      ColumnType="VARCHAR2"
      SQLType="VARCHAR"
      TableName="XX03_PAYMENT_SLIP_LINES_V" >
      <DesignTime>
         <Attr Name="_DisplaySize" Value="500" />
      </DesignTime>
   </Attribute>
   <Attribute
      Name="Segment4Name"
      Precision="500"
      Type="java.lang.String"
      ColumnName="SEGMENT4_NAME"
      ColumnType="VARCHAR2"
      SQLType="VARCHAR"
      TableName="XX03_PAYMENT_SLIP_LINES_V" >
      <DesignTime>
         <Attr Name="_DisplaySize" Value="500" />
      </DesignTime>
   </Attribute>
   <Attribute
      Name="Segment5Name"
      Precision="500"
      Type="java.lang.String"
      ColumnName="SEGMENT5_NAME"
      ColumnType="VARCHAR2"
      SQLType="VARCHAR"
      TableName="XX03_PAYMENT_SLIP_LINES_V" >
      <DesignTime>
         <Attr Name="_DisplaySize" Value="500" />
      </DesignTime>
   </Attribute>
   <Attribute
      Name="Segment6Name"
      Precision="500"
      Type="java.lang.String"
      ColumnName="SEGMENT6_NAME"
      ColumnType="VARCHAR2"
      SQLType="VARCHAR"
      TableName="XX03_PAYMENT_SLIP_LINES_V" >
      <DesignTime>
         <Attr Name="_DisplaySize" Value="500" />
      </DesignTime>
   </Attribute>
   <Attribute
      Name="Segment7Name"
      Precision="500"
      Type="java.lang.String"
      ColumnName="SEGMENT7_NAME"
      ColumnType="VARCHAR2"
      SQLType="VARCHAR"
      TableName="XX03_PAYMENT_SLIP_LINES_V" >
      <DesignTime>
         <Attr Name="_DisplaySize" Value="500" />
      </DesignTime>
   </Attribute>
   <Attribute
      Name="Segment8Name"
      Precision="500"
      Type="java.lang.String"
      ColumnName="SEGMENT8_NAME"
      ColumnType="VARCHAR2"
      SQLType="VARCHAR"
      TableName="XX03_PAYMENT_SLIP_LINES_V" >
      <DesignTime>
         <Attr Name="_DisplaySize" Value="500" />
      </DesignTime>
   </Attribute>
   <Attribute
      Name="IncrDecrReasonCode"
      Precision="150"
      Type="java.lang.String"
      ColumnName="INCR_DECR_REASON_CODE"
      ColumnType="VARCHAR2"
      SQLType="VARCHAR"
      TableName="XX03_PAYMENT_SLIP_LINES_V" >
      <DesignTime>
         <Attr Name="_DisplaySize" Value="150" />
      </DesignTime>
   </Attribute>
   <Attribute
      Name="IncrDecrReasonName"
      Precision="500"
      Type="java.lang.String"
      ColumnName="INCR_DECR_REASON_NAME"
      ColumnType="VARCHAR2"
      SQLType="VARCHAR"
      TableName="XX03_PAYMENT_SLIP_LINES_V" >
      <DesignTime>
         <Attr Name="_DisplaySize" Value="500" />
      </DesignTime>
   </Attribute>
   <Attribute
      Name="ReconReference"
      Precision="150"
      Type="java.lang.String"
      ColumnName="RECON_REFERENCE"
      ColumnType="VARCHAR2"
      SQLType="VARCHAR"
      TableName="XX03_PAYMENT_SLIP_LINES_V" >
      <DesignTime>
         <Attr Name="_DisplaySize" Value="150" />
      </DesignTime>
   </Attribute>
   <Attribute
      Name="OrgId"
      IsNotNull="true"
      Precision="15"
      Scale="0"
      Type="oracle.jbo.domain.Number"
      ColumnName="ORG_ID"
      ColumnType="NUMBER"
      SQLType="NUMERIC"
      TableName="XX03_PAYMENT_SLIP_LINES_V" >
      <DesignTime>
         <Attr Name="_DisplaySize" Value="22" />
      </DesignTime>
   </Attribute>
   <Attribute
      Name="AttributeCategory"
      Precision="150"
      Type="java.lang.String"
      ColumnName="ATTRIBUTE_CATEGORY"
      ColumnType="VARCHAR2"
      SQLType="VARCHAR"
      TableName="XX03_PAYMENT_SLIP_LINES_V" >
      <DesignTime>
         <Attr Name="_DisplaySize" Value="150" />
      </DesignTime>
   </Attribute>
   <Attribute
      Name="Attribute1"
      Precision="150"
      Type="java.lang.String"
      ColumnName="ATTRIBUTE1"
      ColumnType="VARCHAR2"
      SQLType="VARCHAR"
      TableName="XX03_PAYMENT_SLIP_LINES_V" >
      <DesignTime>
         <Attr Name="_DisplaySize" Value="150" />
      </DesignTime>
   </Attribute>
   <Attribute
      Name="Attribute2"
      Precision="150"
      Type="java.lang.String"
      ColumnName="ATTRIBUTE2"
      ColumnType="VARCHAR2"
      SQLType="VARCHAR"
      TableName="XX03_PAYMENT_SLIP_LINES_V" >
      <DesignTime>
         <Attr Name="_DisplaySize" Value="150" />
      </DesignTime>
   </Attribute>
   <Attribute
      Name="Attribute3"
      Precision="150"
      Type="java.lang.String"
      ColumnName="ATTRIBUTE3"
      ColumnType="VARCHAR2"
      SQLType="VARCHAR"
      TableName="XX03_PAYMENT_SLIP_LINES_V" >
      <DesignTime>
         <Attr Name="_DisplaySize" Value="150" />
      </DesignTime>
   </Attribute>
   <Attribute
      Name="Attribute4"
      Precision="150"
      Type="java.lang.String"
      ColumnName="ATTRIBUTE4"
      ColumnType="VARCHAR2"
      SQLType="VARCHAR"
      TableName="XX03_PAYMENT_SLIP_LINES_V" >
      <DesignTime>
         <Attr Name="_DisplaySize" Value="150" />
      </DesignTime>
   </Attribute>
   <Attribute
      Name="Attribute5"
      Precision="150"
      Type="java.lang.String"
      ColumnName="ATTRIBUTE5"
      ColumnType="VARCHAR2"
      SQLType="VARCHAR"
      TableName="XX03_PAYMENT_SLIP_LINES_V" >
      <DesignTime>
         <Attr Name="_DisplaySize" Value="150" />
      </DesignTime>
   </Attribute>
   <Attribute
      Name="Attribute6"
      Precision="150"
      Type="java.lang.String"
      ColumnName="ATTRIBUTE6"
      ColumnType="VARCHAR2"
      SQLType="VARCHAR"
      TableName="XX03_PAYMENT_SLIP_LINES_V" >
      <DesignTime>
         <Attr Name="_DisplaySize" Value="150" />
      </DesignTime>
   </Attribute>
   <Attribute
      Name="Attribute7"
      Precision="150"
      Type="java.lang.String"
      ColumnName="ATTRIBUTE7"
      ColumnType="VARCHAR2"
      SQLType="VARCHAR"
      TableName="XX03_PAYMENT_SLIP_LINES_V" >
      <DesignTime>
         <Attr Name="_DisplaySize" Value="150" />
      </DesignTime>
   </Attribute>
   <Attribute
      Name="Attribute8"
      Precision="150"
      Type="java.lang.String"
      ColumnName="ATTRIBUTE8"
      ColumnType="VARCHAR2"
      SQLType="VARCHAR"
      TableName="XX03_PAYMENT_SLIP_LINES_V" >
      <DesignTime>
         <Attr Name="_DisplaySize" Value="150" />
      </DesignTime>
   </Attribute>
   <Attribute
      Name="Attribute9"
      Precision="150"
      Type="java.lang.String"
      ColumnName="ATTRIBUTE9"
      ColumnType="VARCHAR2"
      SQLType="VARCHAR"
      TableName="XX03_PAYMENT_SLIP_LINES_V" >
      <DesignTime>
         <Attr Name="_DisplaySize" Value="150" />
      </DesignTime>
   </Attribute>
   <Attribute
      Name="Attribute10"
      Precision="150"
      Type="java.lang.String"
      ColumnName="ATTRIBUTE10"
      ColumnType="VARCHAR2"
      SQLType="VARCHAR"
      TableName="XX03_PAYMENT_SLIP_LINES_V" >
      <DesignTime>
         <Attr Name="_DisplaySize" Value="150" />
      </DesignTime>
   </Attribute>
   <Attribute
      Name="Attribute11"
      Precision="150"
      Type="java.lang.String"
      ColumnName="ATTRIBUTE11"
      ColumnType="VARCHAR2"
      SQLType="VARCHAR"
      TableName="XX03_PAYMENT_SLIP_LINES_V" >
      <DesignTime>
         <Attr Name="_DisplaySize" Value="150" />
      </DesignTime>
   </Attribute>
   <Attribute
      Name="Attribute12"
      Precision="150"
      Type="java.lang.String"
      ColumnName="ATTRIBUTE12"
      ColumnType="VARCHAR2"
      SQLType="VARCHAR"
      TableName="XX03_PAYMENT_SLIP_LINES_V" >
      <DesignTime>
         <Attr Name="_DisplaySize" Value="150" />
      </DesignTime>
   </Attribute>
   <Attribute
      Name="Attribute13"
      Precision="150"
      Type="java.lang.String"
      ColumnName="ATTRIBUTE13"
      ColumnType="VARCHAR2"
      SQLType="VARCHAR"
      TableName="XX03_PAYMENT_SLIP_LINES_V" >
      <DesignTime>
         <Attr Name="_DisplaySize" Value="150" />
      </DesignTime>
   </Attribute>
   <Attribute
      Name="Attribute14"
      Precision="150"
      Type="java.lang.String"
      ColumnName="ATTRIBUTE14"
      ColumnType="VARCHAR2"
      SQLType="VARCHAR"
      TableName="XX03_PAYMENT_SLIP_LINES_V" >
      <DesignTime>
         <Attr Name="_DisplaySize" Value="150" />
      </DesignTime>
   </Attribute>
   <Attribute
      Name="Attribute15"
      Precision="150"
      Type="java.lang.String"
      ColumnName="ATTRIBUTE15"
      ColumnType="VARCHAR2"
      SQLType="VARCHAR"
      TableName="XX03_PAYMENT_SLIP_LINES_V" >
      <DesignTime>
         <Attr Name="_DisplaySize" Value="150" />
      </DesignTime>
   </Attribute>
   <Attribute
      Name="CreatedBy"
      IsNotNull="true"
      Precision="15"
      Scale="0"
      Type="oracle.jbo.domain.Number"
      ColumnName="CREATED_BY"
      ColumnType="NUMBER"
      SQLType="NUMERIC"
      TableName="XX03_PAYMENT_SLIP_LINES_V" >
      <DesignTime>
         <Attr Name="_DisplaySize" Value="22" />
      </DesignTime>
   </Attribute>
   <Attribute
      Name="CreationDate"
      IsNotNull="true"
      Type="oracle.jbo.domain.Date"
      ColumnName="CREATION_DATE"
      ColumnType="DATE"
      SQLType="TIMESTAMP"
      TableName="XX03_PAYMENT_SLIP_LINES_V" >
      <DesignTime>
         <Attr Name="_DisplaySize" Value="7" />
      </DesignTime>
   </Attribute>
   <Attribute
      Name="LastUpdatedBy"
      IsNotNull="true"
      Precision="15"
      Scale="0"
      Type="oracle.jbo.domain.Number"
      ColumnName="LAST_UPDATED_BY"
      ColumnType="NUMBER"
      SQLType="NUMERIC"
      TableName="XX03_PAYMENT_SLIP_LINES_V" >
      <DesignTime>
         <Attr Name="_DisplaySize" Value="22" />
      </DesignTime>
   </Attribute>
   <Attribute
      Name="LastUpdateDate"
      IsNotNull="true"
      Type="oracle.jbo.domain.Date"
      ColumnName="LAST_UPDATE_DATE"
      ColumnType="DATE"
      SQLType="TIMESTAMP"
      TableName="XX03_PAYMENT_SLIP_LINES_V" >
      <DesignTime>
         <Attr Name="_DisplaySize" Value="7" />
      </DesignTime>
   </Attribute>
   <Attribute
      Name="LastUpdateLogin"
      Precision="15"
      Scale="0"
      Type="oracle.jbo.domain.Number"
      ColumnName="LAST_UPDATE_LOGIN"
      ColumnType="NUMBER"
      SQLType="NUMERIC"
      TableName="XX03_PAYMENT_SLIP_LINES_V" >
      <DesignTime>
         <Attr Name="_DisplaySize" Value="22" />
      </DesignTime>
   </Attribute>
   <Attribute
      Name="RequestId"
      Precision="15"
      Scale="0"
      Type="oracle.jbo.domain.Number"
      ColumnName="REQUEST_ID"
      ColumnType="NUMBER"
      SQLType="NUMERIC"
      TableName="XX03_PAYMENT_SLIP_LINES_V" >
      <DesignTime>
         <Attr Name="_DisplaySize" Value="22" />
      </DesignTime>
   </Attribute>
   <Attribute
      Name="ProgramApplicationId"
      Precision="15"
      Scale="0"
      Type="oracle.jbo.domain.Number"
      ColumnName="PROGRAM_APPLICATION_ID"
      ColumnType="NUMBER"
      SQLType="NUMERIC"
      TableName="XX03_PAYMENT_SLIP_LINES_V" >
      <DesignTime>
         <Attr Name="_DisplaySize" Value="22" />
      </DesignTime>
   </Attribute>
   <Attribute
      Name="ProgramId"
      Precision="15"
      Scale="0"
      Type="oracle.jbo.domain.Number"
      ColumnName="PROGRAM_ID"
      ColumnType="NUMBER"
      SQLType="NUMERIC"
      TableName="XX03_PAYMENT_SLIP_LINES_V" >
      <DesignTime>
         <Attr Name="_DisplaySize" Value="22" />
      </DesignTime>
   </Attribute>
   <Attribute
      Name="ProgramUpdateDate"
      Type="oracle.jbo.domain.Date"
      ColumnName="PROGRAM_UPDATE_DATE"
      ColumnType="DATE"
      SQLType="TIMESTAMP"
      TableName="XX03_PAYMENT_SLIP_LINES_V" >
      <DesignTime>
         <Attr Name="_DisplaySize" Value="7" />
      </DesignTime>
   </Attribute>
   <Key
      Name="Xx03paymentsliplinesveoPrimaryKey" >
      <AttrArray Name="Attributes">
         <Item Value="oracle.apps.xx03.ap.server.XX03PaymentSlipLinesVEO.InvoiceLineId" />
      </AttrArray>
      <DesignTime>
         <Attr Name="_DBObjectName" Value="XX03PAYMENTSLIPLINESVEO_PRIMAR" />
         <Attr Name="_isPrimary" Value="true" />
      </DesignTime>
   </Key>
</Entity>
