<?xml version="1.0" encoding='Shift_JIS'?>
<!DOCTYPE Entity SYSTEM "jbo_03_01.dtd">

<Entity
   Name="XX03PaymentSlipsEO"
   DBObjectType="synonym"
   DBObjectName="XX03_PAYMENT_SLIPS"
   AliasName="XX03PaymentSlipsEO"
   BindingStyle="Oracle"
   UseGlueCode="false"
   CodeGenFlag="7"
   RowClass="oracle.apps.xx03.ap.server.XX03PaymentSlipsEOImpl"
   DefClass="oracle.apps.fnd.framework.server.OAEntityDefImpl"
   CollClass="oracle.apps.fnd.framework.server.OAEntityCache" >
   <DesignTime>
      <Attr Name="_isCodegen" Value="true" />
      <Attr Name="_version" Value="9.0.3.12.53" />
      <AttrArray Name="_publishEvents">
      </AttrArray>
   </DesignTime>
   <Attribute
      Name="InvoiceId"
      Precision="15"
      Scale="0"
      Type="oracle.jbo.domain.Number"
      ColumnName="INVOICE_ID"
      ColumnType="NUMBER"
      SQLType="NUMERIC"
      TableName="XX03_PAYMENT_SLIPS"
      PrimaryKey="true" >
      <DesignTime>
         <Attr Name="_DisplaySize" Value="22" />
      </DesignTime>
   </Attribute>
   <Attribute
      Name="WfStatus"
      Precision="25"
      Type="java.lang.String"
      ColumnName="WF_STATUS"
      ColumnType="VARCHAR2"
      SQLType="VARCHAR"
      TableName="XX03_PAYMENT_SLIPS" >
      <DesignTime>
         <Attr Name="_DisplaySize" Value="25" />
      </DesignTime>
   </Attribute>
   <Attribute
      Name="SlipType"
      Precision="25"
      Type="java.lang.String"
      ColumnName="SLIP_TYPE"
      ColumnType="VARCHAR2"
      SQLType="VARCHAR"
      TableName="XX03_PAYMENT_SLIPS" >
      <DesignTime>
         <Attr Name="_DisplaySize" Value="25" />
      </DesignTime>
   </Attribute>
   <Attribute
      Name="InvoiceNum"
      Precision="50"
      Type="java.lang.String"
      ColumnName="INVOICE_NUM"
      ColumnType="VARCHAR2"
      SQLType="VARCHAR"
      TableName="XX03_PAYMENT_SLIPS" >
      <DesignTime>
         <Attr Name="_DisplaySize" Value="50" />
      </DesignTime>
   </Attribute>
   <Attribute
      Name="EntryDate"
      Type="oracle.jbo.domain.Date"
      ColumnName="ENTRY_DATE"
      ColumnType="DATE"
      SQLType="TIMESTAMP"
      TableName="XX03_PAYMENT_SLIPS" >
      <DesignTime>
         <Attr Name="_DisplaySize" Value="7" />
      </DesignTime>
   </Attribute>
   <Attribute
      Name="RequestKey"
      Precision="240"
      Type="java.lang.String"
      ColumnName="REQUEST_KEY"
      ColumnType="VARCHAR2"
      SQLType="VARCHAR"
      TableName="XX03_PAYMENT_SLIPS" >
      <DesignTime>
         <Attr Name="_DisplaySize" Value="240" />
      </DesignTime>
   </Attribute>
   <Attribute
      Name="RequestorPersonId"
      Precision="15"
      Scale="0"
      Type="oracle.jbo.domain.Number"
      ColumnName="REQUESTOR_PERSON_ID"
      ColumnType="NUMBER"
      SQLType="NUMERIC"
      TableName="XX03_PAYMENT_SLIPS" >
      <DesignTime>
         <Attr Name="_DisplaySize" Value="22" />
      </DesignTime>
   </Attribute>
   <Attribute
      Name="RequestorPersonName"
      Precision="500"
      Type="java.lang.String"
      ColumnName="REQUESTOR_PERSON_NAME"
      ColumnType="VARCHAR2"
      SQLType="VARCHAR"
      TableName="XX03_PAYMENT_SLIPS" >
      <DesignTime>
         <Attr Name="_DisplaySize" Value="500" />
      </DesignTime>
   </Attribute>
   <Attribute
      Name="ApproverPersonId"
      Precision="15"
      Scale="0"
      Type="oracle.jbo.domain.Number"
      ColumnName="APPROVER_PERSON_ID"
      ColumnType="NUMBER"
      SQLType="NUMERIC"
      TableName="XX03_PAYMENT_SLIPS" >
      <DesignTime>
         <Attr Name="_DisplaySize" Value="22" />
      </DesignTime>
   </Attribute>
   <Attribute
      Name="ApproverPersonName"
      Precision="500"
      Type="java.lang.String"
      ColumnName="APPROVER_PERSON_NAME"
      ColumnType="VARCHAR2"
      SQLType="VARCHAR"
      TableName="XX03_PAYMENT_SLIPS" >
      <DesignTime>
         <Attr Name="_DisplaySize" Value="500" />
      </DesignTime>
   </Attribute>
   <Attribute
      Name="RequestDate"
      Type="oracle.jbo.domain.Date"
      ColumnName="REQUEST_DATE"
      ColumnType="DATE"
      SQLType="TIMESTAMP"
      TableName="XX03_PAYMENT_SLIPS" >
      <DesignTime>
         <Attr Name="_DisplaySize" Value="7" />
      </DesignTime>
   </Attribute>
   <Attribute
      Name="ApprovalDate"
      Type="oracle.jbo.domain.Date"
      ColumnName="APPROVAL_DATE"
      ColumnType="DATE"
      SQLType="TIMESTAMP"
      TableName="XX03_PAYMENT_SLIPS" >
      <DesignTime>
         <Attr Name="_DisplaySize" Value="7" />
      </DesignTime>
   </Attribute>
   <Attribute
      Name="RejectionDate"
      Type="oracle.jbo.domain.Date"
      ColumnName="REJECTION_DATE"
      ColumnType="DATE"
      SQLType="TIMESTAMP"
      TableName="XX03_PAYMENT_SLIPS" >
      <DesignTime>
         <Attr Name="_DisplaySize" Value="7" />
      </DesignTime>
   </Attribute>
   <Attribute
      Name="AccountApproverPersonId"
      Precision="15"
      Scale="0"
      Type="oracle.jbo.domain.Number"
      ColumnName="ACCOUNT_APPROVER_PERSON_ID"
      ColumnType="NUMBER"
      SQLType="NUMERIC"
      TableName="XX03_PAYMENT_SLIPS" >
      <DesignTime>
         <Attr Name="_DisplaySize" Value="22" />
      </DesignTime>
   </Attribute>
   <Attribute
      Name="AccountApprovalDate"
      Type="oracle.jbo.domain.Date"
      ColumnName="ACCOUNT_APPROVAL_DATE"
      ColumnType="DATE"
      SQLType="TIMESTAMP"
      TableName="XX03_PAYMENT_SLIPS" >
      <DesignTime>
         <Attr Name="_DisplaySize" Value="7" />
      </DesignTime>
   </Attribute>
   <Attribute
      Name="ApForwordDate"
      Type="oracle.jbo.domain.Date"
      ColumnName="AP_FORWORD_DATE"
      ColumnType="DATE"
      SQLType="TIMESTAMP"
      TableName="XX03_PAYMENT_SLIPS" >
      <DesignTime>
         <Attr Name="_DisplaySize" Value="7" />
      </DesignTime>
   </Attribute>
   <Attribute
      Name="RecognitionClass"
      Type="oracle.jbo.domain.Number"
      ColumnName="RECOGNITION_CLASS"
      ColumnType="NUMBER"
      SQLType="NUMERIC"
      TableName="XX03_PAYMENT_SLIPS" >
      <DesignTime>
         <Attr Name="_DisplaySize" Value="22" />
      </DesignTime>
   </Attribute>
   <Attribute
      Name="ApproverComments"
      Precision="240"
      Type="java.lang.String"
      ColumnName="APPROVER_COMMENTS"
      ColumnType="VARCHAR2"
      SQLType="VARCHAR"
      TableName="XX03_PAYMENT_SLIPS" >
      <DesignTime>
         <Attr Name="_DisplaySize" Value="240" />
      </DesignTime>
   </Attribute>
   <Attribute
      Name="RequestEnableFlag"
      Precision="1"
      Type="java.lang.String"
      ColumnName="REQUEST_ENABLE_FLAG"
      ColumnType="VARCHAR2"
      SQLType="VARCHAR"
      TableName="XX03_PAYMENT_SLIPS" >
      <DesignTime>
         <Attr Name="_DisplaySize" Value="1" />
      </DesignTime>
   </Attribute>
   <Attribute
      Name="AccountRevisionFlag"
      Precision="1"
      Type="java.lang.String"
      ColumnName="ACCOUNT_REVISION_FLAG"
      ColumnType="VARCHAR2"
      SQLType="VARCHAR"
      TableName="XX03_PAYMENT_SLIPS" >
      <DesignTime>
         <Attr Name="_DisplaySize" Value="1" />
      </DesignTime>
   </Attribute>
   <Attribute
      Name="InvoiceDate"
      Type="oracle.jbo.domain.Date"
      ColumnName="INVOICE_DATE"
      ColumnType="DATE"
      SQLType="TIMESTAMP"
      TableName="XX03_PAYMENT_SLIPS" >
      <DesignTime>
         <Attr Name="_DisplaySize" Value="7" />
      </DesignTime>
   </Attribute>
   <Attribute
      Name="VendorId"
      Precision="15"
      Scale="0"
      Type="oracle.jbo.domain.Number"
      ColumnName="VENDOR_ID"
      ColumnType="NUMBER"
      SQLType="NUMERIC"
      TableName="XX03_PAYMENT_SLIPS" >
      <DesignTime>
         <Attr Name="_DisplaySize" Value="22" />
      </DesignTime>
   </Attribute>
   <Attribute
      Name="VendorName"
      Precision="500"
      Type="java.lang.String"
      ColumnName="VENDOR_NAME"
      ColumnType="VARCHAR2"
      SQLType="VARCHAR"
      TableName="XX03_PAYMENT_SLIPS" >
      <DesignTime>
         <Attr Name="_DisplaySize" Value="500" />
      </DesignTime>
   </Attribute>
   <Attribute
      Name="VendorSiteId"
      Precision="15"
      Scale="0"
      Type="oracle.jbo.domain.Number"
      ColumnName="VENDOR_SITE_ID"
      ColumnType="NUMBER"
      SQLType="NUMERIC"
      TableName="XX03_PAYMENT_SLIPS" >
      <DesignTime>
         <Attr Name="_DisplaySize" Value="22" />
      </DesignTime>
   </Attribute>
   <Attribute
      Name="VendorSiteName"
      Precision="500"
      Type="java.lang.String"
      ColumnName="VENDOR_SITE_NAME"
      ColumnType="VARCHAR2"
      SQLType="VARCHAR"
      TableName="XX03_PAYMENT_SLIPS" >
      <DesignTime>
         <Attr Name="_DisplaySize" Value="500" />
      </DesignTime>
   </Attribute>
   <Attribute
      Name="InvAmount"
      Type="oracle.jbo.domain.Number"
      ColumnName="INV_AMOUNT"
      ColumnType="NUMBER"
      SQLType="NUMERIC"
      TableName="XX03_PAYMENT_SLIPS" >
      <DesignTime>
         <Attr Name="_DisplaySize" Value="22" />
      </DesignTime>
   </Attribute>
   <Attribute
      Name="InvAccountedAmount"
      Type="oracle.jbo.domain.Number"
      ColumnName="INV_ACCOUNTED_AMOUNT"
      ColumnType="NUMBER"
      SQLType="NUMERIC"
      TableName="XX03_PAYMENT_SLIPS" >
      <DesignTime>
         <Attr Name="_DisplaySize" Value="22" />
      </DesignTime>
   </Attribute>
   <Attribute
      Name="InvItemAmount"
      Type="oracle.jbo.domain.Number"
      ColumnName="INV_ITEM_AMOUNT"
      ColumnType="NUMBER"
      SQLType="NUMERIC"
      TableName="XX03_PAYMENT_SLIPS" >
      <DesignTime>
         <Attr Name="_DisplaySize" Value="22" />
      </DesignTime>
   </Attribute>
   <Attribute
      Name="InvTaxAmount"
      Type="oracle.jbo.domain.Number"
      ColumnName="INV_TAX_AMOUNT"
      ColumnType="NUMBER"
      SQLType="NUMERIC"
      TableName="XX03_PAYMENT_SLIPS" >
      <DesignTime>
         <Attr Name="_DisplaySize" Value="22" />
      </DesignTime>
   </Attribute>
   <Attribute
      Name="InvPrepayAmount"
      Type="oracle.jbo.domain.Number"
      ColumnName="INV_PREPAY_AMOUNT"
      ColumnType="NUMBER"
      SQLType="NUMERIC"
      TableName="XX03_PAYMENT_SLIPS" >
      <DesignTime>
         <Attr Name="_DisplaySize" Value="22" />
      </DesignTime>
   </Attribute>
   <Attribute
      Name="InvoiceCurrencyCode"
      Precision="15"
      Type="java.lang.String"
      ColumnName="INVOICE_CURRENCY_CODE"
      ColumnType="VARCHAR2"
      SQLType="VARCHAR"
      TableName="XX03_PAYMENT_SLIPS" >
      <DesignTime>
         <Attr Name="_DisplaySize" Value="15" />
      </DesignTime>
   </Attribute>
   <Attribute
      Name="ExchangeRate"
      Type="oracle.jbo.domain.Number"
      ColumnName="EXCHANGE_RATE"
      ColumnType="NUMBER"
      SQLType="NUMERIC"
      TableName="XX03_PAYMENT_SLIPS" >
      <DesignTime>
         <Attr Name="_DisplaySize" Value="22" />
      </DesignTime>
   </Attribute>
   <Attribute
      Name="ExchangeRateType"
      Precision="30"
      Type="java.lang.String"
      ColumnName="EXCHANGE_RATE_TYPE"
      ColumnType="VARCHAR2"
      SQLType="VARCHAR"
      TableName="XX03_PAYMENT_SLIPS" >
      <DesignTime>
         <Attr Name="_DisplaySize" Value="30" />
      </DesignTime>
   </Attribute>
   <Attribute
      Name="ExchangeRateTypeName"
      Precision="500"
      Type="java.lang.String"
      ColumnName="EXCHANGE_RATE_TYPE_NAME"
      ColumnType="VARCHAR2"
      SQLType="VARCHAR"
      TableName="XX03_PAYMENT_SLIPS" >
      <DesignTime>
         <Attr Name="_DisplaySize" Value="500" />
      </DesignTime>
   </Attribute>
   <Attribute
      Name="TermsId"
      Precision="15"
      Scale="0"
      Type="oracle.jbo.domain.Number"
      ColumnName="TERMS_ID"
      ColumnType="NUMBER"
      SQLType="NUMERIC"
      TableName="XX03_PAYMENT_SLIPS" >
      <DesignTime>
         <Attr Name="_DisplaySize" Value="22" />
      </DesignTime>
   </Attribute>
   <Attribute
      Name="TermsName"
      Precision="500"
      Type="java.lang.String"
      ColumnName="TERMS_NAME"
      ColumnType="VARCHAR2"
      SQLType="VARCHAR"
      TableName="XX03_PAYMENT_SLIPS" >
      <DesignTime>
         <Attr Name="_DisplaySize" Value="500" />
      </DesignTime>
   </Attribute>
   <Attribute
      Name="Description"
      Precision="240"
      Type="java.lang.String"
      ColumnName="DESCRIPTION"
      ColumnType="VARCHAR2"
      SQLType="VARCHAR"
      TableName="XX03_PAYMENT_SLIPS" >
      <DesignTime>
         <Attr Name="_DisplaySize" Value="240" />
      </DesignTime>
   </Attribute>
   <Attribute
      Name="VendorInvoiceNum"
      Precision="150"
      Type="java.lang.String"
      ColumnName="VENDOR_INVOICE_NUM"
      ColumnType="VARCHAR2"
      SQLType="VARCHAR"
      TableName="XX03_PAYMENT_SLIPS" >
      <DesignTime>
         <Attr Name="_DisplaySize" Value="150" />
      </DesignTime>
   </Attribute>
   <Attribute
      Name="EntryDepartment"
      Precision="150"
      Type="java.lang.String"
      ColumnName="ENTRY_DEPARTMENT"
      ColumnType="VARCHAR2"
      SQLType="VARCHAR"
      TableName="XX03_PAYMENT_SLIPS" >
      <DesignTime>
         <Attr Name="_DisplaySize" Value="150" />
      </DesignTime>
   </Attribute>
   <Attribute
      Name="EntryPersonId"
      Precision="15"
      Scale="0"
      Type="oracle.jbo.domain.Number"
      ColumnName="ENTRY_PERSON_ID"
      ColumnType="NUMBER"
      SQLType="NUMERIC"
      TableName="XX03_PAYMENT_SLIPS" >
      <DesignTime>
         <Attr Name="_DisplaySize" Value="22" />
      </DesignTime>
   </Attribute>
   <Attribute
      Name="OrigInvoiceNum"
      Precision="150"
      Type="java.lang.String"
      ColumnName="ORIG_INVOICE_NUM"
      ColumnType="VARCHAR2"
      SQLType="VARCHAR"
      TableName="XX03_PAYMENT_SLIPS" >
      <DesignTime>
         <Attr Name="_DisplaySize" Value="150" />
      </DesignTime>
   </Attribute>
   <Attribute
      Name="AccountApprovalFlag"
      Precision="1"
      Type="java.lang.String"
      ColumnName="ACCOUNT_APPROVAL_FLAG"
      ColumnType="VARCHAR2"
      SQLType="VARCHAR"
      TableName="XX03_PAYMENT_SLIPS" >
      <DesignTime>
         <Attr Name="_DisplaySize" Value="1" />
      </DesignTime>
   </Attribute>
   <Attribute
      Name="PayGroupLookupCode"
      Precision="25"
      Type="java.lang.String"
      ColumnName="PAY_GROUP_LOOKUP_CODE"
      ColumnType="VARCHAR2"
      SQLType="VARCHAR"
      TableName="XX03_PAYMENT_SLIPS" >
      <DesignTime>
         <Attr Name="_DisplaySize" Value="25" />
      </DesignTime>
   </Attribute>
   <Attribute
      Name="PayGroupLookupName"
      Precision="500"
      Type="java.lang.String"
      ColumnName="PAY_GROUP_LOOKUP_NAME"
      ColumnType="VARCHAR2"
      SQLType="VARCHAR"
      TableName="XX03_PAYMENT_SLIPS" >
      <DesignTime>
         <Attr Name="_DisplaySize" Value="500" />
      </DesignTime>
   </Attribute>
   <Attribute
      Name="GlDate"
      Type="oracle.jbo.domain.Date"
      ColumnName="GL_DATE"
      ColumnType="DATE"
      SQLType="TIMESTAMP"
      TableName="XX03_PAYMENT_SLIPS" >
      <DesignTime>
         <Attr Name="_DisplaySize" Value="7" />
      </DesignTime>
   </Attribute>
   <Attribute
      Name="AcctsPayCodeCombinationId"
      Precision="15"
      Scale="0"
      Type="oracle.jbo.domain.Number"
      ColumnName="ACCTS_PAY_CODE_COMBINATION_ID"
      ColumnType="NUMBER"
      SQLType="NUMERIC"
      TableName="XX03_PAYMENT_SLIPS" >
      <DesignTime>
         <Attr Name="_DisplaySize" Value="22" />
      </DesignTime>
   </Attribute>
   <Attribute
      Name="AutoTaxCalcFlag"
      Precision="1"
      Type="java.lang.String"
      ColumnName="AUTO_TAX_CALC_FLAG"
      ColumnType="VARCHAR2"
      SQLType="VARCHAR"
      TableName="XX03_PAYMENT_SLIPS" >
      <DesignTime>
         <Attr Name="_DisplaySize" Value="1" />
      </DesignTime>
   </Attribute>
   <Attribute
      Name="ApTaxRoundingRule"
      Precision="1"
      Type="java.lang.String"
      ColumnName="AP_TAX_ROUNDING_RULE"
      ColumnType="VARCHAR2"
      SQLType="VARCHAR"
      TableName="XX03_PAYMENT_SLIPS" >
      <DesignTime>
         <Attr Name="_DisplaySize" Value="1" />
      </DesignTime>
   </Attribute>
   <Attribute
      Name="PrepayNum"
      Precision="50"
      Type="java.lang.String"
      ColumnName="PREPAY_NUM"
      ColumnType="VARCHAR2"
      SQLType="VARCHAR"
      TableName="XX03_PAYMENT_SLIPS" >
      <DesignTime>
         <Attr Name="_DisplaySize" Value="50" />
      </DesignTime>
   </Attribute>
   <Attribute
      Name="TermsDate"
      Type="oracle.jbo.domain.Date"
      ColumnName="TERMS_DATE"
      ColumnType="DATE"
      SQLType="TIMESTAMP"
      TableName="XX03_PAYMENT_SLIPS" >
      <DesignTime>
         <Attr Name="_DisplaySize" Value="7" />
      </DesignTime>
   </Attribute>
   <Attribute
      Name="FormSelectFlag"
      Precision="1"
      Type="java.lang.String"
      ColumnName="FORM_SELECT_FLAG"
      ColumnType="VARCHAR2"
      SQLType="VARCHAR"
      TableName="XX03_PAYMENT_SLIPS" >
      <DesignTime>
         <Attr Name="_DisplaySize" Value="1" />
      </DesignTime>
   </Attribute>
   <Attribute
      Name="DeleteFlag"
      Precision="1"
      Type="java.lang.String"
      ColumnName="DELETE_FLAG"
      ColumnType="VARCHAR2"
      SQLType="VARCHAR"
      TableName="XX03_PAYMENT_SLIPS" >
      <DesignTime>
         <Attr Name="_DisplaySize" Value="1" />
      </DesignTime>
   </Attribute>
   <Attribute
      Name="OrgId"
      Precision="15"
      Scale="0"
      Type="oracle.jbo.domain.Number"
      ColumnName="ORG_ID"
      ColumnType="NUMBER"
      SQLType="NUMERIC"
      TableName="XX03_PAYMENT_SLIPS" >
      <DesignTime>
         <Attr Name="_DisplaySize" Value="22" />
      </DesignTime>
   </Attribute>
   <Attribute
      Name="AttributeCategory"
      Precision="150"
      Type="java.lang.String"
      ColumnName="ATTRIBUTE_CATEGORY"
      ColumnType="VARCHAR2"
      SQLType="VARCHAR"
      TableName="XX03_PAYMENT_SLIPS" >
      <DesignTime>
         <Attr Name="_DisplaySize" Value="150" />
      </DesignTime>
   </Attribute>
   <Attribute
      Name="Attribute1"
      Precision="150"
      Type="java.lang.String"
      ColumnName="ATTRIBUTE1"
      ColumnType="VARCHAR2"
      SQLType="VARCHAR"
      TableName="XX03_PAYMENT_SLIPS" >
      <DesignTime>
         <Attr Name="_DisplaySize" Value="150" />
      </DesignTime>
   </Attribute>
   <Attribute
      Name="Attribute2"
      Precision="150"
      Type="java.lang.String"
      ColumnName="ATTRIBUTE2"
      ColumnType="VARCHAR2"
      SQLType="VARCHAR"
      TableName="XX03_PAYMENT_SLIPS" >
      <DesignTime>
         <Attr Name="_DisplaySize" Value="150" />
      </DesignTime>
   </Attribute>
   <Attribute
      Name="Attribute3"
      Precision="150"
      Type="java.lang.String"
      ColumnName="ATTRIBUTE3"
      ColumnType="VARCHAR2"
      SQLType="VARCHAR"
      TableName="XX03_PAYMENT_SLIPS" >
      <DesignTime>
         <Attr Name="_DisplaySize" Value="150" />
      </DesignTime>
   </Attribute>
   <Attribute
      Name="Attribute4"
      Precision="150"
      Type="java.lang.String"
      ColumnName="ATTRIBUTE4"
      ColumnType="VARCHAR2"
      SQLType="VARCHAR"
      TableName="XX03_PAYMENT_SLIPS" >
      <DesignTime>
         <Attr Name="_DisplaySize" Value="150" />
      </DesignTime>
   </Attribute>
   <Attribute
      Name="Attribute5"
      Precision="150"
      Type="java.lang.String"
      ColumnName="ATTRIBUTE5"
      ColumnType="VARCHAR2"
      SQLType="VARCHAR"
      TableName="XX03_PAYMENT_SLIPS" >
      <DesignTime>
         <Attr Name="_DisplaySize" Value="150" />
      </DesignTime>
   </Attribute>
   <Attribute
      Name="Attribute6"
      Precision="150"
      Type="java.lang.String"
      ColumnName="ATTRIBUTE6"
      ColumnType="VARCHAR2"
      SQLType="VARCHAR"
      TableName="XX03_PAYMENT_SLIPS" >
      <DesignTime>
         <Attr Name="_DisplaySize" Value="150" />
      </DesignTime>
   </Attribute>
   <Attribute
      Name="Attribute7"
      Precision="150"
      Type="java.lang.String"
      ColumnName="ATTRIBUTE7"
      ColumnType="VARCHAR2"
      SQLType="VARCHAR"
      TableName="XX03_PAYMENT_SLIPS" >
      <DesignTime>
         <Attr Name="_DisplaySize" Value="150" />
      </DesignTime>
   </Attribute>
   <Attribute
      Name="Attribute8"
      Precision="150"
      Type="java.lang.String"
      ColumnName="ATTRIBUTE8"
      ColumnType="VARCHAR2"
      SQLType="VARCHAR"
      TableName="XX03_PAYMENT_SLIPS" >
      <DesignTime>
         <Attr Name="_DisplaySize" Value="150" />
      </DesignTime>
   </Attribute>
   <Attribute
      Name="Attribute9"
      Precision="150"
      Type="java.lang.String"
      ColumnName="ATTRIBUTE9"
      ColumnType="VARCHAR2"
      SQLType="VARCHAR"
      TableName="XX03_PAYMENT_SLIPS" >
      <DesignTime>
         <Attr Name="_DisplaySize" Value="150" />
      </DesignTime>
   </Attribute>
   <Attribute
      Name="Attribute10"
      Precision="150"
      Type="java.lang.String"
      ColumnName="ATTRIBUTE10"
      ColumnType="VARCHAR2"
      SQLType="VARCHAR"
      TableName="XX03_PAYMENT_SLIPS" >
      <DesignTime>
         <Attr Name="_DisplaySize" Value="150" />
      </DesignTime>
   </Attribute>
   <Attribute
      Name="Attribute11"
      Precision="150"
      Type="java.lang.String"
      ColumnName="ATTRIBUTE11"
      ColumnType="VARCHAR2"
      SQLType="VARCHAR"
      TableName="XX03_PAYMENT_SLIPS" >
      <DesignTime>
         <Attr Name="_DisplaySize" Value="150" />
      </DesignTime>
   </Attribute>
   <Attribute
      Name="Attribute12"
      Precision="150"
      Type="java.lang.String"
      ColumnName="ATTRIBUTE12"
      ColumnType="VARCHAR2"
      SQLType="VARCHAR"
      TableName="XX03_PAYMENT_SLIPS" >
      <DesignTime>
         <Attr Name="_DisplaySize" Value="150" />
      </DesignTime>
   </Attribute>
   <Attribute
      Name="Attribute13"
      Precision="150"
      Type="java.lang.String"
      ColumnName="ATTRIBUTE13"
      ColumnType="VARCHAR2"
      SQLType="VARCHAR"
      TableName="XX03_PAYMENT_SLIPS" >
      <DesignTime>
         <Attr Name="_DisplaySize" Value="150" />
      </DesignTime>
   </Attribute>
   <Attribute
      Name="Attribute14"
      Precision="150"
      Type="java.lang.String"
      ColumnName="ATTRIBUTE14"
      ColumnType="VARCHAR2"
      SQLType="VARCHAR"
      TableName="XX03_PAYMENT_SLIPS" >
      <DesignTime>
         <Attr Name="_DisplaySize" Value="150" />
      </DesignTime>
   </Attribute>
   <Attribute
      Name="Attribute15"
      Precision="150"
      Type="java.lang.String"
      ColumnName="ATTRIBUTE15"
      ColumnType="VARCHAR2"
      SQLType="VARCHAR"
      TableName="XX03_PAYMENT_SLIPS" >
      <DesignTime>
         <Attr Name="_DisplaySize" Value="150" />
      </DesignTime>
   </Attribute>
   <Attribute
      Name="Attribute16"
      Precision="150"
      Type="java.lang.String"
      ColumnName="ATTRIBUTE16"
      ColumnType="VARCHAR2"
      SQLType="VARCHAR"
      TableName="XX03_PAYMENT_SLIPS" >
      <DesignTime>
         <Attr Name="_DisplaySize" Value="150" />
      </DesignTime>
   </Attribute>
   <Attribute
      Name="Attribute17"
      Precision="150"
      Type="java.lang.String"
      ColumnName="ATTRIBUTE17"
      ColumnType="VARCHAR2"
      SQLType="VARCHAR"
      TableName="XX03_PAYMENT_SLIPS" >
      <DesignTime>
         <Attr Name="_DisplaySize" Value="150" />
      </DesignTime>
   </Attribute>
   <Attribute
      Name="Attribute18"
      Precision="150"
      Type="java.lang.String"
      ColumnName="ATTRIBUTE18"
      ColumnType="VARCHAR2"
      SQLType="VARCHAR"
      TableName="XX03_PAYMENT_SLIPS" >
      <DesignTime>
         <Attr Name="_DisplaySize" Value="150" />
      </DesignTime>
   </Attribute>
   <Attribute
      Name="Attribute19"
      Precision="150"
      Type="java.lang.String"
      ColumnName="ATTRIBUTE19"
      ColumnType="VARCHAR2"
      SQLType="VARCHAR"
      TableName="XX03_PAYMENT_SLIPS" >
      <DesignTime>
         <Attr Name="_DisplaySize" Value="150" />
      </DesignTime>
   </Attribute>
   <Attribute
      Name="Attribute20"
      Precision="150"
      Type="java.lang.String"
      ColumnName="ATTRIBUTE20"
      ColumnType="VARCHAR2"
      SQLType="VARCHAR"
      TableName="XX03_PAYMENT_SLIPS" >
      <DesignTime>
         <Attr Name="_DisplaySize" Value="150" />
      </DesignTime>
   </Attribute>
   <Attribute
      Name="CreatedBy"
      Precision="15"
      Scale="0"
      Type="oracle.jbo.domain.Number"
      ColumnName="CREATED_BY"
      ColumnType="NUMBER"
      SQLType="NUMERIC"
      TableName="XX03_PAYMENT_SLIPS" >
      <DesignTime>
         <Attr Name="_DisplaySize" Value="22" />
      </DesignTime>
   </Attribute>
   <Attribute
      Name="CreationDate"
      Type="oracle.jbo.domain.Date"
      ColumnName="CREATION_DATE"
      ColumnType="DATE"
      SQLType="TIMESTAMP"
      TableName="XX03_PAYMENT_SLIPS" >
      <DesignTime>
         <Attr Name="_DisplaySize" Value="7" />
      </DesignTime>
   </Attribute>
   <Attribute
      Name="LastUpdatedBy"
      Precision="15"
      Scale="0"
      Type="oracle.jbo.domain.Number"
      ColumnName="LAST_UPDATED_BY"
      ColumnType="NUMBER"
      SQLType="NUMERIC"
      TableName="XX03_PAYMENT_SLIPS" >
      <DesignTime>
         <Attr Name="_DisplaySize" Value="22" />
      </DesignTime>
   </Attribute>
   <Attribute
      Name="LastUpdateDate"
      Type="oracle.jbo.domain.Date"
      ColumnName="LAST_UPDATE_DATE"
      ColumnType="DATE"
      SQLType="TIMESTAMP"
      TableName="XX03_PAYMENT_SLIPS" >
      <DesignTime>
         <Attr Name="_DisplaySize" Value="7" />
      </DesignTime>
   </Attribute>
   <Attribute
      Name="LastUpdateLogin"
      Precision="15"
      Scale="0"
      Type="oracle.jbo.domain.Number"
      ColumnName="LAST_UPDATE_LOGIN"
      ColumnType="NUMBER"
      SQLType="NUMERIC"
      TableName="XX03_PAYMENT_SLIPS" >
      <DesignTime>
         <Attr Name="_DisplaySize" Value="22" />
      </DesignTime>
   </Attribute>
   <Attribute
      Name="RequestId"
      Precision="15"
      Scale="0"
      Type="oracle.jbo.domain.Number"
      ColumnName="REQUEST_ID"
      ColumnType="NUMBER"
      SQLType="NUMERIC"
      TableName="XX03_PAYMENT_SLIPS" >
      <DesignTime>
         <Attr Name="_DisplaySize" Value="22" />
      </DesignTime>
   </Attribute>
   <Attribute
      Name="ProgramApplicationId"
      Precision="15"
      Scale="0"
      Type="oracle.jbo.domain.Number"
      ColumnName="PROGRAM_APPLICATION_ID"
      ColumnType="NUMBER"
      SQLType="NUMERIC"
      TableName="XX03_PAYMENT_SLIPS" >
      <DesignTime>
         <Attr Name="_DisplaySize" Value="22" />
      </DesignTime>
   </Attribute>
   <Attribute
      Name="ProgramUpdateDate"
      Type="oracle.jbo.domain.Date"
      ColumnName="PROGRAM_UPDATE_DATE"
      ColumnType="DATE"
      SQLType="TIMESTAMP"
      TableName="XX03_PAYMENT_SLIPS" >
      <DesignTime>
         <Attr Name="_DisplaySize" Value="7" />
      </DesignTime>
   </Attribute>
   <Attribute
      Name="ProgramId"
      Precision="15"
      Scale="0"
      Type="oracle.jbo.domain.Number"
      ColumnName="PROGRAM_ID"
      ColumnType="NUMBER"
      SQLType="NUMERIC"
      TableName="XX03_PAYMENT_SLIPS" >
      <DesignTime>
         <Attr Name="_DisplaySize" Value="22" />
      </DesignTime>
   </Attribute>
   <Key
      Name="SysC00159776" >
      <AttrArray Name="Attributes">
         <Item Value="oracle.apps.xx03.ap.server.XX03PaymentSlipsEO.OrgId" />
      </AttrArray>
      <DesignTime>
         <Attr Name="_DBObjectName" Value="SYS_C00159776" />
         <Attr Name="_checkCondition" Value="&#34;ORG_ID&#34; IS NOT NULL" />
         <Attr Name="_isCheck" Value="true" />
      </DesignTime>
   </Key>
   <Key
      Name="SysC00159770" >
      <AttrArray Name="Attributes">
         <Item Value="oracle.apps.xx03.ap.server.XX03PaymentSlipsEO.EntryDepartment" />
      </AttrArray>
      <DesignTime>
         <Attr Name="_DBObjectName" Value="SYS_C00159770" />
         <Attr Name="_checkCondition" Value="&#34;ENTRY_DEPARTMENT&#34; IS NOT NULL" />
         <Attr Name="_isCheck" Value="true" />
      </DesignTime>
   </Key>
   <Key
      Name="SysC00159763" >
      <AttrArray Name="Attributes">
         <Item Value="oracle.apps.xx03.ap.server.XX03PaymentSlipsEO.RequestEnableFlag" />
      </AttrArray>
      <DesignTime>
         <Attr Name="_DBObjectName" Value="SYS_C00159763" />
         <Attr Name="_checkCondition" Value="&#34;REQUEST_ENABLE_FLAG&#34; IS NOT NULL" />
         <Attr Name="_isCheck" Value="true" />
      </DesignTime>
   </Key>
   <Key
      Name="SysC00159769" >
      <AttrArray Name="Attributes">
         <Item Value="oracle.apps.xx03.ap.server.XX03PaymentSlipsEO.TermsId" />
      </AttrArray>
      <DesignTime>
         <Attr Name="_DBObjectName" Value="SYS_C00159769" />
         <Attr Name="_checkCondition" Value="&#34;TERMS_ID&#34; IS NOT NULL" />
         <Attr Name="_isCheck" Value="true" />
      </DesignTime>
   </Key>
   <Key
      Name="SysC00159778" >
      <AttrArray Name="Attributes">
         <Item Value="oracle.apps.xx03.ap.server.XX03PaymentSlipsEO.CreationDate" />
      </AttrArray>
      <DesignTime>
         <Attr Name="_DBObjectName" Value="SYS_C00159778" />
         <Attr Name="_checkCondition" Value="&#34;CREATION_DATE&#34; IS NOT NULL" />
         <Attr Name="_isCheck" Value="true" />
      </DesignTime>
   </Key>
   <Key
      Name="SysC00159771" >
      <AttrArray Name="Attributes">
         <Item Value="oracle.apps.xx03.ap.server.XX03PaymentSlipsEO.EntryPersonId" />
      </AttrArray>
      <DesignTime>
         <Attr Name="_DBObjectName" Value="SYS_C00159771" />
         <Attr Name="_checkCondition" Value="&#34;ENTRY_PERSON_ID&#34; IS NOT NULL" />
         <Attr Name="_isCheck" Value="true" />
      </DesignTime>
   </Key>
   <Key
      Name="SysC00159767" >
      <AttrArray Name="Attributes">
         <Item Value="oracle.apps.xx03.ap.server.XX03PaymentSlipsEO.VendorSiteId" />
      </AttrArray>
      <DesignTime>
         <Attr Name="_DBObjectName" Value="SYS_C00159767" />
         <Attr Name="_checkCondition" Value="&#34;VENDOR_SITE_ID&#34; IS NOT NULL" />
         <Attr Name="_isCheck" Value="true" />
      </DesignTime>
   </Key>
   <Key
      Name="SysC00159764" >
      <AttrArray Name="Attributes">
         <Item Value="oracle.apps.xx03.ap.server.XX03PaymentSlipsEO.AccountRevisionFlag" />
      </AttrArray>
      <DesignTime>
         <Attr Name="_DBObjectName" Value="SYS_C00159764" />
         <Attr Name="_checkCondition" Value="&#34;ACCOUNT_REVISION_FLAG&#34; IS NOT NULL" />
         <Attr Name="_isCheck" Value="true" />
      </DesignTime>
   </Key>
   <Key
      Name="Xx03PaymentSlipsPk" >
      <AttrArray Name="Attributes">
         <Item Value="oracle.apps.xx03.ap.server.XX03PaymentSlipsEO.InvoiceId" />
      </AttrArray>
      <DesignTime>
         <Attr Name="_DBObjectName" Value="XX03_PAYMENT_SLIPS_PK" />
         <Attr Name="_isPrimary" Value="true" />
      </DesignTime>
   </Key>
   <Key
      Name="SysC00159762" >
      <AttrArray Name="Attributes">
         <Item Value="oracle.apps.xx03.ap.server.XX03PaymentSlipsEO.InvoiceNum" />
      </AttrArray>
      <DesignTime>
         <Attr Name="_DBObjectName" Value="SYS_C00159762" />
         <Attr Name="_checkCondition" Value="&#34;INVOICE_NUM&#34; IS NOT NULL" />
         <Attr Name="_isCheck" Value="true" />
      </DesignTime>
   </Key>
   <Key
      Name="SysC00159765" >
      <AttrArray Name="Attributes">
         <Item Value="oracle.apps.xx03.ap.server.XX03PaymentSlipsEO.InvoiceDate" />
      </AttrArray>
      <DesignTime>
         <Attr Name="_DBObjectName" Value="SYS_C00159765" />
         <Attr Name="_checkCondition" Value="&#34;INVOICE_DATE&#34; IS NOT NULL" />
         <Attr Name="_isCheck" Value="true" />
      </DesignTime>
   </Key>
   <Key
      Name="SysC00159772" >
      <AttrArray Name="Attributes">
         <Item Value="oracle.apps.xx03.ap.server.XX03PaymentSlipsEO.AccountApprovalFlag" />
      </AttrArray>
      <DesignTime>
         <Attr Name="_DBObjectName" Value="SYS_C00159772" />
         <Attr Name="_checkCondition" Value="&#34;ACCOUNT_APPROVAL_FLAG&#34; IS NOT NULL" />
         <Attr Name="_isCheck" Value="true" />
      </DesignTime>
   </Key>
   <Key
      Name="SysC00159777" >
      <AttrArray Name="Attributes">
         <Item Value="oracle.apps.xx03.ap.server.XX03PaymentSlipsEO.CreatedBy" />
      </AttrArray>
      <DesignTime>
         <Attr Name="_DBObjectName" Value="SYS_C00159777" />
         <Attr Name="_checkCondition" Value="&#34;CREATED_BY&#34; IS NOT NULL" />
         <Attr Name="_isCheck" Value="true" />
      </DesignTime>
   </Key>
   <Key
      Name="SysC00159779" >
      <AttrArray Name="Attributes">
         <Item Value="oracle.apps.xx03.ap.server.XX03PaymentSlipsEO.LastUpdatedBy" />
      </AttrArray>
      <DesignTime>
         <Attr Name="_DBObjectName" Value="SYS_C00159779" />
         <Attr Name="_checkCondition" Value="&#34;LAST_UPDATED_BY&#34; IS NOT NULL" />
         <Attr Name="_isCheck" Value="true" />
      </DesignTime>
   </Key>
   <Key
      Name="SysC00159766" >
      <AttrArray Name="Attributes">
         <Item Value="oracle.apps.xx03.ap.server.XX03PaymentSlipsEO.VendorId" />
      </AttrArray>
      <DesignTime>
         <Attr Name="_DBObjectName" Value="SYS_C00159766" />
         <Attr Name="_checkCondition" Value="&#34;VENDOR_ID&#34; IS NOT NULL" />
         <Attr Name="_isCheck" Value="true" />
      </DesignTime>
   </Key>
   <Key
      Name="SysC00159773" >
      <AttrArray Name="Attributes">
         <Item Value="oracle.apps.xx03.ap.server.XX03PaymentSlipsEO.PayGroupLookupCode" />
      </AttrArray>
      <DesignTime>
         <Attr Name="_DBObjectName" Value="SYS_C00159773" />
         <Attr Name="_checkCondition" Value="&#34;PAY_GROUP_LOOKUP_CODE&#34; IS NOT NULL" />
         <Attr Name="_isCheck" Value="true" />
      </DesignTime>
   </Key>
   <Key
      Name="SysC00159780" >
      <AttrArray Name="Attributes">
         <Item Value="oracle.apps.xx03.ap.server.XX03PaymentSlipsEO.LastUpdateDate" />
      </AttrArray>
      <DesignTime>
         <Attr Name="_DBObjectName" Value="SYS_C00159780" />
         <Attr Name="_checkCondition" Value="&#34;LAST_UPDATE_DATE&#34; IS NOT NULL" />
         <Attr Name="_isCheck" Value="true" />
      </DesignTime>
   </Key>
   <Key
      Name="SysC00159759" >
      <AttrArray Name="Attributes">
         <Item Value="oracle.apps.xx03.ap.server.XX03PaymentSlipsEO.InvoiceId" />
      </AttrArray>
      <DesignTime>
         <Attr Name="_DBObjectName" Value="SYS_C00159759" />
         <Attr Name="_checkCondition" Value="&#34;INVOICE_ID&#34; IS NOT NULL" />
         <Attr Name="_isCheck" Value="true" />
      </DesignTime>
   </Key>
   <Key
      Name="SysC00159760" >
      <AttrArray Name="Attributes">
         <Item Value="oracle.apps.xx03.ap.server.XX03PaymentSlipsEO.WfStatus" />
      </AttrArray>
      <DesignTime>
         <Attr Name="_DBObjectName" Value="SYS_C00159760" />
         <Attr Name="_checkCondition" Value="&#34;WF_STATUS&#34; IS NOT NULL" />
         <Attr Name="_isCheck" Value="true" />
      </DesignTime>
   </Key>
   <Key
      Name="SysC00159768" >
      <AttrArray Name="Attributes">
         <Item Value="oracle.apps.xx03.ap.server.XX03PaymentSlipsEO.InvoiceCurrencyCode" />
      </AttrArray>
      <DesignTime>
         <Attr Name="_DBObjectName" Value="SYS_C00159768" />
         <Attr Name="_checkCondition" Value="&#34;INVOICE_CURRENCY_CODE&#34; IS NOT NULL" />
         <Attr Name="_isCheck" Value="true" />
      </DesignTime>
   </Key>
   <Key
      Name="SysC00159761" >
      <AttrArray Name="Attributes">
         <Item Value="oracle.apps.xx03.ap.server.XX03PaymentSlipsEO.SlipType" />
      </AttrArray>
      <DesignTime>
         <Attr Name="_DBObjectName" Value="SYS_C00159761" />
         <Attr Name="_checkCondition" Value="&#34;SLIP_TYPE&#34; IS NOT NULL" />
         <Attr Name="_isCheck" Value="true" />
      </DesignTime>
   </Key>
   <Key
      Name="SysC00159775" >
      <AttrArray Name="Attributes">
         <Item Value="oracle.apps.xx03.ap.server.XX03PaymentSlipsEO.TermsDate" />
      </AttrArray>
      <DesignTime>
         <Attr Name="_DBObjectName" Value="SYS_C00159775" />
         <Attr Name="_checkCondition" Value="&#34;TERMS_DATE&#34; IS NOT NULL" />
         <Attr Name="_isCheck" Value="true" />
      </DesignTime>
   </Key>
   <Key
      Name="SysC00159774" >
      <AttrArray Name="Attributes">
         <Item Value="oracle.apps.xx03.ap.server.XX03PaymentSlipsEO.GlDate" />
      </AttrArray>
      <DesignTime>
         <Attr Name="_DBObjectName" Value="SYS_C00159774" />
         <Attr Name="_checkCondition" Value="&#34;GL_DATE&#34; IS NOT NULL" />
         <Attr Name="_isCheck" Value="true" />
      </DesignTime>
   </Key>
</Entity>
