<?xml version="1.0" encoding='Shift_JIS'?>
<!DOCTYPE ViewObject SYSTEM "jbo_03_01.dtd">

<ViewObject
   Name="XX03PaymentSlipsVVO"
   BindingStyle="Oracle"
   CustomQuery="true"
   RowClass="oracle.apps.xx03.ap.server.XX03PaymentSlipsVVORowImpl"
   ComponentClass="oracle.apps.xx03.ap.server.XX03PaymentSlipsVVOImpl"
   MsgBundleClass="oracle.jbo.common.JboResourceBundle"
   UseGlueCode="false" >
   <SQLQuery><![CDATA[
SELECT XX03PmtSlpV.INVOICE_ID, 
       XX03PmtSlpV.WF_STATUS, 
       XX03PmtSlpV.SLIP_TYPE, 
       XX03PmtSlpV.SLIP_TYPE_NAME, 
       XX03PmtSlpV.INVOICE_NUM, 
       XX03PmtSlpV.ENTRY_DATE, 
       XX03PmtSlpV.REQUEST_KEY, 
       XX03PmtSlpV.REQUESTOR_PERSON_ID, 
       XX03PmtSlpV.REQUESTOR_PERSON_NAME, 
       XX03PmtSlpV.APPROVER_PERSON_ID, 
       XX03PmtSlpV.APPROVER_PERSON_NAME, 
       XX03PmtSlpV.REQUEST_DATE, 
       XX03PmtSlpV.APPROVAL_DATE, 
       XX03PmtSlpV.REJECTION_DATE, 
       XX03PmtSlpV.ACCOUNT_APPROVER_PERSON_ID, 
       XX03PmtSlpV.ACCOUNT_APPROVAL_DATE, 
       XX03PmtSlpV.AP_FORWORD_DATE, 
       XX03PmtSlpV.RECOGNITION_CLASS, 
       XX03PmtSlpV.APPROVER_COMMENTS, 
       XX03PmtSlpV.REQUEST_ENABLE_FLAG, 
       XX03PmtSlpV.ACCOUNT_REVISION_FLAG, 
       XX03PmtSlpV.INVOICE_DATE, 
       XX03PmtSlpV.VENDOR_ID, 
       XX03PmtSlpV.VENDOR_NAME, 
       XX03PmtSlpV.VENDOR_SITE_ID, 
       XX03PmtSlpV.VENDOR_SITE_NAME, 
       XX03PmtSlpV.BANK_FULL_NAME, 
       XX03PmtSlpV.INV_AMOUNT, 
       XX03PmtSlpV.INV_ACCOUNTED_AMOUNT, 
       XX03PmtSlpV.INV_ITEM_AMOUNT, 
       XX03PmtSlpV.INV_TAX_AMOUNT, 
       XX03PmtSlpV.INV_PREPAY_AMOUNT, 
       XX03PmtSlpV.INVOICE_CURRENCY_CODE, 
       XX03PmtSlpV.EXCHANGE_RATE, 
       XX03PmtSlpV.EXCHANGE_RATE_TYPE, 
       XX03PmtSlpV.EXCHANGE_RATE_TYPE_NAME, 
       XX03PmtSlpV.TERMS_ID, 
       XX03PmtSlpV.TERMS_NAME, 
       XX03PmtSlpV.DESCRIPTION, 
       XX03PmtSlpV.VENDOR_INVOICE_NUM, 
       XX03PmtSlpV.ENTRY_DEPARTMENT, 
       XX03PmtSlpV.ENTRY_DEPARTMENT_NAME, 
       XX03PmtSlpV.ENTRY_PERSON_ID, 
       XX03PmtSlpV.EMPLOYEE_DISP, 
       XX03PmtSlpV.ORIG_INVOICE_NUM, 
       XX03PmtSlpV.ACCOUNT_APPROVAL_FLAG, 
       XX03PmtSlpV.PAY_GROUP_LOOKUP_CODE, 
       XX03PmtSlpV.PAY_GROUP_LOOKUP_NAME, 
       XX03PmtSlpV.GL_DATE, 
       XX03PmtSlpV.ACCTS_PAY_CODE_COMBINATION_ID, 
       XX03PmtSlpV.AUTO_TAX_CALC_FLAG, 
       XX03PmtSlpV.AP_TAX_ROUNDING_RULE, 
       XX03PmtSlpV.PREPAY_NUM, 
       XX03PmtSlpV.TERMS_DATE, 
       XX03PmtSlpV.ORG_ID, 
       XX03PmtSlpV.ATTRIBUTE_CATEGORY, 
       XX03PmtSlpV.ATTRIBUTE1, 
       XX03PmtSlpV.ATTRIBUTE2, 
       XX03PmtSlpV.ATTRIBUTE3, 
       XX03PmtSlpV.ATTRIBUTE4, 
       XX03PmtSlpV.ATTRIBUTE5, 
       XX03PmtSlpV.ATTRIBUTE6, 
       XX03PmtSlpV.ATTRIBUTE7, 
       XX03PmtSlpV.ATTRIBUTE8, 
       XX03PmtSlpV.ATTRIBUTE9, 
       XX03PmtSlpV.ATTRIBUTE10, 
       XX03PmtSlpV.ATTRIBUTE11, 
       XX03PmtSlpV.ATTRIBUTE12, 
       XX03PmtSlpV.ATTRIBUTE13, 
       XX03PmtSlpV.ATTRIBUTE14, 
       XX03PmtSlpV.ATTRIBUTE15, 
       XX03PmtSlpV.CREATED_BY, 
       XX03PmtSlpV.CREATION_DATE, 
       XX03PmtSlpV.LAST_UPDATED_BY, 
       XX03PmtSlpV.LAST_UPDATE_DATE, 
       XX03PmtSlpV.LAST_UPDATE_LOGIN, 
       XX03PmtSlpV.REQUEST_ID, 
       XX03PmtSlpV.PROGRAM_APPLICATION_ID, 
       XX03PmtSlpV.PROGRAM_ID, 
       XX03PmtSlpV.PROGRAM_UPDATE_DATE, 
       XX03PmtSlpV.DELETE_FLAG, 
       XX03PmtSlpV.FORM_SELECT_FLAG
FROM XX03_PAYMENT_SLIPS_V XX03PmtSlpV
WHERE (NULL IS NOT NULL AND :1 = 'new')
   OR (XX03PmtSlpV.INVOICE_ID = :2 AND :3 = 'update')
   ]]></SQLQuery>
   <DesignTime>
      <Attr Name="_isCodegen" Value="true" />
      <Attr Name="_version" Value="9.0.3.13.75" />
      <Attr Name="_CodeGenFlagNew" Value="36" />
   </DesignTime>
   <ViewAttribute
      Name="InvoiceId"
      IsPersistent="false"
      IsNotNull="true"
      Precision="15"
      Scale="0"
      Type="oracle.jbo.domain.Number"
      AliasName="INVOICE_ID"
      ColumnType="VARCHAR2"
      Expression="INVOICE_ID"
      SQLType="NUMERIC" >
      <DesignTime>
         <Attr Name="_DisplaySize" Value="22" />
      </DesignTime>
   </ViewAttribute>
   <ViewAttribute
      Name="WfStatus"
      IsPersistent="false"
      IsNotNull="true"
      Precision="25"
      Type="java.lang.String"
      AliasName="WF_STATUS"
      ColumnType="VARCHAR2"
      Expression="WF_STATUS"
      SQLType="VARCHAR" >
      <DesignTime>
         <Attr Name="_DisplaySize" Value="25" />
      </DesignTime>
   </ViewAttribute>
   <ViewAttribute
      Name="SlipType"
      IsPersistent="false"
      IsNotNull="true"
      Precision="25"
      Type="java.lang.String"
      AliasName="SLIP_TYPE"
      ColumnType="VARCHAR2"
      Expression="SLIP_TYPE"
      SQLType="VARCHAR" >
      <DesignTime>
         <Attr Name="_DisplaySize" Value="25" />
      </DesignTime>
   </ViewAttribute>
   <ViewAttribute
      Name="SlipTypeName"
      IsPersistent="false"
      Precision="240"
      Type="java.lang.String"
      AliasName="SLIP_TYPE_NAME"
      ColumnType="VARCHAR2"
      Expression="SLIP_TYPE_NAME"
      SQLType="VARCHAR" >
      <DesignTime>
         <Attr Name="_DisplaySize" Value="240" />
      </DesignTime>
   </ViewAttribute>
   <ViewAttribute
      Name="InvoiceNum"
      IsPersistent="false"
      IsNotNull="true"
      Precision="50"
      Type="java.lang.String"
      AliasName="INVOICE_NUM"
      ColumnType="VARCHAR2"
      Expression="INVOICE_NUM"
      SQLType="VARCHAR" >
      <DesignTime>
         <Attr Name="_DisplaySize" Value="50" />
      </DesignTime>
   </ViewAttribute>
   <ViewAttribute
      Name="EntryDate"
      IsPersistent="false"
      Type="oracle.jbo.domain.Date"
      AliasName="ENTRY_DATE"
      ColumnType="VARCHAR2"
      Expression="ENTRY_DATE"
      SQLType="DATE" >
      <DesignTime>
         <Attr Name="_DisplaySize" Value="7" />
      </DesignTime>
   </ViewAttribute>
   <ViewAttribute
      Name="RequestKey"
      IsPersistent="false"
      Precision="240"
      Type="java.lang.String"
      AliasName="REQUEST_KEY"
      ColumnType="VARCHAR2"
      Expression="REQUEST_KEY"
      SQLType="VARCHAR" >
      <DesignTime>
         <Attr Name="_DisplaySize" Value="240" />
      </DesignTime>
   </ViewAttribute>
   <ViewAttribute
      Name="RequestorPersonId"
      IsPersistent="false"
      Precision="15"
      Scale="0"
      Type="oracle.jbo.domain.Number"
      AliasName="REQUESTOR_PERSON_ID"
      ColumnType="VARCHAR2"
      Expression="REQUESTOR_PERSON_ID"
      SQLType="NUMERIC" >
      <DesignTime>
         <Attr Name="_DisplaySize" Value="22" />
      </DesignTime>
   </ViewAttribute>
   <ViewAttribute
      Name="RequestorPersonName"
      IsPersistent="false"
      Precision="500"
      Type="java.lang.String"
      AliasName="REQUESTOR_PERSON_NAME"
      ColumnType="VARCHAR2"
      Expression="REQUESTOR_PERSON_NAME"
      SQLType="VARCHAR" >
      <DesignTime>
         <Attr Name="_DisplaySize" Value="500" />
      </DesignTime>
   </ViewAttribute>
   <ViewAttribute
      Name="ApproverPersonId"
      IsPersistent="false"
      Precision="15"
      Scale="0"
      Type="oracle.jbo.domain.Number"
      AliasName="APPROVER_PERSON_ID"
      ColumnType="VARCHAR2"
      Expression="APPROVER_PERSON_ID"
      SQLType="NUMERIC" >
      <DesignTime>
         <Attr Name="_DisplaySize" Value="22" />
      </DesignTime>
   </ViewAttribute>
   <ViewAttribute
      Name="ApproverPersonName"
      IsPersistent="false"
      Precision="500"
      Type="java.lang.String"
      AliasName="APPROVER_PERSON_NAME"
      ColumnType="VARCHAR2"
      Expression="APPROVER_PERSON_NAME"
      SQLType="VARCHAR" >
      <DesignTime>
         <Attr Name="_DisplaySize" Value="500" />
      </DesignTime>
   </ViewAttribute>
   <ViewAttribute
      Name="RequestDate"
      IsPersistent="false"
      Type="oracle.jbo.domain.Date"
      AliasName="REQUEST_DATE"
      ColumnType="VARCHAR2"
      Expression="REQUEST_DATE"
      SQLType="DATE" >
      <DesignTime>
         <Attr Name="_DisplaySize" Value="7" />
      </DesignTime>
   </ViewAttribute>
   <ViewAttribute
      Name="ApprovalDate"
      IsPersistent="false"
      Type="oracle.jbo.domain.Date"
      AliasName="APPROVAL_DATE"
      ColumnType="VARCHAR2"
      Expression="APPROVAL_DATE"
      SQLType="DATE" >
      <DesignTime>
         <Attr Name="_DisplaySize" Value="7" />
      </DesignTime>
   </ViewAttribute>
   <ViewAttribute
      Name="RejectionDate"
      IsPersistent="false"
      Type="oracle.jbo.domain.Date"
      AliasName="REJECTION_DATE"
      ColumnType="VARCHAR2"
      Expression="REJECTION_DATE"
      SQLType="DATE" >
      <DesignTime>
         <Attr Name="_DisplaySize" Value="7" />
      </DesignTime>
   </ViewAttribute>
   <ViewAttribute
      Name="AccountApproverPersonId"
      IsPersistent="false"
      Precision="15"
      Scale="0"
      Type="oracle.jbo.domain.Number"
      AliasName="ACCOUNT_APPROVER_PERSON_ID"
      ColumnType="VARCHAR2"
      Expression="ACCOUNT_APPROVER_PERSON_ID"
      SQLType="NUMERIC" >
      <DesignTime>
         <Attr Name="_DisplaySize" Value="22" />
      </DesignTime>
   </ViewAttribute>
   <ViewAttribute
      Name="AccountApprovalDate"
      IsPersistent="false"
      Type="oracle.jbo.domain.Date"
      AliasName="ACCOUNT_APPROVAL_DATE"
      ColumnType="VARCHAR2"
      Expression="ACCOUNT_APPROVAL_DATE"
      SQLType="DATE" >
      <DesignTime>
         <Attr Name="_DisplaySize" Value="7" />
      </DesignTime>
   </ViewAttribute>
   <ViewAttribute
      Name="ApForwordDate"
      IsPersistent="false"
      Type="oracle.jbo.domain.Date"
      AliasName="AP_FORWORD_DATE"
      ColumnType="VARCHAR2"
      Expression="AP_FORWORD_DATE"
      SQLType="DATE" >
      <DesignTime>
         <Attr Name="_DisplaySize" Value="7" />
      </DesignTime>
   </ViewAttribute>
   <ViewAttribute
      Name="RecognitionClass"
      IsPersistent="false"
      Type="oracle.jbo.domain.Number"
      AliasName="RECOGNITION_CLASS"
      ColumnType="VARCHAR2"
      Expression="RECOGNITION_CLASS"
      SQLType="NUMERIC" >
      <DesignTime>
         <Attr Name="_DisplaySize" Value="22" />
      </DesignTime>
   </ViewAttribute>
   <ViewAttribute
      Name="ApproverComments"
      IsPersistent="false"
      Precision="240"
      Type="java.lang.String"
      AliasName="APPROVER_COMMENTS"
      ColumnType="VARCHAR2"
      Expression="APPROVER_COMMENTS"
      SQLType="VARCHAR" >
      <DesignTime>
         <Attr Name="_DisplaySize" Value="240" />
      </DesignTime>
   </ViewAttribute>
   <ViewAttribute
      Name="RequestEnableFlag"
      IsPersistent="false"
      IsNotNull="true"
      Precision="1"
      Type="java.lang.String"
      AliasName="REQUEST_ENABLE_FLAG"
      ColumnType="VARCHAR2"
      Expression="REQUEST_ENABLE_FLAG"
      SQLType="VARCHAR" >
      <DesignTime>
         <Attr Name="_DisplaySize" Value="1" />
      </DesignTime>
   </ViewAttribute>
   <ViewAttribute
      Name="AccountRevisionFlag"
      IsPersistent="false"
      IsNotNull="true"
      Precision="1"
      Type="java.lang.String"
      AliasName="ACCOUNT_REVISION_FLAG"
      ColumnType="VARCHAR2"
      Expression="ACCOUNT_REVISION_FLAG"
      SQLType="VARCHAR" >
      <DesignTime>
         <Attr Name="_DisplaySize" Value="1" />
      </DesignTime>
   </ViewAttribute>
   <ViewAttribute
      Name="InvoiceDate"
      IsPersistent="false"
      IsNotNull="true"
      Type="oracle.jbo.domain.Date"
      AliasName="INVOICE_DATE"
      ColumnType="VARCHAR2"
      Expression="INVOICE_DATE"
      SQLType="DATE" >
      <DesignTime>
         <Attr Name="_DisplaySize" Value="7" />
      </DesignTime>
   </ViewAttribute>
   <ViewAttribute
      Name="VendorId"
      IsPersistent="false"
      IsNotNull="true"
      Precision="15"
      Scale="0"
      Type="oracle.jbo.domain.Number"
      AliasName="VENDOR_ID"
      ColumnType="VARCHAR2"
      Expression="VENDOR_ID"
      SQLType="NUMERIC" >
      <DesignTime>
         <Attr Name="_DisplaySize" Value="22" />
      </DesignTime>
   </ViewAttribute>
   <ViewAttribute
      Name="VendorName"
      IsPersistent="false"
      Precision="500"
      Type="java.lang.String"
      AliasName="VENDOR_NAME"
      ColumnType="VARCHAR2"
      Expression="VENDOR_NAME"
      SQLType="VARCHAR" >
      <DesignTime>
         <Attr Name="_DisplaySize" Value="500" />
      </DesignTime>
   </ViewAttribute>
   <ViewAttribute
      Name="VendorSiteId"
      IsPersistent="false"
      IsNotNull="true"
      Precision="15"
      Scale="0"
      Type="oracle.jbo.domain.Number"
      AliasName="VENDOR_SITE_ID"
      ColumnType="VARCHAR2"
      Expression="VENDOR_SITE_ID"
      SQLType="NUMERIC" >
      <DesignTime>
         <Attr Name="_DisplaySize" Value="22" />
      </DesignTime>
   </ViewAttribute>
   <ViewAttribute
      Name="VendorSiteName"
      IsPersistent="false"
      Precision="500"
      Type="java.lang.String"
      AliasName="VENDOR_SITE_NAME"
      ColumnType="VARCHAR2"
      Expression="VENDOR_SITE_NAME"
      SQLType="VARCHAR" >
      <DesignTime>
         <Attr Name="_DisplaySize" Value="500" />
      </DesignTime>
   </ViewAttribute>
   <ViewAttribute
      Name="BankFullName"
      IsPersistent="false"
      Precision="159"
      Type="java.lang.String"
      AliasName="BANK_FULL_NAME"
      ColumnType="VARCHAR2"
      Expression="BANK_FULL_NAME"
      SQLType="VARCHAR" >
      <DesignTime>
         <Attr Name="_DisplaySize" Value="159" />
      </DesignTime>
   </ViewAttribute>
   <ViewAttribute
      Name="InvAmount"
      IsPersistent="false"
      Precision="4000"
      Type="java.lang.String"
      AliasName="INV_AMOUNT"
      ColumnType="VARCHAR2"
      Expression="INV_AMOUNT"
      SQLType="VARCHAR" >
      <DesignTime>
         <Attr Name="_DisplaySize" Value="4000" />
      </DesignTime>
   </ViewAttribute>
   <ViewAttribute
      Name="InvAccountedAmount"
      IsPersistent="false"
      Precision="4000"
      Type="java.lang.String"
      AliasName="INV_ACCOUNTED_AMOUNT"
      ColumnType="VARCHAR2"
      Expression="INV_ACCOUNTED_AMOUNT"
      SQLType="VARCHAR" >
      <DesignTime>
         <Attr Name="_DisplaySize" Value="4000" />
      </DesignTime>
   </ViewAttribute>
   <ViewAttribute
      Name="InvItemAmount"
      IsPersistent="false"
      Precision="4000"
      Type="java.lang.String"
      AliasName="INV_ITEM_AMOUNT"
      ColumnType="VARCHAR2"
      Expression="INV_ITEM_AMOUNT"
      SQLType="VARCHAR" >
      <DesignTime>
         <Attr Name="_DisplaySize" Value="4000" />
      </DesignTime>
   </ViewAttribute>
   <ViewAttribute
      Name="InvTaxAmount"
      IsPersistent="false"
      Precision="4000"
      Type="java.lang.String"
      AliasName="INV_TAX_AMOUNT"
      ColumnType="VARCHAR2"
      Expression="INV_TAX_AMOUNT"
      SQLType="VARCHAR" >
      <DesignTime>
         <Attr Name="_DisplaySize" Value="4000" />
      </DesignTime>
   </ViewAttribute>
   <ViewAttribute
      Name="InvPrepayAmount"
      IsPersistent="false"
      Precision="4000"
      Type="java.lang.String"
      AliasName="INV_PREPAY_AMOUNT"
      ColumnType="VARCHAR2"
      Expression="INV_PREPAY_AMOUNT"
      SQLType="VARCHAR" >
      <DesignTime>
         <Attr Name="_DisplaySize" Value="4000" />
      </DesignTime>
   </ViewAttribute>
   <ViewAttribute
      Name="InvoiceCurrencyCode"
      IsPersistent="false"
      IsNotNull="true"
      Precision="15"
      Type="java.lang.String"
      AliasName="INVOICE_CURRENCY_CODE"
      ColumnType="VARCHAR2"
      Expression="INVOICE_CURRENCY_CODE"
      SQLType="VARCHAR" >
      <DesignTime>
         <Attr Name="_DisplaySize" Value="15" />
      </DesignTime>
   </ViewAttribute>
   <ViewAttribute
      Name="ExchangeRate"
      IsPersistent="false"
      Type="oracle.jbo.domain.Number"
      AliasName="EXCHANGE_RATE"
      ColumnType="VARCHAR2"
      Expression="EXCHANGE_RATE"
      SQLType="NUMERIC" >
      <DesignTime>
         <Attr Name="_DisplaySize" Value="22" />
      </DesignTime>
   </ViewAttribute>
   <ViewAttribute
      Name="ExchangeRateType"
      IsPersistent="false"
      Precision="30"
      Type="java.lang.String"
      AliasName="EXCHANGE_RATE_TYPE"
      ColumnType="VARCHAR2"
      Expression="EXCHANGE_RATE_TYPE"
      SQLType="VARCHAR" >
      <DesignTime>
         <Attr Name="_DisplaySize" Value="30" />
      </DesignTime>
   </ViewAttribute>
   <ViewAttribute
      Name="ExchangeRateTypeName"
      IsPersistent="false"
      Precision="500"
      Type="java.lang.String"
      AliasName="EXCHANGE_RATE_TYPE_NAME"
      ColumnType="VARCHAR2"
      Expression="EXCHANGE_RATE_TYPE_NAME"
      SQLType="VARCHAR" >
      <DesignTime>
         <Attr Name="_DisplaySize" Value="500" />
      </DesignTime>
   </ViewAttribute>
   <ViewAttribute
      Name="TermsId"
      IsPersistent="false"
      IsNotNull="true"
      Precision="15"
      Scale="0"
      Type="oracle.jbo.domain.Number"
      AliasName="TERMS_ID"
      ColumnType="VARCHAR2"
      Expression="TERMS_ID"
      SQLType="NUMERIC" >
      <DesignTime>
         <Attr Name="_DisplaySize" Value="22" />
      </DesignTime>
   </ViewAttribute>
   <ViewAttribute
      Name="TermsName"
      IsPersistent="false"
      Precision="500"
      Type="java.lang.String"
      AliasName="TERMS_NAME"
      ColumnType="VARCHAR2"
      Expression="TERMS_NAME"
      SQLType="VARCHAR" >
      <DesignTime>
         <Attr Name="_DisplaySize" Value="500" />
      </DesignTime>
   </ViewAttribute>
   <ViewAttribute
      Name="Description"
      IsPersistent="false"
      Precision="240"
      Type="java.lang.String"
      AliasName="DESCRIPTION"
      ColumnType="VARCHAR2"
      Expression="DESCRIPTION"
      SQLType="VARCHAR" >
      <DesignTime>
         <Attr Name="_DisplaySize" Value="240" />
      </DesignTime>
   </ViewAttribute>
   <ViewAttribute
      Name="VendorInvoiceNum"
      IsPersistent="false"
      Precision="150"
      Type="java.lang.String"
      AliasName="VENDOR_INVOICE_NUM"
      ColumnType="VARCHAR2"
      Expression="VENDOR_INVOICE_NUM"
      SQLType="VARCHAR" >
      <DesignTime>
         <Attr Name="_DisplaySize" Value="150" />
      </DesignTime>
   </ViewAttribute>
   <ViewAttribute
      Name="EntryDepartment"
      IsPersistent="false"
      IsNotNull="true"
      Precision="150"
      Type="java.lang.String"
      AliasName="ENTRY_DEPARTMENT"
      ColumnType="VARCHAR2"
      Expression="ENTRY_DEPARTMENT"
      SQLType="VARCHAR" >
      <DesignTime>
         <Attr Name="_DisplaySize" Value="150" />
      </DesignTime>
   </ViewAttribute>
   <ViewAttribute
      Name="EntryDepartmentName"
      IsPersistent="false"
      Precision="4000"
      Type="java.lang.String"
      AliasName="ENTRY_DEPARTMENT_NAME"
      ColumnType="VARCHAR2"
      Expression="ENTRY_DEPARTMENT_NAME"
      SQLType="VARCHAR" >
      <DesignTime>
         <Attr Name="_DisplaySize" Value="4000" />
      </DesignTime>
   </ViewAttribute>
   <ViewAttribute
      Name="EntryPersonId"
      IsPersistent="false"
      IsNotNull="true"
      Precision="15"
      Scale="0"
      Type="oracle.jbo.domain.Number"
      AliasName="ENTRY_PERSON_ID"
      ColumnType="VARCHAR2"
      Expression="ENTRY_PERSON_ID"
      SQLType="NUMERIC" >
      <DesignTime>
         <Attr Name="_DisplaySize" Value="22" />
      </DesignTime>
   </ViewAttribute>
   <ViewAttribute
      Name="EmployeeDisp"
      IsPersistent="false"
      Precision="4000"
      Type="java.lang.String"
      AliasName="EMPLOYEE_DISP"
      ColumnType="VARCHAR2"
      Expression="EMPLOYEE_DISP"
      SQLType="VARCHAR" >
      <DesignTime>
         <Attr Name="_DisplaySize" Value="4000" />
      </DesignTime>
   </ViewAttribute>
   <ViewAttribute
      Name="OrigInvoiceNum"
      IsPersistent="false"
      Precision="150"
      Type="java.lang.String"
      AliasName="ORIG_INVOICE_NUM"
      ColumnType="VARCHAR2"
      Expression="ORIG_INVOICE_NUM"
      SQLType="VARCHAR" >
      <DesignTime>
         <Attr Name="_DisplaySize" Value="150" />
      </DesignTime>
   </ViewAttribute>
   <ViewAttribute
      Name="AccountApprovalFlag"
      IsPersistent="false"
      IsNotNull="true"
      Precision="1"
      Type="java.lang.String"
      AliasName="ACCOUNT_APPROVAL_FLAG"
      ColumnType="VARCHAR2"
      Expression="ACCOUNT_APPROVAL_FLAG"
      SQLType="VARCHAR" >
      <DesignTime>
         <Attr Name="_DisplaySize" Value="1" />
      </DesignTime>
   </ViewAttribute>
   <ViewAttribute
      Name="PayGroupLookupCode"
      IsPersistent="false"
      IsNotNull="true"
      Precision="25"
      Type="java.lang.String"
      AliasName="PAY_GROUP_LOOKUP_CODE"
      ColumnType="VARCHAR2"
      Expression="PAY_GROUP_LOOKUP_CODE"
      SQLType="VARCHAR" >
      <DesignTime>
         <Attr Name="_DisplaySize" Value="25" />
      </DesignTime>
   </ViewAttribute>
   <ViewAttribute
      Name="PayGroupLookupName"
      IsPersistent="false"
      Precision="500"
      Type="java.lang.String"
      AliasName="PAY_GROUP_LOOKUP_NAME"
      ColumnType="VARCHAR2"
      Expression="PAY_GROUP_LOOKUP_NAME"
      SQLType="VARCHAR" >
      <DesignTime>
         <Attr Name="_DisplaySize" Value="500" />
      </DesignTime>
   </ViewAttribute>
   <ViewAttribute
      Name="GlDate"
      IsPersistent="false"
      IsNotNull="true"
      Type="oracle.jbo.domain.Date"
      AliasName="GL_DATE"
      ColumnType="VARCHAR2"
      Expression="GL_DATE"
      SQLType="DATE" >
      <DesignTime>
         <Attr Name="_DisplaySize" Value="7" />
      </DesignTime>
   </ViewAttribute>
   <ViewAttribute
      Name="AcctsPayCodeCombinationId"
      IsPersistent="false"
      Precision="15"
      Scale="0"
      Type="oracle.jbo.domain.Number"
      AliasName="ACCTS_PAY_CODE_COMBINATION_ID"
      ColumnType="VARCHAR2"
      Expression="ACCTS_PAY_CODE_COMBINATION_ID"
      SQLType="NUMERIC" >
      <DesignTime>
         <Attr Name="_DisplaySize" Value="22" />
      </DesignTime>
   </ViewAttribute>
   <ViewAttribute
      Name="AutoTaxCalcFlag"
      IsPersistent="false"
      Precision="1"
      Type="java.lang.String"
      AliasName="AUTO_TAX_CALC_FLAG"
      ColumnType="VARCHAR2"
      Expression="AUTO_TAX_CALC_FLAG"
      SQLType="VARCHAR" >
      <DesignTime>
         <Attr Name="_DisplaySize" Value="1" />
      </DesignTime>
   </ViewAttribute>
   <ViewAttribute
      Name="ApTaxRoundingRule"
      IsPersistent="false"
      Precision="1"
      Type="java.lang.String"
      AliasName="AP_TAX_ROUNDING_RULE"
      ColumnType="VARCHAR2"
      Expression="AP_TAX_ROUNDING_RULE"
      SQLType="VARCHAR" >
      <DesignTime>
         <Attr Name="_DisplaySize" Value="1" />
      </DesignTime>
   </ViewAttribute>
   <ViewAttribute
      Name="PrepayNum"
      IsPersistent="false"
      Precision="50"
      Type="java.lang.String"
      AliasName="PREPAY_NUM"
      ColumnType="VARCHAR2"
      Expression="PREPAY_NUM"
      SQLType="VARCHAR" >
      <DesignTime>
         <Attr Name="_DisplaySize" Value="50" />
      </DesignTime>
   </ViewAttribute>
   <ViewAttribute
      Name="TermsDate"
      IsPersistent="false"
      IsNotNull="true"
      Type="oracle.jbo.domain.Date"
      AliasName="TERMS_DATE"
      ColumnType="VARCHAR2"
      Expression="TERMS_DATE"
      SQLType="DATE" >
      <DesignTime>
         <Attr Name="_DisplaySize" Value="7" />
      </DesignTime>
   </ViewAttribute>
   <ViewAttribute
      Name="OrgId"
      IsPersistent="false"
      IsNotNull="true"
      Precision="15"
      Scale="0"
      Type="oracle.jbo.domain.Number"
      AliasName="ORG_ID"
      ColumnType="VARCHAR2"
      Expression="ORG_ID"
      SQLType="NUMERIC" >
      <DesignTime>
         <Attr Name="_DisplaySize" Value="22" />
      </DesignTime>
   </ViewAttribute>
   <ViewAttribute
      Name="AttributeCategory"
      IsPersistent="false"
      Precision="150"
      Type="java.lang.String"
      AliasName="ATTRIBUTE_CATEGORY"
      ColumnType="VARCHAR2"
      Expression="ATTRIBUTE_CATEGORY"
      SQLType="VARCHAR" >
      <DesignTime>
         <Attr Name="_DisplaySize" Value="150" />
      </DesignTime>
   </ViewAttribute>
   <ViewAttribute
      Name="Attribute1"
      IsPersistent="false"
      Precision="150"
      Type="java.lang.String"
      AliasName="ATTRIBUTE1"
      ColumnType="VARCHAR2"
      Expression="ATTRIBUTE1"
      SQLType="VARCHAR" >
      <DesignTime>
         <Attr Name="_DisplaySize" Value="150" />
      </DesignTime>
   </ViewAttribute>
   <ViewAttribute
      Name="Attribute2"
      IsPersistent="false"
      Precision="150"
      Type="java.lang.String"
      AliasName="ATTRIBUTE2"
      ColumnType="VARCHAR2"
      Expression="ATTRIBUTE2"
      SQLType="VARCHAR" >
      <DesignTime>
         <Attr Name="_DisplaySize" Value="150" />
      </DesignTime>
   </ViewAttribute>
   <ViewAttribute
      Name="Attribute3"
      IsPersistent="false"
      Precision="150"
      Type="java.lang.String"
      AliasName="ATTRIBUTE3"
      ColumnType="VARCHAR2"
      Expression="ATTRIBUTE3"
      SQLType="VARCHAR" >
      <DesignTime>
         <Attr Name="_DisplaySize" Value="150" />
      </DesignTime>
   </ViewAttribute>
   <ViewAttribute
      Name="Attribute4"
      IsPersistent="false"
      Precision="150"
      Type="java.lang.String"
      AliasName="ATTRIBUTE4"
      ColumnType="VARCHAR2"
      Expression="ATTRIBUTE4"
      SQLType="VARCHAR" >
      <DesignTime>
         <Attr Name="_DisplaySize" Value="150" />
      </DesignTime>
   </ViewAttribute>
   <ViewAttribute
      Name="Attribute5"
      IsPersistent="false"
      Precision="150"
      Type="java.lang.String"
      AliasName="ATTRIBUTE5"
      ColumnType="VARCHAR2"
      Expression="ATTRIBUTE5"
      SQLType="VARCHAR" >
      <DesignTime>
         <Attr Name="_DisplaySize" Value="150" />
      </DesignTime>
   </ViewAttribute>
   <ViewAttribute
      Name="Attribute6"
      IsPersistent="false"
      Precision="150"
      Type="java.lang.String"
      AliasName="ATTRIBUTE6"
      ColumnType="VARCHAR2"
      Expression="ATTRIBUTE6"
      SQLType="VARCHAR" >
      <DesignTime>
         <Attr Name="_DisplaySize" Value="150" />
      </DesignTime>
   </ViewAttribute>
   <ViewAttribute
      Name="Attribute7"
      IsPersistent="false"
      Precision="150"
      Type="java.lang.String"
      AliasName="ATTRIBUTE7"
      ColumnType="VARCHAR2"
      Expression="ATTRIBUTE7"
      SQLType="VARCHAR" >
      <DesignTime>
         <Attr Name="_DisplaySize" Value="150" />
      </DesignTime>
   </ViewAttribute>
   <ViewAttribute
      Name="Attribute8"
      IsPersistent="false"
      Precision="150"
      Type="java.lang.String"
      AliasName="ATTRIBUTE8"
      ColumnType="VARCHAR2"
      Expression="ATTRIBUTE8"
      SQLType="VARCHAR" >
      <DesignTime>
         <Attr Name="_DisplaySize" Value="150" />
      </DesignTime>
   </ViewAttribute>
   <ViewAttribute
      Name="Attribute9"
      IsPersistent="false"
      Precision="150"
      Type="java.lang.String"
      AliasName="ATTRIBUTE9"
      ColumnType="VARCHAR2"
      Expression="ATTRIBUTE9"
      SQLType="VARCHAR" >
      <DesignTime>
         <Attr Name="_DisplaySize" Value="150" />
      </DesignTime>
   </ViewAttribute>
   <ViewAttribute
      Name="Attribute10"
      IsPersistent="false"
      Precision="150"
      Type="java.lang.String"
      AliasName="ATTRIBUTE10"
      ColumnType="VARCHAR2"
      Expression="ATTRIBUTE10"
      SQLType="VARCHAR" >
      <DesignTime>
         <Attr Name="_DisplaySize" Value="150" />
      </DesignTime>
   </ViewAttribute>
   <ViewAttribute
      Name="Attribute11"
      IsPersistent="false"
      Precision="150"
      Type="java.lang.String"
      AliasName="ATTRIBUTE11"
      ColumnType="VARCHAR2"
      Expression="ATTRIBUTE11"
      SQLType="VARCHAR" >
      <DesignTime>
         <Attr Name="_DisplaySize" Value="150" />
      </DesignTime>
   </ViewAttribute>
   <ViewAttribute
      Name="Attribute12"
      IsPersistent="false"
      Precision="150"
      Type="java.lang.String"
      AliasName="ATTRIBUTE12"
      ColumnType="VARCHAR2"
      Expression="ATTRIBUTE12"
      SQLType="VARCHAR" >
      <DesignTime>
         <Attr Name="_DisplaySize" Value="150" />
      </DesignTime>
   </ViewAttribute>
   <ViewAttribute
      Name="Attribute13"
      IsPersistent="false"
      Precision="150"
      Type="java.lang.String"
      AliasName="ATTRIBUTE13"
      ColumnType="VARCHAR2"
      Expression="ATTRIBUTE13"
      SQLType="VARCHAR" >
      <DesignTime>
         <Attr Name="_DisplaySize" Value="150" />
      </DesignTime>
   </ViewAttribute>
   <ViewAttribute
      Name="Attribute14"
      IsPersistent="false"
      Precision="150"
      Type="java.lang.String"
      AliasName="ATTRIBUTE14"
      ColumnType="VARCHAR2"
      Expression="ATTRIBUTE14"
      SQLType="VARCHAR" >
      <DesignTime>
         <Attr Name="_DisplaySize" Value="150" />
      </DesignTime>
   </ViewAttribute>
   <ViewAttribute
      Name="Attribute15"
      IsPersistent="false"
      Precision="150"
      Type="java.lang.String"
      AliasName="ATTRIBUTE15"
      ColumnType="VARCHAR2"
      Expression="ATTRIBUTE15"
      SQLType="VARCHAR" >
      <DesignTime>
         <Attr Name="_DisplaySize" Value="150" />
      </DesignTime>
   </ViewAttribute>
   <ViewAttribute
      Name="CreatedBy"
      IsPersistent="false"
      IsNotNull="true"
      Precision="15"
      Scale="0"
      Type="oracle.jbo.domain.Number"
      AliasName="CREATED_BY"
      ColumnType="VARCHAR2"
      Expression="CREATED_BY"
      SQLType="NUMERIC" >
      <DesignTime>
         <Attr Name="_DisplaySize" Value="22" />
      </DesignTime>
   </ViewAttribute>
   <ViewAttribute
      Name="CreationDate"
      IsPersistent="false"
      IsNotNull="true"
      Type="oracle.jbo.domain.Date"
      AliasName="CREATION_DATE"
      ColumnType="VARCHAR2"
      Expression="CREATION_DATE"
      SQLType="DATE" >
      <DesignTime>
         <Attr Name="_DisplaySize" Value="7" />
      </DesignTime>
   </ViewAttribute>
   <ViewAttribute
      Name="LastUpdatedBy"
      IsPersistent="false"
      IsNotNull="true"
      Precision="15"
      Scale="0"
      Type="oracle.jbo.domain.Number"
      AliasName="LAST_UPDATED_BY"
      ColumnType="VARCHAR2"
      Expression="LAST_UPDATED_BY"
      SQLType="NUMERIC" >
      <DesignTime>
         <Attr Name="_DisplaySize" Value="22" />
      </DesignTime>
   </ViewAttribute>
   <ViewAttribute
      Name="LastUpdateDate"
      IsPersistent="false"
      IsNotNull="true"
      Type="oracle.jbo.domain.Date"
      AliasName="LAST_UPDATE_DATE"
      ColumnType="VARCHAR2"
      Expression="LAST_UPDATE_DATE"
      SQLType="DATE" >
      <DesignTime>
         <Attr Name="_DisplaySize" Value="7" />
      </DesignTime>
   </ViewAttribute>
   <ViewAttribute
      Name="LastUpdateLogin"
      IsPersistent="false"
      Precision="15"
      Scale="0"
      Type="oracle.jbo.domain.Number"
      AliasName="LAST_UPDATE_LOGIN"
      ColumnType="VARCHAR2"
      Expression="LAST_UPDATE_LOGIN"
      SQLType="NUMERIC" >
      <DesignTime>
         <Attr Name="_DisplaySize" Value="22" />
      </DesignTime>
   </ViewAttribute>
   <ViewAttribute
      Name="RequestId"
      IsPersistent="false"
      Precision="15"
      Scale="0"
      Type="oracle.jbo.domain.Number"
      AliasName="REQUEST_ID"
      ColumnType="VARCHAR2"
      Expression="REQUEST_ID"
      SQLType="NUMERIC" >
      <DesignTime>
         <Attr Name="_DisplaySize" Value="22" />
      </DesignTime>
   </ViewAttribute>
   <ViewAttribute
      Name="ProgramApplicationId"
      IsPersistent="false"
      Precision="15"
      Scale="0"
      Type="oracle.jbo.domain.Number"
      AliasName="PROGRAM_APPLICATION_ID"
      ColumnType="VARCHAR2"
      Expression="PROGRAM_APPLICATION_ID"
      SQLType="NUMERIC" >
      <DesignTime>
         <Attr Name="_DisplaySize" Value="22" />
      </DesignTime>
   </ViewAttribute>
   <ViewAttribute
      Name="ProgramId"
      IsPersistent="false"
      Precision="15"
      Scale="0"
      Type="oracle.jbo.domain.Number"
      AliasName="PROGRAM_ID"
      ColumnType="VARCHAR2"
      Expression="PROGRAM_ID"
      SQLType="NUMERIC" >
      <DesignTime>
         <Attr Name="_DisplaySize" Value="22" />
      </DesignTime>
   </ViewAttribute>
   <ViewAttribute
      Name="ProgramUpdateDate"
      IsPersistent="false"
      Type="oracle.jbo.domain.Date"
      AliasName="PROGRAM_UPDATE_DATE"
      ColumnType="VARCHAR2"
      Expression="PROGRAM_UPDATE_DATE"
      SQLType="DATE" >
      <DesignTime>
         <Attr Name="_DisplaySize" Value="7" />
      </DesignTime>
   </ViewAttribute>
   <ViewAttribute
      Name="DeleteFlag"
      IsPersistent="false"
      Precision="1"
      Type="java.lang.String"
      AliasName="DELETE_FLAG"
      ColumnType="VARCHAR2"
      Expression="DELETE_FLAG"
      SQLType="VARCHAR" >
      <DesignTime>
         <Attr Name="_DisplaySize" Value="1" />
      </DesignTime>
   </ViewAttribute>
   <ViewAttribute
      Name="FormSelectFlag"
      IsPersistent="false"
      Precision="1"
      Type="java.lang.String"
      AliasName="FORM_SELECT_FLAG"
      ColumnType="VARCHAR2"
      Expression="FORM_SELECT_FLAG"
      SQLType="VARCHAR" >
      <DesignTime>
         <Attr Name="_DisplaySize" Value="1" />
      </DesignTime>
   </ViewAttribute>
</ViewObject>
