<?xml version="1.0" encoding='Shift_JIS'?>
<!DOCTYPE ViewObject SYSTEM "jbo_03_01.dtd">

<ViewObject
   Name="XX03VendorBankInfoVO"
   BindingStyle="Oracle"
   CustomQuery="true"
   RowClass="oracle.apps.fnd.framework.server.OAViewRowImpl"
   ComponentClass="oracle.apps.xx03.ap.server.XX03VendorBankInfoVOImpl"
   MsgBundleClass="oracle.jbo.common.JboResourceBundle"
   UseGlueCode="false" >
   <SQLQuery><![CDATA[
SELECT XVSV.VENDOR_ID,
       XVSV.VENDOR_SITE_ID,
       XVSV.BANK_FULL_NAME
  FROM XX03_VENDOR_SITES_LOV_V XVSV
 WHERE XVSV.VENDOR_SITE_ID = :1
   ]]></SQLQuery>
   <DesignTime>
      <Attr Name="_version" Value="9.0.3.11.44" />
      <Attr Name="_CodeGenFlagNew" Value="36" />
   </DesignTime>
   <ViewAttribute
      Name="VendorId"
      IsPersistent="false"
      IsNotNull="true"
      Type="oracle.jbo.domain.Number"
      AliasName="VENDOR_ID"
      ColumnType="VARCHAR2"
      Expression="VENDOR_ID"
      SQLType="NUMERIC" >
      <DesignTime>
         <Attr Name="_DisplaySize" Value="22" />
      </DesignTime>
   </ViewAttribute>
   <ViewAttribute
      Name="VendorSiteId"
      IsPersistent="false"
      IsNotNull="true"
      Type="oracle.jbo.domain.Number"
      AliasName="VENDOR_SITE_ID"
      ColumnType="VARCHAR2"
      Expression="VENDOR_SITE_ID"
      SQLType="NUMERIC" >
      <DesignTime>
         <Attr Name="_DisplaySize" Value="22" />
      </DesignTime>
   </ViewAttribute>
   <ViewAttribute
      Name="BankFullName"
      IsPersistent="false"
      Precision="159"
      Type="java.lang.String"
      AliasName="BANK_FULL_NAME"
      ColumnType="VARCHAR2"
      Expression="BANK_FULL_NAME"
      SQLType="VARCHAR" >
      <DesignTime>
         <Attr Name="_DisplaySize" Value="159" />
      </DesignTime>
   </ViewAttribute>
</ViewObject>
