<?xml version="1.0" encoding='Shift_JIS'?>
<!DOCTYPE ViewObject SYSTEM "jbo_03_01.dtd">

<ViewObject
   Name="XX03InvoiceSearchConditionVO"
   BindingStyle="Oracle"
   CustomQuery="true"
   RowClass="oracle.apps.xx03.ap.server.XX03InvoiceSearchConditionVORowImpl"
   ComponentClass="oracle.apps.xx03.ap.server.XX03InvoiceSearchConditionVOImpl"
   MsgBundleClass="oracle.jbo.common.JboResourceBundle"
   FetchMode="FETCH_AS_NEEDED"
   UseGlueCode="false" >
   <SQLQuery><![CDATA[
SELECT
    xpsv.INVOICE_ID invoice_id,
    xpsv.ENTRY_DEPARTMENT entry_department,
    xpsv.ENTRY_PERSON_ID entry_person_id,
    xpsv.WF_STATUS wf_status,
    xpsv.SLIP_TYPE slip_type,
    xpsv.INVOICE_NUM invoice_num,
    xpsv.APPROVER_PERSON_ID approver_person_id,
    xpsv.VENDOR_ID vendor_id,
    xpsv.VENDOR_INVOICE_NUM vendor_invoice_num,
    xpsv.PAY_GROUP_LOOKUP_CODE pay_group_lookup_code,
    xpsv.TERMS_DATE terms_date_start,
    xpsv.TERMS_DATE terms_date_end,
    xpsv.INVOICE_DATE invoice_date_start,
    xpsv.INVOICE_DATE invoice_date_end,
    xpsv.GL_DATE gl_date_start,
    xpsv.GL_DATE gl_date_end,
    xpsv.ENTRY_DATE entry_date_start,
    xpsv.ENTRY_DATE entry_date_end,
    xpsv.ENTRY_DEPARTMENT_NAME entry_department_name,
    xpsv.VENDOR_NAME vendor_name,
    xpsv.EMPLOYEE_DISP employee_disp,
    xpsv.SLIP_TYPE_NAME slip_type_name,
    xpsv.EMPLOYEE_DISP employee_disp_approver,
    xpsv.PAY_GROUP_LOOKUP_NAME pay_group_lookup_name,
    xpslv.SEGMENT2 segment2,
    xpslv.SEGMENT3 segmrnt3,
    xpslv.RECON_REFERENCE recon_reference,
    xpslv.SEGMENT2_NAME segment2_name,
    xpslv.SEGMENT3_NAME segment3_name
FROM
    XX03_PAYMENT_SLIPS_V xpsv,
    XX03_PAYMENT_SLIP_LINES_V xpslv
WHERE
    NULL IS NOT NULL
   ]]></SQLQuery>
   <DesignTime>
      <Attr Name="_isCodegen" Value="true" />
      <Attr Name="_version" Value="9.0.3.11.44" />
      <Attr Name="_CodeGenFlagNew" Value="36" />
   </DesignTime>
   <EntityUsage
      Name="XX03PaymentSlipsEO"
      Entity="oracle.apps.xx03.ap.server.XX03PaymentSlipsEO" >
      <DesignTime>
         <Attr Name="_EntireObjectTable" Value="false" />
         <Attr Name="_queryClause" Value="false" />
      </DesignTime>
   </EntityUsage>
   <EntityUsage
      Name="XX03PaymentSlipLinesEO"
      Entity="oracle.apps.xx03.ap.server.XX03PaymentSlipLinesEO"
      SourceUsage="oracle.apps.xx03.ap.server.XX03InvoiceSearchConditionVO.XX03PaymentSlipsEO"
      ReadOnly="true"
      Reference="true" >
      <DesignTime>
         <Attr Name="_EntireObjectTable" Value="false" />
         <Attr Name="_queryClause" Value="false" />
         <AttrArray Name="_srcAttributes">
            <Item Value="oracle.apps.xx03.ap.server.XX03PaymentSlipsEO.InvoiceId" />
            <Item Value="oracle.apps.xx03.ap.server.XX03PaymentSlipsEO.Description" />
            <Item Value="oracle.apps.xx03.ap.server.XX03PaymentSlipsEO.OrgId" />
         </AttrArray>
         <AttrArray Name="_dstAttributes">
            <Item Value="oracle.apps.xx03.ap.server.XX03PaymentSlipLinesEO.InvoiceId" />
            <Item Value="oracle.apps.xx03.ap.server.XX03PaymentSlipLinesEO.Description" />
            <Item Value="oracle.apps.xx03.ap.server.XX03PaymentSlipLinesEO.OrgId" />
         </AttrArray>
      </DesignTime>
   </EntityUsage>
   <ViewAttribute
      Name="InvoiceId"
      IsNotNull="true"
      EntityAttrName="InvoiceId"
      EntityUsage="XX03PaymentSlipsEO"
      AliasName="INVOICE_ID"
      ColumnType="VARCHAR2" >
   </ViewAttribute>
   <ViewAttribute
      Name="EntryDepartment"
      IsPersistent="false"
      IsNotNull="true"
      Precision="150"
      Type="java.lang.String"
      AliasName="ENTRY_DEPARTMENT"
      ColumnType="VARCHAR2"
      Expression="ENTRY_DEPARTMENT"
      SQLType="VARCHAR" >
      <DesignTime>
         <Attr Name="_DisplaySize" Value="150" />
      </DesignTime>
   </ViewAttribute>
   <ViewAttribute
      Name="EntryPersonId"
      IsPersistent="false"
      IsNotNull="true"
      Precision="15"
      Scale="0"
      Type="oracle.jbo.domain.Number"
      AliasName="ENTRY_PERSON_ID"
      ColumnType="VARCHAR2"
      Expression="ENTRY_PERSON_ID"
      SQLType="NUMERIC" >
      <DesignTime>
         <Attr Name="_DisplaySize" Value="22" />
      </DesignTime>
   </ViewAttribute>
   <ViewAttribute
      Name="WfStatus"
      IsPersistent="false"
      IsNotNull="true"
      Precision="25"
      Type="java.lang.String"
      AliasName="WF_STATUS"
      ColumnType="VARCHAR2"
      Expression="WF_STATUS"
      SQLType="VARCHAR" >
      <DesignTime>
         <Attr Name="_DisplaySize" Value="25" />
      </DesignTime>
   </ViewAttribute>
   <ViewAttribute
      Name="SlipType"
      IsPersistent="false"
      IsNotNull="true"
      Precision="25"
      Type="java.lang.String"
      AliasName="SLIP_TYPE"
      ColumnType="VARCHAR2"
      Expression="SLIP_TYPE"
      SQLType="VARCHAR" >
      <DesignTime>
         <Attr Name="_DisplaySize" Value="25" />
      </DesignTime>
   </ViewAttribute>
   <ViewAttribute
      Name="InvoiceNum"
      IsPersistent="false"
      IsNotNull="true"
      Precision="50"
      Type="java.lang.String"
      AliasName="INVOICE_NUM"
      ColumnType="VARCHAR2"
      Expression="INVOICE_NUM"
      SQLType="VARCHAR" >
      <DesignTime>
         <Attr Name="_DisplaySize" Value="50" />
      </DesignTime>
   </ViewAttribute>
   <ViewAttribute
      Name="ApproverPersonId"
      IsPersistent="false"
      Precision="15"
      Scale="0"
      Type="oracle.jbo.domain.Number"
      AliasName="APPROVER_PERSON_ID"
      ColumnType="VARCHAR2"
      Expression="APPROVER_PERSON_ID"
      SQLType="NUMERIC" >
      <DesignTime>
         <Attr Name="_DisplaySize" Value="22" />
      </DesignTime>
   </ViewAttribute>
   <ViewAttribute
      Name="VendorId"
      IsPersistent="false"
      IsNotNull="true"
      Precision="15"
      Scale="0"
      Type="oracle.jbo.domain.Number"
      AliasName="VENDOR_ID"
      ColumnType="VARCHAR2"
      Expression="VENDOR_ID"
      SQLType="NUMERIC" >
      <DesignTime>
         <Attr Name="_DisplaySize" Value="22" />
      </DesignTime>
   </ViewAttribute>
   <ViewAttribute
      Name="VendorInvoiceNum"
      IsPersistent="false"
      Precision="150"
      Type="java.lang.String"
      AliasName="VENDOR_INVOICE_NUM"
      ColumnType="VARCHAR2"
      Expression="VENDOR_INVOICE_NUM"
      SQLType="VARCHAR" >
      <DesignTime>
         <Attr Name="_DisplaySize" Value="150" />
      </DesignTime>
   </ViewAttribute>
   <ViewAttribute
      Name="PayGroupLookupCode"
      IsPersistent="false"
      IsNotNull="true"
      Precision="25"
      Type="java.lang.String"
      AliasName="PAY_GROUP_LOOKUP_CODE"
      ColumnType="VARCHAR2"
      Expression="PAY_GROUP_LOOKUP_CODE"
      SQLType="VARCHAR" >
      <DesignTime>
         <Attr Name="_DisplaySize" Value="25" />
      </DesignTime>
   </ViewAttribute>
   <ViewAttribute
      Name="TermsDateStart"
      IsPersistent="false"
      IsNotNull="true"
      Type="oracle.jbo.domain.Date"
      AliasName="TERMS_DATE_START"
      ColumnType="VARCHAR2"
      Expression="TERMS_DATE_START"
      SQLType="DATE" >
      <DesignTime>
         <Attr Name="_DisplaySize" Value="7" />
      </DesignTime>
   </ViewAttribute>
   <ViewAttribute
      Name="TermsDateEnd"
      IsPersistent="false"
      IsNotNull="true"
      Type="oracle.jbo.domain.Date"
      AliasName="TERMS_DATE_END"
      ColumnType="VARCHAR2"
      Expression="TERMS_DATE_END"
      SQLType="DATE" >
      <DesignTime>
         <Attr Name="_DisplaySize" Value="7" />
      </DesignTime>
   </ViewAttribute>
   <ViewAttribute
      Name="InvoiceDateStart"
      IsPersistent="false"
      IsNotNull="true"
      Type="oracle.jbo.domain.Date"
      AliasName="INVOICE_DATE_START"
      ColumnType="VARCHAR2"
      Expression="INVOICE_DATE_START"
      SQLType="DATE" >
      <DesignTime>
         <Attr Name="_DisplaySize" Value="7" />
      </DesignTime>
   </ViewAttribute>
   <ViewAttribute
      Name="InvoiceDateEnd"
      IsPersistent="false"
      IsNotNull="true"
      Type="oracle.jbo.domain.Date"
      AliasName="INVOICE_DATE_END"
      ColumnType="VARCHAR2"
      Expression="INVOICE_DATE_END"
      SQLType="DATE" >
      <DesignTime>
         <Attr Name="_DisplaySize" Value="7" />
      </DesignTime>
   </ViewAttribute>
   <ViewAttribute
      Name="GlDateStart"
      IsPersistent="false"
      IsNotNull="true"
      Type="oracle.jbo.domain.Date"
      AliasName="GL_DATE_START"
      ColumnType="VARCHAR2"
      Expression="GL_DATE_START"
      SQLType="DATE" >
      <DesignTime>
         <Attr Name="_DisplaySize" Value="7" />
      </DesignTime>
   </ViewAttribute>
   <ViewAttribute
      Name="GlDateEnd"
      IsPersistent="false"
      IsNotNull="true"
      Type="oracle.jbo.domain.Date"
      AliasName="GL_DATE_END"
      ColumnType="VARCHAR2"
      Expression="GL_DATE_END"
      SQLType="DATE" >
      <DesignTime>
         <Attr Name="_DisplaySize" Value="7" />
      </DesignTime>
   </ViewAttribute>
   <ViewAttribute
      Name="EntryDateStart"
      IsPersistent="false"
      Type="oracle.jbo.domain.Date"
      AliasName="ENTRY_DATE_START"
      ColumnType="VARCHAR2"
      Expression="ENTRY_DATE_START"
      SQLType="DATE" >
      <DesignTime>
         <Attr Name="_DisplaySize" Value="7" />
      </DesignTime>
   </ViewAttribute>
   <ViewAttribute
      Name="EntryDateEnd"
      IsPersistent="false"
      Type="oracle.jbo.domain.Date"
      AliasName="ENTRY_DATE_END"
      ColumnType="VARCHAR2"
      Expression="ENTRY_DATE_END"
      SQLType="DATE" >
      <DesignTime>
         <Attr Name="_DisplaySize" Value="7" />
      </DesignTime>
   </ViewAttribute>
   <ViewAttribute
      Name="EntryDepartmentName"
      IsPersistent="false"
      Precision="4000"
      Type="java.lang.String"
      AliasName="ENTRY_DEPARTMENT_NAME"
      ColumnType="VARCHAR2"
      Expression="ENTRY_DEPARTMENT_NAME"
      SQLType="VARCHAR" >
      <DesignTime>
         <Attr Name="_DisplaySize" Value="4000" />
      </DesignTime>
   </ViewAttribute>
   <ViewAttribute
      Name="VendorName"
      IsPersistent="false"
      Precision="500"
      Type="java.lang.String"
      AliasName="VENDOR_NAME"
      ColumnType="VARCHAR2"
      Expression="VENDOR_NAME"
      SQLType="VARCHAR" >
      <DesignTime>
         <Attr Name="_DisplaySize" Value="500" />
      </DesignTime>
   </ViewAttribute>
   <ViewAttribute
      Name="EmployeeDisp"
      IsPersistent="false"
      Precision="4000"
      Type="java.lang.String"
      AliasName="EMPLOYEE_DISP"
      ColumnType="VARCHAR2"
      Expression="EMPLOYEE_DISP"
      SQLType="VARCHAR" >
      <DesignTime>
         <Attr Name="_DisplaySize" Value="4000" />
      </DesignTime>
   </ViewAttribute>
   <ViewAttribute
      Name="SlipTypeName"
      IsPersistent="false"
      Precision="240"
      Type="java.lang.String"
      AliasName="SLIP_TYPE_NAME"
      ColumnType="VARCHAR2"
      Expression="SLIP_TYPE_NAME"
      SQLType="VARCHAR" >
      <DesignTime>
         <Attr Name="_DisplaySize" Value="240" />
      </DesignTime>
   </ViewAttribute>
   <ViewAttribute
      Name="EmployeeDispApprover"
      IsPersistent="false"
      Precision="4000"
      Type="java.lang.String"
      AliasName="EMPLOYEE_DISP_APPROVER"
      ColumnType="VARCHAR2"
      Expression="EMPLOYEE_DISP_APPROVER"
      SQLType="VARCHAR" >
      <DesignTime>
         <Attr Name="_DisplaySize" Value="4000" />
      </DesignTime>
   </ViewAttribute>
   <ViewAttribute
      Name="PayGroupLookupName"
      IsPersistent="false"
      Precision="500"
      Type="java.lang.String"
      AliasName="PAY_GROUP_LOOKUP_NAME"
      ColumnType="VARCHAR2"
      Expression="PAY_GROUP_LOOKUP_NAME"
      SQLType="VARCHAR" >
      <DesignTime>
         <Attr Name="_DisplaySize" Value="500" />
      </DesignTime>
   </ViewAttribute>
   <ViewAttribute
      Name="Segment2"
      IsPersistent="false"
      IsNotNull="true"
      Precision="150"
      Type="java.lang.String"
      AliasName="SEGMENT2"
      ColumnType="VARCHAR2"
      Expression="SEGMENT2"
      SQLType="VARCHAR" >
      <DesignTime>
         <Attr Name="_DisplaySize" Value="150" />
      </DesignTime>
   </ViewAttribute>
   <ViewAttribute
      Name="Segmrnt3"
      IsPersistent="false"
      IsNotNull="true"
      Precision="150"
      Type="java.lang.String"
      AliasName="SEGMRNT3"
      ColumnType="VARCHAR2"
      Expression="SEGMRNT3"
      SQLType="VARCHAR" >
      <DesignTime>
         <Attr Name="_DisplaySize" Value="150" />
      </DesignTime>
   </ViewAttribute>
   <ViewAttribute
      Name="ReconReference"
      IsPersistent="false"
      Precision="150"
      Type="java.lang.String"
      AliasName="RECON_REFERENCE"
      ColumnType="VARCHAR2"
      Expression="RECON_REFERENCE"
      SQLType="VARCHAR" >
      <DesignTime>
         <Attr Name="_DisplaySize" Value="150" />
      </DesignTime>
   </ViewAttribute>
   <ViewAttribute
      Name="Segment2Name"
      IsPersistent="false"
      Precision="500"
      Type="java.lang.String"
      AliasName="SEGMENT2_NAME"
      ColumnType="VARCHAR2"
      Expression="SEGMENT2_NAME"
      SQLType="VARCHAR" >
      <DesignTime>
         <Attr Name="_DisplaySize" Value="500" />
      </DesignTime>
   </ViewAttribute>
   <ViewAttribute
      Name="Segment3Name"
      IsPersistent="false"
      Precision="500"
      Type="java.lang.String"
      AliasName="SEGMENT3_NAME"
      ColumnType="VARCHAR2"
      Expression="SEGMENT3_NAME"
      SQLType="VARCHAR" >
      <DesignTime>
         <Attr Name="_DisplaySize" Value="500" />
      </DesignTime>
   </ViewAttribute>
</ViewObject>
