<?xml version="1.0" encoding='Shift_JIS'?>
<!DOCTYPE Entity SYSTEM "jbo_03_01.dtd">

<Entity
   Name="XX03PaymentSlipsVEO"
   DBObjectType="view"
   DBObjectName="XX03_PAYMENT_SLIPS_V"
   AliasName="XX03PaymentSlipsVEO"
   BindingStyle="Oracle"
   UseGlueCode="false"
   CodeGenFlag="71"
   RowClass="oracle.apps.xx03.ap.server.XX03PaymentSlipsVEOImpl"
   DefClass="oracle.apps.fnd.framework.server.OAEntityDefImpl"
   CollClass="oracle.apps.fnd.framework.server.OAEntityCache" >
   <DesignTime>
      <Attr Name="_isCodegen" Value="true" />
      <Attr Name="_version" Value="9.0.3.12.53" />
      <AttrArray Name="_publishEvents">
      </AttrArray>
   </DesignTime>
   <Attribute
      Name="InvoiceId"
      IsNotNull="true"
      Precision="15"
      Scale="0"
      Type="oracle.jbo.domain.Number"
      ColumnName="INVOICE_ID"
      ColumnType="NUMBER"
      SQLType="NUMERIC"
      TableName="XX03_PAYMENT_SLIPS_V"
      PrimaryKey="true" >
      <DesignTime>
         <Attr Name="_DisplaySize" Value="22" />
      </DesignTime>
   </Attribute>
   <Attribute
      Name="WfStatus"
      IsNotNull="true"
      Precision="25"
      Type="java.lang.String"
      ColumnName="WF_STATUS"
      ColumnType="VARCHAR2"
      SQLType="VARCHAR"
      TableName="XX03_PAYMENT_SLIPS_V" >
      <DesignTime>
         <Attr Name="_DisplaySize" Value="25" />
      </DesignTime>
   </Attribute>
   <Attribute
      Name="SlipType"
      IsNotNull="true"
      Precision="25"
      Type="java.lang.String"
      ColumnName="SLIP_TYPE"
      ColumnType="VARCHAR2"
      SQLType="VARCHAR"
      TableName="XX03_PAYMENT_SLIPS_V" >
      <DesignTime>
         <Attr Name="_DisplaySize" Value="25" />
      </DesignTime>
   </Attribute>
   <Attribute
      Name="SlipTypeName"
      Precision="240"
      Type="java.lang.String"
      ColumnName="SLIP_TYPE_NAME"
      ColumnType="VARCHAR2"
      SQLType="VARCHAR"
      TableName="XX03_PAYMENT_SLIPS_V" >
      <DesignTime>
         <Attr Name="_DisplaySize" Value="240" />
      </DesignTime>
   </Attribute>
   <Attribute
      Name="InvoiceNum"
      IsNotNull="true"
      Precision="50"
      Type="java.lang.String"
      ColumnName="INVOICE_NUM"
      ColumnType="VARCHAR2"
      SQLType="VARCHAR"
      TableName="XX03_PAYMENT_SLIPS_V" >
      <DesignTime>
         <Attr Name="_DisplaySize" Value="50" />
      </DesignTime>
   </Attribute>
   <Attribute
      Name="EntryDate"
      Type="oracle.jbo.domain.Date"
      ColumnName="ENTRY_DATE"
      ColumnType="DATE"
      SQLType="TIMESTAMP"
      TableName="XX03_PAYMENT_SLIPS_V" >
      <DesignTime>
         <Attr Name="_DisplaySize" Value="7" />
      </DesignTime>
   </Attribute>
   <Attribute
      Name="RequestKey"
      Precision="240"
      Type="java.lang.String"
      ColumnName="REQUEST_KEY"
      ColumnType="VARCHAR2"
      SQLType="VARCHAR"
      TableName="XX03_PAYMENT_SLIPS_V" >
      <DesignTime>
         <Attr Name="_DisplaySize" Value="240" />
      </DesignTime>
   </Attribute>
   <Attribute
      Name="RequestorPersonId"
      Precision="15"
      Scale="0"
      Type="oracle.jbo.domain.Number"
      ColumnName="REQUESTOR_PERSON_ID"
      ColumnType="NUMBER"
      SQLType="NUMERIC"
      TableName="XX03_PAYMENT_SLIPS_V" >
      <DesignTime>
         <Attr Name="_DisplaySize" Value="22" />
      </DesignTime>
   </Attribute>
   <Attribute
      Name="RequestorPersonName"
      Precision="500"
      Type="java.lang.String"
      ColumnName="REQUESTOR_PERSON_NAME"
      ColumnType="VARCHAR2"
      SQLType="VARCHAR"
      TableName="XX03_PAYMENT_SLIPS_V" >
      <DesignTime>
         <Attr Name="_DisplaySize" Value="500" />
      </DesignTime>
   </Attribute>
   <Attribute
      Name="ApproverPersonId"
      Precision="15"
      Scale="0"
      Type="oracle.jbo.domain.Number"
      ColumnName="APPROVER_PERSON_ID"
      ColumnType="NUMBER"
      SQLType="NUMERIC"
      TableName="XX03_PAYMENT_SLIPS_V" >
      <DesignTime>
         <Attr Name="_DisplaySize" Value="22" />
      </DesignTime>
   </Attribute>
   <Attribute
      Name="ApproverPersonName"
      Precision="500"
      Type="java.lang.String"
      ColumnName="APPROVER_PERSON_NAME"
      ColumnType="VARCHAR2"
      SQLType="VARCHAR"
      TableName="XX03_PAYMENT_SLIPS_V" >
      <DesignTime>
         <Attr Name="_DisplaySize" Value="500" />
      </DesignTime>
   </Attribute>
   <Attribute
      Name="RequestDate"
      Type="oracle.jbo.domain.Date"
      ColumnName="REQUEST_DATE"
      ColumnType="DATE"
      SQLType="TIMESTAMP"
      TableName="XX03_PAYMENT_SLIPS_V" >
      <DesignTime>
         <Attr Name="_DisplaySize" Value="7" />
      </DesignTime>
   </Attribute>
   <Attribute
      Name="ApprovalDate"
      Type="oracle.jbo.domain.Date"
      ColumnName="APPROVAL_DATE"
      ColumnType="DATE"
      SQLType="TIMESTAMP"
      TableName="XX03_PAYMENT_SLIPS_V" >
      <DesignTime>
         <Attr Name="_DisplaySize" Value="7" />
      </DesignTime>
   </Attribute>
   <Attribute
      Name="RejectionDate"
      Type="oracle.jbo.domain.Date"
      ColumnName="REJECTION_DATE"
      ColumnType="DATE"
      SQLType="TIMESTAMP"
      TableName="XX03_PAYMENT_SLIPS_V" >
      <DesignTime>
         <Attr Name="_DisplaySize" Value="7" />
      </DesignTime>
   </Attribute>
   <Attribute
      Name="AccountApproverPersonId"
      Precision="15"
      Scale="0"
      Type="oracle.jbo.domain.Number"
      ColumnName="ACCOUNT_APPROVER_PERSON_ID"
      ColumnType="NUMBER"
      SQLType="NUMERIC"
      TableName="XX03_PAYMENT_SLIPS_V" >
      <DesignTime>
         <Attr Name="_DisplaySize" Value="22" />
      </DesignTime>
   </Attribute>
   <Attribute
      Name="AccountApprovalDate"
      Type="oracle.jbo.domain.Date"
      ColumnName="ACCOUNT_APPROVAL_DATE"
      ColumnType="DATE"
      SQLType="TIMESTAMP"
      TableName="XX03_PAYMENT_SLIPS_V" >
      <DesignTime>
         <Attr Name="_DisplaySize" Value="7" />
      </DesignTime>
   </Attribute>
   <Attribute
      Name="ApForwordDate"
      Type="oracle.jbo.domain.Date"
      ColumnName="AP_FORWORD_DATE"
      ColumnType="DATE"
      SQLType="TIMESTAMP"
      TableName="XX03_PAYMENT_SLIPS_V" >
      <DesignTime>
         <Attr Name="_DisplaySize" Value="7" />
      </DesignTime>
   </Attribute>
   <Attribute
      Name="RecognitionClass"
      Type="oracle.jbo.domain.Number"
      ColumnName="RECOGNITION_CLASS"
      ColumnType="NUMBER"
      SQLType="NUMERIC"
      TableName="XX03_PAYMENT_SLIPS_V" >
      <DesignTime>
         <Attr Name="_DisplaySize" Value="22" />
      </DesignTime>
   </Attribute>
   <Attribute
      Name="ApproverComments"
      Precision="240"
      Type="java.lang.String"
      ColumnName="APPROVER_COMMENTS"
      ColumnType="VARCHAR2"
      SQLType="VARCHAR"
      TableName="XX03_PAYMENT_SLIPS_V" >
      <DesignTime>
         <Attr Name="_DisplaySize" Value="240" />
      </DesignTime>
   </Attribute>
   <Attribute
      Name="RequestEnableFlag"
      IsNotNull="true"
      Precision="1"
      Type="java.lang.String"
      ColumnName="REQUEST_ENABLE_FLAG"
      ColumnType="VARCHAR2"
      SQLType="VARCHAR"
      TableName="XX03_PAYMENT_SLIPS_V" >
      <DesignTime>
         <Attr Name="_DisplaySize" Value="1" />
      </DesignTime>
   </Attribute>
   <Attribute
      Name="AccountRevisionFlag"
      IsNotNull="true"
      Precision="1"
      Type="java.lang.String"
      ColumnName="ACCOUNT_REVISION_FLAG"
      ColumnType="VARCHAR2"
      SQLType="VARCHAR"
      TableName="XX03_PAYMENT_SLIPS_V" >
      <DesignTime>
         <Attr Name="_DisplaySize" Value="1" />
      </DesignTime>
   </Attribute>
   <Attribute
      Name="InvoiceDate"
      IsNotNull="true"
      Type="oracle.jbo.domain.Date"
      ColumnName="INVOICE_DATE"
      ColumnType="DATE"
      SQLType="TIMESTAMP"
      TableName="XX03_PAYMENT_SLIPS_V" >
      <DesignTime>
         <Attr Name="_DisplaySize" Value="7" />
      </DesignTime>
   </Attribute>
   <Attribute
      Name="VendorId"
      IsNotNull="true"
      Precision="15"
      Scale="0"
      Type="oracle.jbo.domain.Number"
      ColumnName="VENDOR_ID"
      ColumnType="NUMBER"
      SQLType="NUMERIC"
      TableName="XX03_PAYMENT_SLIPS_V" >
      <DesignTime>
         <Attr Name="_DisplaySize" Value="22" />
      </DesignTime>
   </Attribute>
   <Attribute
      Name="VendorName"
      Precision="500"
      Type="java.lang.String"
      ColumnName="VENDOR_NAME"
      ColumnType="VARCHAR2"
      SQLType="VARCHAR"
      TableName="XX03_PAYMENT_SLIPS_V" >
      <DesignTime>
         <Attr Name="_DisplaySize" Value="500" />
      </DesignTime>
   </Attribute>
   <Attribute
      Name="VendorSiteId"
      IsNotNull="true"
      Precision="15"
      Scale="0"
      Type="oracle.jbo.domain.Number"
      ColumnName="VENDOR_SITE_ID"
      ColumnType="NUMBER"
      SQLType="NUMERIC"
      TableName="XX03_PAYMENT_SLIPS_V" >
      <DesignTime>
         <Attr Name="_DisplaySize" Value="22" />
      </DesignTime>
   </Attribute>
   <Attribute
      Name="VendorSiteName"
      Precision="500"
      Type="java.lang.String"
      ColumnName="VENDOR_SITE_NAME"
      ColumnType="VARCHAR2"
      SQLType="VARCHAR"
      TableName="XX03_PAYMENT_SLIPS_V" >
      <DesignTime>
         <Attr Name="_DisplaySize" Value="500" />
      </DesignTime>
   </Attribute>
   <Attribute
      Name="BankFullName"
      Precision="159"
      Type="java.lang.String"
      ColumnName="BANK_FULL_NAME"
      ColumnType="VARCHAR2"
      SQLType="VARCHAR"
      TableName="XX03_PAYMENT_SLIPS_V" >
      <DesignTime>
         <Attr Name="_DisplaySize" Value="159" />
      </DesignTime>
   </Attribute>
   <Attribute
      Name="InvAmount"
      Precision="4000"
      Type="java.lang.String"
      ColumnName="INV_AMOUNT"
      ColumnType="VARCHAR2"
      SQLType="VARCHAR"
      TableName="XX03_PAYMENT_SLIPS_V" >
      <DesignTime>
         <Attr Name="_DisplaySize" Value="4000" />
      </DesignTime>
   </Attribute>
   <Attribute
      Name="InvAccountedAmount"
      Precision="4000"
      Type="java.lang.String"
      ColumnName="INV_ACCOUNTED_AMOUNT"
      ColumnType="VARCHAR2"
      SQLType="VARCHAR"
      TableName="XX03_PAYMENT_SLIPS_V" >
      <DesignTime>
         <Attr Name="_DisplaySize" Value="4000" />
      </DesignTime>
   </Attribute>
   <Attribute
      Name="InvItemAmount"
      Precision="4000"
      Type="java.lang.String"
      ColumnName="INV_ITEM_AMOUNT"
      ColumnType="VARCHAR2"
      SQLType="VARCHAR"
      TableName="XX03_PAYMENT_SLIPS_V" >
      <DesignTime>
         <Attr Name="_DisplaySize" Value="4000" />
      </DesignTime>
   </Attribute>
   <Attribute
      Name="InvTaxAmount"
      Precision="4000"
      Type="java.lang.String"
      ColumnName="INV_TAX_AMOUNT"
      ColumnType="VARCHAR2"
      SQLType="VARCHAR"
      TableName="XX03_PAYMENT_SLIPS_V" >
      <DesignTime>
         <Attr Name="_DisplaySize" Value="4000" />
      </DesignTime>
   </Attribute>
   <Attribute
      Name="InvPrepayAmount"
      Precision="4000"
      Type="java.lang.String"
      ColumnName="INV_PREPAY_AMOUNT"
      ColumnType="VARCHAR2"
      SQLType="VARCHAR"
      TableName="XX03_PAYMENT_SLIPS_V" >
      <DesignTime>
         <Attr Name="_DisplaySize" Value="4000" />
      </DesignTime>
   </Attribute>
   <Attribute
      Name="InvoiceCurrencyCode"
      IsNotNull="true"
      Precision="15"
      Type="java.lang.String"
      ColumnName="INVOICE_CURRENCY_CODE"
      ColumnType="VARCHAR2"
      SQLType="VARCHAR"
      TableName="XX03_PAYMENT_SLIPS_V" >
      <DesignTime>
         <Attr Name="_DisplaySize" Value="15" />
      </DesignTime>
   </Attribute>
   <Attribute
      Name="ExchangeRate"
      Type="oracle.jbo.domain.Number"
      ColumnName="EXCHANGE_RATE"
      ColumnType="NUMBER"
      SQLType="NUMERIC"
      TableName="XX03_PAYMENT_SLIPS_V" >
      <DesignTime>
         <Attr Name="_DisplaySize" Value="22" />
      </DesignTime>
   </Attribute>
   <Attribute
      Name="ExchangeRateType"
      Precision="30"
      Type="java.lang.String"
      ColumnName="EXCHANGE_RATE_TYPE"
      ColumnType="VARCHAR2"
      SQLType="VARCHAR"
      TableName="XX03_PAYMENT_SLIPS_V" >
      <DesignTime>
         <Attr Name="_DisplaySize" Value="30" />
      </DesignTime>
   </Attribute>
   <Attribute
      Name="ExchangeRateTypeName"
      Precision="500"
      Type="java.lang.String"
      ColumnName="EXCHANGE_RATE_TYPE_NAME"
      ColumnType="VARCHAR2"
      SQLType="VARCHAR"
      TableName="XX03_PAYMENT_SLIPS_V" >
      <DesignTime>
         <Attr Name="_DisplaySize" Value="500" />
      </DesignTime>
   </Attribute>
   <Attribute
      Name="TermsId"
      IsNotNull="true"
      Precision="15"
      Scale="0"
      Type="oracle.jbo.domain.Number"
      ColumnName="TERMS_ID"
      ColumnType="NUMBER"
      SQLType="NUMERIC"
      TableName="XX03_PAYMENT_SLIPS_V" >
      <DesignTime>
         <Attr Name="_DisplaySize" Value="22" />
      </DesignTime>
   </Attribute>
   <Attribute
      Name="TermsName"
      Precision="500"
      Type="java.lang.String"
      ColumnName="TERMS_NAME"
      ColumnType="VARCHAR2"
      SQLType="VARCHAR"
      TableName="XX03_PAYMENT_SLIPS_V" >
      <DesignTime>
         <Attr Name="_DisplaySize" Value="500" />
      </DesignTime>
   </Attribute>
   <Attribute
      Name="Description"
      Precision="240"
      Type="java.lang.String"
      ColumnName="DESCRIPTION"
      ColumnType="VARCHAR2"
      SQLType="VARCHAR"
      TableName="XX03_PAYMENT_SLIPS_V" >
      <DesignTime>
         <Attr Name="_DisplaySize" Value="240" />
      </DesignTime>
   </Attribute>
   <Attribute
      Name="VendorInvoiceNum"
      Precision="150"
      Type="java.lang.String"
      ColumnName="VENDOR_INVOICE_NUM"
      ColumnType="VARCHAR2"
      SQLType="VARCHAR"
      TableName="XX03_PAYMENT_SLIPS_V" >
      <DesignTime>
         <Attr Name="_DisplaySize" Value="150" />
      </DesignTime>
   </Attribute>
   <Attribute
      Name="EntryDepartment"
      IsNotNull="true"
      Precision="150"
      Type="java.lang.String"
      ColumnName="ENTRY_DEPARTMENT"
      ColumnType="VARCHAR2"
      SQLType="VARCHAR"
      TableName="XX03_PAYMENT_SLIPS_V" >
      <DesignTime>
         <Attr Name="_DisplaySize" Value="150" />
      </DesignTime>
   </Attribute>
   <Attribute
      Name="EntryDepartmentName"
      Precision="4000"
      Type="java.lang.String"
      ColumnName="ENTRY_DEPARTMENT_NAME"
      ColumnType="VARCHAR2"
      SQLType="VARCHAR"
      TableName="XX03_PAYMENT_SLIPS_V" >
      <DesignTime>
         <Attr Name="_DisplaySize" Value="4000" />
      </DesignTime>
   </Attribute>
   <Attribute
      Name="EntryPersonId"
      IsNotNull="true"
      Precision="15"
      Scale="0"
      Type="oracle.jbo.domain.Number"
      ColumnName="ENTRY_PERSON_ID"
      ColumnType="NUMBER"
      SQLType="NUMERIC"
      TableName="XX03_PAYMENT_SLIPS_V" >
      <DesignTime>
         <Attr Name="_DisplaySize" Value="22" />
      </DesignTime>
   </Attribute>
   <Attribute
      Name="EmployeeDisp"
      Precision="4000"
      Type="java.lang.String"
      ColumnName="EMPLOYEE_DISP"
      ColumnType="VARCHAR2"
      SQLType="VARCHAR"
      TableName="XX03_PAYMENT_SLIPS_V" >
      <DesignTime>
         <Attr Name="_DisplaySize" Value="4000" />
      </DesignTime>
   </Attribute>
   <Attribute
      Name="OrigInvoiceNum"
      Precision="150"
      Type="java.lang.String"
      ColumnName="ORIG_INVOICE_NUM"
      ColumnType="VARCHAR2"
      SQLType="VARCHAR"
      TableName="XX03_PAYMENT_SLIPS_V" >
      <DesignTime>
         <Attr Name="_DisplaySize" Value="150" />
      </DesignTime>
   </Attribute>
   <Attribute
      Name="AccountApprovalFlag"
      IsNotNull="true"
      Precision="1"
      Type="java.lang.String"
      ColumnName="ACCOUNT_APPROVAL_FLAG"
      ColumnType="VARCHAR2"
      SQLType="VARCHAR"
      TableName="XX03_PAYMENT_SLIPS_V" >
      <DesignTime>
         <Attr Name="_DisplaySize" Value="1" />
      </DesignTime>
   </Attribute>
   <Attribute
      Name="PayGroupLookupCode"
      IsNotNull="true"
      Precision="25"
      Type="java.lang.String"
      ColumnName="PAY_GROUP_LOOKUP_CODE"
      ColumnType="VARCHAR2"
      SQLType="VARCHAR"
      TableName="XX03_PAYMENT_SLIPS_V" >
      <DesignTime>
         <Attr Name="_DisplaySize" Value="25" />
      </DesignTime>
   </Attribute>
   <Attribute
      Name="PayGroupLookupName"
      Precision="500"
      Type="java.lang.String"
      ColumnName="PAY_GROUP_LOOKUP_NAME"
      ColumnType="VARCHAR2"
      SQLType="VARCHAR"
      TableName="XX03_PAYMENT_SLIPS_V" >
      <DesignTime>
         <Attr Name="_DisplaySize" Value="500" />
      </DesignTime>
   </Attribute>
   <Attribute
      Name="GlDate"
      IsNotNull="true"
      Type="oracle.jbo.domain.Date"
      ColumnName="GL_DATE"
      ColumnType="DATE"
      SQLType="TIMESTAMP"
      TableName="XX03_PAYMENT_SLIPS_V" >
      <DesignTime>
         <Attr Name="_DisplaySize" Value="7" />
      </DesignTime>
   </Attribute>
   <Attribute
      Name="AcctsPayCodeCombinationId"
      Precision="15"
      Scale="0"
      Type="oracle.jbo.domain.Number"
      ColumnName="ACCTS_PAY_CODE_COMBINATION_ID"
      ColumnType="NUMBER"
      SQLType="NUMERIC"
      TableName="XX03_PAYMENT_SLIPS_V" >
      <DesignTime>
         <Attr Name="_DisplaySize" Value="22" />
      </DesignTime>
   </Attribute>
   <Attribute
      Name="AutoTaxCalcFlag"
      Precision="1"
      Type="java.lang.String"
      ColumnName="AUTO_TAX_CALC_FLAG"
      ColumnType="VARCHAR2"
      SQLType="VARCHAR"
      TableName="XX03_PAYMENT_SLIPS_V" >
      <DesignTime>
         <Attr Name="_DisplaySize" Value="1" />
      </DesignTime>
   </Attribute>
   <Attribute
      Name="ApTaxRoundingRule"
      Precision="1"
      Type="java.lang.String"
      ColumnName="AP_TAX_ROUNDING_RULE"
      ColumnType="VARCHAR2"
      SQLType="VARCHAR"
      TableName="XX03_PAYMENT_SLIPS_V" >
      <DesignTime>
         <Attr Name="_DisplaySize" Value="1" />
      </DesignTime>
   </Attribute>
   <Attribute
      Name="PrepayNum"
      Precision="50"
      Type="java.lang.String"
      ColumnName="PREPAY_NUM"
      ColumnType="VARCHAR2"
      SQLType="VARCHAR"
      TableName="XX03_PAYMENT_SLIPS_V" >
      <DesignTime>
         <Attr Name="_DisplaySize" Value="50" />
      </DesignTime>
   </Attribute>
   <Attribute
      Name="TermsDate"
      IsNotNull="true"
      Type="oracle.jbo.domain.Date"
      ColumnName="TERMS_DATE"
      ColumnType="DATE"
      SQLType="TIMESTAMP"
      TableName="XX03_PAYMENT_SLIPS_V" >
      <DesignTime>
         <Attr Name="_DisplaySize" Value="7" />
      </DesignTime>
   </Attribute>
   <Attribute
      Name="OrgId"
      IsNotNull="true"
      Precision="15"
      Scale="0"
      Type="oracle.jbo.domain.Number"
      ColumnName="ORG_ID"
      ColumnType="NUMBER"
      SQLType="NUMERIC"
      TableName="XX03_PAYMENT_SLIPS_V" >
      <DesignTime>
         <Attr Name="_DisplaySize" Value="22" />
      </DesignTime>
   </Attribute>
   <Attribute
      Name="AttributeCategory"
      Precision="150"
      Type="java.lang.String"
      ColumnName="ATTRIBUTE_CATEGORY"
      ColumnType="VARCHAR2"
      SQLType="VARCHAR"
      TableName="XX03_PAYMENT_SLIPS_V" >
      <DesignTime>
         <Attr Name="_DisplaySize" Value="150" />
      </DesignTime>
   </Attribute>
   <Attribute
      Name="Attribute1"
      Precision="150"
      Type="java.lang.String"
      ColumnName="ATTRIBUTE1"
      ColumnType="VARCHAR2"
      SQLType="VARCHAR"
      TableName="XX03_PAYMENT_SLIPS_V" >
      <DesignTime>
         <Attr Name="_DisplaySize" Value="150" />
      </DesignTime>
   </Attribute>
   <Attribute
      Name="Attribute2"
      Precision="150"
      Type="java.lang.String"
      ColumnName="ATTRIBUTE2"
      ColumnType="VARCHAR2"
      SQLType="VARCHAR"
      TableName="XX03_PAYMENT_SLIPS_V" >
      <DesignTime>
         <Attr Name="_DisplaySize" Value="150" />
      </DesignTime>
   </Attribute>
   <Attribute
      Name="Attribute3"
      Precision="150"
      Type="java.lang.String"
      ColumnName="ATTRIBUTE3"
      ColumnType="VARCHAR2"
      SQLType="VARCHAR"
      TableName="XX03_PAYMENT_SLIPS_V" >
      <DesignTime>
         <Attr Name="_DisplaySize" Value="150" />
      </DesignTime>
   </Attribute>
   <Attribute
      Name="Attribute4"
      Precision="150"
      Type="java.lang.String"
      ColumnName="ATTRIBUTE4"
      ColumnType="VARCHAR2"
      SQLType="VARCHAR"
      TableName="XX03_PAYMENT_SLIPS_V" >
      <DesignTime>
         <Attr Name="_DisplaySize" Value="150" />
      </DesignTime>
   </Attribute>
   <Attribute
      Name="Attribute5"
      Precision="150"
      Type="java.lang.String"
      ColumnName="ATTRIBUTE5"
      ColumnType="VARCHAR2"
      SQLType="VARCHAR"
      TableName="XX03_PAYMENT_SLIPS_V" >
      <DesignTime>
         <Attr Name="_DisplaySize" Value="150" />
      </DesignTime>
   </Attribute>
   <Attribute
      Name="Attribute6"
      Precision="150"
      Type="java.lang.String"
      ColumnName="ATTRIBUTE6"
      ColumnType="VARCHAR2"
      SQLType="VARCHAR"
      TableName="XX03_PAYMENT_SLIPS_V" >
      <DesignTime>
         <Attr Name="_DisplaySize" Value="150" />
      </DesignTime>
   </Attribute>
   <Attribute
      Name="Attribute7"
      Precision="150"
      Type="java.lang.String"
      ColumnName="ATTRIBUTE7"
      ColumnType="VARCHAR2"
      SQLType="VARCHAR"
      TableName="XX03_PAYMENT_SLIPS_V" >
      <DesignTime>
         <Attr Name="_DisplaySize" Value="150" />
      </DesignTime>
   </Attribute>
   <Attribute
      Name="Attribute8"
      Precision="150"
      Type="java.lang.String"
      ColumnName="ATTRIBUTE8"
      ColumnType="VARCHAR2"
      SQLType="VARCHAR"
      TableName="XX03_PAYMENT_SLIPS_V" >
      <DesignTime>
         <Attr Name="_DisplaySize" Value="150" />
      </DesignTime>
   </Attribute>
   <Attribute
      Name="Attribute9"
      Precision="150"
      Type="java.lang.String"
      ColumnName="ATTRIBUTE9"
      ColumnType="VARCHAR2"
      SQLType="VARCHAR"
      TableName="XX03_PAYMENT_SLIPS_V" >
      <DesignTime>
         <Attr Name="_DisplaySize" Value="150" />
      </DesignTime>
   </Attribute>
   <Attribute
      Name="Attribute10"
      Precision="150"
      Type="java.lang.String"
      ColumnName="ATTRIBUTE10"
      ColumnType="VARCHAR2"
      SQLType="VARCHAR"
      TableName="XX03_PAYMENT_SLIPS_V" >
      <DesignTime>
         <Attr Name="_DisplaySize" Value="150" />
      </DesignTime>
   </Attribute>
   <Attribute
      Name="Attribute11"
      Precision="150"
      Type="java.lang.String"
      ColumnName="ATTRIBUTE11"
      ColumnType="VARCHAR2"
      SQLType="VARCHAR"
      TableName="XX03_PAYMENT_SLIPS_V" >
      <DesignTime>
         <Attr Name="_DisplaySize" Value="150" />
      </DesignTime>
   </Attribute>
   <Attribute
      Name="Attribute12"
      Precision="150"
      Type="java.lang.String"
      ColumnName="ATTRIBUTE12"
      ColumnType="VARCHAR2"
      SQLType="VARCHAR"
      TableName="XX03_PAYMENT_SLIPS_V" >
      <DesignTime>
         <Attr Name="_DisplaySize" Value="150" />
      </DesignTime>
   </Attribute>
   <Attribute
      Name="Attribute13"
      Precision="150"
      Type="java.lang.String"
      ColumnName="ATTRIBUTE13"
      ColumnType="VARCHAR2"
      SQLType="VARCHAR"
      TableName="XX03_PAYMENT_SLIPS_V" >
      <DesignTime>
         <Attr Name="_DisplaySize" Value="150" />
      </DesignTime>
   </Attribute>
   <Attribute
      Name="Attribute14"
      Precision="150"
      Type="java.lang.String"
      ColumnName="ATTRIBUTE14"
      ColumnType="VARCHAR2"
      SQLType="VARCHAR"
      TableName="XX03_PAYMENT_SLIPS_V" >
      <DesignTime>
         <Attr Name="_DisplaySize" Value="150" />
      </DesignTime>
   </Attribute>
   <Attribute
      Name="Attribute15"
      Precision="150"
      Type="java.lang.String"
      ColumnName="ATTRIBUTE15"
      ColumnType="VARCHAR2"
      SQLType="VARCHAR"
      TableName="XX03_PAYMENT_SLIPS_V" >
      <DesignTime>
         <Attr Name="_DisplaySize" Value="150" />
      </DesignTime>
   </Attribute>
   <Attribute
      Name="CreatedBy"
      IsNotNull="true"
      Precision="15"
      Scale="0"
      Type="oracle.jbo.domain.Number"
      ColumnName="CREATED_BY"
      ColumnType="NUMBER"
      SQLType="NUMERIC"
      TableName="XX03_PAYMENT_SLIPS_V" >
      <DesignTime>
         <Attr Name="_DisplaySize" Value="22" />
      </DesignTime>
   </Attribute>
   <Attribute
      Name="CreationDate"
      IsNotNull="true"
      Type="oracle.jbo.domain.Date"
      ColumnName="CREATION_DATE"
      ColumnType="DATE"
      SQLType="TIMESTAMP"
      TableName="XX03_PAYMENT_SLIPS_V" >
      <DesignTime>
         <Attr Name="_DisplaySize" Value="7" />
      </DesignTime>
   </Attribute>
   <Attribute
      Name="LastUpdatedBy"
      IsNotNull="true"
      Precision="15"
      Scale="0"
      Type="oracle.jbo.domain.Number"
      ColumnName="LAST_UPDATED_BY"
      ColumnType="NUMBER"
      SQLType="NUMERIC"
      TableName="XX03_PAYMENT_SLIPS_V" >
      <DesignTime>
         <Attr Name="_DisplaySize" Value="22" />
      </DesignTime>
   </Attribute>
   <Attribute
      Name="LastUpdateDate"
      IsNotNull="true"
      Type="oracle.jbo.domain.Date"
      ColumnName="LAST_UPDATE_DATE"
      ColumnType="DATE"
      SQLType="TIMESTAMP"
      TableName="XX03_PAYMENT_SLIPS_V" >
      <DesignTime>
         <Attr Name="_DisplaySize" Value="7" />
      </DesignTime>
   </Attribute>
   <Attribute
      Name="LastUpdateLogin"
      Precision="15"
      Scale="0"
      Type="oracle.jbo.domain.Number"
      ColumnName="LAST_UPDATE_LOGIN"
      ColumnType="NUMBER"
      SQLType="NUMERIC"
      TableName="XX03_PAYMENT_SLIPS_V" >
      <DesignTime>
         <Attr Name="_DisplaySize" Value="22" />
      </DesignTime>
   </Attribute>
   <Attribute
      Name="RequestId"
      Precision="15"
      Scale="0"
      Type="oracle.jbo.domain.Number"
      ColumnName="REQUEST_ID"
      ColumnType="NUMBER"
      SQLType="NUMERIC"
      TableName="XX03_PAYMENT_SLIPS_V" >
      <DesignTime>
         <Attr Name="_DisplaySize" Value="22" />
      </DesignTime>
   </Attribute>
   <Attribute
      Name="ProgramApplicationId"
      Precision="15"
      Scale="0"
      Type="oracle.jbo.domain.Number"
      ColumnName="PROGRAM_APPLICATION_ID"
      ColumnType="NUMBER"
      SQLType="NUMERIC"
      TableName="XX03_PAYMENT_SLIPS_V" >
      <DesignTime>
         <Attr Name="_DisplaySize" Value="22" />
      </DesignTime>
   </Attribute>
   <Attribute
      Name="ProgramId"
      Precision="15"
      Scale="0"
      Type="oracle.jbo.domain.Number"
      ColumnName="PROGRAM_ID"
      ColumnType="NUMBER"
      SQLType="NUMERIC"
      TableName="XX03_PAYMENT_SLIPS_V" >
      <DesignTime>
         <Attr Name="_DisplaySize" Value="22" />
      </DesignTime>
   </Attribute>
   <Attribute
      Name="ProgramUpdateDate"
      Type="oracle.jbo.domain.Date"
      ColumnName="PROGRAM_UPDATE_DATE"
      ColumnType="DATE"
      SQLType="TIMESTAMP"
      TableName="XX03_PAYMENT_SLIPS_V" >
      <DesignTime>
         <Attr Name="_DisplaySize" Value="7" />
      </DesignTime>
   </Attribute>
   <Attribute
      Name="DeleteFlag"
      Precision="1"
      Type="java.lang.String"
      ColumnName="DELETE_FLAG"
      ColumnType="VARCHAR2"
      SQLType="VARCHAR"
      TableName="XX03_PAYMENT_SLIPS_V" >
      <DesignTime>
         <Attr Name="_DisplaySize" Value="1" />
      </DesignTime>
   </Attribute>
   <Attribute
      Name="FormSelectFlag"
      Precision="1"
      Type="java.lang.String"
      ColumnName="FORM_SELECT_FLAG"
      ColumnType="VARCHAR2"
      SQLType="VARCHAR"
      TableName="XX03_PAYMENT_SLIPS_V" >
      <DesignTime>
         <Attr Name="_DisplaySize" Value="1" />
      </DesignTime>
   </Attribute>
   <Key
      Name="Xx03paymentslipsveoPrimaryKey" >
      <AttrArray Name="Attributes">
         <Item Value="oracle.apps.xx03.ap.server.XX03PaymentSlipsVEO.InvoiceId" />
      </AttrArray>
      <DesignTime>
         <Attr Name="_DBObjectName" Value="XX03PAYMENTSLIPSVEO_PRIMARY_KE" />
         <Attr Name="_isPrimary" Value="true" />
      </DesignTime>
   </Key>
</Entity>
