<?xml version="1.0" encoding='windows-31j'?>
<!DOCTYPE ViewObject SYSTEM "jbo_03_01.dtd">

<ViewObject
   Name="Xx03GetVendorSiteNameVO"
   BindingStyle="Oracle"
   CustomQuery="true"
   RowClass="oracle.apps.xx03.ap.server.Xx03GetVendorSiteNameVORowImpl"
   ComponentClass="oracle.apps.xx03.ap.server.Xx03GetVendorSiteNameVOImpl"
   MsgBundleClass="oracle.jbo.common.JboResourceBundle"
   UseGlueCode="false" >
   <SQLQuery><![CDATA[
SELECT VENDOR_SITE_CODE NAME
FROM   PO_VENDOR_SITES_ALL
WHERE  ORG_ID             = XX00_PROFILE_PKG.VALUE('ORG_ID')
  AND  PAY_SITE_FLAG      = 'Y'
  AND  AUTO_TAX_CALC_FLAG = 'N'
  AND  VENDOR_ID      = :1
  AND  VENDOR_SITE_ID = :2
  AND  TRUNC(SYSDATE) < NVL(INACTIVE_DATE, TO_DATE('4712/12/31','YYYY/MM/DD'))
   ]]></SQLQuery>
   <DesignTime>
      <Attr Name="_isCodegen" Value="true" />
      <Attr Name="_version" Value="9.0.3.13.75" />
      <Attr Name="_CodeGenFlagNew" Value="36" />
   </DesignTime>
   <ViewAttribute
      Name="Name"
      IsPersistent="false"
      IsNotNull="true"
      Precision="15"
      Type="java.lang.String"
      AliasName="NAME"
      ColumnType="VARCHAR2"
      Expression="NAME"
      SQLType="VARCHAR" >
      <DesignTime>
         <Attr Name="_DisplaySize" Value="15" />
      </DesignTime>
   </ViewAttribute>
</ViewObject>
