<?xml version="1.0" encoding='windows-31j'?>
<!DOCTYPE AppModule SYSTEM "jbo_03_01.dtd">

<AppModule
   Name="XX03ListOfValueAM"
   ComponentClass="oracle.apps.xx03.common.lov.server.XX03ListOfValueAMImpl" >
   <DesignTime>
      <Attr Name="_isCodegen" Value="true" />
      <Attr Name="_version" Value="9.0.3.13.75" />
      <Attr Name="_deployType" Value="0" />
   </DesignTime>
   <ViewUsage
      Name="XX03AccountsLovVO1"
      ViewObjectName="oracle.apps.xx03.lov.server.XX03AccountsLovVO" >
   </ViewUsage>
   <ViewUsage
      Name="XX03ApTermsLovVO1"
      ViewObjectName="oracle.apps.xx03.ap.server.XX03ApTermsLovVO" >
   </ViewUsage>
   <ViewUsage
      Name="XX03ConversionTypesLovVO1"
      ViewObjectName="oracle.apps.xx03.ap.server.XX03ConversionTypesLovVO" >
   </ViewUsage>
   <ViewUsage
      Name="XX03ApproverPersonLovVO1"
      ViewObjectName="oracle.apps.xx03.ap.server.XX03ApproverPersonLovVO" >
   </ViewUsage>
   <ViewUsage
      Name="XX03CurrenciesLovVO1"
      ViewObjectName="oracle.apps.xx03.ap.server.XX03CurrenciesLovVO" >
   </ViewUsage>
   <ViewUsage
      Name="XX03IncrDecrReasonsLovVO1"
      ViewObjectName="oracle.apps.xx03.ap.server.XX03IncrDecrReasonsLovVO" >
   </ViewUsage>
   <ViewUsage
      Name="XX03ApPayGroupsLovVO1"
      ViewObjectName="oracle.apps.xx03.ap.server.XX03ApPayGroupsLovVO" >
   </ViewUsage>
   <ViewUsage
      Name="XX03SlipLineTypesLovVO1"
      ViewObjectName="oracle.apps.xx03.ap.server.XX03SlipLineTypesLovVO" >
   </ViewUsage>
   <ViewUsage
      Name="XX03VendorsLovVO1"
      ViewObjectName="oracle.apps.xx03.ap.server.XX03VendorsLovVO" >
   </ViewUsage>
   <ViewUsage
      Name="XX03VendorSitesLovVO1"
      ViewObjectName="oracle.apps.xx03.ap.server.XX03VendorSitesLovVO" >
   </ViewUsage>
   <ViewUsage
      Name="XX03TaxCodesLovVO1"
      ViewObjectName="oracle.apps.xx03.ap.server.XX03TaxCodesLovVO" >
   </ViewUsage>
   <ViewUsage
      Name="XX03EntryPersonLovVO1"
      ViewObjectName="oracle.apps.xx03.ap.server.XX03EntryPersonLovVO" >
   </ViewUsage>
   <ViewUsage
      Name="XX03SlipTypesLovVO1"
      ViewObjectName="oracle.apps.xx03.ap.server.XX03SlipTypesLovVO" >
   </ViewUsage>
   <ViewUsage
      Name="XX03PrepaymentLovVO1"
      ViewObjectName="oracle.apps.xx03.ap.server.XX03PrepaymentLovVO" >
   </ViewUsage>
   <ViewUsage
      Name="XX03GetDropDownListVO1"
      ViewObjectName="oracle.apps.xx03.ap.server.XX03GetDropDownListVO" >
   </ViewUsage>
   <ViewUsage
      Name="XX03ProgramNamesLovVO1"
      ViewObjectName="oracle.apps.xx03.download.server.XX03ProgramNamesLovVO" >
   </ViewUsage>
</AppModule>
