<?xml version="1.0" encoding='Windows-31J'?>
<!DOCTYPE ViewObject SYSTEM "jbo_03_01.dtd">

<ViewObject
   Name="XxcsoAcctWeeklyPlanFullVO"
   SelectList="XxcsoAcctWeeklyPlansVEO.BASE_CODE, 
       XxcsoAcctWeeklyPlansVEO.ACCOUNT_NUMBER, 

       XxcsoAcctWeeklyPlansVEO.YEAR_MONTH, 
       XxcsoAcctWeeklyPlansVEO.WEEK_INDEX, 

       XxcsoAcctWeeklyPlansVEO.MONDAY_COLUMN, 
       XxcsoAcctWeeklyPlansVEO.MONDAY_SALES_PLAN_ID, 

       XxcsoAcctWeeklyPlansVEO.MONDAY_VALUE, 
       XxcsoAcctWeeklyPlansVEO.TUESDAY_COLUMN, 

       XxcsoAcctWeeklyPlansVEO.TUESDAY_SALES_PLAN_ID, 
     
  XxcsoAcctWeeklyPlansVEO.TUESDAY_VALUE, 
       XxcsoAcctWeeklyPlansVEO.WEDNESDAY_COLUMN, 

       XxcsoAcctWeeklyPlansVEO.WEDNESDAY_SALES_PLAN_ID, 
   
    XxcsoAcctWeeklyPlansVEO.WEDNESDAY_VALUE, 
       XxcsoAcctWeeklyPlansVEO.THURSDAY_COLUMN, 

       XxcsoAcctWeeklyPlansVEO.THURSDAY_SALES_PLAN_ID, 
    
   XxcsoAcctWeeklyPlansVEO.THURSDAY_VALUE, 
       XxcsoAcctWeeklyPlansVEO.FRIDAY_COLUMN, 

       XxcsoAcctWeeklyPlansVEO.FRIDAY_SALES_PLAN_ID, 
      
 XxcsoAcctWeeklyPlansVEO.FRIDAY_VALUE, 
       XxcsoAcctWeeklyPlansVEO.SATURDAY_COLUMN, 

       XxcsoAcctWeeklyPlansVEO.SATURDAY_SALES_PLAN_ID, 
    
   XxcsoAcctWeeklyPlansVEO.SATURDAY_VALUE, 
       XxcsoAcctWeeklyPlansVEO.SUNDAY_COLUMN, 

       XxcsoAcctWeeklyPlansVEO.SUNDAY_SALES_PLAN_ID, 
      
 XxcsoAcctWeeklyPlansVEO.SUNDAY_VALUE, 
       XxcsoAcctWeeklyPlansVEO.CREATED_BY, 

       XxcsoAcctWeeklyPlansVEO.CREATION_DATE, 
       XxcsoAcctWeeklyPlansVEO.LAST_UPDATED_BY, 

       XxcsoAcctWeeklyPlansVEO.LAST_UPDATE_DATE, 
       XxcsoAcctWeeklyPlansVEO.LAST_UPDATE_LOGIN"
   FromList="XXCSO_ACCT_WEEKLY_PLANS_V XxcsoAcctWeeklyPlansVEO"
   Where="XxcsoAcctWeeklyPlansVEO.BASE_CODE      = :1    AND XxcsoAcctWeeklyPlansVEO.ACCOUNT_NUMBER = :2    AND XxcsoAcctWeeklyPlansVEO.YEAR_MONTH     = :3"
   OrderBy="week_index"
   BindingStyle="Oracle"
   CustomQuery="false"
   RowClass="itoen.oracle.apps.xxcso.xxcso019001j.server.XxcsoAcctWeeklyPlanFullVORowImpl"
   ComponentClass="itoen.oracle.apps.xxcso.xxcso019001j.server.XxcsoAcctWeeklyPlanFullVOImpl"
   MsgBundleClass="oracle.jbo.common.JboResourceBundle"
   FetchMode="FETCH_AS_NEEDED"
   Passivate="All"
   UseGlueCode="false" >
   <DesignTime>
      <Attr Name="_isCodegen" Value="true" />
      <Attr Name="_version" Value="9.0.3.14.00" />
      <Attr Name="_CodeGenFlagNew" Value="36" />
   </DesignTime>
   <EntityUsage
      Name="XxcsoAcctWeeklyPlansVEO"
      Entity="itoen.oracle.apps.xxcso.common.schema.server.XxcsoAcctWeeklyPlansVEO" >
      <DesignTime>
         <Attr Name="_queryClause" Value="true" />
         <Attr Name="_queryWhere" Value="XxcsoAcctWeeklyPlansVEO.BASE_CODE      = :1    AND XxcsoAcctWeeklyPlansVEO.ACCOUNT_NUMBER = :2    AND XxcsoAcctWeeklyPlansVEO.YEAR_MONTH     = :3" />
         <Attr Name="_queryOrderBy" Value="week_index" />
      </DesignTime>
   </EntityUsage>
   <ViewAttribute
      Name="BaseCode"
      Precision="4"
      EntityAttrName="BaseCode"
      EntityUsage="XxcsoAcctWeeklyPlansVEO"
      AliasName="BASE_CODE" >
   </ViewAttribute>
   <ViewAttribute
      Name="AccountNumber"
      Precision="9"
      EntityAttrName="AccountNumber"
      EntityUsage="XxcsoAcctWeeklyPlansVEO"
      AliasName="ACCOUNT_NUMBER" >
   </ViewAttribute>
   <ViewAttribute
      Name="YearMonth"
      Precision="6"
      EntityAttrName="YearMonth"
      EntityUsage="XxcsoAcctWeeklyPlansVEO"
      AliasName="YEAR_MONTH" >
   </ViewAttribute>
   <ViewAttribute
      Name="WeekIndex"
      EntityAttrName="WeekIndex"
      EntityUsage="XxcsoAcctWeeklyPlansVEO"
      AliasName="WEEK_INDEX" >
   </ViewAttribute>
   <ViewAttribute
      Name="MondayColumn"
      Precision="40"
      EntityAttrName="MondayColumn"
      EntityUsage="XxcsoAcctWeeklyPlansVEO"
      AliasName="MONDAY_COLUMN" >
   </ViewAttribute>
   <ViewAttribute
      Name="MondaySalesPlanId"
      EntityAttrName="MondaySalesPlanId"
      EntityUsage="XxcsoAcctWeeklyPlansVEO"
      AliasName="MONDAY_SALES_PLAN_ID" >
   </ViewAttribute>
   <ViewAttribute
      Name="MondayValue"
      Precision="7"
      EntityAttrName="MondayValue"
      EntityUsage="XxcsoAcctWeeklyPlansVEO"
      AliasName="MONDAY_VALUE" >
   </ViewAttribute>
   <ViewAttribute
      Name="TuesdayColumn"
      Precision="40"
      EntityAttrName="TuesdayColumn"
      EntityUsage="XxcsoAcctWeeklyPlansVEO"
      AliasName="TUESDAY_COLUMN" >
   </ViewAttribute>
   <ViewAttribute
      Name="TuesdaySalesPlanId"
      EntityAttrName="TuesdaySalesPlanId"
      EntityUsage="XxcsoAcctWeeklyPlansVEO"
      AliasName="TUESDAY_SALES_PLAN_ID" >
   </ViewAttribute>
   <ViewAttribute
      Name="TuesdayValue"
      Precision="7"
      EntityAttrName="TuesdayValue"
      EntityUsage="XxcsoAcctWeeklyPlansVEO"
      AliasName="TUESDAY_VALUE" >
   </ViewAttribute>
   <ViewAttribute
      Name="WednesdayColumn"
      Precision="40"
      EntityAttrName="WednesdayColumn"
      EntityUsage="XxcsoAcctWeeklyPlansVEO"
      AliasName="WEDNESDAY_COLUMN" >
   </ViewAttribute>
   <ViewAttribute
      Name="WednesdaySalesPlanId"
      EntityAttrName="WednesdaySalesPlanId"
      EntityUsage="XxcsoAcctWeeklyPlansVEO"
      AliasName="WEDNESDAY_SALES_PLAN_ID" >
   </ViewAttribute>
   <ViewAttribute
      Name="WednesdayValue"
      Precision="7"
      EntityAttrName="WednesdayValue"
      EntityUsage="XxcsoAcctWeeklyPlansVEO"
      AliasName="WEDNESDAY_VALUE" >
   </ViewAttribute>
   <ViewAttribute
      Name="ThursdayColumn"
      Precision="40"
      EntityAttrName="ThursdayColumn"
      EntityUsage="XxcsoAcctWeeklyPlansVEO"
      AliasName="THURSDAY_COLUMN" >
   </ViewAttribute>
   <ViewAttribute
      Name="ThursdaySalesPlanId"
      EntityAttrName="ThursdaySalesPlanId"
      EntityUsage="XxcsoAcctWeeklyPlansVEO"
      AliasName="THURSDAY_SALES_PLAN_ID" >
   </ViewAttribute>
   <ViewAttribute
      Name="ThursdayValue"
      Precision="7"
      EntityAttrName="ThursdayValue"
      EntityUsage="XxcsoAcctWeeklyPlansVEO"
      AliasName="THURSDAY_VALUE" >
   </ViewAttribute>
   <ViewAttribute
      Name="FridayColumn"
      Precision="40"
      EntityAttrName="FridayColumn"
      EntityUsage="XxcsoAcctWeeklyPlansVEO"
      AliasName="FRIDAY_COLUMN" >
   </ViewAttribute>
   <ViewAttribute
      Name="FridaySalesPlanId"
      EntityAttrName="FridaySalesPlanId"
      EntityUsage="XxcsoAcctWeeklyPlansVEO"
      AliasName="FRIDAY_SALES_PLAN_ID" >
   </ViewAttribute>
   <ViewAttribute
      Name="FridayValue"
      Precision="7"
      EntityAttrName="FridayValue"
      EntityUsage="XxcsoAcctWeeklyPlansVEO"
      AliasName="FRIDAY_VALUE" >
   </ViewAttribute>
   <ViewAttribute
      Name="SaturdayColumn"
      Precision="40"
      EntityAttrName="SaturdayColumn"
      EntityUsage="XxcsoAcctWeeklyPlansVEO"
      AliasName="SATURDAY_COLUMN" >
   </ViewAttribute>
   <ViewAttribute
      Name="SaturdaySalesPlanId"
      EntityAttrName="SaturdaySalesPlanId"
      EntityUsage="XxcsoAcctWeeklyPlansVEO"
      AliasName="SATURDAY_SALES_PLAN_ID" >
   </ViewAttribute>
   <ViewAttribute
      Name="SaturdayValue"
      Precision="7"
      EntityAttrName="SaturdayValue"
      EntityUsage="XxcsoAcctWeeklyPlansVEO"
      AliasName="SATURDAY_VALUE" >
   </ViewAttribute>
   <ViewAttribute
      Name="SundayColumn"
      Precision="40"
      EntityAttrName="SundayColumn"
      EntityUsage="XxcsoAcctWeeklyPlansVEO"
      AliasName="SUNDAY_COLUMN" >
   </ViewAttribute>
   <ViewAttribute
      Name="SundaySalesPlanId"
      EntityAttrName="SundaySalesPlanId"
      EntityUsage="XxcsoAcctWeeklyPlansVEO"
      AliasName="SUNDAY_SALES_PLAN_ID" >
   </ViewAttribute>
   <ViewAttribute
      Name="SundayValue"
      Precision="7"
      EntityAttrName="SundayValue"
      EntityUsage="XxcsoAcctWeeklyPlansVEO"
      AliasName="SUNDAY_VALUE" >
   </ViewAttribute>
   <ViewAttribute
      Name="CreatedBy"
      EntityAttrName="CreatedBy"
      EntityUsage="XxcsoAcctWeeklyPlansVEO"
      AliasName="CREATED_BY" >
   </ViewAttribute>
   <ViewAttribute
      Name="CreationDate"
      EntityAttrName="CreationDate"
      EntityUsage="XxcsoAcctWeeklyPlansVEO"
      AliasName="CREATION_DATE" >
   </ViewAttribute>
   <ViewAttribute
      Name="LastUpdatedBy"
      EntityAttrName="LastUpdatedBy"
      EntityUsage="XxcsoAcctWeeklyPlansVEO"
      AliasName="LAST_UPDATED_BY" >
   </ViewAttribute>
   <ViewAttribute
      Name="LastUpdateDate"
      EntityAttrName="LastUpdateDate"
      EntityUsage="XxcsoAcctWeeklyPlansVEO"
      AliasName="LAST_UPDATE_DATE" >
   </ViewAttribute>
   <ViewAttribute
      Name="LastUpdateLogin"
      EntityAttrName="LastUpdateLogin"
      EntityUsage="XxcsoAcctWeeklyPlansVEO"
      AliasName="LAST_UPDATE_LOGIN" >
   </ViewAttribute>
   <ViewAttribute
      Name="MondayRender"
      IsQueriable="false"
      IsPersistent="false"
      Type="java.lang.Boolean"
      ColumnType="$none$"
      AliasName="VIEW_ATTR"
      SQLType="BIT" >
   </ViewAttribute>
   <ViewAttribute
      Name="TuesdayRender"
      IsQueriable="false"
      IsPersistent="false"
      Type="java.lang.Boolean"
      ColumnType="$none$"
      AliasName="VIEW_ATTR"
      SQLType="BIT" >
   </ViewAttribute>
   <ViewAttribute
      Name="WednesdayRender"
      IsQueriable="false"
      IsPersistent="false"
      Type="java.lang.Boolean"
      ColumnType="$none$"
      AliasName="VIEW_ATTR"
      SQLType="BIT" >
   </ViewAttribute>
   <ViewAttribute
      Name="ThursdayRender"
      IsQueriable="false"
      IsPersistent="false"
      Type="java.lang.Boolean"
      ColumnType="$none$"
      AliasName="VIEW_ATTR"
      SQLType="BIT" >
   </ViewAttribute>
   <ViewAttribute
      Name="FridayRender"
      IsQueriable="false"
      IsPersistent="false"
      Type="java.lang.Boolean"
      ColumnType="$none$"
      AliasName="VIEW_ATTR"
      SQLType="BIT" >
   </ViewAttribute>
   <ViewAttribute
      Name="SaturdayRender"
      IsQueriable="false"
      IsPersistent="false"
      Type="java.lang.Boolean"
      ColumnType="$none$"
      AliasName="VIEW_ATTR"
      SQLType="BIT" >
   </ViewAttribute>
   <ViewAttribute
      Name="SundayRender"
      IsQueriable="false"
      IsPersistent="false"
      Type="java.lang.Boolean"
      ColumnType="$none$"
      AliasName="VIEW_ATTR"
      SQLType="BIT" >
   </ViewAttribute>
</ViewObject>
