<?xml version="1.0" encoding='Windows-31J'?>
<!DOCTYPE ViewObject SYSTEM "jbo_03_01.dtd">

<ViewObject
   Name="XxcsoAcctSalesInitVO"
   BindingStyle="Oracle"
   CustomQuery="true"
   RowClass="itoen.oracle.apps.xxcso.xxcso019001j.server.XxcsoAcctSalesInitVORowImpl"
   ComponentClass="itoen.oracle.apps.xxcso.xxcso019001j.server.XxcsoAcctSalesInitVOImpl"
   MsgBundleClass="oracle.jbo.common.JboResourceBundle"
   UseGlueCode="false" >
   <SQLQuery><![CDATA[
SELECT  NULL account_number
       ,NULL party_name
       ,NULL party_id
       ,NULL vist_Target_Div
       ,TO_CHAR(xxcso_util_common_pkg.get_online_sysdate, 'YYYY') plan_year
       ,TO_CHAR(xxcso_util_common_pkg.get_online_sysdate, 'MM') plan_month
       ,xxcso_util_common_pkg.get_emp_parameter(
           xev.work_base_code_new
          ,xev.work_base_code_old
          ,xev.issue_date
          ,xxcso_util_common_pkg.get_online_sysdate
        ) base_code
       ,xev.employee_number
       ,xev.full_name
FROM    xxcso_employees_v2  xev
WHERE   xev.user_id = fnd_global.user_id
   ]]></SQLQuery>
   <DesignTime>
      <Attr Name="_isCodegen" Value="true" />
      <Attr Name="_version" Value="9.0.3.14.00" />
      <Attr Name="_CodeGenFlagNew" Value="36" />
   </DesignTime>
   <ViewAttribute
      Name="AccountNumber"
      IsPersistent="false"
      Precision="30"
      Type="java.lang.String"
      ColumnType="VARCHAR2"
      AliasName="ACCOUNT_NUMBER"
      Expression="ACCOUNT_NUMBER"
      SQLType="VARCHAR" >
   </ViewAttribute>
   <ViewAttribute
      Name="PartyName"
      IsPersistent="false"
      Precision="360"
      Type="java.lang.String"
      ColumnType="VARCHAR2"
      AliasName="PARTY_NAME"
      Expression="PARTY_NAME"
      SQLType="VARCHAR" >
   </ViewAttribute>
   <ViewAttribute
      Name="PartyId"
      IsPersistent="false"
      Type="java.lang.String"
      ColumnType="NUMBER"
      AliasName="PARTY_ID"
      Expression="PARTY_ID"
      SQLType="VARCHAR" >
   </ViewAttribute>
   <ViewAttribute
      Name="VistTargetDiv"
      IsPersistent="false"
      Precision="1"
      Type="java.lang.String"
      ColumnType="VARCHAR2"
      AliasName="VIST_TARGET_DIV"
      Expression="VIST_TARGET_DIV"
      SQLType="VARCHAR" >
   </ViewAttribute>
   <ViewAttribute
      Name="PlanYear"
      IsPersistent="false"
      Precision="4"
      Type="java.lang.String"
      ColumnType="VARCHAR2"
      AliasName="PLAN_YEAR"
      Expression="PLAN_YEAR"
      SQLType="VARCHAR" >
      <DesignTime>
         <Attr Name="_DisplaySize" Value="4" />
      </DesignTime>
   </ViewAttribute>
   <ViewAttribute
      Name="ResultRender"
      IsQueriable="false"
      IsPersistent="false"
      Type="java.lang.Boolean"
      ColumnType="$none$"
      AliasName="RESULTRENDER"
      Passivate="true"
      SQLType="BIT" >
   </ViewAttribute>
   <ViewAttribute
      Name="PlanMonth"
      IsPersistent="false"
      Precision="2"
      Type="java.lang.String"
      ColumnType="VARCHAR2"
      AliasName="PLAN_MONTH"
      Expression="PLAN_MONTH"
      SQLType="VARCHAR" >
      <DesignTime>
         <Attr Name="_DisplaySize" Value="2" />
      </DesignTime>
   </ViewAttribute>
   <ViewAttribute
      Name="BaseCode"
      IsPersistent="false"
      Precision="4000"
      Type="java.lang.String"
      ColumnType="VARCHAR2"
      AliasName="BASE_CODE"
      Expression="BASE_CODE"
      SQLType="VARCHAR" >
      <DesignTime>
         <Attr Name="_DisplaySize" Value="4000" />
      </DesignTime>
   </ViewAttribute>
   <ViewAttribute
      Name="EmployeeNumber"
      IsPersistent="false"
      Precision="30"
      Type="java.lang.String"
      ColumnType="VARCHAR2"
      AliasName="EMPLOYEE_NUMBER"
      Expression="EMPLOYEE_NUMBER"
      SQLType="VARCHAR" >
      <DesignTime>
         <Attr Name="_DisplaySize" Value="30" />
      </DesignTime>
   </ViewAttribute>
   <ViewAttribute
      Name="FullName"
      IsPersistent="false"
      Precision="301"
      Type="java.lang.String"
      ColumnType="VARCHAR2"
      AliasName="FULL_NAME"
      Expression="EMPLOYEE_NUMBER"
      SQLType="VARCHAR" >
      <DesignTime>
         <Attr Name="_DisplaySize" Value="301" />
      </DesignTime>
   </ViewAttribute>
</ViewObject>
