<?xml version="1.0" encoding='Windows-31J'?>
<!DOCTYPE ViewObject SYSTEM "jbo_03_01.dtd">

<ViewObject
   Name="XxcsoRtnRsrcFullVO"
   SelectList="XxcsoRtnRsrcVEO.ACCOUNT_NUMBER, 
       XxcsoRtnRsrcVEO.CUST_ACCOUNT_ID, 

       XxcsoRtnRsrcVEO.CREATED_BY, 
       XxcsoRtnRsrcVEO.CREATION_DATE, 

       XxcsoRtnRsrcVEO.LAST_UPDATED_BY, 
       XxcsoRtnRsrcVEO.LAST_UPDATE_DATE, 

       XxcsoRtnRsrcVEO.LAST_UPDATE_LOGIN, 
       XxcsoRtnRsrcVEO.TRGT_ROUTE_NO, 

       XxcsoRtnRsrcVEO.TRGT_ROUTE_NO_START_DATE, 
       XxcsoRtnRsrcVEO.TRGT_ROUTE_NO_EXTENSION_ID, 

       XxcsoRtnRsrcVEO.TRGT_ROUTE_NO_LAST_UPD_DATE, 
       
XxcsoRtnRsrcVEO.NEXT_ROUTE_NO, 
       XxcsoRtnRsrcVEO.NEXT_ROUTE_NO_START_DATE, 

       XxcsoRtnRsrcVEO.NEXT_ROUTE_NO_EXTENSION_ID, 
       XxcsoRtnRsrcVEO.NEXT_ROUTE_NO_LAST_UPD_DATE, 

       XxcsoRtnRsrcVEO.NEW_ROUTE_NO, 
       XxcsoRtnRsrcVEO.NEW_ROUTE_NO_START_DATE, 

       XxcsoRtnRsrcVEO.NEW_ROUTE_NO_EXTENSION_ID, 
       XxcsoRtnRsrcVEO.TRGT_RESOURCE, 

       XxcsoRtnRsrcVEO.TRGT_RESOURCE_START_DATE, 
       XxcsoRtnRsrcVEO.TRGT_RESOURCE_EXTENSION_ID, 

       XxcsoRtnRsrcVEO.TRGT_RESOURCE_LAST_UPD_DATE, 
       
XxcsoRtnRsrcVEO.NEXT_RESOURCE, 
       XxcsoRtnRsrcVEO.NEXT_RESOURCE_START_DATE, 

       XxcsoRtnRsrcVEO.NEXT_RESOURCE_EXTENSION_ID, 
       XxcsoRtnRsrcVEO.NEXT_RESOURCE_LAST_UPD_DATE, 

       XxcsoRtnRsrcVEO.NEW_RESOURCE, 
       XxcsoRtnRsrcVEO.NEW_RESOURCE_START_DATE, 

       XxcsoRtnRsrcVEO.NEW_RESOURCE_EXTENSION_ID"
   FromList="XXCSO_RTN_RSRC_V XxcsoRtnRsrcVEO"
   Where="XxcsoRtnRsrcVEO.ACCOUNT_NUMBER = :1"
   BindingStyle="JDBC"
   CustomQuery="false"
   RowClass="itoen.oracle.apps.xxcso.xxcso019001j.server.XxcsoRtnRsrcFullVORowImpl"
   ComponentClass="itoen.oracle.apps.xxcso.xxcso019001j.server.XxcsoRtnRsrcFullVOImpl"
   MsgBundleClass="oracle.jbo.common.JboResourceBundle"
   FetchMode="FETCH_AS_NEEDED"
   UseGlueCode="false" >
   <DesignTime>
      <Attr Name="_isCodegen" Value="true" />
      <Attr Name="_version" Value="9.0.3.14.00" />
      <Attr Name="_CodeGenFlagNew" Value="36" />
   </DesignTime>
   <EntityUsage
      Name="XxcsoRtnRsrcVEO"
      Entity="itoen.oracle.apps.xxcso.common.schema.server.XxcsoRtnRsrcVEO" >
      <DesignTime>
         <Attr Name="_queryClause" Value="true" />
         <Attr Name="_queryWhere" Value="XxcsoRtnRsrcVEO.ACCOUNT_NUMBER = :1" />
      </DesignTime>
   </EntityUsage>
   <ViewAttribute
      Name="AccountNumber"
      Precision="30"
      EntityAttrName="AccountNumber"
      EntityUsage="XxcsoRtnRsrcVEO"
      AliasName="ACCOUNT_NUMBER" >
   </ViewAttribute>
   <ViewAttribute
      Name="CustAccountId"
      IsNotNull="true"
      Precision="15"
      Scale="0"
      EntityAttrName="CustAccountId"
      EntityUsage="XxcsoRtnRsrcVEO"
      AliasName="CUST_ACCOUNT_ID" >
   </ViewAttribute>
   <ViewAttribute
      Name="CreatedBy"
      EntityAttrName="CreatedBy"
      EntityUsage="XxcsoRtnRsrcVEO"
      AliasName="CREATED_BY" >
   </ViewAttribute>
   <ViewAttribute
      Name="CreationDate"
      EntityAttrName="CreationDate"
      EntityUsage="XxcsoRtnRsrcVEO"
      AliasName="CREATION_DATE" >
   </ViewAttribute>
   <ViewAttribute
      Name="LastUpdatedBy"
      EntityAttrName="LastUpdatedBy"
      EntityUsage="XxcsoRtnRsrcVEO"
      AliasName="LAST_UPDATED_BY" >
   </ViewAttribute>
   <ViewAttribute
      Name="LastUpdateDate"
      EntityAttrName="LastUpdateDate"
      EntityUsage="XxcsoRtnRsrcVEO"
      AliasName="LAST_UPDATE_DATE" >
   </ViewAttribute>
   <ViewAttribute
      Name="LastUpdateLogin"
      EntityAttrName="LastUpdateLogin"
      EntityUsage="XxcsoRtnRsrcVEO"
      AliasName="LAST_UPDATE_LOGIN" >
   </ViewAttribute>
   <ViewAttribute
      Name="TrgtRouteNo"
      Precision="7"
      EntityAttrName="TrgtRouteNo"
      EntityUsage="XxcsoRtnRsrcVEO"
      AliasName="TRGT_ROUTE_NO" >
   </ViewAttribute>
   <ViewAttribute
      Name="TrgtRouteNoStartDate"
      EntityAttrName="TrgtRouteNoStartDate"
      EntityUsage="XxcsoRtnRsrcVEO"
      AliasName="TRGT_ROUTE_NO_START_DATE" >
   </ViewAttribute>
   <ViewAttribute
      Name="TrgtRouteNoExtensionId"
      EntityAttrName="TrgtRouteNoExtensionId"
      EntityUsage="XxcsoRtnRsrcVEO"
      AliasName="TRGT_ROUTE_NO_EXTENSION_ID" >
   </ViewAttribute>
   <ViewAttribute
      Name="TrgtRouteNoLastUpdDate"
      EntityAttrName="TrgtRouteNoLastUpdDate"
      EntityUsage="XxcsoRtnRsrcVEO"
      AliasName="TRGT_ROUTE_NO_LAST_UPD_DATE" >
   </ViewAttribute>
   <ViewAttribute
      Name="NextRouteNo"
      Precision="7"
      EntityAttrName="NextRouteNo"
      EntityUsage="XxcsoRtnRsrcVEO"
      AliasName="NEXT_ROUTE_NO" >
   </ViewAttribute>
   <ViewAttribute
      Name="NextRouteNoStartDate"
      EntityAttrName="NextRouteNoStartDate"
      EntityUsage="XxcsoRtnRsrcVEO"
      AliasName="NEXT_ROUTE_NO_START_DATE" >
   </ViewAttribute>
   <ViewAttribute
      Name="NextRouteNoExtensionId"
      EntityAttrName="NextRouteNoExtensionId"
      EntityUsage="XxcsoRtnRsrcVEO"
      AliasName="NEXT_ROUTE_NO_EXTENSION_ID" >
   </ViewAttribute>
   <ViewAttribute
      Name="NextRouteNoLastUpdDate"
      EntityAttrName="NextRouteNoLastUpdDate"
      EntityUsage="XxcsoRtnRsrcVEO"
      AliasName="NEXT_ROUTE_NO_LAST_UPD_DATE" >
   </ViewAttribute>
   <ViewAttribute
      Name="NewRouteNo"
      Precision="7"
      EntityAttrName="NewRouteNo"
      EntityUsage="XxcsoRtnRsrcVEO"
      AliasName="NEW_ROUTE_NO" >
   </ViewAttribute>
   <ViewAttribute
      Name="NewRouteNoStartDate"
      EntityAttrName="NewRouteNoStartDate"
      EntityUsage="XxcsoRtnRsrcVEO"
      AliasName="NEW_ROUTE_NO_START_DATE" >
   </ViewAttribute>
   <ViewAttribute
      Name="NewRouteNoExtensionId"
      EntityAttrName="NewRouteNoExtensionId"
      EntityUsage="XxcsoRtnRsrcVEO"
      AliasName="NEW_ROUTE_NO_EXTENSION_ID" >
   </ViewAttribute>
   <ViewAttribute
      Name="TrgtResource"
      Precision="5"
      EntityAttrName="TrgtResource"
      EntityUsage="XxcsoRtnRsrcVEO"
      AliasName="TRGT_RESOURCE" >
   </ViewAttribute>
   <ViewAttribute
      Name="TrgtResourceStartDate"
      EntityAttrName="TrgtResourceStartDate"
      EntityUsage="XxcsoRtnRsrcVEO"
      AliasName="TRGT_RESOURCE_START_DATE" >
   </ViewAttribute>
   <ViewAttribute
      Name="TrgtResourceExtensionId"
      EntityAttrName="TrgtResourceExtensionId"
      EntityUsage="XxcsoRtnRsrcVEO"
      AliasName="TRGT_RESOURCE_EXTENSION_ID" >
   </ViewAttribute>
   <ViewAttribute
      Name="TrgtResourceLastUpdDate"
      EntityAttrName="TrgtResourceLastUpdDate"
      EntityUsage="XxcsoRtnRsrcVEO"
      AliasName="TRGT_RESOURCE_LAST_UPD_DATE" >
   </ViewAttribute>
   <ViewAttribute
      Name="NextResource"
      Precision="5"
      EntityAttrName="NextResource"
      EntityUsage="XxcsoRtnRsrcVEO"
      AliasName="NEXT_RESOURCE" >
   </ViewAttribute>
   <ViewAttribute
      Name="NextResourceStartDate"
      EntityAttrName="NextResourceStartDate"
      EntityUsage="XxcsoRtnRsrcVEO"
      AliasName="NEXT_RESOURCE_START_DATE" >
   </ViewAttribute>
   <ViewAttribute
      Name="NextResourceExtensionId"
      EntityAttrName="NextResourceExtensionId"
      EntityUsage="XxcsoRtnRsrcVEO"
      AliasName="NEXT_RESOURCE_EXTENSION_ID" >
   </ViewAttribute>
   <ViewAttribute
      Name="NextResourceLastUpdDate"
      EntityAttrName="NextResourceLastUpdDate"
      EntityUsage="XxcsoRtnRsrcVEO"
      AliasName="NEXT_RESOURCE_LAST_UPD_DATE" >
   </ViewAttribute>
   <ViewAttribute
      Name="NewResource"
      Precision="5"
      EntityAttrName="NewResource"
      EntityUsage="XxcsoRtnRsrcVEO"
      AliasName="NEW_RESOURCE" >
   </ViewAttribute>
   <ViewAttribute
      Name="NewResourceStartDate"
      EntityAttrName="NewResourceStartDate"
      EntityUsage="XxcsoRtnRsrcVEO"
      AliasName="NEW_RESOURCE_START_DATE" >
   </ViewAttribute>
   <ViewAttribute
      Name="NewResourceExtensionId"
      EntityAttrName="NewResourceExtensionId"
      EntityUsage="XxcsoRtnRsrcVEO"
      AliasName="NEW_RESOURCE_EXTENSION_ID" >
   </ViewAttribute>
</ViewObject>
