<?xml version = '1.0' encoding = 'UTF-8'?>
<!-- dbdrv: exec java oracle/jrad/tools/xml/importer XMLImporter.class java &phase=dat+24 checkfile:~PROD:~PATH:~FILE &fullpath:~PROD:~PATH:~FILE -username &un_apps -password &pw_apps -dbconnection &jdbc_db_addr  -userId "1" -rootPackage /oracle/apps/~PROD  -rootdir &fullpath:~PROD:mds:directory  -->
<page xmlns:jrad="http://xmlns.oracle.com/jrad" xmlns:oa="http://xmlns.oracle.com/oa" xmlns:ui="http://xmlns.oracle.com/uix/ui" version="9.0.3.8.10_1080" xml:lang="en-US" xmlns:user="http://xmlns.oracle.com/jrad/user" xmlns="http://xmlns.oracle.com/jrad" file-version="$Header$">
   <content>
      <oa:pageLayout id="PageLayoutRN" windowTitle="一見顧客入力画面" title="売上請求" amDefName="oracle.apps.xx03.ar.input.server.Xx03ArInvoiceFirstCustomerAM" controllerClass="oracle.apps.xx03.ar.input.webui.Xx03InvoiceFirstCustomerCO">
         <ui:corporateBranding>
            <oa:image id="corporateBrandingImage" source="/OA_MEDIA/FNDSSCORP.gif"/>
         </ui:corporateBranding>
         <ui:contents>
            <oa:pageButtonBar id="PageButton">
               <ui:contents>
                  <oa:submitButton id="Input" text="OK" prompt="OK" rendered="true" disabled="false" unvalidated="true"/>
                  <oa:submitButton id="Back" text="戻る" prompt="戻る" unvalidated="true"/>
               </ui:contents>
            </oa:pageButtonBar>
            <oa:header id="CustomerInfoTitleRN" text="一見顧客">
               <ui:contents>
                  <oa:messageComponentLayout id="CustomerInfoRN">
                     <ui:contents>
                        <oa:messageTextInput id="CustomerName" prompt="顧客名称" viewName="Xx03InvoiceFirstCustomerVO1" viewAttr="OnetimeCustomerName" maximumLength="90" required="yes"/>
                        <oa:messageTextInput id="KanaName" prompt="カナ名" viewName="Xx03InvoiceFirstCustomerVO1" viewAttr="OnetimeCustomerKanaName" maximumLength="90" required="yes"/>
                        <oa:messageTextInput id="zipCode" prompt="郵便番号" viewName="Xx03InvoiceFirstCustomerVO1" viewAttr="OnetimeCustomerAddress1" maximumLength="90"/>
                        <oa:messageTextInput id="Address1" prompt="住所１" viewName="Xx03InvoiceFirstCustomerVO1" viewAttr="OnetimeCustomerAddress2" maximumLength="90" required="yes"/>
                        <oa:messageTextInput id="Address2" prompt="住所２" viewName="Xx03InvoiceFirstCustomerVO1" viewAttr="OnetimeCustomerAddress3" maximumLength="90"/>
                     </ui:contents>
                  </oa:messageComponentLayout>
               </ui:contents>
            </oa:header>
         </ui:contents>
      </oa:pageLayout>
   </content>
</page>
