<?xml version = '1.0' encoding = 'UTF-8'?>
<!-- dbdrv: exec java oracle/jrad/tools/xml/importer XMLImporter.class java &phase=dat+24 checkfile:~PROD:~PATH:~FILE &fullpath:~PROD:~PATH:~FILE -username &un_apps -password &pw_apps -dbconnection &jdbc_db_addr  -userId "1" -rootPackage /oracle/apps/~PROD  -rootdir &fullpath:~PROD:mds:directory  -->
<page xmlns:jrad="http://xmlns.oracle.com/jrad" xmlns:oa="http://xmlns.oracle.com/oa" xmlns:ui="http://xmlns.oracle.com/uix/ui" version="9.0.3.8.12_1330" xml:lang="en-US" xmlns:user="http://xmlns.oracle.com/jrad/user" xmlns="http://xmlns.oracle.com/jrad" file-version="$Header$">
   <content>
      <oa:pageLayout id="PageLayoutRN" windowTitle="前受金入力画面" title="売上請求" amDefName="oracle.apps.xx03.ar.input.server.Xx03ArInvoiceAdvanceAM" controllerClass="oracle.apps.xx03.ar.input.webui.Xx03InvoiceAdvanceCO">
         <ui:corporateBranding>
            <oa:image id="corporateBrandingImage" source="/OA_MEDIA/FNDSSCORP.gif"/>
         </ui:corporateBranding>
         <ui:contents>
            <oa:pageButtonBar id="PageButton">
               <ui:contents>
                  <oa:submitButton id="Input" text="OK" prompt="OK" rendered="true" disabled="false" unvalidated="true" serverUnvalidated="true"/>
                  <oa:submitButton id="Back" text="戻る" prompt="戻る" unvalidated="true" disabled="false"/>
               </ui:contents>
            </oa:pageButtonBar>
            <oa:header id="AdvanceInfoTitleRN" text="前受金">
               <ui:contents>
                  <oa:messageComponentLayout id="AdvanceInfoRN">
                     <ui:contents>
                        <oa:messageLovInput id="SlipLineTypeName" externalListOfValues="/oracle/apps/xx03/lov/webui/Xx03ArLinesLovRN" viewName="Xx03InvoiceAdvanceLinesVO1" viewAttr="SlipLineTypeName" prompt="請求内容" required="yes" unvalidated="false">
                           <lovMappings>
                              <lovMap id="lovMap3" lovItem="MemoLineName" resultTo="SlipLineTypeName" criteriaFrom="SlipLineTypeName"/>
                              <lovMap id="lovMap4" lovItem="MemoLineId" resultTo="SlipLineType"/>
                              <lovMap id="lovMap5" lovItem="Attribute1" criteriaFrom="SlipType"/>
                           </lovMappings>
                        </oa:messageLovInput>
                        <oa:messageLovInput id="Summary" prompt="摘要" maximumLength="500" viewName="Xx03InvoiceAdvanceVO1" viewAttr="CommitmentName" externalListOfValues="/oracle/apps/xx03/lov/webui/Xx03MeaningRN" queryable="true" sortState="yes" required="yes" unvalidated="true">
                           <lovMappings>
                              <lovMap id="lovMap1" lovItem="Meaning" resultTo="Summary" criteriaFrom="Summary"/>
                              <lovMap id="lovMap2" lovItem="MeaningDummy" resultTo="SummryDummy"/>
                           </lovMappings>
                        </oa:messageLovInput>
                        <oa:messageTextInput id="Money" prompt="金額" dataType="NUMBER" viewName="Xx03InvoiceAdvanceVO1" viewAttr="InvAmount" required="yes" maximumLength="13"/>
                        <oa:messageTextInput id="EffectiveDayFrom" prompt="有効日（自）" viewName="Xx03InvoiceAdvanceVO1" viewAttr="CommitmentDateFrom" dataType="DATE" required="yes"/>
                        <oa:messageTextInput id="EffectiveDayTo" prompt="有効日（至）" viewName="Xx03InvoiceAdvanceVO1" viewAttr="CommitmentDateTo" dataType="DATE"/>
                     </ui:contents>
                  </oa:messageComponentLayout>
                  <oa:formValue id="SummryDummy" viewName="Xx03InvoiceAdvanceVO1" viewAttr="CommitmentCode" prompt="摘要(ダミー)"/>
                  <oa:formValue id="SlipLineType" viewName="Xx03InvoiceAdvanceLinesVO1" viewAttr="SlipLineType" prompt="メモ明細コード"/>
                  <oa:formValue id="SlipType" viewName="Xx03InvoiceAdvanceVO1" viewAttr="SlipType" prompt="伝票種別"/>
                  <oa:formValue id="SlipLineUnitPrice" viewName="Xx03InvoiceAdvanceLinesVO1" viewAttr="SlipLineUnitPrice" prompt="単価" dataType="NUMBER"/>
                  <oa:formValue id="SlipLineQuantity" viewName="Xx03InvoiceAdvanceLinesVO1" viewAttr="SlipLineQuantity" prompt="数量" dataType="NUMBER"/>
                  <oa:formValue id="SlipLineEnteredAmount" viewName="Xx03InvoiceAdvanceLinesVO1" viewAttr="SlipLineEnteredAmount" prompt="入力金額" dataType="NUMBER"/>
                  <oa:formValue id="TaxCode" viewName="Xx03InvoiceAdvanceLinesVO1" viewAttr="TaxCode" prompt="税区分"/>
                  <oa:formValue id="TaxName" viewName="Xx03InvoiceAdvanceLinesVO1" viewAttr="TaxName"/>
                  <oa:formValue id="EnteredItemAmount" viewName="Xx03InvoiceAdvanceLinesVO1" viewAttr="EnteredItemAmount" prompt="本体金額" dataType="NUMBER"/>
                  <oa:formValue id="EnteredTaxAmount" viewName="Xx03InvoiceAdvanceLinesVO1" viewAttr="EnteredTaxAmount" prompt="消費税額" dataType="NUMBER"/>
                  <oa:formValue id="InvItemAmount" viewName="Xx03InvoiceAdvanceVO1" viewAttr="InvItemAmount"/>
                  <oa:formValue id="InvTaxAmount" viewName="Xx03InvoiceAdvanceVO1" viewAttr="InvTaxAmount"/>
                  <oa:formValue id="LineNumber" viewName="Xx03InvoiceAdvanceLinesVO1" viewAttr="LineNumber" dataType="NUMBER"/>
                  <oa:formValue id="invDate" viewName="Xx03InvoiceAdvanceVO1" viewAttr="InvoiceDate" dataType="DATE"/>
               </ui:contents>
            </oa:header>
         </ui:contents>
      </oa:pageLayout>
   </content>
</page>
