<?xml version = '1.0' encoding = 'UTF-8'?>
<!-- dbdrv: exec java oracle/jrad/tools/xml/importer XMLImporter.class java &phase=dat+24 checkfile:~PROD:~PATH:~FILE &fullpath:~PROD:~PATH:~FILE -username &un_apps -password &pw_apps -dbconnection &jdbc_db_addr  -userId "1" -rootPackage /oracle/apps/~PROD  -rootdir &fullpath:~PROD:mds:directory  -->
<oa:listOfValues version="9.0.3.8.13_1566" xml:lang="en-US" xmlns:oa="http://xmlns.oracle.com/oa" xmlns:jrad="http://xmlns.oracle.com/jrad" xmlns:ui="http://xmlns.oracle.com/uix/ui" xmlns:user="http://xmlns.oracle.com/jrad/user" xmlns="http://xmlns.oracle.com/jrad" file-version="$Header$" scope="/" amDefName="itoen.oracle.apps.xxcso.xxcso019009j.lov.server.XxcsoRscRtnRsrcLovAM">
   <ui:contents>
      <oa:table name="XxcsoRscRtnRsrcLovRN" id="RscRtnRsrcLovTlRN" use="/itoen/oracle/apps/xxcso/xxcso019009j/attributesets/XxcsoRtnRsrcBulkUpdateAttrSets/RscRtnRsrcLovTlRN">
         <ui:contents>
            <oa:messageStyledText id="EmployeeNumber" dataType="VARCHAR2" prompt="営業員コード" viewName="XxcsoRscRtnRsrcLovVO1" viewAttr="EmployeeNumber" maximumLength="30" queryable="true"/>
            <oa:messageStyledText id="FullName" dataType="VARCHAR2" prompt="営業員氏名" viewName="XxcsoRscRtnRsrcLovVO1" viewAttr="FullName" maximumLength="301"/>
         </ui:contents>
      </oa:table>
   </ui:contents>
</oa:listOfValues>
