<?xml version="1.0" encoding='Windows-31J'?>
<!DOCTYPE ViewObject SYSTEM "jbo_03_01.dtd">

<ViewObject
   Name="XxcsoInventoryItemLovVO"
   BindingStyle="Oracle"
   CustomQuery="true"
   RowClass="itoen.oracle.apps.xxcso.xxcso007003j.lov.server.XxcsoInventoryItemLovVORowImpl"
   ComponentClass="itoen.oracle.apps.xxcso.xxcso007003j.lov.server.XxcsoInventoryItemLovVOImpl"
   MsgBundleClass="oracle.jbo.common.JboResourceBundle"
   UseGlueCode="false" >
   <SQLQuery><![CDATA[
SELECT  xiiv.inventory_item_id
       ,xiiv.inventory_item_code
       ,xiiv.item_short_name
       ,xiiv.case_inc_num
       ,xiiv.jan_code
       ,xiiv.itf_code
FROM    xxcso_inventory_items_v2 xiiv
WHERE   xiiv.item_status IN ('20','30','40','50')
   ]]></SQLQuery>
   <DesignTime>
      <Attr Name="_isCodegen" Value="true" />
      <Attr Name="_version" Value="9.0.3.14.00" />
      <Attr Name="_CodeGenFlagNew" Value="36" />
   </DesignTime>
   <ViewAttribute
      Name="InventoryItemId"
      IsPersistent="false"
      IsNotNull="true"
      Type="oracle.jbo.domain.Number"
      ColumnType="NUMBER"
      AliasName="INVENTORY_ITEM_ID"
      Expression="INVENTORY_ITEM_ID"
      SQLType="NUMERIC" >
      <DesignTime>
         <Attr Name="_DisplaySize" Value="22" />
      </DesignTime>
   </ViewAttribute>
   <ViewAttribute
      Name="InventoryItemCode"
      IsPersistent="false"
      Precision="40"
      Type="java.lang.String"
      ColumnType="VARCHAR2"
      AliasName="INVENTORY_ITEM_CODE"
      Expression="INVENTORY_ITEM_CODE"
      SQLType="VARCHAR" >
      <DesignTime>
         <Attr Name="_DisplaySize" Value="40" />
      </DesignTime>
   </ViewAttribute>
   <ViewAttribute
      Name="ItemShortName"
      IsPersistent="false"
      Precision="20"
      Type="java.lang.String"
      ColumnType="VARCHAR2"
      AliasName="ITEM_SHORT_NAME"
      Expression="ITEM_SHORT_NAME"
      SQLType="VARCHAR" >
      <DesignTime>
         <Attr Name="_DisplaySize" Value="20" />
      </DesignTime>
   </ViewAttribute>
   <ViewAttribute
      Name="CaseIncNum"
      IsPersistent="false"
      Precision="240"
      Type="java.lang.String"
      ColumnType="VARCHAR2"
      AliasName="CASE_INC_NUM"
      Expression="CASE_INC_NUM"
      SQLType="VARCHAR" >
      <DesignTime>
         <Attr Name="_DisplaySize" Value="240" />
      </DesignTime>
   </ViewAttribute>
   <ViewAttribute
      Name="JanCode"
      IsPersistent="false"
      Precision="240"
      Type="java.lang.String"
      ColumnType="VARCHAR2"
      AliasName="JAN_CODE"
      Expression="JAN_CODE"
      SQLType="VARCHAR" >
      <DesignTime>
         <Attr Name="_DisplaySize" Value="240" />
      </DesignTime>
   </ViewAttribute>
   <ViewAttribute
      Name="ItfCode"
      IsPersistent="false"
      Precision="240"
      Type="java.lang.String"
      ColumnType="VARCHAR2"
      AliasName="ITF_CODE"
      Expression="ITF_CODE"
      SQLType="VARCHAR" >
      <DesignTime>
         <Attr Name="_DisplaySize" Value="240" />
      </DesignTime>
   </ViewAttribute>
</ViewObject>
