<?xml version="1.0" encoding='Windows-31J'?>
<!DOCTYPE ViewObject SYSTEM "jbo_03_01.dtd">

<ViewObject
   Name="XxcsoSalesNotifyUserSumVO"
   OrderBy="position_sort_code, employee_number"
   BindingStyle="Oracle"
   CustomQuery="true"
   RowClass="itoen.oracle.apps.xxcso.xxcso007002j.server.XxcsoSalesNotifyUserSumVORowImpl"
   ComponentClass="itoen.oracle.apps.xxcso.xxcso007002j.server.XxcsoSalesNotifyUserSumVOImpl"
   MsgBundleClass="oracle.jbo.common.JboResourceBundle"
   UseGlueCode="false" >
   <SQLQuery><![CDATA[
SELECT  xsn.employee_number
       ,xsn.full_name
       ,xsn.position_name
       ,xsn.position_sort_code
       ,base_code
       ,base_name
FROM    xxcso_sales_notifies     xsn
WHERE   xsn.header_history_id = :1
   ]]></SQLQuery>
   <DesignTime>
      <Attr Name="_isCodegen" Value="true" />
      <Attr Name="_version" Value="9.0.3.14.00" />
      <Attr Name="_CodeGenFlagNew" Value="36" />
   </DesignTime>
   <ViewAttribute
      Name="EmployeeNumber"
      IsPersistent="false"
      Precision="30"
      Type="java.lang.String"
      ColumnType="VARCHAR2"
      AliasName="EMPLOYEE_NUMBER"
      Expression="EMPLOYEE_NUMBER"
      SQLType="VARCHAR" >
      <DesignTime>
         <Attr Name="_DisplaySize" Value="30" />
      </DesignTime>
   </ViewAttribute>
   <ViewAttribute
      Name="FullName"
      IsPersistent="false"
      Precision="301"
      Type="java.lang.String"
      ColumnType="VARCHAR2"
      AliasName="FULL_NAME"
      Expression="FULL_NAME"
      SQLType="VARCHAR" >
      <DesignTime>
         <Attr Name="_DisplaySize" Value="301" />
      </DesignTime>
   </ViewAttribute>
   <ViewAttribute
      Name="PositionName"
      IsPersistent="false"
      Precision="150"
      Type="java.lang.String"
      ColumnType="VARCHAR2"
      AliasName="POSITION_NAME"
      Expression="POSITION_NAME"
      SQLType="VARCHAR" >
      <DesignTime>
         <Attr Name="_DisplaySize" Value="150" />
      </DesignTime>
   </ViewAttribute>
   <ViewAttribute
      Name="PositionSortCode"
      IsPersistent="false"
      Precision="150"
      Type="java.lang.String"
      ColumnType="VARCHAR2"
      AliasName="POSITION_SORT_CODE"
      Expression="POSITION_SORT_CODE"
      SQLType="VARCHAR" >
      <DesignTime>
         <Attr Name="_DisplaySize" Value="150" />
      </DesignTime>
   </ViewAttribute>
   <ViewAttribute
      Name="BaseCode"
      IsPersistent="false"
      Precision="4"
      Type="java.lang.String"
      ColumnType="VARCHAR2"
      AliasName="BASE_CODE"
      Expression="BASE_CODE"
      SQLType="VARCHAR" >
      <DesignTime>
         <Attr Name="_DisplaySize" Value="4" />
      </DesignTime>
   </ViewAttribute>
   <ViewAttribute
      Name="BaseName"
      IsPersistent="false"
      Precision="150"
      Type="java.lang.String"
      ColumnType="VARCHAR2"
      AliasName="BASE_NAME"
      Expression="BASE_NAME"
      SQLType="VARCHAR" >
      <DesignTime>
         <Attr Name="_DisplaySize" Value="150" />
      </DesignTime>
   </ViewAttribute>
</ViewObject>
