<?xml version="1.0" encoding='Windows-31J'?>
<!DOCTYPE ViewObject SYSTEM "jbo_03_01.dtd">

<ViewObject
   Name="XxcsoSalesHeaderHistSumVO"
   BindingStyle="Oracle"
   CustomQuery="true"
   RowClass="itoen.oracle.apps.xxcso.xxcso007002j.server.XxcsoSalesHeaderHistSumVORowImpl"
   ComponentClass="itoen.oracle.apps.xxcso.xxcso007002j.server.XxcsoSalesHeaderHistSumVOImpl"
   MsgBundleClass="oracle.jbo.common.JboResourceBundle"
   UseGlueCode="false" >
   <SQLQuery><![CDATA[
SELECT  xshh.lead_number
       ,xshh.lead_description
       ,xshh.party_name
       ,xshh.other_content
       ,xshh.lead_id
       ,(SELECT  xrv.sales_dashboad_use_flag
         FROM    xxcso_resources_v2 xrv
         WHERE   xrv.user_id = fnd_global.user_id
        ) sales_dashboad_use_flag
FROM    xxcso_sales_headers_hist  xshh
WHERE   xshh.header_history_id = :1
   ]]></SQLQuery>
   <DesignTime>
      <Attr Name="_isCodegen" Value="true" />
      <Attr Name="_version" Value="9.0.3.14.00" />
      <Attr Name="_CodeGenFlagNew" Value="36" />
   </DesignTime>
   <ViewAttribute
      Name="LeadNumber"
      IsPersistent="false"
      Precision="15"
      Type="java.lang.String"
      ColumnType="VARCHAR2"
      AliasName="LEAD_NUMBER"
      Expression="LEAD_NUMBER"
      SQLType="VARCHAR" >
      <DesignTime>
         <Attr Name="_DisplaySize" Value="15" />
      </DesignTime>
   </ViewAttribute>
   <ViewAttribute
      Name="LeadDescription"
      IsPersistent="false"
      Precision="240"
      Type="java.lang.String"
      ColumnType="VARCHAR2"
      AliasName="LEAD_DESCRIPTION"
      Expression="LEAD_DESCRIPTION"
      SQLType="VARCHAR" >
      <DesignTime>
         <Attr Name="_DisplaySize" Value="240" />
      </DesignTime>
   </ViewAttribute>
   <ViewAttribute
      Name="PartyName"
      IsPersistent="false"
      Precision="360"
      Type="java.lang.String"
      ColumnType="VARCHAR2"
      AliasName="PARTY_NAME"
      Expression="PARTY_NAME"
      SQLType="VARCHAR" >
      <DesignTime>
         <Attr Name="_DisplaySize" Value="360" />
      </DesignTime>
   </ViewAttribute>
   <ViewAttribute
      Name="OtherContent"
      IsPersistent="false"
      Precision="1200"
      Type="java.lang.String"
      ColumnType="VARCHAR2"
      AliasName="OTHER_CONTENT"
      Expression="OTHER_CONTENT"
      SQLType="VARCHAR" >
      <DesignTime>
         <Attr Name="_DisplaySize" Value="2000" />
      </DesignTime>
   </ViewAttribute>
   <ViewAttribute
      Name="LeadId"
      IsPersistent="false"
      Type="oracle.jbo.domain.Number"
      ColumnType="NUMBER"
      AliasName="LEAD_ID"
      Expression="LEAD_ID"
      SQLType="NUMERIC" >
      <DesignTime>
         <Attr Name="_DisplaySize" Value="22" />
      </DesignTime>
   </ViewAttribute>
   <ViewAttribute
      Name="SalesDashboadUseFlag"
      IsPersistent="false"
      Precision="150"
      Type="java.lang.String"
      ColumnType="VARCHAR2"
      AliasName="SALES_DASHBOAD_USE_FLAG"
      Expression="SALES_DASHBOAD_USE_FLAG"
      SQLType="VARCHAR" >
      <DesignTime>
         <Attr Name="_DisplaySize" Value="150" />
      </DesignTime>
   </ViewAttribute>
   <ViewAttribute
      Name="LeadDescriptionLinkRender"
      IsQueriable="false"
      IsPersistent="false"
      Type="java.lang.Boolean"
      ColumnType="$none$"
      AliasName="VIEW_ATTR"
      Passivate="true"
      SQLType="BIT" >
   </ViewAttribute>
</ViewObject>
