<?xml version = '1.0' encoding = 'UTF-8'?>
<!-- dbdrv: exec java oracle/jrad/tools/xml/importer XMLImporter.class java &phase=dat+24 checkfile:~PROD:~PATH:~FILE &fullpath:~PROD:~PATH:~FILE -username &un_apps -password &pw_apps -dbconnection &jdbc_db_addr  -userId "1" -rootPackage /oracle/apps/~PROD  -rootdir &fullpath:~PROD:mds:directory  -->
<page xmlns:jrad="http://xmlns.oracle.com/jrad" xmlns:oa="http://xmlns.oracle.com/oa" xmlns:ui="http://xmlns.oracle.com/uix/ui" version="9.0.3.8.13_1579" xml:lang="en-US" xmlns:user="http://xmlns.oracle.com/jrad/user" xmlns="http://xmlns.oracle.com/jrad" file-version="$Header$">
   <content>
      <oa:pageLayout id="PageLayotutRN" amDefName="oracle.apps.xx03.ar.input.server.Xx03ArInvoiceInputAM" windowTitle="確認" title="売上請求" warnAboutChanges="true" controllerClass="oracle.apps.xx03.ar.confirm.webui.Xx03InvoiceConfirmCO">
         <ui:corporateBranding>
            <oa:image id="corporateBrandingImage" source="/OA_MEDIA/FNDSSCORP.gif"/>
         </ui:corporateBranding>
         <ui:productBranding>
            <oa:image id="ProdBrand" source="FNDHOMEBRAND.gif" shortDesc="Test"/>
         </ui:productBranding>
         <ui:contents>
            <oa:pageButtonBar id="PageButton">
               <ui:contents>
                  <oa:submitButton id="Update" text="更新" prompt="更新" rendered="true"/>
                  <oa:submitButton id="Modify" text="修正" prompt="修正" rendered="true"/>
                  <oa:submitButton id="Apply" text="申請" prompt="申請" rendered="true"/>
                  <oa:submitButton id="Copy" text="コピー" prompt="コピー" rendered="true" serverUnvalidated="true" warnAboutChanges="true"/>
                  <oa:submitButton id="New" text="新規" prompt="新規" rendered="true" serverUnvalidated="true" warnAboutChanges="true"/>
                  <oa:submitButton id="ApplicationCancel" text="申請取消" prompt="申請取消" rendered="true"/>
                  <oa:submitButton id="SlipCancel" text="伝票取消" prompt="伝票取消" rendered="true"/>
                  <oa:submitButton id="BackToSelect" text="戻る" prompt="戻る" rendered="true" serverUnvalidated="true" warnAboutChanges="true" unvalidated="true"/>
                  <oa:submitButton id="BackToAcct" text="戻る" prompt="戻る" rendered="true" serverUnvalidated="true" warnAboutChanges="true" unvalidated="true"/>
                  <oa:submitButton id="BackToSearch" text="検索画面へ" prompt="検索画面へ" rendered="false" serverUnvalidated="true" warnAboutChanges="true" unvalidated="true"/>
               </ui:contents>
            </oa:pageButtonBar>
            <oa:button id="Print" text="証憑台紙" rendered="true" destination="OA.jsp?page=/oracle/apps/xx03/ar/confirm/webui/Xx03InvoiceConfirmPG&amp;retainAM=Y&amp;OARF=printable" viewName="Xx03ConfirmDispSlipsVO1" targetFrame="_blank" prompt="証憑台紙"/>
            <oa:header id="SlipInfoTitleRN" styleClass="OraDataText" text="申請"/>
            <oa:messageComponentLayout id="SlipInfoRN" rows="3" columns="2">
               <ui:contents>
                  <oa:messageLovInput id="ApproverPersonName" dataType="VARCHAR2" prompt="承認者名" viewName="Xx03ConfirmUpdSlipsVO1" viewAttr="ApproverPersonName" maximumLength="334" externalListOfValues="/oracle/apps/xx03/lov/webui/Xx03ApproverPersonLovRN" styleClass="OraFieldText" readOnly="false" required="yes">
                     <lovMappings>
                        <lovMap id="lovMap1" resultTo="ApproverPersonName" criteriaFrom="ApproverPersonName" lovItem="EmployeeDisp"/>
                        <lovMap id="lovMap2" lovItem="PersonId" resultTo="ApproverPersonId"/>
                        <lovMap id="lovMap3" lovItem="appCode" criteriaFrom="SlipTypeApp" programmaticQuery="true"/>
                     </lovMappings>
                  </oa:messageLovInput>
                  <oa:messageStyledText id="RequestorPersonName" dataType="VARCHAR2" prompt="申請者" viewName="Xx03ConfirmDispSlipsVO1" viewAttr="RequestorPersonName" styleClass="OraDataText"/>
                  <oa:messageStyledText id="RequestDate" dataType="DATE" prompt="申請日" viewName="Xx03ConfirmDispSlipsVO1" viewAttr="RequestDate" styleClass="OraDataText"/>
                  <oa:messageStyledText id="space14"/>
                  <oa:messageStyledText id="EntryDepartmentName" viewName="Xx03ConfirmDispSlipsVO1" viewAttr="EntryDepartmentName" prompt="起票部門" styleClass="OraDataText"/>
                  <oa:messageStyledText id="EntryPersonName" viewName="Xx03ConfirmDispSlipsVO1" viewAttr="EntryPersonName" prompt="伝票入力者" styleClass="OraDataText"/>
                  <oa:messageStyledText id="EntryDate" dataType="DATE" prompt="起票日" viewName="Xx03ConfirmDispSlipsVO1" viewAttr="EntryDate" styleClass="OraDataText"/>
                  <oa:messageLayout id="messageLayout10">
                     <ui:contents>
                        <oa:formValue id="ReceivableId" dataType="NUMBER" prompt="伝票ID" viewName="Xx03ConfirmDispSlipsVO1" viewAttr="ReceivableId"/>
                        <oa:formValue id="WfStatus" dataType="VARCHAR2" prompt="ステータス" viewName="Xx03ConfirmDispSlipsVO1" viewAttr="WfStatus"/>
                        <oa:formValue id="RequestKey" dataType="VARCHAR2" prompt="申請キー" viewName="Xx03ConfirmDispSlipsVO1" viewAttr="RequestKey"/>
                        <oa:formValue id="RequestorPersonId" dataType="NUMBER" prompt="申請者" viewName="Xx03ConfirmDispSlipsVO1" viewAttr="RequestorPersonId"/>
                        <oa:formValue id="ApproverPersonId" dataType="NUMBER" prompt="承認者" viewName="Xx03ConfirmUpdSlipsVO1" viewAttr="ApproverPersonId"/>
                        <oa:formValue id="ApprovalDate" dataType="DATE" prompt="承認日" viewName="Xx03ConfirmDispSlipsVO1" viewAttr="ApprovalDate"/>
                        <oa:formValue id="RejectionDate" dataType="DATE" prompt="却下日" viewName="Xx03ConfirmDispSlipsVO1" viewAttr="RejectionDate"/>
                        <oa:formValue id="AccountApproverPersonId" dataType="NUMBER" prompt="経理承認者" viewName="Xx03ConfirmDispSlipsVO1" viewAttr="AccountApproverPersonId"/>
                        <oa:formValue id="AccountApprovalDate" dataType="DATE" prompt="経理承認日" viewName="Xx03ConfirmDispSlipsVO1" viewAttr="AccountApprovalDate"/>
                        <oa:formValue id="ArForwordDate" dataType="DATE" prompt="AR転送日" viewName="Xx03ConfirmDispSlipsVO1" viewAttr="ArForwardDate"/>
                        <oa:formValue id="RecognitionClass" dataType="NUMBER" prompt="承認回数" viewName="Xx03ConfirmDispSlipsVO1" viewAttr="RecognitionClass"/>
                        <oa:formValue id="RequestEnableFlag" dataType="VARCHAR2" prompt="申請可能フラグ" viewName="Xx03ConfirmDispSlipsVO1" viewAttr="RequestEnableFlag"/>
                        <oa:formValue id="AccountRevisionFlag" dataType="VARCHAR2" prompt="経理修正フラグ" viewName="Xx03ConfirmDispSlipsVO1" viewAttr="AccountRevisionFlag"/>
                        <oa:formValue id="EntryDepartment" dataType="VARCHAR2" prompt="起票部門" viewName="Xx03ConfirmDispSlipsVO1" viewAttr="EntryDepartment"/>
                        <oa:formValue id="EntryPersonId" dataType="NUMBER" prompt="伝票入力者" viewName="Xx03ConfirmDispSlipsVO1" viewAttr="EntryPersonId"/>
                        <oa:formValue id="AccountApprovalFlag" dataType="VARCHAR2" prompt="重点管理フラグ" viewName="Xx03ConfirmUpdSlipsVO1" viewAttr="AccountApprovalFlag"/>
                        <oa:formValue id="FormSelectFlag" dataType="VARCHAR2" prompt="一括承認予備" viewName="Xx03ConfirmDispSlipsVO1" viewAttr="FormSelectFlag"/>
                        <oa:formValue id="OrgId" dataType="NUMBER" prompt="オルグID" viewName="Xx03ConfirmDispSlipsVO1" viewAttr="OrgId"/>
                        <oa:formValue id="SetOfBooksId" dataType="NUMBER" prompt="会計帳簿ID" viewName="Xx03ConfirmDispSlipsVO1" viewAttr="SetOfBooksId"/>
                        <oa:formValue id="CreatedBy" prompt="CreatedBy" viewName="Xx03ConfirmDispSlipsVO1" viewAttr="CreatedBy" dataType="NUMBER"/>
                        <oa:formValue id="CreationDate" dataType="DATE" prompt="CreationDate" viewName="Xx03ConfirmDispSlipsVO1" viewAttr="CreationDate"/>
                        <oa:formValue id="LastUpdatedBy" dataType="NUMBER" prompt="LastUpdatedBy" viewName="Xx03ConfirmDispSlipsVO1" viewAttr="LastUpdatedBy"/>
                        <oa:formValue id="LastUpdateDate" dataType="DATE" prompt="LastUpdateDate" viewName="Xx03ConfirmDispSlipsVO1" viewAttr="LastUpdateDate"/>
                        <oa:formValue id="LastUpdateLogin" dataType="NUMBER" prompt="LastUpdateLogin" viewName="Xx03ConfirmDispSlipsVO1" viewAttr="LastUpdateLogin"/>
                     </ui:contents>
                  </oa:messageLayout>
               </ui:contents>
            </oa:messageComponentLayout>
            <oa:header id="WfTableTitleRN" styleClass="OraDataText"/>
            <oa:tableLayout id="WfTableRN" hAlign="center">
               <ui:contents>
                  <oa:rowLayout id="WfTabRow01RN">
                     <ui:contents>
                        <oa:cellFormat id="WfTabRowCell01RN">
                           <ui:contents>
                              <oa:spacer id="space01" width="20"/>
                              <oa:submitButton id="Approve" text="承認" prompt="承認" rendered="true"/>
                              <oa:submitButton id="ApproveAcc" text="承認" prompt="承認" rendered="true"/>
                              <oa:spacer id="space02" width="10"/>
                              <oa:submitButton id="Deny" text="否認" prompt="否認" rendered="true"/>
                              <oa:submitButton id="DenyAcc" text="否認" prompt="否認" rendered="true"/>
                              <oa:spacer id="space03" width="10"/>
                           </ui:contents>
                        </oa:cellFormat>
                        <oa:cellFormat id="WfTabRowCell02RN" hAlign="left" width="100%">
                           <ui:contents>
                              <oa:messageTextInput id="ApproverComments" dataType="VARCHAR2" viewName="Xx03ConfirmUpdSlipsVO1" viewAttr="ApproverComments" maximumLength="240" columns="50" styleClass="OraFieldText" readOnly="false"/>
                           </ui:contents>
                        </oa:cellFormat>
                     </ui:contents>
                  </oa:rowLayout>
               </ui:contents>
            </oa:tableLayout>
            <oa:header id="SlipHeaderTitleRN" styleClass="OraDataText"/>
            <oa:messageComponentLayout id="SlipHeaderRN" rows="10" columns="2">
               <ui:contents>
                  <oa:messageStyledText id="ReceivableNum" dataType="VARCHAR2" prompt="伝票番号" viewName="Xx03ConfirmDispSlipsVO1" viewAttr="ReceivableNum" maximumLength="50" styleClass="OraDataText"/>
                  <oa:messageStyledText id="TransactionTypeName" dataType="VARCHAR2" prompt="取引タイプ" viewName="Xx03ConfirmDispSlipsVO1" viewAttr="TransTypeName" maximumLength="15" styleClass="OraDataText"/>
                  <oa:messageStyledText id="CustomerName" viewName="Xx03ConfirmDispSlipsVO1" viewAttr="CustomerName" prompt="顧客" styleClass="OraDataText"/>
                  <oa:messageStyledText id="CustomerLocationName" viewName="Xx03ConfirmDispSlipsVO1" viewAttr="CustomerOfficeName" prompt="顧客事業所" styleClass="OraDataText"/>
                  <oa:messageStyledText id="InvoiceDate" dataType="DATE" viewName="Xx03ConfirmDispSlipsVO1" viewAttr="InvoiceDate" prompt="請求書日付" styleClass="OraDataText"/>
                  <oa:messageStyledText id="Description" dataType="VARCHAR2" prompt="備考" viewName="Xx03ConfirmDispSlipsVO1" viewAttr="Description" maximumLength="240" styleClass="OraDataText" rows="4"/>
                  <oa:messageStyledText id="space1"/>
                  <oa:messageStyledText id="space11"/>
                  <oa:messageStyledText id="space12"/>
                  <oa:messageStyledText id="space13"/>
                  <oa:messageStyledText id="OrigInvoiceNum" dataType="VARCHAR2" prompt="修正元伝票番号" viewName="Xx03ConfirmDispSlipsVO1" viewAttr="OrigInvoiceNum" maximumLength="150" styleClass="OraDataText"/>
                  <oa:messageStyledText id="GlDate" dataType="DATE" prompt="計上日" viewName="Xx03ConfirmDispSlipsVO1" viewAttr="GlDate" styleClass="OraDataText"/>
                  <oa:messageStyledText id="PaymentWay" prompt="支払方法" viewName="Xx03ConfirmDispSlipsVO1" viewAttr="ReceiptMethodName" styleClass="OraDataText"/>
                  <oa:messageStyledText id="PaymentCondition" prompt="支払条件" viewName="Xx03ConfirmDispSlipsVO1" viewAttr="TermsName" styleClass="OraDataText"/>
                  <oa:messageStyledText id="PaymentDueDate" prompt="支払期日" viewName="Xx03ConfirmDispSlipsVO1" viewAttr="PaymentScheduledDate" styleClass="OraDataText"/>
                  <oa:messageStyledText id="InvoiceCurrencyCode" dataType="VARCHAR2" prompt="通貨" viewName="Xx03ConfirmDispSlipsVO1" viewAttr="InvoiceCurrencyCode" maximumLength="15" styleClass="OraDataText"/>
                  <oa:messageStyledText id="ExchangeRate" dataType="NUMBER" prompt="レート" viewName="Xx03ConfirmDispSlipsVO1" viewAttr="ExchangeRate" styleClass="OraDataText"/>
                  <oa:messageStyledText id="ExchangeRateTypeName" dataType="VARCHAR2" prompt="レートタイプ" viewName="Xx03ConfirmDispSlipsVO1" viewAttr="ExchangeRateTypeName" maximumLength="500" styleClass="OraDataText"/>
                  <oa:messageStyledText id="CommitmentNumber" dataType="VARCHAR2" prompt="前受伝票番号" viewName="Xx03ConfirmDispSlipsVO1" viewAttr="CommitmentNumber" styleClass="OraDataText"/>
                  <oa:messageLayout id="messageLayout9">
                     <ui:contents>
                        <oa:formValue id="ExchangeRateType" dataType="VARCHAR2" prompt="レートタイプコード" viewName="Xx03ConfirmDispSlipsVO1" viewAttr="ExchangeRateType"/>
                        <oa:formValue id="SlipType" dataType="VARCHAR2" prompt="伝票種別コード" viewName="Xx03ConfirmDispSlipsVO1" viewAttr="SlipType"/>
                        <oa:formValue id="SlipTypeApp" dataType="VARCHAR2" prompt="伝票種別アプリ" viewName="Xx03ConfirmDispSlipsVO1" viewAttr="SlipTypeApp"/>
                        <oa:formValue id="AutoTaxCalcFlag" dataType="VARCHAR2" prompt="消費税自動計算レベル" viewName="Xx03ConfirmDispSlipsVO1" viewAttr="AutoTaxCalcFlag"/>
                        <oa:formValue id="ApTaxRoundingRule" dataType="VARCHAR2" prompt="消費税端数処理" viewName="Xx03ConfirmDispSlipsVO1" viewAttr="TaxRoundingRule"/>
                        <oa:formValue id="TransTypeId" viewName="Xx03ConfirmDispSlipsVO1" viewAttr="TransTypeId" dataType="NUMBER"/>
                        <oa:formValue id="TotalInvoiceAmount" dataType="NUMBER" prompt="請求額" viewName="Xx03ConfirmDispSlipsVO1" viewAttr="InvAmount"/>
                        <oa:formValue id="TotalBodyAmount" dataType="NUMBER" prompt="請求本体額" viewName="Xx03ConfirmDispSlipsVO1" viewAttr="InvItemAmount"/>
                        <oa:formValue id="TotalTaxAmount" dataType="NUMBER" prompt="消費税額" viewName="Xx03ConfirmDispSlipsVO1" viewAttr="InvTaxAmount"/>
                        <oa:formValue id="TotalAssignAmount" dataType="NUMBER" prompt="充当額" viewName="Xx03ConfirmDispSlipsVO1" viewAttr="InvPrepayAmount"/>
                        <oa:formValue id="TotalAccountedAmount" dataType="NUMBER" prompt="換算済合計金額" viewName="Xx03ConfirmDispSlipsVO1" viewAttr="InvAccountedAmount"/>
                     </ui:contents>
                  </oa:messageLayout>
               </ui:contents>
            </oa:messageComponentLayout>
            <oa:header id="SlipSummaryTitleRN" text="合計金額" styleClass="OraDataText"/>
            <oa:messageComponentLayout id="SlipSummaryRN" columns="2" rows="3">
               <ui:contents>
                  <oa:messageStyledText id="DispTotalInvoiceAmount" dataType="VARCHAR2" prompt="請求額" viewName="Xx03ConfirmDispSlipsVO1" viewAttr="DispInvAmount" styleClass="OraDataText" cellNoWrapFormat="true"/>
                  <oa:messageStyledText id="DispTotalBodyAmount" dataType="VARCHAR2" prompt="請求本体額" viewName="Xx03ConfirmDispSlipsVO1" viewAttr="DispInvItemAmount" styleClass="OraDataText" cellNoWrapFormat="true"/>
                  <oa:messageStyledText id="DispTotalTaxAmount" dataType="VARCHAR2" prompt="消費税額" viewName="Xx03ConfirmDispSlipsVO1" viewAttr="DispInvTaxAmount" styleClass="OraDataText" cellNoWrapFormat="true"/>
                  <oa:messageStyledText id="DispTotalAssignAmount" dataType="VARCHAR2" prompt="充当額" viewName="Xx03ConfirmDispSlipsVO1" viewAttr="DispInvPrepayAmount" styleClass="OraDataText" cellNoWrapFormat="true"/>
                  <oa:messageStyledText id="DispTotalAccountedAmount" dataType="VARCHAR2" prompt="換算済合計金額" viewName="Xx03ConfirmDispSlipsVO1" viewAttr="DispInvAccountedAmount" styleClass="OraDataText" cellNoWrapFormat="true"/>
               </ui:contents>
            </oa:messageComponentLayout>
            <oa:header id="SlipLineTitleRN" text="" styleClass="OraDataText"/>
            <oa:advancedTable id="SlipLinesRN" viewName="Xx03ConfirmDispSlipsLineVO1" width="85%">
               <ui:contents>
                  <oa:column id="column1">
                     <ui:columnHeader>
                        <oa:sortableHeader id="sortableHeader1" prompt="No" initSortSeq="first"/>
                     </ui:columnHeader>
                     <ui:contents>
                        <oa:messageComponentLayout id="region1">
                           <ui:contents>
                              <oa:messageStyledText id="LineNumber" dataType="NUMBER" viewAttr="LineNumber" maximumLength="15" selectiveSearchCriteria="true" serverUnvalidated="true" sortState="yes" initSortSeq="first" vAlign="top" styleClass="OraDataText"/>
                              <oa:messageLayout id="messageLayout1">
                                 <ui:contents>
                                    <oa:formValue id="ReceivableLineId" dataType="NUMBER" prompt="伝票明細ID" viewAttr="ReceivableLineId"/>
                                    <oa:formValue id="ReceivableId1" dataType="NUMBER" prompt="伝票ID" viewAttr="ReceivableId"/>
                                    <oa:formValue id="OrgId1" dataType="NUMBER" prompt="オルグID" viewAttr="OrgId"/>
                                    <oa:formValue id="CreatedBy1" dataType="NUMBER" prompt="CreatedBy" viewAttr="CreatedBy"/>
                                    <oa:formValue id="CreationDate1" dataType="DATE" prompt="CreationDate" viewAttr="CreationDate"/>
                                    <oa:formValue id="LastUpdatedBy1" dataType="NUMBER" prompt="LastUpdatedBy" viewAttr="LastUpdatedBy"/>
                                    <oa:formValue id="LastUpdateDate1" dataType="DATE" prompt="LastUpdateDate" viewAttr="LastUpdateDate"/>
                                    <oa:formValue id="LastUpdateLogin1" dataType="NUMBER" prompt="LastUpdateLogin" viewAttr="LastUpdateLogin"/>
                                 </ui:contents>
                              </oa:messageLayout>
                           </ui:contents>
                        </oa:messageComponentLayout>
                     </ui:contents>
                  </oa:column>
                  <oa:column id="column2">
                     <ui:columnHeader/>
                     <ui:contents>
                        <oa:messageComponentLayout id="region2">
                           <ui:contents>
                              <oa:messageStyledText id="SlipLineTypeName" dataType="VARCHAR2" prompt="請求内容" viewAttr="SlipLineTypeName" maximumLength="500" styleClass="OraDataText"/>
                              <oa:messageStyledText id="SlipLineUom" dataType="VARCHAR2" prompt="単位" viewAttr="SlipLineUomName" maximumLength="1" styleClass="OraDataText"/>
                              <oa:messageStyledText id="SlipLineQuantity" dataType="NUMBER" prompt="数量" viewAttr="SlipLineQuantity" styleClass="OraDataText" cellNoWrapFormat="true"/>
                              <oa:messageStyledText id="SlipLineUnitPrice" dataType="NUMBER" prompt="単価" viewAttr="SlipLineUnitPrice" styleClass="OraDataText" cellNoWrapFormat="true"/>
                              <oa:messageStyledText id="SlipLineEnteredAmount" dataType="NUMBER" prompt="入力金額" viewAttr="SlipLineEnteredAmount" styleClass="OraDataText" cellNoWrapFormat="true"/>
                              <oa:messageStyledText id="TaxName" dataType="VARCHAR2" prompt="税区分" viewAttr="TaxName" maximumLength="500" styleClass="OraDataText"/>
                              <oa:messageLayout id="messageLayout2">
                                 <ui:contents>
                                    <oa:formValue id="TaxCode" dataType="VARCHAR2" prompt="TaxCode" viewAttr="TaxCode"/>
                                    <oa:formValue id="SlipLineType" dataType="VARCHAR2" prompt="SlipLineType" viewAttr="SlipLineType"/>
                                    <oa:formValue id="TaxId" viewAttr="TaxId"/>
                                 </ui:contents>
                              </oa:messageLayout>
                           </ui:contents>
                        </oa:messageComponentLayout>
                     </ui:contents>
                  </oa:column>
                  <oa:column id="column3">
                     <ui:columnHeader/>
                     <ui:contents>
                        <oa:messageComponentLayout id="region3">
                           <ui:contents>
                              <oa:messageCheckBox id="AmountIncludesTaxFlag" dataType="VARCHAR2" prompt="内税" viewAttr="AmountIncludesTaxFlag" styleClass="OraDataText" readOnly="true"/>
                              <oa:messageStyledText id="EnteredItemAmount" dataType="NUMBER" prompt="本体金額" viewAttr="EnteredItemAmount" styleClass="OraDataText" cellNoWrapFormat="true"/>
                              <oa:messageStyledText id="EnteredTaxAmount" dataType="NUMBER" prompt="消費税額" viewAttr="EnteredTaxAmount" styleClass="OraDataText" cellNoWrapFormat="true"/>
                              <oa:messageStyledText id="SlipLineRecieptNo" viewAttr="SlipLineRecieptNo" prompt="納品書番号" styleClass="OraDataText"/>
                              <oa:messageStyledText id="SlipDescription" dataType="VARCHAR2" prompt="備考" viewAttr="SlipDescription" styleClass="OraDataText"/>
                              <oa:messageStyledText id="Attribute7" viewAttr="Attribute7" prompt="稟議決裁番号" styleClass="OraDataText"/>
                              <oa:messageLayout id="messageLayout3"/>
                           </ui:contents>
                        </oa:messageComponentLayout>
                     </ui:contents>
                  </oa:column>
                  <oa:column id="column4">
                     <ui:columnHeader/>
                     <ui:contents>
                        <oa:messageComponentLayout id="region4">
                           <ui:contents>
                              <oa:messageStyledText id="Segment1Name" dataType="VARCHAR2" prompt="会社" maximumLength="500" viewAttr="Segment1Name" vAlign="top" styleClass="OraDataText"/>
                              <oa:messageStyledText id="Segment2Name" dataType="VARCHAR2" prompt="部門" viewAttr="Segment2Name" maximumLength="500" vAlign="top" styleClass="OraDataText"/>
                              <oa:messageStyledText id="Segment3Name" dataType="VARCHAR2" prompt="勘定科目" viewAttr="Segment3Name" maximumLength="500" vAlign="top" styleClass="OraDataText"/>
                              <oa:messageStyledText id="Segment4Name" dataType="VARCHAR2" prompt="補助科目" viewAttr="Segment4Name" maximumLength="500" vAlign="top" styleClass="OraDataText"/>
                              <oa:messageStyledText id="Segment5Name" dataType="VARCHAR2" prompt="相手先" viewAttr="Segment5Name" maximumLength="500" vAlign="top" styleClass="OraDataText"/>
                              <oa:messageStyledText id="Segment6Name" dataType="VARCHAR2" prompt="事業区分" viewAttr="Segment6Name" maximumLength="500" vAlign="top" styleClass="OraDataText"/>
                              <oa:messageLayout id="messageLayout4">
                                 <ui:contents>
                                    <oa:formValue id="Segment1" dataType="VARCHAR2" prompt="Segment1" viewAttr="Segment1"/>
                                    <oa:formValue id="Segment2" dataType="VARCHAR2" prompt="Segment2" viewAttr="Segment2"/>
                                    <oa:formValue id="Segment3" dataType="VARCHAR2" prompt="Segment3" viewAttr="Segment3"/>
                                    <oa:formValue id="Segment4" dataType="VARCHAR2" prompt="Segment4" viewAttr="Segment4"/>
                                    <oa:formValue id="Segment5" dataType="VARCHAR2" prompt="Segment5" viewAttr="Segment5"/>
                                    <oa:formValue id="Segment6" dataType="VARCHAR2" prompt="Segment6" viewAttr="Segment6"/>
                                 </ui:contents>
                              </oa:messageLayout>
                           </ui:contents>
                        </oa:messageComponentLayout>
                     </ui:contents>
                  </oa:column>
                  <oa:column id="column5">
                     <ui:columnHeader/>
                     <ui:contents>
                        <oa:messageComponentLayout id="region5">
                           <ui:contents>
                              <oa:messageStyledText id="Segment7Name" dataType="VARCHAR2" prompt="プロジェクト" viewAttr="Segment7Name" maximumLength="500" vAlign="top" styleClass="OraDataText"/>
                              <oa:messageStyledText id="Segment8Name" dataType="VARCHAR2" prompt="予備" viewAttr="Segment8Name" maximumLength="500" vAlign="top" styleClass="OraDataText"/>
                              <oa:messageStyledText id="IncrDecrReasonName" dataType="VARCHAR2" prompt="増減事由" viewAttr="IncrDecrReasonName" maximumLength="500" vAlign="top" styleClass="OraDataText"/>
                              <oa:messageStyledText id="ReconReference" dataType="VARCHAR2" prompt="消込参照" viewAttr="ReconReference" maximumLength="150" vAlign="top" styleClass="OraDataText"/>
                              <oa:messageStyledText id="JournalDescription" viewAttr="JournalDescription" prompt="備考" styleClass="OraDataText"/>
                              <oa:messageLayout id="messageLayout5">
                                 <ui:contents>
                                    <oa:formValue id="Segment7" dataType="VARCHAR2" prompt="Segment7" viewAttr="Segment7"/>
                                    <oa:formValue id="Segment8" dataType="VARCHAR2" prompt="Segment8" viewAttr="Segment8"/>
                                    <oa:formValue id="IncrDecrReasonCode" dataType="VARCHAR2" prompt="IncrDecrReasonCode" viewAttr="IncrDecrReasonCode"/>
                                 </ui:contents>
                              </oa:messageLayout>
                           </ui:contents>
                        </oa:messageComponentLayout>
                     </ui:contents>
                  </oa:column>
               </ui:contents>
            </oa:advancedTable>
         </ui:contents>
      </oa:pageLayout>
   </content>
</page>
