<?xml version="1.0" encoding='Windows-31J'?>
<!DOCTYPE ViewObject SYSTEM "jbo_03_01.dtd">

<ViewObject
   Name="XxcsoPageRenderVO"
   BindingStyle="Oracle"
   CustomQuery="true"
   RowClass="itoen.oracle.apps.xxcso.xxcso010003j.server.XxcsoPageRenderVORowImpl"
   ComponentClass="itoen.oracle.apps.xxcso.xxcso010003j.server.XxcsoPageRenderVOImpl"
   MsgBundleClass="oracle.jbo.common.JboResourceBundle"
   FetchMode="FETCH_AS_NEEDED"
   Passivate="All"
   UseGlueCode="false" >
   <SQLQuery><![CDATA[
SELECT NULL AS dummy
FROM   DUAL
   ]]></SQLQuery>
   <DesignTime>
      <Attr Name="_isCodegen" Value="true" />
      <Attr Name="_version" Value="9.0.3.14.00" />
      <Attr Name="_CodeGenFlagNew" Value="36" />
   </DesignTime>
   <ViewAttribute
      Name="Dummy"
      IsPersistent="false"
      Precision="255"
      Type="java.lang.String"
      ColumnType="VARCHAR2"
      AliasName="DUMMY"
      Expression="DUMMY"
      SQLType="VARCHAR" >
   </ViewAttribute>
   <ViewAttribute
      Name="Bm1ExistFlag"
      IsQueriable="false"
      IsPersistent="false"
      Type="java.lang.String"
      ColumnType="$none$"
      AliasName="BM1_EXIST_FLAG"
      Passivate="true"
      SQLType="VARCHAR" >
   </ViewAttribute>
   <ViewAttribute
      Name="Bm2ExistFlag"
      IsQueriable="false"
      IsPersistent="false"
      Type="java.lang.String"
      ColumnType="$none$"
      AliasName="BM2_EXIST_FLAG"
      Passivate="true"
      SQLType="VARCHAR" >
   </ViewAttribute>
   <ViewAttribute
      Name="Bm3ExistFlag"
      IsQueriable="false"
      IsPersistent="false"
      Type="java.lang.String"
      ColumnType="$none$"
      AliasName="BM3_EXIST_FLAG"
      SQLType="VARCHAR" >
   </ViewAttribute>
   <ViewAttribute
      Name="Bm1Enabled"
      IsQueriable="false"
      IsPersistent="false"
      Type="java.lang.Boolean"
      ColumnType="$none$"
      AliasName="BM1_ENABLED"
      SQLType="BIT" >
   </ViewAttribute>
   <ViewAttribute
      Name="Bm2Enabled"
      IsQueriable="false"
      IsPersistent="false"
      Type="java.lang.Boolean"
      ColumnType="$none$"
      AliasName="BM2_ENABLED"
      SQLType="BIT" >
   </ViewAttribute>
   <ViewAttribute
      Name="Bm3Enabled"
      IsQueriable="false"
      IsPersistent="false"
      Type="java.lang.Boolean"
      ColumnType="$none$"
      AliasName="BM3_ENABLED"
      SQLType="BIT" >
   </ViewAttribute>
   <ViewAttribute
      Name="Bm1Disabled"
      IsQueriable="false"
      IsPersistent="false"
      Type="java.lang.Boolean"
      ColumnType="$none$"
      AliasName="BM1_DISABLED"
      SQLType="BIT" >
   </ViewAttribute>
   <ViewAttribute
      Name="Bm2Disabled"
      IsQueriable="false"
      IsPersistent="false"
      Type="java.lang.Boolean"
      ColumnType="$none$"
      AliasName="BM2_DISABLED"
      SQLType="BIT" >
   </ViewAttribute>
   <ViewAttribute
      Name="Bm3Disabled"
      IsQueriable="false"
      IsPersistent="false"
      Type="java.lang.Boolean"
      ColumnType="$none$"
      AliasName="BM3_DISABLED"
      SQLType="BIT" >
   </ViewAttribute>
   <ViewAttribute
      Name="InstallCodeRender"
      IsQueriable="false"
      IsPersistent="false"
      Type="java.lang.Boolean"
      ColumnType="$none$"
      AliasName="INSTALL_CODE_RENDER"
      SQLType="BIT" >
   </ViewAttribute>
   <ViewAttribute
      Name="RegionViewRender"
      IsQueriable="false"
      IsPersistent="false"
      Type="java.lang.Boolean"
      ColumnType="$none$"
      AliasName="REGION_VIEW_RENDER"
      SQLType="BIT" >
   </ViewAttribute>
   <ViewAttribute
      Name="RegionInputRender"
      IsQueriable="false"
      IsPersistent="false"
      Type="java.lang.Boolean"
      ColumnType="$none$"
      AliasName="REGION_INPUT_RENDER"
      SQLType="BIT" >
   </ViewAttribute>
   <ViewAttribute
      Name="ApplyButtonRender"
      IsQueriable="false"
      IsPersistent="false"
      Type="java.lang.Boolean"
      ColumnType="$none$"
      AliasName="APPLY_BUTTON_RENDER"
      SQLType="BIT" >
   </ViewAttribute>
   <ViewAttribute
      Name="SubmitButtonRender"
      IsQueriable="false"
      IsPersistent="false"
      Type="java.lang.Boolean"
      ColumnType="$none$"
      AliasName="SUBMIT_BUTTON_RENDER"
      SQLType="BIT" >
   </ViewAttribute>
   <ViewAttribute
      Name="PrintPdfButtonRender"
      IsQueriable="false"
      IsPersistent="false"
      Type="java.lang.Boolean"
      ColumnType="$none$"
      AliasName="PRINT_PDF_BUTTON_RENDER"
      SQLType="BIT" >
   </ViewAttribute>
   <ViewAttribute
      Name="PayCondInfoDisabled"
      IsQueriable="false"
      IsPersistent="false"
      Type="java.lang.Boolean"
      ColumnType="$none$"
      AliasName="PAY_COND_INFO_DISABLED"
      SQLType="BIT" >
   </ViewAttribute>
   <ViewAttribute
      Name="PayCondInfoEnabled"
      IsQueriable="false"
      IsPersistent="false"
      Type="java.lang.Boolean"
      ColumnType="$none$"
      AliasName="PAY_COND_INFO_ENABLED"
      SQLType="BIT" >
   </ViewAttribute>
   <ViewAttribute
      Name="OwnerChangeFlag"
      IsQueriable="false"
      IsPersistent="false"
      Precision="255"
      Type="java.lang.String"
      ColumnType="VARCHAR2"
      AliasName="OWNER_CHANGE_FLAG"
      SQLType="VARCHAR" >
   </ViewAttribute>
   <ViewAttribute
      Name="OwnerChangeRender"
      IsQueriable="false"
      IsPersistent="false"
      Type="java.lang.Boolean"
      ColumnType="$none$"
      AliasName="OWNER_CHANGE_RENDER"
      SQLType="BIT" >
   </ViewAttribute>
   <ViewAttribute
      Name="PayCondInfoViewRender"
      IsQueriable="false"
      IsPersistent="false"
      Type="java.lang.Boolean"
      ColumnType="$none$"
      AliasName="VIEW_ATTR"
      SQLType="BIT" >
   </ViewAttribute>
</ViewObject>
