<?xml version="1.0" encoding='Windows-31J'?>
<!DOCTYPE ViewLink SYSTEM "jbo_03_01.dtd">

<ViewLink
   Name="XxcsoContractMngBm3DestVL"
   EntityAssociation="itoen.oracle.apps.xxcso.common.schema.server.XxcsoContractMngDestAO" >
   <DesignTime>
      <Attr Name="_isCodegen" Value="true" />
      <Attr Name="_version" Value="9.0.3.14.00" />
   </DesignTime>
   <ViewLinkDefEnd
      Name="XxcsoContractManagementFullVO1"
      Cardinality="1"
      Owner="itoen.oracle.apps.xxcso.xxcso010003j.server.XxcsoContractManagementFullVO"
      Source="true" >
      <AttrArray Name="Attributes">
         <Item Value="itoen.oracle.apps.xxcso.xxcso010003j.server.XxcsoContractManagementFullVO.ContractManagementId" />
      </AttrArray>
      <DesignTime>
         <Attr Name="_isUpdateable" Value="true" />
         <Attr Name="_finderName" Value="XxcsoContractManagementFullVO1" />
         <Attr Name="_accessor" Value="false" />
      </DesignTime>
   </ViewLinkDefEnd>
   <ViewLinkDefEnd
      Name="XxcsoBm3DestinationFullVO"
      Cardinality="-1"
      Owner="itoen.oracle.apps.xxcso.xxcso010003j.server.XxcsoBm3DestinationFullVO" >
      <AttrArray Name="Attributes">
         <Item Value="itoen.oracle.apps.xxcso.xxcso010003j.server.XxcsoBm3DestinationFullVO.ContractManagementId" />
      </AttrArray>
      <DesignTime>
         <Attr Name="_isUpdateable" Value="true" />
         <Attr Name="_finderName" Value="XxcsoBm3DestinationFullVO" />
         <Attr Name="_accessor" Value="true" />
      </DesignTime>
   </ViewLinkDefEnd>
</ViewLink>
