<?xml version="1.0" encoding='Windows-31J'?>
<!DOCTYPE ViewObject SYSTEM "jbo_03_01.dtd">

<ViewObject
   Name="XxcsoCsvDownVO"
   BindingStyle="Oracle"
   CustomQuery="true"
   RowClass="itoen.oracle.apps.xxcso.xxcso001001j.server.XxcsoCsvDownVORowImpl"
   ComponentClass="itoen.oracle.apps.xxcso.xxcso001001j.server.XxcsoCsvDownVOImpl"
   MsgBundleClass="oracle.jbo.common.JboResourceBundle"
   UseGlueCode="false" >
   <DesignTime>
      <Attr Name="_isCodegen" Value="true" />
      <Attr Name="_version" Value="9.0.3.14.00" />
      <Attr Name="_CodeGenFlagNew" Value="36" />
   </DesignTime>
   <ViewAttribute
      Name="BaseName"
      IsPersistent="false"
      Type="java.lang.String"
      ColumnType="$none$"
      AliasName="BASE_NAME"
      Passivate="true"
      SQLType="VARCHAR" >
   </ViewAttribute>
   <ViewAttribute
      Name="BusinessYear"
      IsPersistent="false"
      Type="java.lang.String"
      ColumnType="$none$"
      AliasName="BUSINESS_YEAR"
      Passivate="true"
      SQLType="VARCHAR" >
   </ViewAttribute>
   <ViewAttribute
      Name="FileName"
      IsPersistent="false"
      Type="java.lang.String"
      ColumnType="$none$"
      AliasName="FILE_NAME"
      Passivate="true"
      SQLType="VARCHAR" >
   </ViewAttribute>
   <ViewAttribute
      Name="FileData"
      IsPersistent="false"
      Type="oracle.jbo.domain.BlobDomain"
      ColumnType="$none$"
      AliasName="FILE_DATA"
      Passivate="true"
      SQLType="BLOB" >
   </ViewAttribute>
</ViewObject>
