<?xml version = '1.0' encoding = 'UTF-8'?>
<!-- dbdrv: exec java oracle/jrad/tools/xml/importer XMLImporter.class java &phase=dat+24 checkfile:~PROD:~PATH:~FILE &fullpath:~PROD:~PATH:~FILE -username &un_apps -password &pw_apps -dbconnection &jdbc_db_addr  -userId "1" -rootPackage /oracle/apps/~PROD  -rootdir &fullpath:~PROD:mds:directory  -->
<page xmlns:jrad="http://xmlns.oracle.com/jrad" xmlns:oa="http://xmlns.oracle.com/oa" xmlns:ui="http://xmlns.oracle.com/uix/ui" version="9.0.3.8.9_1057" xml:lang="en-US" xmlns:user="http://xmlns.oracle.com/jrad/user" xmlns="http://xmlns.oracle.com/jrad" file-version="$Header$">
   <content>
      <oa:pageLayout id="PageLayoutRN" amDefName="oracle.apps.xx03.gl.cancel.server.Xx03JournalCancelAM" windowTitle="伝票取消" title="仕訳" controllerClass="oracle.apps.xx03.gl.cancel.webui.Xx03JournalCancelCO">
         <ui:corporateBranding>
            <oa:image id="corporateBrandingImage" source="/OA_MEDIA/FNDSSCORP.gif"/>
         </ui:corporateBranding>
         <ui:productBranding>
            <oa:image id="ProdBrand" source="FNDHOMEBRAND.gif" shortDesc="Test"/>
         </ui:productBranding>
         <ui:contents>
            <oa:header id="SlipHeaderRN"/>
            <oa:header id="HeaderRN" text="伝票取消">
               <ui:contents>
                  <oa:messageComponentLayout id="HeaderColmunRN">
                     <ui:contents>
                        <oa:messageLayout id="HeaderItemRN">
                           <ui:contents>
                              <oa:messageStyledText id="OrigJournalNum" prompt="修正元伝票番号" viewName="Xx03JournalSlipsVO1" viewAttr="OrigJournalNum"/>
                              <oa:messageLovInput id="PeriodName" externalListOfValues="/oracle/apps/xx03/lov/webui/Xx03GlPeriodOpenLovRN" selectiveSearchCriteria="true" prompt="会計期間" required="yes" viewName="Xx03JournalSlipsVO1" viewAttr="PeriodName">
                                 <lovMappings>
                                    <lovMap id="PeriodNameLovMap" lovItem="PeriodName" resultTo="PeriodName" criteriaFrom="PeriodName"/>
                                 </lovMappings>
                              </oa:messageLovInput>
                              <oa:messageTextInput id="GlDate" prompt="計上日" dataType="DATE" required="yes" viewName="Xx03JournalSlipsVO1" viewAttr="GlDate"/>
                              <oa:messageTextInput id="Description" prompt="備考" columns="30" rows="3" viewName="Xx03JournalSlipsVO1" viewAttr="Description" maximumLength="240"/>
                              <oa:formValue id="JournalId" viewName="Xx03JournalSlipsVO1" viewAttr="JournalId" dataType="NUMBER"/>
                           </ui:contents>
                        </oa:messageLayout>
                     </ui:contents>
                  </oa:messageComponentLayout>
               </ui:contents>
            </oa:header>
            <oa:header id="AmountRN" text="合計金額">
               <ui:contents>
                  <oa:messageComponentLayout id="AmountColmunRN">
                     <ui:contents>
                        <oa:messageLayout id="AmountItemRN">
                           <ui:contents>
                              <oa:messageComponentLayout id="AmountDispRN" rows="4" columns="2">
                                 <ui:contents>
                                    <oa:messageStyledText id="ItemAmountDrDisp" prompt="借方本体金額" viewName="Xx03GetAmountFormatVO1" viewAttr="ItemAmountDrDisp"/>
                                    <oa:messageStyledText id="TaxAmountDrDisp" prompt="借方消費税額" viewName="Xx03GetAmountFormatVO1" viewAttr="TaxAmountDrDisp"/>
                                    <oa:messageStyledText id="EnteredAmountDrDisp" prompt="借方総金額" viewName="Xx03GetAmountFormatVO1" viewAttr="EnteredAmountDrDisp"/>
                                    <oa:messageStyledText id="AccountedAmountDrDisp" prompt="借方換算済総金額" viewName="Xx03GetAmountFormatVO1" viewAttr="AccountedAmountDrDisp"/>
                                    <oa:messageStyledText id="ItemAmountCrDisp" prompt="貸方本体金額" viewName="Xx03GetAmountFormatVO1" viewAttr="ItemAmountCrDisp"/>
                                    <oa:messageStyledText id="TaxAmountCrDisp" prompt="貸方消費税額" viewName="Xx03GetAmountFormatVO1" viewAttr="TaxAmountCrDisp"/>
                                    <oa:messageStyledText id="EnteredAmountCrDisp" prompt="貸方総金額" viewName="Xx03GetAmountFormatVO1" viewAttr="EnteredAmountCrDisp"/>
                                    <oa:messageStyledText id="AccountedAmountCrDisp" prompt="貸方換算済総金額" viewName="Xx03GetAmountFormatVO1" viewAttr="AccountedAmountCrDisp"/>
                                 </ui:contents>
                              </oa:messageComponentLayout>
                              <oa:formValue id="ItemAmountDr" viewName="Xx03JournalSlipsVO1" viewAttr="TotalItemEnteredDr" dataType="NUMBER"/>
                              <oa:formValue id="TaxAmountDr" viewName="Xx03JournalSlipsVO1" viewAttr="TotalTaxEnteredDr" dataType="NUMBER"/>
                              <oa:formValue id="EnteredAmountDr" viewName="Xx03JournalSlipsVO1" viewAttr="TotalEnteredDr" dataType="NUMBER"/>
                              <oa:formValue id="AccountedAmountDr" viewName="Xx03JournalSlipsVO1" viewAttr="TotalAccountedDr" dataType="NUMBER"/>
                              <oa:formValue id="ItemAmountCr" dataType="NUMBER" viewName="Xx03JournalSlipsVO1" viewAttr="TotalItemEnteredCr"/>
                              <oa:formValue id="TaxAmountCr" dataType="NUMBER" viewName="Xx03JournalSlipsVO1" viewAttr="TotalTaxEnteredCr"/>
                              <oa:formValue id="EnteredAmountCr" dataType="NUMBER" viewName="Xx03JournalSlipsVO1" viewAttr="TotalEnteredCr"/>
                              <oa:formValue id="AccountedAmountCr" dataType="NUMBER" viewName="Xx03JournalSlipsVO1" viewAttr="TotalAccountedCr"/>
                           </ui:contents>
                        </oa:messageLayout>
                     </ui:contents>
                  </oa:messageComponentLayout>
               </ui:contents>
            </oa:header>
            <oa:pageButtonBar id="PageControlRN">
               <ui:contents>
                  <oa:submitButton id="BackBtn" text="戻る" prompt="戻る"/>
                  <oa:submitButton id="ConfirmBtn" text="確認" prompt="確認"/>
               </ui:contents>
            </oa:pageButtonBar>
         </ui:contents>
      </oa:pageLayout>
   </content>
</page>
