<?xml version="1.0" encoding='windows-31j'?>
<!DOCTYPE JboPackage SYSTEM "jbo_03_01.dtd">

<JboPackage
   Name="server"
   SeparateXMLFiles="true"
   PackageName="oracle.apps.xx03.download.server" >
   <DesignTime>
      <Attr Name="_version" Value="9.0.3.13.75" />
      <Attr Name="_ejbPackage" Value="false" />
   </DesignTime>
   <Containee
      Name="XX03DownloadAM"
      FullName="oracle.apps.xx03.download.server.XX03DownloadAM"
      ObjectType="AppModule" >
   </Containee>
   <Containee
      Name="XX03DownloadVO"
      FullName="oracle.apps.xx03.download.server.XX03DownloadVO"
      ObjectType="ViewObject" >
   </Containee>
   <Containee
      Name="XX03ProgramNamesLovVO"
      FullName="oracle.apps.xx03.download.server.XX03ProgramNamesLovVO"
      ObjectType="ViewObject" >
   </Containee>
   <Containee
      Name="XX03GetCharSetVO"
      FullName="oracle.apps.xx03.download.server.XX03GetCharSetVO"
      ObjectType="ViewObject" >
   </Containee>
   <Containee
      Name="XX03GetFileNameVO"
      FullName="oracle.apps.xx03.download.server.XX03GetFileNameVO"
      ObjectType="ViewObject" >
   </Containee>
   <Containee
      Name="XX03DownloadFilePoolVO"
      FullName="oracle.apps.xx03.download.server.XX03DownloadFilePoolVO"
      ObjectType="ViewObject" >
   </Containee>
</JboPackage>
