<?xml version="1.0" encoding='windows-31j'?>
<!DOCTYPE ViewObject SYSTEM "jbo_03_01.dtd">

<ViewObject
   Name="XX03DownloadVO"
   OrderBy="request_id desc"
   BindingStyle="Oracle"
   CustomQuery="true"
   RowClass="oracle.apps.xx03.download.server.XX03DownloadVORowImpl"
   ComponentClass="oracle.apps.xx03.download.server.XX03DownloadVOImpl"
   MsgBundleClass="oracle.jbo.common.JboResourceBundle"
   FetchMode="FETCH_AS_NEEDED"
   UseGlueCode="false" >
   <SQLQuery><![CDATA[
SELECT XCRV.ROW_ID         REQUEST_ROW
      ,XCRV.REQUEST_ID     REQUEST_ID
      ,XCRV.PROGRAM        NAME
      ,XCRV.LOOKUP_STATUS  STATUS
      ,XCRV.ARGUMENT_TEXT  PATAMETER
      ,XCRV.ACTUAL_COMPLETION_DATE  ENDDATE
      ,XCRV.REQUESTED_BY   USER_ID
      ,XCRV.OUTFILE_NAME   FILE_NAME
      ,XCRV.CONCURRENT_PROGRAM_ID                               PROGRAM_ID
      ,XX00_PROFILE_PKG.VALUE('XX03_DOWNLOAD_URL')              DOWNLOAD_URL
      ,DECODE(XLXV.ATTRIBUTE3,'Y','text','N','text1','binary')  OUTFILE_TYPE
      ,FU.ROWID            USER_ROW
FROM   XX03_CONC_REQUESTS_V  XCRV
      ,XX03_LOOKUPS_XX03_V   XLXV
      ,FND_USER              FU
WHERE  XCRV.PHASE_CODE    = 'C'
  AND  XLXV.LOOKUP_TYPE   = 'XX03_DOWNLOAD_CONCURRENT'
  AND  XLXV.ATTRIBUTE1    = XCRV.CONCURRENT_PROGRAM_ID
  AND  XCRV.REQUESTED_BY  = FU.USER_ID
  AND  XCRV.REQUESTED_BY  = :1
UNION ALL
SELECT XCRV.ROW_ID         REQUEST_ROW
      ,XCRV.REQUEST_ID     REQUEST_ID
      ,XCRV.PROGRAM        NAME
      ,XCRV.LOOKUP_STATUS  STATUS
      ,XCRV.ARGUMENT_TEXT  PATAMETER
      ,XCRV.ACTUAL_COMPLETION_DATE  ENDDATE
      ,XCRV.REQUESTED_BY   USER_ID
      ,XX03_DOWNLOAD_PKG.CHECKFILE(XCRV.OUTFILE_NAME,'XX03_PDF_DIR')  FILE_NAME
      ,XCRV.CONCURRENT_PROGRAM_ID                                     PROGRAM_ID
      ,XX00_PROFILE_PKG.VALUE('XX03_DOWNLOAD_URL')                    DOWNLOAD_URL
      ,'binary'                                                       OUTFILE_TYPE
      ,FU.ROWID            USER_ROW
FROM   XX03_CONC_REQUESTS_V  XCRV
      ,FND_USER              FU
WHERE  XCRV.PHASE_CODE = 'C'
  AND  XX03_DOWNLOAD_PKG.CHECKFILE(XCRV.OUTFILE_NAME,'XX03_PDF_DIR') IS NOT NULL
  AND  XCRV.REQUESTED_BY  = FU.USER_ID
  AND  XCRV.REQUESTED_BY  = :2
   ]]></SQLQuery>
   <DesignTime>
      <Attr Name="_isCodegen" Value="true" />
      <Attr Name="_version" Value="9.0.3.13.75" />
      <Attr Name="_CodeGenFlagNew" Value="36" />
   </DesignTime>
   <ViewAttribute
      Name="RequestRow"
      IsPersistent="false"
      Type="oracle.jbo.domain.RowID"
      AliasName="REQUEST_ROW"
      ColumnType="VARCHAR2"
      Expression="REQUEST_ROW"
      SQLType="VARCHAR" >
      <DesignTime>
         <Attr Name="_DisplaySize" Value="1" />
      </DesignTime>
   </ViewAttribute>
   <ViewAttribute
      Name="RequestId"
      IsPersistent="false"
      Precision="15"
      Scale="0"
      Type="oracle.jbo.domain.Number"
      AliasName="REQUEST_ID"
      ColumnType="VARCHAR2"
      Expression="REQUEST_ID"
      SQLType="NUMERIC" >
      <DesignTime>
         <Attr Name="_DisplaySize" Value="22" />
      </DesignTime>
   </ViewAttribute>
   <ViewAttribute
      Name="Name"
      IsPersistent="false"
      Precision="483"
      Type="java.lang.String"
      AliasName="NAME"
      ColumnType="VARCHAR2"
      Expression="NAME"
      SQLType="VARCHAR" >
      <DesignTime>
         <Attr Name="_DisplaySize" Value="483" />
      </DesignTime>
   </ViewAttribute>
   <ViewAttribute
      Name="Status"
      IsPersistent="false"
      Precision="80"
      Type="java.lang.String"
      AliasName="STATUS"
      ColumnType="VARCHAR2"
      Expression="STATUS"
      SQLType="VARCHAR" >
      <DesignTime>
         <Attr Name="_DisplaySize" Value="80" />
      </DesignTime>
   </ViewAttribute>
   <ViewAttribute
      Name="Patameter"
      IsPersistent="false"
      Precision="240"
      Type="java.lang.String"
      AliasName="PATAMETER"
      ColumnType="VARCHAR2"
      Expression="PATAMETER"
      SQLType="VARCHAR" >
      <DesignTime>
         <Attr Name="_DisplaySize" Value="240" />
      </DesignTime>
   </ViewAttribute>
   <ViewAttribute
      Name="Enddate"
      IsPersistent="false"
      Type="oracle.jbo.domain.Date"
      AliasName="ENDDATE"
      ColumnType="VARCHAR2"
      Expression="ENDDATE"
      SQLType="DATE" >
      <DesignTime>
         <Attr Name="_DisplaySize" Value="7" />
      </DesignTime>
   </ViewAttribute>
   <ViewAttribute
      Name="UserId"
      IsPersistent="false"
      Precision="15"
      Scale="0"
      Type="oracle.jbo.domain.Number"
      AliasName="USER_ID"
      ColumnType="VARCHAR2"
      Expression="USER_ID"
      SQLType="NUMERIC" >
      <DesignTime>
         <Attr Name="_DisplaySize" Value="22" />
      </DesignTime>
   </ViewAttribute>
   <ViewAttribute
      Name="FileName"
      IsPersistent="false"
      Precision="4000"
      Type="java.lang.String"
      AliasName="FILE_NAME"
      ColumnType="VARCHAR2"
      Expression="FILE_NAME"
      SQLType="VARCHAR" >
      <DesignTime>
         <Attr Name="_DisplaySize" Value="4000" />
      </DesignTime>
   </ViewAttribute>
   <ViewAttribute
      Name="ProgramId"
      IsPersistent="false"
      Precision="15"
      Scale="0"
      Type="oracle.jbo.domain.Number"
      AliasName="PROGRAM_ID"
      ColumnType="VARCHAR2"
      Expression="PROGRAM_ID"
      SQLType="NUMERIC" >
      <DesignTime>
         <Attr Name="_DisplaySize" Value="22" />
      </DesignTime>
   </ViewAttribute>
   <ViewAttribute
      Name="DownloadUrl"
      IsPersistent="false"
      Precision="4000"
      Type="java.lang.String"
      AliasName="DOWNLOAD_URL"
      ColumnType="VARCHAR2"
      Expression="DOWNLOAD_URL"
      SQLType="VARCHAR" >
      <DesignTime>
         <Attr Name="_DisplaySize" Value="4000" />
      </DesignTime>
   </ViewAttribute>
   <ViewAttribute
      Name="OutfileType"
      IsPersistent="false"
      Precision="6"
      Type="java.lang.String"
      AliasName="OUTFILE_TYPE"
      ColumnType="VARCHAR2"
      Expression="OUTFILE_TYPE"
      SQLType="VARCHAR" >
      <DesignTime>
         <Attr Name="_DisplaySize" Value="6" />
      </DesignTime>
   </ViewAttribute>
   <ViewAttribute
      Name="UserRow"
      IsPersistent="false"
      Precision="6"
      Type="oracle.jbo.domain.RowID"
      AliasName="USER_ROW"
      ColumnType="VARCHAR2"
      Expression="USER_ROW"
      SQLType="VARCHAR" >
      <DesignTime>
         <Attr Name="_DisplaySize" Value="1" />
      </DesignTime>
   </ViewAttribute>
</ViewObject>
