<?xml version="1.0" encoding='Shift_JIS'?>
<!DOCTYPE AppModule SYSTEM "jbo_03_01.dtd">

<AppModule
   Name="XX03DownloadAM"
   ComponentClass="oracle.apps.xx03.download.server.XX03DownloadAMImpl" >
   <DesignTime>
      <Attr Name="_isCodegen" Value="true" />
      <Attr Name="_version" Value="9.0.3.12.53" />
      <Attr Name="_deployType" Value="0" />
   </DesignTime>
   <ViewUsage
      Name="XX03DownloadVO1"
      ViewObjectName="oracle.apps.xx03.download.server.XX03DownloadVO" >
   </ViewUsage>
   <ViewUsage
      Name="XX03ProgramNamesLovVO1"
      ViewObjectName="oracle.apps.xx03.download.server.XX03ProgramNamesLovVO" >
   </ViewUsage>
   <ViewUsage
      Name="XX03GetCharSetVO1"
      ViewObjectName="oracle.apps.xx03.download.server.XX03GetCharSetVO" >
   </ViewUsage>
   <ViewUsage
      Name="XX03GetFileNameVO1"
      ViewObjectName="oracle.apps.xx03.download.server.XX03GetFileNameVO" >
   </ViewUsage>
   <ViewUsage
      Name="XX03DownloadFilePoolVO1"
      ViewObjectName="oracle.apps.xx03.download.server.XX03DownloadFilePoolVO" >
   </ViewUsage>
</AppModule>
