<?xml version="1.0" encoding='Shift_JIS'?>
<!DOCTYPE ViewObject SYSTEM "jbo_03_01.dtd">

<ViewObject
   Name="XX03ProgramNamesLovVO"
   OrderBy="program_id"
   BindingStyle="Oracle"
   CustomQuery="true"
   RowClass="oracle.apps.fnd.framework.server.OAViewRowImpl"
   ComponentClass="oracle.apps.fnd.framework.server.OAViewObjectImpl"
   MsgBundleClass="oracle.jbo.common.JboResourceBundle"
   UseGlueCode="false" >
   <SQLQuery><![CDATA[
SELECT
	xarv.PROGRAM program,
	xarv.CONCURRENT_PROGRAM_ID program_id,
	xarv.REQUESTED_BY user_id
FROM
	XX03_ALL_REQUESTS_V xarv
GROUP BY
	PROGRAM,
	CONCURRENT_PROGRAM_ID,
	REQUESTED_BY
   ]]></SQLQuery>
   <DesignTime>
      <Attr Name="_version" Value="9.0.3.11.88" />
      <Attr Name="_CodeGenFlagNew" Value="4" />
   </DesignTime>
   <ViewAttribute
      Name="Program"
      IsPersistent="false"
      Precision="483"
      Type="java.lang.String"
      AliasName="PROGRAM"
      ColumnType="VARCHAR2"
      Expression="PROGRAM"
      SQLType="VARCHAR" >
      <DesignTime>
         <Attr Name="_DisplaySize" Value="483" />
      </DesignTime>
   </ViewAttribute>
   <ViewAttribute
      Name="ProgramId"
      IsPersistent="false"
      Type="oracle.jbo.domain.Number"
      AliasName="PROGRAM_ID"
      ColumnType="VARCHAR2"
      Expression="PROGRAM_ID"
      SQLType="NUMERIC" >
      <DesignTime>
         <Attr Name="_DisplaySize" Value="22" />
      </DesignTime>
   </ViewAttribute>
   <ViewAttribute
      Name="UserId"
      IsPersistent="false"
      Type="oracle.jbo.domain.Number"
      AliasName="USER_ID"
      ColumnType="VARCHAR2"
      Expression="USER_ID"
      SQLType="NUMERIC" >
      <DesignTime>
         <Attr Name="_DisplaySize" Value="22" />
      </DesignTime>
   </ViewAttribute>
</ViewObject>
