<?xml version="1.0" encoding='Shift_JIS'?>
<!DOCTYPE ViewObject SYSTEM "jbo_03_01.dtd">

<ViewObject
   Name="XX03GetFileNameVO"
   BindingStyle="Oracle"
   CustomQuery="true"
   RowClass="oracle.apps.xx03.download.server.XX03GetFileNameVORowImpl"
   ComponentClass="oracle.apps.xx03.download.server.XX03GetFileNameVOImpl"
   MsgBundleClass="oracle.jbo.common.JboResourceBundle"
   UseGlueCode="false" >
   <SQLQuery><![CDATA[
SELECT OUTFILE_NAME
FROM   XX03_ALL_REQUESTS_V
WHERE  ROW_ID = :1
   ]]></SQLQuery>
   <DesignTime>
      <Attr Name="_isCodegen" Value="true" />
      <Attr Name="_version" Value="9.0.3.11.88" />
      <Attr Name="_CodeGenFlagNew" Value="36" />
   </DesignTime>
   <ViewAttribute
      Name="OutfileName"
      IsPersistent="false"
      Precision="4000"
      Type="java.lang.String"
      AliasName="OUTFILE_NAME"
      ColumnType="VARCHAR2"
      Expression="OUTFILE_NAME"
      SQLType="VARCHAR" >
      <DesignTime>
         <Attr Name="_DisplaySize" Value="4000" />
      </DesignTime>
   </ViewAttribute>
</ViewObject>
