<?xml version="1.0" encoding='Windows-31J'?>
<!DOCTYPE ViewLink SYSTEM "jbo_03_01.dtd">

<ViewLink
   Name="XxcsoSalesHeaderLineVL"
   EntityAssociation="itoen.oracle.apps.xxcso.common.schema.server.XxcsoSalesHeaderLineAO" >
   <DesignTime>
      <Attr Name="_isCodegen" Value="true" />
      <Attr Name="_version" Value="9.0.3.14.00" />
   </DesignTime>
   <ViewLinkDefEnd
      Name="XxcsoSalesHeaderFullVO"
      Cardinality="1"
      Owner="itoen.oracle.apps.xxcso.xxcso007003j.server.XxcsoSalesHeaderFullVO"
      Source="true" >
      <AttrArray Name="Attributes">
         <Item Value="itoen.oracle.apps.xxcso.xxcso007003j.server.XxcsoSalesHeaderFullVO.SalesHeaderId" />
      </AttrArray>
      <DesignTime>
         <Attr Name="_minCardinality" Value="1" />
         <Attr Name="_isUpdateable" Value="true" />
         <Attr Name="_finderName" Value="XxcsoSalesHeaderFullVO" />
         <Attr Name="_accessor" Value="false" />
      </DesignTime>
   </ViewLinkDefEnd>
   <ViewLinkDefEnd
      Name="XxcsoSalesLineFullVO"
      Cardinality="-1"
      Owner="itoen.oracle.apps.xxcso.xxcso007003j.server.XxcsoSalesLineFullVO" >
      <AttrArray Name="Attributes">
         <Item Value="itoen.oracle.apps.xxcso.xxcso007003j.server.XxcsoSalesLineFullVO.SalesHeaderId" />
      </AttrArray>
      <DesignTime>
         <Attr Name="_isUpdateable" Value="true" />
         <Attr Name="_finderName" Value="XxcsoSalesLineFullVO" />
         <Attr Name="_accessor" Value="true" />
      </DesignTime>
   </ViewLinkDefEnd>
</ViewLink>
