<?xml version="1.0" encoding='Windows-31J'?>
<!DOCTYPE ViewLink SYSTEM "jbo_03_01.dtd">

<ViewLink
   Name="XxcsoSalesHeaderRequestVL"
   EntityAssociation="itoen.oracle.apps.xxcso.common.schema.server.XxcsoSalesHeaderRequestAO" >
   <DesignTime>
      <Attr Name="_isCodegen" Value="true" />
      <Attr Name="_version" Value="9.0.3.14.00" />
   </DesignTime>
   <ViewLinkDefEnd
      Name="XxcsoSalesHeaderFullVO"
      Cardinality="0"
      Owner="itoen.oracle.apps.xxcso.xxcso007003j.server.XxcsoSalesHeaderFullVO"
      Source="true" >
      <AttrArray Name="Attributes">
         <Item Value="itoen.oracle.apps.xxcso.xxcso007003j.server.XxcsoSalesHeaderFullVO.LeadId" />
      </AttrArray>
      <DesignTime>
         <Attr Name="_isUpdateable" Value="true" />
         <Attr Name="_finderName" Value="XxcsoSalesHeaderFullVO" />
         <Attr Name="_accessor" Value="false" />
      </DesignTime>
   </ViewLinkDefEnd>
   <ViewLinkDefEnd
      Name="XxcsoSalesRequestFullVO"
      Cardinality="0"
      Owner="itoen.oracle.apps.xxcso.xxcso007003j.server.XxcsoSalesRequestFullVO" >
      <AttrArray Name="Attributes">
         <Item Value="itoen.oracle.apps.xxcso.xxcso007003j.server.XxcsoSalesRequestFullVO.LeadId" />
      </AttrArray>
      <DesignTime>
         <Attr Name="_isUpdateable" Value="true" />
         <Attr Name="_finderName" Value="XxcsoSalesRequestFullVO" />
         <Attr Name="_accessor" Value="true" />
      </DesignTime>
   </ViewLinkDefEnd>
</ViewLink>
