<?xml version="1.0" encoding='windows-31j'?>
<!DOCTYPE ViewObject SYSTEM "jbo_03_01.dtd">

<ViewObject
   Name="XxcsoAccountItemLovVO"
   OrderBy="account_number"
   BindingStyle="Oracle"
   CustomQuery="true"
   RowClass="itoen.oracle.apps.xxcso.xxcso012001j.lov.server.XxcsoAccountItemLovVORowImpl"
   ComponentClass="itoen.oracle.apps.xxcso.xxcso012001j.lov.server.XxcsoAccountItemLovVOImpl"
   MsgBundleClass="oracle.jbo.common.JboResourceBundle"
   UseGlueCode="false" >
   <SQLQuery><![CDATA[
SELECT  xcav.account_number AS account_number
       ,xcav.party_name     AS party_name
FROM    xxcso_cust_accounts_v xcav
   ]]></SQLQuery>
   <DesignTime>
      <Attr Name="_isCodegen" Value="true" />
      <Attr Name="_version" Value="9.0.3.14.00" />
      <Attr Name="_CodeGenFlagNew" Value="36" />
   </DesignTime>
   <ViewAttribute
      Name="AccountNumber"
      IsPersistent="false"
      Precision="30"
      Type="java.lang.String"
      ColumnType="VARCHAR2"
      AliasName="ACCOUNT_NUMBER"
      Passivate="true"
      Expression="ACCOUNT_NUMBER"
      SQLType="VARCHAR" >
   </ViewAttribute>
   <ViewAttribute
      Name="PartyName"
      IsPersistent="false"
      IsNotNull="true"
      Precision="360"
      Type="java.lang.String"
      ColumnType="VARCHAR2"
      AliasName="PARTY_NAME"
      Expression="PARTY_NAME"
      SQLType="VARCHAR" >
      <DesignTime>
         <Attr Name="_DisplaySize" Value="360" />
      </DesignTime>
   </ViewAttribute>
</ViewObject>
