<?xml version="1.0" encoding='windows-31j'?>
<!DOCTYPE ViewObject SYSTEM "jbo_03_01.dtd">

<ViewObject
   Name="Xx03GetAmountFormatVO"
   BindingStyle="Oracle"
   CustomQuery="true"
   RowClass="oracle.apps.xx03.ar.cancel.server.Xx03GetAmountFormatVORowImpl"
   ComponentClass="oracle.apps.xx03.ar.cancel.server.Xx03GetAmountFormatVOImpl"
   MsgBundleClass="oracle.jbo.common.JboResourceBundle"
   FetchMode="FETCH_AS_NEEDED"
   UseGlueCode="false" >
   <SQLQuery><![CDATA[
SELECT DECODE(:1,TO_NUMBER(TO_CHAR(:2, xx00_currency_pkg.get_format_mask(:3, 38))
                           ,xx00_currency_pkg.get_format_mask(:4, 38))
                ,TO_CHAR(:5, xx00_currency_pkg.get_format_mask(:6, 38))
                ,TO_CHAR(:7)
              ) INVAMOUNT
      ,DECODE(:8,TO_NUMBER(TO_CHAR(:9, xx00_currency_pkg.get_format_mask(:10, 38))
                           ,xx00_currency_pkg.get_format_mask(:11, 38))
                ,TO_CHAR(:12, xx00_currency_pkg.get_format_mask(:13, 38))
                ,TO_CHAR(:14)
              ) INVITEMAMOUNT
      ,DECODE(:15,TO_NUMBER(TO_CHAR(:16, xx00_currency_pkg.get_format_mask(:17, 38))
                           ,xx00_currency_pkg.get_format_mask(:18, 38))
                ,TO_CHAR(:19, xx00_currency_pkg.get_format_mask(:20, 38))
                ,TO_CHAR(:21)
              ) INVTAXAMOUNT
      ,DECODE(:22,TO_NUMBER(TO_CHAR(:23, xx00_currency_pkg.get_format_mask(:24, 38))
                           ,xx00_currency_pkg.get_format_mask(:25, 38))
                ,TO_CHAR(:26, xx00_currency_pkg.get_format_mask(:27, 38))
                ,TO_CHAR(:28)
              ) INVPREPAYAMOUNT
FROM DUAL
   ]]></SQLQuery>
   <DesignTime>
      <Attr Name="_isCodegen" Value="true" />
      <Attr Name="_version" Value="9.0.3.13.88" />
      <Attr Name="_CodeGenFlagNew" Value="36" />
   </DesignTime>
   <ViewAttribute
      Name="Invamount"
      IsPersistent="false"
      Precision="4000"
      Type="java.lang.String"
      ColumnType="VARCHAR2"
      AliasName="INVAMOUNT"
      Expression="INVAMOUNT"
      SQLType="VARCHAR" >
      <DesignTime>
         <Attr Name="_DisplaySize" Value="4000" />
      </DesignTime>
   </ViewAttribute>
   <ViewAttribute
      Name="Invitemamount"
      IsPersistent="false"
      Precision="4000"
      Type="java.lang.String"
      ColumnType="VARCHAR2"
      AliasName="INVITEMAMOUNT"
      Expression="INVITEMAMOUNT"
      SQLType="VARCHAR" >
      <DesignTime>
         <Attr Name="_DisplaySize" Value="4000" />
      </DesignTime>
   </ViewAttribute>
   <ViewAttribute
      Name="Invtaxamount"
      IsPersistent="false"
      Precision="4000"
      Type="java.lang.String"
      ColumnType="VARCHAR2"
      AliasName="INVTAXAMOUNT"
      Expression="INVTAXAMOUNT"
      SQLType="VARCHAR" >
      <DesignTime>
         <Attr Name="_DisplaySize" Value="4000" />
      </DesignTime>
   </ViewAttribute>
   <ViewAttribute
      Name="Invprepayamount"
      IsPersistent="false"
      Precision="4000"
      Type="java.lang.String"
      ColumnType="VARCHAR2"
      AliasName="INVPREPAYAMOUNT"
      Expression="INVPREPAYAMOUNT"
      SQLType="VARCHAR" >
      <DesignTime>
         <Attr Name="_DisplaySize" Value="4000" />
      </DesignTime>
   </ViewAttribute>
</ViewObject>
