<?xml version="1.0" encoding='Shift_JIS'?>
<!DOCTYPE ViewObject SYSTEM "jbo_03_01.dtd">

<ViewObject
   Name="Xx03GetOldReceivableIdVO"
   SelectList="Xx03ReceivableSlipsEO.RECEIVABLE_ID, 
       Xx03ReceivableSlipsEO.ROWID"
   FromList="XX03_RECEIVABLE_SLIPS Xx03ReceivableSlipsEO"
   Where="Xx03ReceivableSlipsEO.RECEIVABLE_NUM = :1"
   BindingStyle="Oracle"
   CustomQuery="false"
   RowClass="oracle.apps.xx03.ar.cancel.server.Xx03GetOldReceivableIdVORowImpl"
   ComponentClass="oracle.apps.xx03.ar.cancel.server.Xx03GetOldReceivableIdVOImpl"
   MsgBundleClass="oracle.jbo.common.JboResourceBundle"
   UseGlueCode="false" >
   <DesignTime>
      <Attr Name="_isCodegen" Value="true" />
      <Attr Name="_version" Value="9.0.3.12.53" />
      <Attr Name="_CodeGenFlagNew" Value="36" />
   </DesignTime>
   <EntityUsage
      Name="Xx03ReceivableSlipsEO"
      Entity="oracle.apps.xx03.schema.server.Xx03ReceivableSlipsEO" >
      <DesignTime>
         <Attr Name="_EntireObjectTable" Value="false" />
         <Attr Name="_queryClause" Value="true" />
         <Attr Name="_queryWhere" Value="Xx03ReceivableSlipsEO.RECEIVABLE_NUM = :1" />
      </DesignTime>
   </EntityUsage>
   <ViewAttribute
      Name="ReceivableId"
      IsNotNull="true"
      EntityAttrName="ReceivableId"
      EntityUsage="Xx03ReceivableSlipsEO"
      AliasName="RECEIVABLE_ID"
      ColumnType="VARCHAR2" >
   </ViewAttribute>
   <ViewAttribute
      Name="RowID"
      IsUpdateable="false"
      EntityAttrName="RowID"
      EntityUsage="Xx03ReceivableSlipsEO"
      AliasName="ROWID"
      ColumnType="VARCHAR2" >
   </ViewAttribute>
</ViewObject>
