<?xml version = '1.0' encoding = 'UTF-8'?>
<!-- dbdrv: exec java oracle/jrad/tools/xml/importer XMLImporter.class java &phase=dat+24 checkfile:~PROD:~PATH:~FILE &fullpath:~PROD:~PATH:~FILE -username &un_apps -password &pw_apps -dbconnection &jdbc_db_addr  -userId "1" -rootPackage /oracle/apps/~PROD  -rootdir &fullpath:~PROD:mds:directory  -->
<page xmlns:jrad="http://xmlns.oracle.com/jrad" xmlns:oa="http://xmlns.oracle.com/oa" xmlns:ui="http://xmlns.oracle.com/uix/ui" version="9.0.3.8.12_1330" xml:lang="en-US" xmlns:user="http://xmlns.oracle.com/jrad/user" xmlns="http://xmlns.oracle.com/jrad" file-version="$Header$">
   <content>
      <oa:pageLayout id="PageLayoutRN" amDefName="oracle.apps.xx03.ap.server.XX03ApInvoiceAcctModifyAM" windowTitle="ヘッダー／明細入力" title="仕入先請求書" controllerClass="oracle.apps.xx03.ap.webui.XX03ApInvoiceAcctModifyCO">
         <ui:corporateBranding>
            <oa:image id="corporateBrandingImage" source="/OA_MEDIA/FNDSSCORP.gif"/>
         </ui:corporateBranding>
         <ui:contents>
            <oa:hideShow id="ApplicationInfoRN" shortDesc="申請情報" disclosedText="申請情報" undisclosedText="申請情報">
               <ui:contents>
                  <oa:cellFormat id="ApplicatinEntriesCellRN" width="100%">
                     <ui:contents>
                        <oa:defaultDoubleColumn id="ApplicationEntriesRN">
                           <ui:contents>
                              <oa:messageStyledText id="approverPersonName" dataType="VARCHAR2" prompt="承認者" viewName="XX03PaymentSlipsVO1" viewAttr="ApproverPersonName" maximumLength="500" columns="40" required="no"/>
                              <oa:messageStyledText id="entryDepartment" dataType="VARCHAR2" prompt="起票部門" viewName="XX03PaymentSlipsVVO1" maximumLength="150" viewAttr="EntryDepartmentName"/>
                              <oa:spacer id="spacer1"/>
                              <oa:messageStyledText id="entryPersonId" dataType="VARCHAR2" prompt="伝票入力者" viewName="XX03PaymentSlipsVO1" viewAttr="RequestorPersonName" maximumLength="334"/>
                              <oa:spacer id="spacer2"/>
                              <oa:messageStyledText id="entryDate" dataType="DATE" prompt="起票日" viewName="XX03PaymentSlipsVO1" viewAttr="EntryDate"/>
                              <oa:formValue id="personId" dataType="NUMBER" prompt="従業員ID" viewName="XX03PaymentSlipsVO1" viewAttr="RequestorPersonId"/>
                              <oa:formValue id="departmentId" dataType="VARCHAR2" prompt="部門ID" viewName="XX03PaymentSlipsVO1" viewAttr="EntryDepartment"/>
                              <oa:formValue id="approverPersonId" viewName="XX03PaymentSlipsVO1" viewAttr="ApproverPersonId" dataType="NUMBER"/>
                              <oa:formValue id="accountApprovalFlag" viewName="XX03PaymentSlipsVO1" viewAttr="AccountApprovalFlag" prompt="重点管理フラグ"/>
                              <oa:formValue id="accountRevisionFlag" viewName="XX03PaymentSlipsVO1" viewAttr="AccountRevisionFlag" prompt="経理修正フラグ"/>
                           </ui:contents>
                        </oa:defaultDoubleColumn>
                     </ui:contents>
                  </oa:cellFormat>
               </ui:contents>
            </oa:hideShow>
            <oa:rowLayout id="SlipHeaderCellRN" width="100%">
               <ui:contents>
                  <oa:defaultDoubleColumn id="SlipHeaderRN">
                     <ui:contents>
                        <oa:messageStyledText id="invoiceNum" dataType="VARCHAR2" prompt="伝票番号" viewName="XX03PaymentSlipsVO1" viewAttr="InvoiceNum" maximumLength="50"/>
                        <oa:messageStyledText id="origInvoiceNum" dataType="VARCHAR2" prompt="修正元伝票番号" viewName="XX03PaymentSlipsVO1" viewAttr="OrigInvoiceNum" maximumLength="150"/>
                        <oa:messageLovInput id="vendorName" dataType="VARCHAR2" prompt="仕入先" viewName="XX03PaymentSlipsVO1" viewAttr="VendorName" maximumLength="500" columns="40" required="uiOnly" externalListOfValues="/oracle/apps/xx03/common/lov/webui/XX03VendorsLovRN" disabled="true">
                           <lovMappings>
                              <lovMap id="vendorNameMap1" lovItem="vendorsCol" resultTo="vendorName" criteriaFrom="vendorName"/>
                              <lovMap id="vendorNameMap2" lovItem="vendorId" resultTo="vendorId"/>
                              <lovMap id="vendorNameMap3" lovItem="vendorSiteId" resultTo="vendorSiteId"/>
                              <lovMap id="vendorNameMap4" lovItem="vendorSiteCode" resultTo="vendorSiteName"/>
                              <lovMap id="vendorNameMap5" lovItem="bankFullName" resultTo="bankFullName"/>
                              <lovMap id="vendorNameMap6" lovItem="invoiceCurrencyCode" resultTo="invoiceCurrencyCode"/>
                              <lovMap id="vendorNameMap7" lovItem="payGroupCode" resultTo="payGroupLookupCode"/>
                              <lovMap id="vendorNameMap8" lovItem="payGroupMeaning" resultTo="payGroupLookupName"/>
                              <lovMap id="vendorNameMap9" lovItem="termId" resultTo="termsId"/>
                              <lovMap id="vendorNameMap10" lovItem="termName" resultTo="termsName"/>
                           </lovMappings>
                        </oa:messageLovInput>
                        <oa:messageTextInput id="glDate" dataType="DATE" prompt="計上日" viewName="XX03PaymentSlipsVO1" viewAttr="GlDate" required="no" disabled="true"/>
                        <oa:messageLovInput id="vendorSiteName" dataType="VARCHAR2" prompt="仕入先サイト" viewName="XX03PaymentSlipsVO1" viewAttr="VendorSiteName" maximumLength="500" columns="20" required="uiOnly" externalListOfValues="/oracle/apps/xx03/common/lov/webui/XX03VendorSitesLovRN" rendered="true" disabled="true">
                           <lovMappings>
                              <lovMap id="vendorSiteNameMap1" lovItem="vendorSiteCode" resultTo="vendorSiteName" criteriaFrom="vendorSiteName"/>
                              <lovMap id="vendorSiteNameMap2" lovItem="vendorId" criteriaFrom="vendorId" requiredForLOV="true" programmaticQuery="false"/>
                              <lovMap id="vendorSiteNameMap3" lovItem="vendorSiteId" resultTo="vendorSiteId" criteriaFrom="vendorSiteId"/>
                              <lovMap id="vendorSiteNameMap4" lovItem="bankFullName" resultTo="bankFullName"/>
                              <lovMap id="vendorSiteNameMap5" lovItem="invoiceCurrencyCode" resultTo="invoiceCurrencyCode"/>
                              <lovMap id="vendorSiteNameMap6" lovItem="payGroupCode" resultTo="payGroupLookupCode"/>
                              <lovMap id="vendorSiteNameMap7" lovItem="payGroupMeaning" resultTo="payGroupLookupName"/>
                              <lovMap id="vendorSiteNameMap8" lovItem="termId" resultTo="termsId"/>
                              <lovMap id="vendorSiteNameMap9" lovItem="termName" resultTo="termsName"/>
                           </lovMappings>
                        </oa:messageLovInput>
                        <oa:messageLovInput id="payGroupLookupName" dataType="VARCHAR2" prompt="支払グループ" viewName="XX03PaymentSlipsVO1" viewAttr="PayGroupLookupName" maximumLength="500" columns="30" required="uiOnly" queryable="false" disabled="true" sortState="no" externalListOfValues="/oracle/apps/xx03/common/lov/webui/XX03ApPayGroupsLovRN">
                           <lovMappings>
                              <lovMap id="payGroupLookupNameMap1" lovItem="meaning" resultTo="payGroupLookupName" criteriaFrom="payGroupLookupName"/>
                              <lovMap id="payGroupLookupNameMap2" lovItem="lookupCode" resultTo="payGroupLookupCode"/>
                           </lovMappings>
                        </oa:messageLovInput>
                        <oa:messageStyledText id="bankFullName" prompt="振込先口座" viewName="XX03PaymentSlipsVVO1" viewAttr="BankFullName"/>
                        <oa:messageLovInput id="termsName" dataType="VARCHAR2" prompt="支払条件" viewName="XX03PaymentSlipsVO1" viewAttr="TermsName" maximumLength="500" columns="30" required="uiOnly" vAlign="middle" externalListOfValues="/oracle/apps/xx03/common/lov/webui/XX03ApTermsLovRN">
                           <lovMappings>
                              <lovMap id="termsNameMap1" lovItem="apTermName" resultTo="termsName" criteriaFrom="termsName"/>
                              <lovMap id="termsNameMap2" lovItem="termId" resultTo="termsId"/>
                           </lovMappings>
                        </oa:messageLovInput>
                        <oa:messageTextInput id="vendorInvoiceNum" dataType="VARCHAR2" prompt="請求書番号" viewName="XX03PaymentSlipsVO1" viewAttr="VendorInvoiceNum" maximumLength="150" columns="25" disabled="true"/>
                        <oa:messageStyledText id="invoiceCurrencyCode" dataType="VARCHAR2" prompt="通貨" viewName="XX03PaymentSlipsVO1" viewAttr="InvoiceCurrencyCode" maximumLength="10" columns="15" required="no"/>
                        <oa:messageTextInput id="invoiceDate" dataType="DATE" prompt="請求書日付" viewName="XX03PaymentSlipsVO1" viewAttr="InvoiceDate" required="uiOnly" disabled="true"/>
                        <oa:messageStyledText id="exchangeRateTypeName" dataType="VARCHAR2" prompt="レートタイプ" viewName="XX03PaymentSlipsVO1" viewAttr="ExchangeRateTypeName" maximumLength="30" columns="30"/>
                        <oa:messageTextInput id="description" dataType="VARCHAR2" prompt="備考" viewName="XX03PaymentSlipsVO1" viewAttr="Description" maximumLength="240" columns="30" rows="3" disabled="true"/>
                        <oa:messageStyledText id="exchangeRate" dataType="NUMBER" prompt="レート" viewName="XX03PaymentSlipsVO1" viewAttr="ExchangeRate" columns="20" maximumLength="15"/>
                        <oa:spacer id="spacer10"/>
                        <oa:messageLovInput id="prepayNum" dataType="VARCHAR2" prompt="前払伝票番号" viewName="XX03PaymentSlipsVO1" viewAttr="PrepayNum" maximumLength="50" columns="25" externalListOfValues="/oracle/apps/xx03/common/lov/webui/XX03PrepaymentLovRN" selectiveSearchCriteria="true" disabled="true">
                           <lovMappings>
                              <lovMap id="prepayNumlovMap1" lovItem="invoiceNum" resultTo="prepayNum" criteriaFrom="prepayNum"/>
                              <lovMap id="prepayNumlovMap2" lovItem="vendorId" criteriaFrom="vendorId" requiredForLOV="true" useForValidation="default"/>
                              <lovMap id="prepayNumlovMap3" lovItem="prepayAmountAppliedDisp" resultTo="invPrepayAmountDisp"/>
                              <lovMap id="prepayNumlovMap4" lovItem="invoiceCurrencyCode" criteriaFrom="item1" requiredForLOV="true" useForValidation="default"/>
                              <lovMap id="prepayNumlovMap5" lovItem="prepayAmountApplied" resultTo="invPrepayAmount"/>
                           </lovMappings>
                        </oa:messageLovInput>
                        <oa:formValue id="vendorId" dataType="NUMBER" prompt="仕入先" viewName="XX03PaymentSlipsVO1" viewAttr="VendorId"/>
                        <oa:formValue id="vendorSiteId" dataType="NUMBER" prompt="仕入先サイト" viewName="XX03PaymentSlipsVO1" viewAttr="VendorSiteId"/>
                        <oa:formValue id="termsId" dataType="NUMBER" prompt="支払条件" viewName="XX03PaymentSlipsVO1" viewAttr="TermsId"/>
                        <oa:formValue id="termsDate" dataType="DATE" prompt="支払予定日" viewName="XX03PaymentSlipsVO1" viewAttr="TermsDate"/>
                        <oa:formValue id="payGroupLookupCode" dataType="VARCHAR2" prompt="支払グループ" viewName="XX03PaymentSlipsVO1" viewAttr="PayGroupLookupCode"/>
                        <oa:formValue id="exchangeRateType" dataType="VARCHAR2" prompt="レートタイプ" viewName="XX03PaymentSlipsVO1" viewAttr="ExchangeRateType"/>
                        <oa:formValue id="attributeCategory" dataType="VARCHAR2" prompt="AttributeCategory" viewName="XX03PaymentSlipsVO1" viewAttr="AttributeCategory"/>
                        <oa:formValue id="orgId" dataType="NUMBER" prompt="OrgId" viewName="XX03PaymentSlipsVO1" viewAttr="OrgId"/>
                        <oa:formValue id="slipType" dataType="VARCHAR2" prompt="伝票種別" viewName="XX03PaymentSlipsVO1" viewAttr="SlipType"/>
                        <oa:formValue id="autoTaxCalcFlag" dataType="VARCHAR2" prompt="仕入先計算レベル" viewName="XX03PaymentSlipsVO1" viewAttr="AutoTaxCalcFlag"/>
                        <oa:formValue id="apTaxRoundingRule" dataType="VARCHAR2" prompt="仕入先端数処理" viewName="XX03PaymentSlipsVO1" viewAttr="ApTaxRoundingRule"/>
                        <oa:formValue id="item1" viewName="XX03PaymentSlipsVO1" viewAttr="InvoiceCurrencyCode" prompt="通貨"/>
                     </ui:contents>
                  </oa:defaultDoubleColumn>
               </ui:contents>
            </oa:rowLayout>
            <oa:defaultSingleColumn id="HeaderFlowRN" text="合計金額">
               <ui:contents>
                  <oa:tableLayout id="HeaderTableRN" width="100%">
                     <ui:contents>
                        <oa:rowLayout id="HeaderAmountRowRN" width="100%" prompt="合計金額">
                           <ui:contents>
                              <oa:cellFormat id="SpaceCell1RN" width="10%" vAlign="top" hAlign="left">
                                 <ui:contents>
                                    <oa:flowLayout id="SpaceFlow1RN">
                                       <ui:contents>
                                          <oa:spacer id="spacer5" width="10%"/>
                                       </ui:contents>
                                    </oa:flowLayout>
                                 </ui:contents>
                              </oa:cellFormat>
                              <oa:cellFormat id="HeaderAmoutLeftCellRN" width="20%" hAlign="left" vAlign="top">
                                 <ui:contents>
                                    <oa:flowLayout id="HeaderAmountLeftRN">
                                       <ui:contents>
                                          <oa:messageStyledText id="invAmountDisp" prompt="支払金額" viewName="XX03PaymentSlipsVVO1" viewAttr="InvAmount" maximumLength="50" vAlign="bottom"/>
                                          <oa:messageStyledText id="invItemAmountDisp" prompt="本体金額" viewName="XX03PaymentSlipsVVO1" viewAttr="InvItemAmount" maximumLength="50" vAlign="bottom"/>
                                          <oa:messageStyledText id="invTaxAmountDisp" prompt="消費税額" viewName="XX03PaymentSlipsVVO1" viewAttr="InvTaxAmount" maximumLength="50" vAlign="bottom"/>
                                          <oa:formValue id="invAmount" dataType="VARCHAR2" prompt="支払金額" viewName="XX03PaymentSlipsVO1" viewAttr="InvAmount"/>
                                          <oa:formValue id="invItemAmount" dataType="VARCHAR2" prompt="本体金額" viewName="XX03PaymentSlipsVO1" viewAttr="InvItemAmount"/>
                                          <oa:formValue id="invTaxAmount" dataType="VARCHAR2" prompt="消費税額" viewName="XX03PaymentSlipsVO1" viewAttr="InvTaxAmount"/>
                                       </ui:contents>
                                    </oa:flowLayout>
                                 </ui:contents>
                              </oa:cellFormat>
                              <oa:cellFormat id="SpaceCell3RN" width="5%">
                                 <ui:contents>
                                    <oa:flowLayout id="SpaceFlow3RN">
                                       <ui:contents>
                                          <oa:spacer id="spacer9" width="5%"/>
                                       </ui:contents>
                                    </oa:flowLayout>
                                 </ui:contents>
                              </oa:cellFormat>
                              <oa:cellFormat id="HeaderAmountRightCellRN" width="20%" vAlign="top" hAlign="left">
                                 <ui:contents>
                                    <oa:flowLayout id="HeaderAmountRight">
                                       <ui:contents>
                                          <oa:messageStyledText id="invPrepayAmountDisp" prompt="充当金額" viewName="XX03PaymentSlipsVVO1" viewAttr="InvPrepayAmount" maximumLength="50" vAlign="bottom"/>
                                          <oa:spacer id="spacer3"/>
                                          <oa:spacer id="spacer4"/>
                                          <oa:formValue id="invPrepayAmount" dataType="VARCHAR2" prompt="充当金額" viewName="XX03PaymentSlipsVO1" viewAttr="InvPrepayAmount"/>
                                       </ui:contents>
                                    </oa:flowLayout>
                                 </ui:contents>
                              </oa:cellFormat>
                              <oa:cellFormat id="SpaceCell2RN" width="45%" vAlign="top" hAlign="left">
                                 <ui:contents>
                                    <oa:flowLayout id="SpaceFlow2RN">
                                       <ui:contents>
                                          <oa:spacer id="spacer6" width="10%"/>
                                       </ui:contents>
                                    </oa:flowLayout>
                                 </ui:contents>
                              </oa:cellFormat>
                           </ui:contents>
                        </oa:rowLayout>
                     </ui:contents>
                  </oa:tableLayout>
                  <oa:spacer id="spacer11" height="3"/>
               </ui:contents>
            </oa:defaultSingleColumn>
            <oa:rowLayout id="RowControlRowRN" width="100%">
               <ui:contents>
                  <oa:pageButtonBar id="RowControlRN">
                     <ui:contents>
                        <oa:submitButton id="prevRowButton" text="前" prompt="前"/>
                        <oa:submitButton id="nextRowButton" text="次" prompt="次"/>
                        <oa:messageChoice id="targetChoice" pickListViewName="XX03GetDropDownListVO1" pickListDispAttr="AllRow" pickListValAttr="NowRow" pickListViewDef="oracle.apps.xx03.ap.server.XX03GetDropDownListVO" viewName="XX03PaymentSlipsVO1" viewAttr="Attribute15" rendered="false"/>
                        <oa:submitButton id="targetRowButton" text="明細移動" prompt="明細移動" rendered="false"/>
                     </ui:contents>
                  </oa:pageButtonBar>
               </ui:contents>
            </oa:rowLayout>
            <oa:rowLayout id="LinesRowRN" width="100%">
               <ui:contents>
                  <oa:defaultDoubleColumn id="SlipLinesRN" text="明細項目">
                     <ui:contents>
                        <oa:messageStyledText id="lineNumber" dataType="NUMBER" prompt="No" viewName="XX03PaymentSlipLinesVO1" viewAttr="LineNumber" maximumLength="15"/>
                        <oa:messageLovInput id="segment1Name" dataType="VARCHAR2" prompt="会社" viewName="XX03PaymentSlipLinesVO1" viewAttr="Segment1Name" maximumLength="500" columns="40" required="uiOnly" externalListOfValues="/oracle/apps/xx03/lov/webui/Xx03CompaniesLovRN">
                           <lovMappings>
                              <lovMap id="segment1NameMap1" lovItem="CompaniesCol" resultTo="segment1Name" criteriaFrom="segment1Name"/>
                              <lovMap id="segment1NameMap2" lovItem="FlexValue" resultTo="segment1"/>
                           </lovMappings>
                        </oa:messageLovInput>
                        <oa:messageStyledText id="slipLineTypeName" dataType="VARCHAR2" prompt="摘要コード" viewName="XX03PaymentSlipLinesVO1" viewAttr="SlipLineTypeName" maximumLength="500" columns="40" required="no"/>
                        <oa:messageLovInput id="segment2Name" dataType="VARCHAR2" prompt="部門" viewName="XX03PaymentSlipLinesVO1" viewAttr="Segment2Name" maximumLength="500" required="uiOnly" columns="40" externalListOfValues="/oracle/apps/xx03/lov/webui/Xx03DepartmentsLovRN">
                           <lovMappings>
                              <lovMap id="segment2NameMap1" lovItem="DepartmentsCol" resultTo="segment2Name" criteriaFrom="segment2Name"/>
                              <lovMap id="segment2NameMap2" lovItem="FlexValue" resultTo="segment2"/>
                           </lovMappings>
                        </oa:messageLovInput>
                        <oa:messageStyledText id="enteredAmount" dataType="NUMBER" prompt="入力金額" viewName="XX03PaymentSlipLinesVO1" viewAttr="EnteredAmount" columns="40" required="no" maximumLength="15"/>
                        <oa:messageLovInput id="segment3Name" dataType="VARCHAR2" prompt="勘定科目" viewName="XX03PaymentSlipLinesVO1" viewAttr="Segment3Name" maximumLength="500" required="uiOnly" columns="40" externalListOfValues="/oracle/apps/xx03/lov/webui/XX03AccountsLovRN">
                           <lovMappings>
                              <lovMap id="segment3NameMap1" lovItem="accountsCol" resultTo="segment3Name" criteriaFrom="segment3Name"/>
                              <lovMap id="segment3NameMap2" lovItem="flexValue" resultTo="segment3"/>
                           </lovMappings>
                        </oa:messageLovInput>
                        <oa:messageStyledText id="taxName" dataType="VARCHAR2" prompt="税区分" viewName="XX03PaymentSlipLinesVO1" viewAttr="TaxName" maximumLength="500" columns="40" required="no"/>
                        <oa:messageLovInput id="segment4Name" dataType="VARCHAR2" prompt="補助科目" viewName="XX03PaymentSlipLinesVO1" viewAttr="Segment4Name" maximumLength="500" columns="40" required="uiOnly" externalListOfValues="/oracle/apps/xx03/lov/webui/Xx03SubAccountsLovRN">
                           <lovMappings>
                              <lovMap id="segment4NameMap1" lovItem="SubAccountsCol" resultTo="segment4Name" criteriaFrom="segment4Name"/>
                              <lovMap id="segment4NameMap2" lovItem="FlexValue" resultTo="segment4"/>
                              <lovMap id="segment4NameMap3" lovItem="ParentFlexValueLow" criteriaFrom="segment3" requiredForLOV="true" programmaticQuery="true"/>
                              <lovMap id="segment4NameMap31" lovItem="ParentFlexValueLow" criteriaFrom="segment3" requiredForLOV="false" programmaticQuery="false"/>
                           </lovMappings>
                        </oa:messageLovInput>
                        <oa:messageCheckBox id="amountIncludesTaxFlag" dataType="VARCHAR2" prompt="内税" viewName="XX03PaymentSlipLinesVO1" viewAttr="AmountIncludesTaxFlag" checkedValue="Y" unCheckedValue="N" styleClass="OraPromptText" readOnly="true" disabled="true"/>
                        <oa:messageLovInput id="segment5Name" dataType="VARCHAR2" prompt="相手先" viewName="XX03PaymentSlipLinesVO1" viewAttr="Segment5Name" maximumLength="500" columns="40" required="uiOnly" externalListOfValues="/oracle/apps/xx03/lov/webui/Xx03PartnersLovRN">
                           <lovMappings>
                              <lovMap id="segment5NameMap1" lovItem="PartnersCol" resultTo="segment5Name" criteriaFrom="segment5Name"/>
                              <lovMap id="segment5NameMap2" lovItem="FlexValue" resultTo="segment5"/>
                           </lovMappings>
                        </oa:messageLovInput>
                        <oa:messageStyledText id="enteredItemAmountDisp" prompt="本体金額" viewName="XX03GetItemFormatVO1" viewAttr="EnteredItemAmountDisp" required="no"/>
                        <oa:messageLovInput id="segment6Name" dataType="VARCHAR2" prompt="事業区分" viewName="XX03PaymentSlipLinesVO1" viewAttr="Segment6Name" maximumLength="500" columns="40" required="uiOnly" externalListOfValues="/oracle/apps/xx03/lov/webui/Xx03BusinessTypesLovRN">
                           <lovMappings>
                              <lovMap id="segment6NameMap1" lovItem="BusinessTypesCol" resultTo="segment6Name" criteriaFrom="segment6Name"/>
                              <lovMap id="segment6NameMap2" lovItem="FlexValue" resultTo="segment6"/>
                           </lovMappings>
                        </oa:messageLovInput>
                        <oa:messageStyledText id="enteredTaxAmount" dataType="NUMBER" prompt="消費税額" viewName="XX03PaymentSlipLinesVO1" viewAttr="EnteredTaxAmount" columns="40" required="no" maximumLength="15"/>
                        <oa:messageLovInput id="segment7Name" dataType="VARCHAR2" prompt="プロジェクト" viewName="XX03PaymentSlipLinesVO1" viewAttr="Segment7Name" maximumLength="500" columns="40" required="uiOnly" externalListOfValues="/oracle/apps/xx03/lov/webui/Xx03ProjectsLovRN">
                           <lovMappings>
                              <lovMap id="segment7NameMap1" lovItem="ProjectsCol" resultTo="segment7Name" criteriaFrom="segment7Name"/>
                              <lovMap id="segment7NameMap2" lovItem="FlexValue" resultTo="segment7"/>
                           </lovMappings>
                        </oa:messageLovInput>
                        <oa:spacer id="spacer7"/>
                        <oa:messageLovInput id="segment8Name" dataType="VARCHAR2" prompt="予備1" viewName="XX03PaymentSlipLinesVO1" viewAttr="Segment8Name" externalListOfValues="/oracle/apps/xx03/lov/webui/Xx03FuturesLovRN" required="uiOnly">
                           <lovMappings>
                              <lovMap id="segment8NameMap1" lovItem="FuturesCol" resultTo="segment8Name" criteriaFrom="segment8Name"/>
                              <lovMap id="segment8NameMap2" lovItem="FlexValue" resultTo="segment8"/>
                           </lovMappings>
                        </oa:messageLovInput>
                        <oa:messageTextInput id="lineDescription" dataType="VARCHAR2" prompt="備考" viewName="XX03PaymentSlipLinesVO1" viewAttr="Description" maximumLength="240" columns="30" rows="4" disabled="true"/>
                        <oa:messageLovInput id="incrDecrReasonName" dataType="VARCHAR2" prompt="増減事由" viewName="XX03PaymentSlipLinesVO1" viewAttr="IncrDecrReasonName" maximumLength="500" columns="40" externalListOfValues="/oracle/apps/xx03/common/lov/webui/XX03IncrDecrReasonsLovRN">
                           <lovMappings>
                              <lovMap id="incrDecrReasonNameMap1" lovItem="incrDecrReasonsCol" resultTo="incrDecrReasonName" criteriaFrom="incrDecrReasonName"/>
                              <lovMap id="incrDecrReasonNameMap2" lovItem="flexValue" resultTo="incrDecrReasonCode"/>
                              <lovMap id="incrDecrReasonNameMap3" lovItem="ParentFlexValueLow" criteriaFrom="segment3" requiredForLOV="true" programmaticQuery="false"/>
                           </lovMappings>
                        </oa:messageLovInput>
                        <oa:messageTextInput id="reconReference" dataType="VARCHAR2" prompt="消込参照" viewName="XX03PaymentSlipLinesVO1" viewAttr="ReconReference" maximumLength="150"/>
                        <oa:formValue id="slipLineType" dataType="VARCHAR2" prompt="摘要コード" viewName="XX03PaymentSlipLinesVO1" viewAttr="SlipLineType"/>
                        <oa:formValue id="taxCode" dataType="VARCHAR2" prompt="税区分" viewName="XX03PaymentSlipLinesVO1" viewAttr="TaxCode"/>
                        <oa:formValue id="enteredItemAmount" dataType="NUMBER" prompt="本体金額" viewName="XX03PaymentSlipLinesVO1" viewAttr="EnteredItemAmount"/>
                        <oa:formValue id="segment1" dataType="VARCHAR2" prompt="会社" viewName="XX03PaymentSlipLinesVO1" viewAttr="Segment1"/>
                        <oa:formValue id="segment2" dataType="VARCHAR2" prompt="部門" viewName="XX03PaymentSlipLinesVO1" viewAttr="Segment2"/>
                        <oa:formValue id="segment3" dataType="VARCHAR2" prompt="勘定科目" viewName="XX03PaymentSlipLinesVO1" viewAttr="Segment3"/>
                        <oa:formValue id="segment4" dataType="VARCHAR2" prompt="補助科目" viewName="XX03PaymentSlipLinesVO1" viewAttr="Segment4"/>
                        <oa:formValue id="segment5" dataType="VARCHAR2" prompt="相手先" viewName="XX03PaymentSlipLinesVO1" viewAttr="Segment5"/>
                        <oa:formValue id="segment6" dataType="VARCHAR2" prompt="事業区分" viewName="XX03PaymentSlipLinesVO1" viewAttr="Segment6"/>
                        <oa:formValue id="segment7" dataType="VARCHAR2" prompt="プロジェクト" viewName="XX03PaymentSlipLinesVO1" viewAttr="Segment7"/>
                        <oa:formValue id="segment8" dataType="VARCHAR2" prompt="予備1" viewName="XX03PaymentSlipLinesVO1" viewAttr="Segment8"/>
                        <oa:formValue id="incrDecrReasonCode" dataType="VARCHAR2" prompt="増減事由" viewName="XX03PaymentSlipLinesVO1" viewAttr="IncrDecrReasonCode"/>
                     </ui:contents>
                  </oa:defaultDoubleColumn>
               </ui:contents>
            </oa:rowLayout>
            <oa:pageButtonBar id="PageControlRN">
               <ui:contents>
                  <oa:submitButton id="Confirm" text="修正確認" prompt="修正確認" unvalidated="true"/>
                  <oa:submitButton id="Back" text="戻る" prompt="戻る" unvalidated="true"/>
               </ui:contents>
            </oa:pageButtonBar>
            <oa:cellFormat id="ParametersCellRN" width="100%">
               <ui:contents>
                  <oa:formValue id="Department" prompt="起票部門"/>
                  <oa:formValue id="VendorNames" prompt="仕入先"/>
                  <oa:formValue id="EntryPersonName" prompt="伝票入力者"/>
                  <oa:formValue id="VendorInvoiceNum" prompt="仕入先請求書番号"/>
                  <oa:formValue id="WfStatusS" prompt="ステータス"/>
                  <oa:formValue id="InvoiceDateStart" prompt="請求書日付（自）" dataType="DATE"/>
                  <oa:formValue id="InvoiceDateEnd" prompt="請求書日付（至）" dataType="DATE"/>
                  <oa:formValue id="SlipTypeKind" prompt="伝票種別"/>
                  <oa:formValue id="InvoiceNumber" dataType="VARCHAR2" prompt="伝票番号"/>
                  <oa:formValue id="EntoryDateStart" prompt="起票日（自）" dataType="DATE"/>
                  <oa:formValue id="EntoryDateEnd" prompt="起票日（至）" dataType="DATE"/>
                  <oa:formValue id="Approver" prompt="承認者"/>
                  <oa:formValue id="GlDateStart" dataType="DATE" prompt="計上日（自）"/>
                  <oa:formValue id="GlDateEnd" dataType="DATE" prompt="計上日（至）"/>
                  <oa:formValue id="PayGroupLookupCode" prompt="支払グループ"/>
                  <oa:formValue id="LinesDepartment" prompt="明細：部門"/>
                  <oa:formValue id="TermsDateStart" dataType="DATE" prompt="支払予定日（自）"/>
                  <oa:formValue id="TermsDateEnd" dataType="DATE" prompt="支払予定日（至）"/>
                  <oa:formValue id="LinesAccountCode" prompt="明細：勘定科目"/>
                  <oa:formValue id="ReconReference" prompt="明細：消込参照"/>
                  <oa:formValue id="DepartmentId" prompt="部門コード"/>
                  <oa:formValue id="SlipTypeKindID" prompt="伝票種別コード"/>
                  <oa:formValue id="ApproverId" dataType="NUMBER" prompt="承認者コード"/>
                  <oa:formValue id="VendorNameId" dataType="NUMBER" prompt="仕入先ID"/>
                  <oa:formValue id="EntryPersonId" dataType="NUMBER" prompt="伝票入力者ID"/>
                  <oa:formValue id="PayGroupLookupCodeId" prompt="支払グループコード"/>
                  <oa:formValue id="LinesDepartmentId" prompt="明細：部門コード"/>
                  <oa:formValue id="LinesAccountCodeId" prompt="明細：勘定科目コード"/>
                  <oa:formValue id="search" prompt="検索"/>
                  <oa:formValue id="approverSearch" prompt="一括承認"/>
                  <oa:formValue id="searchShow" prompt="検索のhideShowの状態"/>
                  <oa:formValue id="detailShow" prompt="詳細のhideShowの状態"/>
               </ui:contents>
            </oa:cellFormat>
         </ui:contents>
      </oa:pageLayout>
   </content>
</page>
