<?xml version="1.0" encoding='windows-31j'?>
<!DOCTYPE ViewObject SYSTEM "jbo_03_01.dtd">

<ViewObject
   Name="Xx03ReceivableSlipsVO"
   SelectList="Xx03ReceivableSlipsEO.RECEIVABLE_ID, 
       Xx03ReceivableSlipsEO.WF_STATUS, 

       Xx03ReceivableSlipsEO.SLIP_TYPE, 
       Xx03ReceivableSlipsEO.RECEIVABLE_NUM, 

       Xx03ReceivableSlipsEO.ENTRY_DATE, 
       Xx03ReceivableSlipsEO.REQUEST_KEY, 

       Xx03ReceivableSlipsEO.REQUESTOR_PERSON_ID, 
       Xx03ReceivableSlipsEO.REQUESTOR_PERSON_NAME, 

       Xx03ReceivableSlipsEO.APPROVER_PERSON_ID, 
       Xx03ReceivableSlipsEO.APPROVER_PERSON_NAME, 

       Xx03ReceivableSlipsEO.REQUEST_DATE, 
       Xx03ReceivableSlipsEO.APPROVAL_DATE, 

       Xx03ReceivableSlipsEO.REJECTION_DATE, 
       Xx03ReceivableSlipsEO.ACCOUNT_APPROVER_PERSON_ID, 

       Xx03ReceivableSlipsEO.ACCOUNT_APPROVAL_DATE, 
       
Xx03ReceivableSlipsEO.AR_FORWARD_DATE, 
       Xx03ReceivableSlipsEO.RECOGNITION_CLASS, 

       Xx03ReceivableSlipsEO.REQUEST_ENABLE_FLAG, 
       Xx03ReceivableSlipsEO.ACCOUNT_REVISION_FLAG, 

       Xx03ReceivableSlipsEO.INVOICE_DATE, 
       Xx03ReceivableSlipsEO.TRANS_TYPE_ID, 

       Xx03ReceivableSlipsEO.CUSTOMER_ID, 
       Xx03ReceivableSlipsEO.CUSTOMER_NAME, 

       Xx03ReceivableSlipsEO.CUSTOMER_OFFICE_ID, 
       Xx03ReceivableSlipsEO.CUSTOMER_OFFICE_NAME, 

       Xx03ReceivableSlipsEO.INV_AMOUNT, 
       Xx03ReceivableSlipsEO.INV_ACCOUNTED_AMOUNT, 

       Xx03ReceivableSlipsEO.INV_ITEM_AMOUNT, 
       Xx03ReceivableSlipsEO.INV_TAX_AMOUNT, 

       Xx03ReceivableSlipsEO.INV_PREPAY_AMOUNT, 
       Xx03ReceivableSlipsEO.INVOICE_CURRENCY_CODE, 

       Xx03ReceivableSlipsEO.EXCHANGE_RATE, 
       Xx03ReceivableSlipsEO.EXCHANGE_RATE_TYPE, 

       Xx03ReceivableSlipsEO.EXCHANGE_RATE_TYPE_NAME, 
     
  Xx03ReceivableSlipsEO.RECEIPT_METHOD_ID, 
       Xx03ReceivableSlipsEO.RECEIPT_METHOD_NAME, 

       Xx03ReceivableSlipsEO.TERMS_ID, 
       Xx03ReceivableSlipsEO.TERMS_NAME, 

       Xx03ReceivableSlipsEO.DESCRIPTION, 
       Xx03ReceivableSlipsEO.CONTEXT, 

       Xx03ReceivableSlipsEO.ENTRY_DEPARTMENT, 
       Xx03ReceivableSlipsEO.ENTRY_PERSON_ID, 

       Xx03ReceivableSlipsEO.ORIG_INVOICE_NUM, 
       Xx03ReceivableSlipsEO.ACCOUNT_APPROVAL_FLAG, 

       Xx03ReceivableSlipsEO.GL_DATE, 
       Xx03ReceivableSlipsEO.AUTO_TAX_CALC_FLAG, 

       Xx03ReceivableSlipsEO.AP_TAX_ROUNDING_RULE, 
       Xx03ReceivableSlipsEO.ORG_ID, 

       Xx03ReceivableSlipsEO.COMMITMENT_NUMBER, 
       Xx03ReceivableSlipsEO.COMMITMENT_AMOUNT, 

       Xx03ReceivableSlipsEO.PAYMENT_SCHEDULED_DATE, 
      
 Xx03ReceivableSlipsEO.ONETIME_CUSTOMER_NAME, 
       Xx03ReceivableSlipsEO.ONETIME_CUSTOMER_KANA_NAME, 

       Xx03ReceivableSlipsEO.ONETIME_CUSTOMER_ADDRESS_1, 
  
     Xx03ReceivableSlipsEO.ONETIME_CUSTOMER_ADDRESS_2, 
     
  Xx03ReceivableSlipsEO.ONETIME_CUSTOMER_ADDRESS_3, 
       Xx03ReceivableSlipsEO.COMMITMENT_NAME, 

       Xx03ReceivableSlipsEO.COMMITMENT_ORIGINAL_AMOUNT, 
  
     Xx03ReceivableSlipsEO.COMMITMENT_DATE_FROM, 
       Xx03ReceivableSlipsEO.COMMITMENT_DATE_TO, 

       Xx03ReceivableSlipsEO.ATTRIBUTE_CATEGORY, 
       Xx03ReceivableSlipsEO.ATTRIBUTE1, 

       Xx03ReceivableSlipsEO.ATTRIBUTE2, 
       Xx03ReceivableSlipsEO.ATTRIBUTE3, 

       Xx03ReceivableSlipsEO.ATTRIBUTE4, 
       Xx03ReceivableSlipsEO.ATTRIBUTE5, 

       Xx03ReceivableSlipsEO.ATTRIBUTE6, 
       Xx03ReceivableSlipsEO.ATTRIBUTE7, 

       Xx03ReceivableSlipsEO.ATTRIBUTE8, 
       Xx03ReceivableSlipsEO.ATTRIBUTE9, 

       Xx03ReceivableSlipsEO.ATTRIBUTE10, 
       Xx03ReceivableSlipsEO.ATTRIBUTE11, 

       Xx03ReceivableSlipsEO.ATTRIBUTE12, 
       Xx03ReceivableSlipsEO.ATTRIBUTE13, 

       Xx03ReceivableSlipsEO.ATTRIBUTE14, 
       Xx03ReceivableSlipsEO.ATTRIBUTE15, 

       Xx03ReceivableSlipsEO.CREATED_BY, 
       Xx03ReceivableSlipsEO.CREATION_DATE, 

       Xx03ReceivableSlipsEO.LAST_UPDATED_BY, 
       Xx03ReceivableSlipsEO.LAST_UPDATE_DATE, 

       Xx03ReceivableSlipsEO.LAST_UPDATE_LOGIN, 
       Xx03ReceivableSlipsEO.REQUEST_ID, 

       Xx03ReceivableSlipsEO.PROGRAM_APPLICATION_ID, 
      
 Xx03ReceivableSlipsEO.PROGRAM_ID, 
       Xx03ReceivableSlipsEO.PROGRAM_UPDATE_DATE, 

       Xx03ReceivableSlipsEO.ROWID, 
       Xx03ReceivableSlipsEO.SET_OF_BOOKS_ID, 

       Xx03ReceivableSlipsEO.TRANS_TYPE_NAME, 
       Xx03ReceivableSlipsEO.APPROVER_COMMENTS"
   FromList="XX03_RECEIVABLE_SLIPS Xx03ReceivableSlipsEO"
   Where="(NULL IS NOT NULL AND :1 = &#39;new&#39;) OR (Xx03ReceivableSlipsEO.RECEIVABLE_ID = :2 AND :3 = &#39;update&#39;)"
   BindingStyle="Oracle"
   CustomQuery="false"
   RowClass="oracle.apps.xx03.ar.cancel.server.Xx03ReceivableSlipsVORowImpl"
   ComponentClass="oracle.apps.xx03.ar.cancel.server.Xx03ReceivableSlipsVOImpl"
   MsgBundleClass="oracle.jbo.common.JboResourceBundle"
   UseGlueCode="false" >
   <DesignTime>
      <Attr Name="_isCodegen" Value="true" />
      <Attr Name="_version" Value="9.0.3.13.75" />
      <Attr Name="_CodeGenFlagNew" Value="36" />
   </DesignTime>
   <EntityUsage
      Name="Xx03ReceivableSlipsEO"
      Entity="oracle.apps.xx03.schema.server.Xx03ReceivableSlipsEO" >
      <DesignTime>
         <Attr Name="_EntireObjectTable" Value="false" />
         <Attr Name="_queryClause" Value="true" />
         <Attr Name="_queryWhere" Value="(NULL IS NOT NULL AND :1 = &#39;new&#39;) OR (Xx03ReceivableSlipsEO.RECEIVABLE_ID = :2 AND :3 = &#39;update&#39;)" />
      </DesignTime>
   </EntityUsage>
   <ViewAttribute
      Name="ReceivableId"
      IsNotNull="true"
      EntityAttrName="ReceivableId"
      EntityUsage="Xx03ReceivableSlipsEO"
      AliasName="RECEIVABLE_ID"
      ColumnType="VARCHAR2" >
   </ViewAttribute>
   <ViewAttribute
      Name="WfStatus"
      IsNotNull="true"
      EntityAttrName="WfStatus"
      EntityUsage="Xx03ReceivableSlipsEO"
      AliasName="WF_STATUS"
      ColumnType="VARCHAR2" >
   </ViewAttribute>
   <ViewAttribute
      Name="SlipType"
      IsNotNull="true"
      EntityAttrName="SlipType"
      EntityUsage="Xx03ReceivableSlipsEO"
      AliasName="SLIP_TYPE"
      ColumnType="VARCHAR2" >
   </ViewAttribute>
   <ViewAttribute
      Name="ReceivableNum"
      IsNotNull="true"
      EntityAttrName="ReceivableNum"
      EntityUsage="Xx03ReceivableSlipsEO"
      AliasName="RECEIVABLE_NUM"
      ColumnType="VARCHAR2" >
   </ViewAttribute>
   <ViewAttribute
      Name="EntryDate"
      IsNotNull="true"
      EntityAttrName="EntryDate"
      EntityUsage="Xx03ReceivableSlipsEO"
      AliasName="ENTRY_DATE"
      ColumnType="VARCHAR2" >
   </ViewAttribute>
   <ViewAttribute
      Name="RequestKey"
      EntityAttrName="RequestKey"
      EntityUsage="Xx03ReceivableSlipsEO"
      AliasName="REQUEST_KEY"
      ColumnType="VARCHAR2" >
   </ViewAttribute>
   <ViewAttribute
      Name="RequestorPersonId"
      EntityAttrName="RequestorPersonId"
      EntityUsage="Xx03ReceivableSlipsEO"
      AliasName="REQUESTOR_PERSON_ID"
      ColumnType="VARCHAR2" >
   </ViewAttribute>
   <ViewAttribute
      Name="RequestorPersonName"
      EntityAttrName="RequestorPersonName"
      EntityUsage="Xx03ReceivableSlipsEO"
      AliasName="REQUESTOR_PERSON_NAME"
      ColumnType="VARCHAR2" >
   </ViewAttribute>
   <ViewAttribute
      Name="ApproverPersonId"
      EntityAttrName="ApproverPersonId"
      EntityUsage="Xx03ReceivableSlipsEO"
      AliasName="APPROVER_PERSON_ID"
      ColumnType="VARCHAR2" >
   </ViewAttribute>
   <ViewAttribute
      Name="ApproverPersonName"
      EntityAttrName="ApproverPersonName"
      EntityUsage="Xx03ReceivableSlipsEO"
      AliasName="APPROVER_PERSON_NAME"
      ColumnType="VARCHAR2" >
   </ViewAttribute>
   <ViewAttribute
      Name="RequestDate"
      EntityAttrName="RequestDate"
      EntityUsage="Xx03ReceivableSlipsEO"
      AliasName="REQUEST_DATE"
      ColumnType="VARCHAR2" >
   </ViewAttribute>
   <ViewAttribute
      Name="ApprovalDate"
      EntityAttrName="ApprovalDate"
      EntityUsage="Xx03ReceivableSlipsEO"
      AliasName="APPROVAL_DATE"
      ColumnType="VARCHAR2" >
   </ViewAttribute>
   <ViewAttribute
      Name="RejectionDate"
      EntityAttrName="RejectionDate"
      EntityUsage="Xx03ReceivableSlipsEO"
      AliasName="REJECTION_DATE"
      ColumnType="VARCHAR2" >
   </ViewAttribute>
   <ViewAttribute
      Name="AccountApproverPersonId"
      EntityAttrName="AccountApproverPersonId"
      EntityUsage="Xx03ReceivableSlipsEO"
      AliasName="ACCOUNT_APPROVER_PERSON_ID"
      ColumnType="VARCHAR2" >
   </ViewAttribute>
   <ViewAttribute
      Name="AccountApprovalDate"
      EntityAttrName="AccountApprovalDate"
      EntityUsage="Xx03ReceivableSlipsEO"
      AliasName="ACCOUNT_APPROVAL_DATE"
      ColumnType="VARCHAR2" >
   </ViewAttribute>
   <ViewAttribute
      Name="ArForwardDate"
      EntityAttrName="ArForwardDate"
      EntityUsage="Xx03ReceivableSlipsEO"
      AliasName="AR_FORWARD_DATE"
      ColumnType="VARCHAR2" >
   </ViewAttribute>
   <ViewAttribute
      Name="RecognitionClass"
      EntityAttrName="RecognitionClass"
      EntityUsage="Xx03ReceivableSlipsEO"
      AliasName="RECOGNITION_CLASS"
      ColumnType="VARCHAR2" >
   </ViewAttribute>
   <ViewAttribute
      Name="RequestEnableFlag"
      EntityAttrName="RequestEnableFlag"
      EntityUsage="Xx03ReceivableSlipsEO"
      AliasName="REQUEST_ENABLE_FLAG"
      ColumnType="VARCHAR2" >
   </ViewAttribute>
   <ViewAttribute
      Name="AccountRevisionFlag"
      EntityAttrName="AccountRevisionFlag"
      EntityUsage="Xx03ReceivableSlipsEO"
      AliasName="ACCOUNT_REVISION_FLAG"
      ColumnType="VARCHAR2" >
   </ViewAttribute>
   <ViewAttribute
      Name="InvoiceDate"
      IsNotNull="true"
      EntityAttrName="InvoiceDate"
      EntityUsage="Xx03ReceivableSlipsEO"
      AliasName="INVOICE_DATE"
      ColumnType="VARCHAR2" >
   </ViewAttribute>
   <ViewAttribute
      Name="TransTypeId"
      IsNotNull="true"
      EntityAttrName="TransTypeId"
      EntityUsage="Xx03ReceivableSlipsEO"
      AliasName="TRANS_TYPE_ID"
      ColumnType="VARCHAR2" >
   </ViewAttribute>
   <ViewAttribute
      Name="CustomerId"
      IsNotNull="true"
      EntityAttrName="CustomerId"
      EntityUsage="Xx03ReceivableSlipsEO"
      AliasName="CUSTOMER_ID"
      ColumnType="VARCHAR2" >
   </ViewAttribute>
   <ViewAttribute
      Name="CustomerName"
      IsNotNull="true"
      EntityAttrName="CustomerName"
      EntityUsage="Xx03ReceivableSlipsEO"
      AliasName="CUSTOMER_NAME"
      ColumnType="VARCHAR2" >
   </ViewAttribute>
   <ViewAttribute
      Name="CustomerOfficeId"
      IsNotNull="true"
      EntityAttrName="CustomerOfficeId"
      EntityUsage="Xx03ReceivableSlipsEO"
      AliasName="CUSTOMER_OFFICE_ID"
      ColumnType="VARCHAR2" >
   </ViewAttribute>
   <ViewAttribute
      Name="CustomerOfficeName"
      IsNotNull="true"
      EntityAttrName="CustomerOfficeName"
      EntityUsage="Xx03ReceivableSlipsEO"
      AliasName="CUSTOMER_OFFICE_NAME"
      ColumnType="VARCHAR2" >
   </ViewAttribute>
   <ViewAttribute
      Name="InvAmount"
      IsNotNull="true"
      EntityAttrName="InvAmount"
      EntityUsage="Xx03ReceivableSlipsEO"
      AliasName="INV_AMOUNT"
      ColumnType="VARCHAR2" >
   </ViewAttribute>
   <ViewAttribute
      Name="InvAccountedAmount"
      IsNotNull="true"
      EntityAttrName="InvAccountedAmount"
      EntityUsage="Xx03ReceivableSlipsEO"
      AliasName="INV_ACCOUNTED_AMOUNT"
      ColumnType="VARCHAR2" >
   </ViewAttribute>
   <ViewAttribute
      Name="InvItemAmount"
      IsNotNull="true"
      EntityAttrName="InvItemAmount"
      EntityUsage="Xx03ReceivableSlipsEO"
      AliasName="INV_ITEM_AMOUNT"
      ColumnType="VARCHAR2" >
   </ViewAttribute>
   <ViewAttribute
      Name="InvTaxAmount"
      IsNotNull="true"
      EntityAttrName="InvTaxAmount"
      EntityUsage="Xx03ReceivableSlipsEO"
      AliasName="INV_TAX_AMOUNT"
      ColumnType="VARCHAR2" >
   </ViewAttribute>
   <ViewAttribute
      Name="InvPrepayAmount"
      EntityAttrName="InvPrepayAmount"
      EntityUsage="Xx03ReceivableSlipsEO"
      AliasName="INV_PREPAY_AMOUNT"
      ColumnType="VARCHAR2" >
   </ViewAttribute>
   <ViewAttribute
      Name="InvoiceCurrencyCode"
      IsNotNull="true"
      EntityAttrName="InvoiceCurrencyCode"
      EntityUsage="Xx03ReceivableSlipsEO"
      AliasName="INVOICE_CURRENCY_CODE"
      ColumnType="VARCHAR2" >
   </ViewAttribute>
   <ViewAttribute
      Name="ExchangeRate"
      EntityAttrName="ExchangeRate"
      EntityUsage="Xx03ReceivableSlipsEO"
      AliasName="EXCHANGE_RATE"
      ColumnType="VARCHAR2" >
   </ViewAttribute>
   <ViewAttribute
      Name="ExchangeRateType"
      EntityAttrName="ExchangeRateType"
      EntityUsage="Xx03ReceivableSlipsEO"
      AliasName="EXCHANGE_RATE_TYPE"
      ColumnType="VARCHAR2" >
   </ViewAttribute>
   <ViewAttribute
      Name="ExchangeRateTypeName"
      EntityAttrName="ExchangeRateTypeName"
      EntityUsage="Xx03ReceivableSlipsEO"
      AliasName="EXCHANGE_RATE_TYPE_NAME"
      ColumnType="VARCHAR2" >
   </ViewAttribute>
   <ViewAttribute
      Name="ReceiptMethodId"
      IsNotNull="true"
      EntityAttrName="ReceiptMethodId"
      EntityUsage="Xx03ReceivableSlipsEO"
      AliasName="RECEIPT_METHOD_ID"
      ColumnType="VARCHAR2" >
   </ViewAttribute>
   <ViewAttribute
      Name="ReceiptMethodName"
      IsNotNull="true"
      EntityAttrName="ReceiptMethodName"
      EntityUsage="Xx03ReceivableSlipsEO"
      AliasName="RECEIPT_METHOD_NAME"
      ColumnType="VARCHAR2" >
   </ViewAttribute>
   <ViewAttribute
      Name="TermsId"
      IsNotNull="true"
      EntityAttrName="TermsId"
      EntityUsage="Xx03ReceivableSlipsEO"
      AliasName="TERMS_ID"
      ColumnType="VARCHAR2" >
   </ViewAttribute>
   <ViewAttribute
      Name="TermsName"
      IsNotNull="true"
      EntityAttrName="TermsName"
      EntityUsage="Xx03ReceivableSlipsEO"
      AliasName="TERMS_NAME"
      ColumnType="VARCHAR2" >
   </ViewAttribute>
   <ViewAttribute
      Name="Description"
      EntityAttrName="Description"
      EntityUsage="Xx03ReceivableSlipsEO"
      AliasName="DESCRIPTION"
      ColumnType="VARCHAR2" >
   </ViewAttribute>
   <ViewAttribute
      Name="Context"
      EntityAttrName="Context"
      EntityUsage="Xx03ReceivableSlipsEO"
      AliasName="CONTEXT"
      ColumnType="VARCHAR2" >
   </ViewAttribute>
   <ViewAttribute
      Name="EntryDepartment"
      IsNotNull="true"
      EntityAttrName="EntryDepartment"
      EntityUsage="Xx03ReceivableSlipsEO"
      AliasName="ENTRY_DEPARTMENT"
      ColumnType="VARCHAR2" >
   </ViewAttribute>
   <ViewAttribute
      Name="EntryPersonId"
      IsNotNull="true"
      EntityAttrName="EntryPersonId"
      EntityUsage="Xx03ReceivableSlipsEO"
      AliasName="ENTRY_PERSON_ID"
      ColumnType="VARCHAR2" >
   </ViewAttribute>
   <ViewAttribute
      Name="OrigInvoiceNum"
      EntityAttrName="OrigInvoiceNum"
      EntityUsage="Xx03ReceivableSlipsEO"
      AliasName="ORIG_INVOICE_NUM"
      ColumnType="VARCHAR2" >
   </ViewAttribute>
   <ViewAttribute
      Name="AccountApprovalFlag"
      EntityAttrName="AccountApprovalFlag"
      EntityUsage="Xx03ReceivableSlipsEO"
      AliasName="ACCOUNT_APPROVAL_FLAG"
      ColumnType="VARCHAR2" >
   </ViewAttribute>
   <ViewAttribute
      Name="GlDate"
      IsNotNull="true"
      EntityAttrName="GlDate"
      EntityUsage="Xx03ReceivableSlipsEO"
      AliasName="GL_DATE"
      ColumnType="VARCHAR2" >
   </ViewAttribute>
   <ViewAttribute
      Name="AutoTaxCalcFlag"
      IsNotNull="true"
      EntityAttrName="AutoTaxCalcFlag"
      EntityUsage="Xx03ReceivableSlipsEO"
      AliasName="AUTO_TAX_CALC_FLAG"
      ColumnType="VARCHAR2" >
   </ViewAttribute>
   <ViewAttribute
      Name="TaxRoundingRule"
      IsNotNull="true"
      EntityAttrName="TaxRoundingRule"
      EntityUsage="Xx03ReceivableSlipsEO"
      AliasName="AP_TAX_ROUNDING_RULE"
      ColumnType="VARCHAR2" >
   </ViewAttribute>
   <ViewAttribute
      Name="OrgId"
      IsNotNull="true"
      EntityAttrName="OrgId"
      EntityUsage="Xx03ReceivableSlipsEO"
      AliasName="ORG_ID"
      ColumnType="VARCHAR2" >
   </ViewAttribute>
   <ViewAttribute
      Name="CommitmentNumber"
      EntityAttrName="CommitmentNumber"
      EntityUsage="Xx03ReceivableSlipsEO"
      AliasName="COMMITMENT_NUMBER"
      ColumnType="VARCHAR2" >
   </ViewAttribute>
   <ViewAttribute
      Name="CommitmentAmount"
      EntityAttrName="CommitmentAmount"
      EntityUsage="Xx03ReceivableSlipsEO"
      AliasName="COMMITMENT_AMOUNT"
      ColumnType="VARCHAR2" >
   </ViewAttribute>
   <ViewAttribute
      Name="PaymentScheduledDate"
      IsNotNull="true"
      EntityAttrName="PaymentScheduledDate"
      EntityUsage="Xx03ReceivableSlipsEO"
      AliasName="PAYMENT_SCHEDULED_DATE"
      ColumnType="VARCHAR2" >
   </ViewAttribute>
   <ViewAttribute
      Name="OnetimeCustomerName"
      EntityAttrName="OnetimeCustomerName"
      EntityUsage="Xx03ReceivableSlipsEO"
      AliasName="ONETIME_CUSTOMER_NAME"
      ColumnType="VARCHAR2" >
   </ViewAttribute>
   <ViewAttribute
      Name="OnetimeCustomerKanaName"
      EntityAttrName="OnetimeCustomerKanaName"
      EntityUsage="Xx03ReceivableSlipsEO"
      AliasName="ONETIME_CUSTOMER_KANA_NAME"
      ColumnType="VARCHAR2" >
   </ViewAttribute>
   <ViewAttribute
      Name="OnetimeCustomerAddress1"
      EntityAttrName="OnetimeCustomerAddress1"
      EntityUsage="Xx03ReceivableSlipsEO"
      AliasName="ONETIME_CUSTOMER_ADDRESS_1"
      ColumnType="VARCHAR2" >
   </ViewAttribute>
   <ViewAttribute
      Name="OnetimeCustomerAddress2"
      EntityAttrName="OnetimeCustomerAddress2"
      EntityUsage="Xx03ReceivableSlipsEO"
      AliasName="ONETIME_CUSTOMER_ADDRESS_2"
      ColumnType="VARCHAR2" >
   </ViewAttribute>
   <ViewAttribute
      Name="OnetimeCustomerAddress3"
      EntityAttrName="OnetimeCustomerAddress3"
      EntityUsage="Xx03ReceivableSlipsEO"
      AliasName="ONETIME_CUSTOMER_ADDRESS_3"
      ColumnType="VARCHAR2" >
   </ViewAttribute>
   <ViewAttribute
      Name="CommitmentName"
      EntityAttrName="CommitmentName"
      EntityUsage="Xx03ReceivableSlipsEO"
      AliasName="COMMITMENT_NAME"
      ColumnType="VARCHAR2" >
   </ViewAttribute>
   <ViewAttribute
      Name="CommitmentOriginalAmount"
      EntityAttrName="CommitmentOriginalAmount"
      EntityUsage="Xx03ReceivableSlipsEO"
      AliasName="COMMITMENT_ORIGINAL_AMOUNT"
      ColumnType="VARCHAR2" >
   </ViewAttribute>
   <ViewAttribute
      Name="CommitmentDateFrom"
      EntityAttrName="CommitmentDateFrom"
      EntityUsage="Xx03ReceivableSlipsEO"
      AliasName="COMMITMENT_DATE_FROM"
      ColumnType="VARCHAR2" >
   </ViewAttribute>
   <ViewAttribute
      Name="CommitmentDateTo"
      EntityAttrName="CommitmentDateTo"
      EntityUsage="Xx03ReceivableSlipsEO"
      AliasName="COMMITMENT_DATE_TO"
      ColumnType="VARCHAR2" >
   </ViewAttribute>
   <ViewAttribute
      Name="AttributeCategory"
      EntityAttrName="AttributeCategory"
      EntityUsage="Xx03ReceivableSlipsEO"
      AliasName="ATTRIBUTE_CATEGORY"
      ColumnType="VARCHAR2" >
   </ViewAttribute>
   <ViewAttribute
      Name="Attribute1"
      EntityAttrName="Attribute1"
      EntityUsage="Xx03ReceivableSlipsEO"
      AliasName="ATTRIBUTE1"
      ColumnType="VARCHAR2" >
   </ViewAttribute>
   <ViewAttribute
      Name="Attribute2"
      EntityAttrName="Attribute2"
      EntityUsage="Xx03ReceivableSlipsEO"
      AliasName="ATTRIBUTE2"
      ColumnType="VARCHAR2" >
   </ViewAttribute>
   <ViewAttribute
      Name="Attribute3"
      EntityAttrName="Attribute3"
      EntityUsage="Xx03ReceivableSlipsEO"
      AliasName="ATTRIBUTE3"
      ColumnType="VARCHAR2" >
   </ViewAttribute>
   <ViewAttribute
      Name="Attribute4"
      EntityAttrName="Attribute4"
      EntityUsage="Xx03ReceivableSlipsEO"
      AliasName="ATTRIBUTE4"
      ColumnType="VARCHAR2" >
   </ViewAttribute>
   <ViewAttribute
      Name="Attribute5"
      EntityAttrName="Attribute5"
      EntityUsage="Xx03ReceivableSlipsEO"
      AliasName="ATTRIBUTE5"
      ColumnType="VARCHAR2" >
   </ViewAttribute>
   <ViewAttribute
      Name="Attribute6"
      EntityAttrName="Attribute6"
      EntityUsage="Xx03ReceivableSlipsEO"
      AliasName="ATTRIBUTE6"
      ColumnType="VARCHAR2" >
   </ViewAttribute>
   <ViewAttribute
      Name="Attribute7"
      EntityAttrName="Attribute7"
      EntityUsage="Xx03ReceivableSlipsEO"
      AliasName="ATTRIBUTE7"
      ColumnType="VARCHAR2" >
   </ViewAttribute>
   <ViewAttribute
      Name="Attribute8"
      EntityAttrName="Attribute8"
      EntityUsage="Xx03ReceivableSlipsEO"
      AliasName="ATTRIBUTE8"
      ColumnType="VARCHAR2" >
   </ViewAttribute>
   <ViewAttribute
      Name="Attribute9"
      EntityAttrName="Attribute9"
      EntityUsage="Xx03ReceivableSlipsEO"
      AliasName="ATTRIBUTE9"
      ColumnType="VARCHAR2" >
   </ViewAttribute>
   <ViewAttribute
      Name="Attribute10"
      EntityAttrName="Attribute10"
      EntityUsage="Xx03ReceivableSlipsEO"
      AliasName="ATTRIBUTE10"
      ColumnType="VARCHAR2" >
   </ViewAttribute>
   <ViewAttribute
      Name="Attribute11"
      EntityAttrName="Attribute11"
      EntityUsage="Xx03ReceivableSlipsEO"
      AliasName="ATTRIBUTE11"
      ColumnType="VARCHAR2" >
   </ViewAttribute>
   <ViewAttribute
      Name="Attribute12"
      EntityAttrName="Attribute12"
      EntityUsage="Xx03ReceivableSlipsEO"
      AliasName="ATTRIBUTE12"
      ColumnType="VARCHAR2" >
   </ViewAttribute>
   <ViewAttribute
      Name="Attribute13"
      EntityAttrName="Attribute13"
      EntityUsage="Xx03ReceivableSlipsEO"
      AliasName="ATTRIBUTE13"
      ColumnType="VARCHAR2" >
   </ViewAttribute>
   <ViewAttribute
      Name="Attribute14"
      EntityAttrName="Attribute14"
      EntityUsage="Xx03ReceivableSlipsEO"
      AliasName="ATTRIBUTE14"
      ColumnType="VARCHAR2" >
   </ViewAttribute>
   <ViewAttribute
      Name="Attribute15"
      EntityAttrName="Attribute15"
      EntityUsage="Xx03ReceivableSlipsEO"
      AliasName="ATTRIBUTE15"
      ColumnType="VARCHAR2" >
   </ViewAttribute>
   <ViewAttribute
      Name="CreatedBy"
      IsNotNull="true"
      EntityAttrName="CreatedBy"
      EntityUsage="Xx03ReceivableSlipsEO"
      AliasName="CREATED_BY"
      ColumnType="VARCHAR2" >
   </ViewAttribute>
   <ViewAttribute
      Name="CreationDate"
      IsNotNull="true"
      EntityAttrName="CreationDate"
      EntityUsage="Xx03ReceivableSlipsEO"
      AliasName="CREATION_DATE"
      ColumnType="VARCHAR2" >
   </ViewAttribute>
   <ViewAttribute
      Name="LastUpdatedBy"
      IsNotNull="true"
      EntityAttrName="LastUpdatedBy"
      EntityUsage="Xx03ReceivableSlipsEO"
      AliasName="LAST_UPDATED_BY"
      ColumnType="VARCHAR2" >
   </ViewAttribute>
   <ViewAttribute
      Name="LastUpdateDate"
      IsNotNull="true"
      EntityAttrName="LastUpdateDate"
      EntityUsage="Xx03ReceivableSlipsEO"
      AliasName="LAST_UPDATE_DATE"
      ColumnType="VARCHAR2" >
   </ViewAttribute>
   <ViewAttribute
      Name="LastUpdateLogin"
      EntityAttrName="LastUpdateLogin"
      EntityUsage="Xx03ReceivableSlipsEO"
      AliasName="LAST_UPDATE_LOGIN"
      ColumnType="VARCHAR2" >
   </ViewAttribute>
   <ViewAttribute
      Name="RequestId"
      EntityAttrName="RequestId"
      EntityUsage="Xx03ReceivableSlipsEO"
      AliasName="REQUEST_ID"
      ColumnType="VARCHAR2" >
   </ViewAttribute>
   <ViewAttribute
      Name="ProgramApplicationId"
      EntityAttrName="ProgramApplicationId"
      EntityUsage="Xx03ReceivableSlipsEO"
      AliasName="PROGRAM_APPLICATION_ID"
      ColumnType="VARCHAR2" >
   </ViewAttribute>
   <ViewAttribute
      Name="ProgramId"
      EntityAttrName="ProgramId"
      EntityUsage="Xx03ReceivableSlipsEO"
      AliasName="PROGRAM_ID"
      ColumnType="VARCHAR2" >
   </ViewAttribute>
   <ViewAttribute
      Name="ProgramUpdateDate"
      EntityAttrName="ProgramUpdateDate"
      EntityUsage="Xx03ReceivableSlipsEO"
      AliasName="PROGRAM_UPDATE_DATE"
      ColumnType="VARCHAR2" >
   </ViewAttribute>
   <ViewAttribute
      Name="RowID"
      IsUpdateable="false"
      EntityAttrName="RowID"
      EntityUsage="Xx03ReceivableSlipsEO"
      AliasName="ROWID"
      ColumnType="VARCHAR2" >
   </ViewAttribute>
   <ViewAttribute
      Name="SetOfBooksId"
      IsNotNull="true"
      EntityAttrName="SetOfBooksId"
      EntityUsage="Xx03ReceivableSlipsEO"
      AliasName="SET_OF_BOOKS_ID"
      ColumnType="VARCHAR2" >
   </ViewAttribute>
   <ViewAttribute
      Name="TransTypeName"
      EntityAttrName="TransTypeName"
      EntityUsage="Xx03ReceivableSlipsEO"
      AliasName="TRANS_TYPE_NAME"
      ColumnType="VARCHAR2" >
   </ViewAttribute>
   <ViewAttribute
      Name="ApproverComments"
      EntityAttrName="ApproverComments"
      EntityUsage="Xx03ReceivableSlipsEO"
      AliasName="APPROVER_COMMENTS"
      ColumnType="VARCHAR2" >
   </ViewAttribute>
   <ViewAttribute
      Name="SlipTypeApp"
      IsPersistent="false"
      Precision="255"
      Type="java.lang.String"
      AliasName="SLIPTYPEAPP"
      ColumnType="VARCHAR2"
      SQLType="VARCHAR" >
   </ViewAttribute>
</ViewObject>
