<?xml version="1.0" encoding='windows-31j'?>
<!DOCTYPE AppModule SYSTEM "jbo_03_01.dtd">

<AppModule
   Name="Xx03InvoiceCancelAM"
   ComponentClass="oracle.apps.xx03.ar.cancel.server.Xx03InvoiceCancelAMImpl"
   LoadComponentsLazily="true" >
   <DesignTime>
      <Attr Name="_isCodegen" Value="true" />
      <Attr Name="_version" Value="9.0.3.13.75" />
      <Attr Name="_deployType" Value="0" />
   </DesignTime>
   <ViewUsage
      Name="Xx03EntryUserInfoVO1"
      ViewObjectName="oracle.apps.xx03.ar.cancel.server.Xx03EntryUserInfoVO" >
   </ViewUsage>
   <ViewUsage
      Name="Xx03GetAmountFormatVO1"
      ViewObjectName="oracle.apps.xx03.ar.cancel.server.Xx03GetAmountFormatVO" >
   </ViewUsage>
   <ViewUsage
      Name="Xx03GetDefaultApproverVO1"
      ViewObjectName="oracle.apps.xx03.ar.cancel.server.Xx03GetDefaultApproverVO" >
   </ViewUsage>
   <ViewUsage
      Name="Xx03GetSlipTypeVO1"
      ViewObjectName="oracle.apps.xx03.ar.cancel.server.Xx03GetSlipTypeVO" >
   </ViewUsage>
   <ViewUsage
      Name="Xx03ReceivableSlipsVO1"
      ViewObjectName="oracle.apps.xx03.ar.cancel.server.Xx03ReceivableSlipsVO" >
   </ViewUsage>
   <ViewUsage
      Name="Xx03ReceivableSlipsVO2"
      ViewObjectName="oracle.apps.xx03.ar.cancel.server.Xx03ReceivableSlipsVO" >
   </ViewUsage>
   <ViewUsage
      Name="Xx03ReceivableSlipsLinesVO1"
      ViewObjectName="oracle.apps.xx03.ar.cancel.server.Xx03ReceivableSlipsLinesVO" >
   </ViewUsage>
   <ViewUsage
      Name="Xx03ReceivableSlipsLinesVO2"
      ViewObjectName="oracle.apps.xx03.ar.cancel.server.Xx03ReceivableSlipsLinesVO" >
   </ViewUsage>
   <ViewUsage
      Name="Xx03SlipNumbersVO1"
      ViewObjectName="oracle.apps.xx03.ar.cancel.server.Xx03SlipNumbersVO" >
   </ViewUsage>
   <ViewUsage
      Name="Xx03GetOldReceivableIdVO1"
      ViewObjectName="oracle.apps.xx03.ar.cancel.server.Xx03GetOldReceivableIdVO" >
   </ViewUsage>
   <ViewUsage
      Name="Xx03GetTransTypeNameVO1"
      ViewObjectName="oracle.apps.xx03.ar.input.server.Xx03GetTransTypeNameVO" >
   </ViewUsage>
   <ViewUsage
      Name="Xx03GetArCustomerNameVO1"
      ViewObjectName="oracle.apps.xx03.ar.input.server.Xx03GetArCustomerNameVO" >
   </ViewUsage>
   <ViewUsage
      Name="Xx03GetArCustSiteNameVO1"
      ViewObjectName="oracle.apps.xx03.ar.input.server.Xx03GetArCustSiteNameVO" >
   </ViewUsage>
   <ViewUsage
      Name="Xx03GetReceiptMethodNameVO1"
      ViewObjectName="oracle.apps.xx03.ar.input.server.Xx03GetReceiptMethodNameVO" >
   </ViewUsage>
   <ViewUsage
      Name="Xx03GetTermsNameVO1"
      ViewObjectName="oracle.apps.xx03.ar.input.server.Xx03GetTermsNameVO" >
   </ViewUsage>
   <ViewUsage
      Name="Xx03GetArLinesNameVO1"
      ViewObjectName="oracle.apps.xx03.ar.input.server.Xx03GetArLinesNameVO" >
   </ViewUsage>
   <ViewUsage
      Name="Xx03GetUomCodeVO1"
      ViewObjectName="oracle.apps.xx03.ar.input.server.Xx03GetUomCodeVO" >
   </ViewUsage>
   <ViewUsage
      Name="Xx03GetCurrencyNameVO1"
      ViewObjectName="oracle.apps.xx03.ar.input.server.Xx03GetCurrencyNameVO" >
   </ViewUsage>
   <ViewUsage
      Name="Xx03GetTaxColVO1"
      ViewObjectName="oracle.apps.xx03.ar.input.server.Xx03GetTaxColVO" >
   </ViewUsage>
   <ViewUsage
      Name="Xx03GetApproverNameVO1"
      ViewObjectName="oracle.apps.xx03.ar.input.server.Xx03GetApproverNameVO" >
   </ViewUsage>
</AppModule>
