<?xml version="1.0" encoding='Windows-31J'?>
<!DOCTYPE ViewObject SYSTEM "jbo_03_01.dtd">

<ViewObject
   Name="XxcsoContractInstCodeLovVO"
   BindingStyle="Oracle"
   CustomQuery="true"
   RowClass="itoen.oracle.apps.xxcso.xxcso010003j.lov.server.XxcsoContractInstCodeLovVORowImpl"
   ComponentClass="itoen.oracle.apps.xxcso.xxcso010003j.lov.server.XxcsoContractInstCodeLovVOImpl"
   MsgBundleClass="oracle.jbo.common.JboResourceBundle"
   UseGlueCode="false" >
   <SQLQuery><![CDATA[
SELECT  cii.external_reference        AS install_code
       ,cii.attribute1                AS vendor_model
       ,xcasv.party_name              AS party_name
       ,xcasv.postal_code             AS postal_code
       ,xcasv.state                   AS state
       ,xcasv.city                    AS city
       ,xcasv.address1                AS address1
       ,xcasv.address2                AS address2
       ,cis.name                      AS status_name
FROM    csi_item_instances       cii
       ,xxcso_cust_acct_sites_v  xcasv
       ,csi_instance_statuses    cis
WHERE   xcasv.cust_account_id     = cii.owner_party_account_id
AND     cis.instance_status_id(+) = cii.instance_status_id
AND     NOT EXISTS (
          SELECT  1
          FROM    csi_instance_statuses  cis2
          WHERE   cis2.name = fnd_profile.value('XXCSO1_IB_DELETE_STATUS')
          AND     cis2.instance_status_id = cis.instance_status_id
        )
   ]]></SQLQuery>
   <DesignTime>
      <Attr Name="_isCodegen" Value="true" />
      <Attr Name="_version" Value="9.0.3.14.00" />
      <Attr Name="_CodeGenFlagNew" Value="36" />
   </DesignTime>
   <ViewAttribute
      Name="InstallCode"
      IsPersistent="false"
      Precision="30"
      Type="java.lang.String"
      ColumnType="VARCHAR2"
      AliasName="INSTALL_CODE"
      Expression="INSTALL_CODE"
      SQLType="VARCHAR" >
      <DesignTime>
         <Attr Name="_DisplaySize" Value="30" />
      </DesignTime>
   </ViewAttribute>
   <ViewAttribute
      Name="VendorModel"
      IsPersistent="false"
      Precision="240"
      Type="java.lang.String"
      ColumnType="VARCHAR2"
      AliasName="VENDOR_MODEL"
      Expression="VENDOR_MODEL"
      SQLType="VARCHAR" >
      <DesignTime>
         <Attr Name="_DisplaySize" Value="240" />
      </DesignTime>
   </ViewAttribute>
   <ViewAttribute
      Name="PartyName"
      IsPersistent="false"
      IsNotNull="true"
      Precision="360"
      Type="java.lang.String"
      ColumnType="VARCHAR2"
      AliasName="PARTY_NAME"
      Expression="PARTY_NAME"
      SQLType="VARCHAR" >
      <DesignTime>
         <Attr Name="_DisplaySize" Value="360" />
      </DesignTime>
   </ViewAttribute>
   <ViewAttribute
      Name="PostalCode"
      IsPersistent="false"
      Precision="60"
      Type="java.lang.String"
      ColumnType="VARCHAR2"
      AliasName="POSTAL_CODE"
      Expression="POSTAL_CODE"
      SQLType="VARCHAR" >
      <DesignTime>
         <Attr Name="_DisplaySize" Value="60" />
      </DesignTime>
   </ViewAttribute>
   <ViewAttribute
      Name="State"
      IsPersistent="false"
      Precision="60"
      Type="java.lang.String"
      ColumnType="VARCHAR2"
      AliasName="STATE"
      Expression="STATE"
      SQLType="VARCHAR" >
      <DesignTime>
         <Attr Name="_DisplaySize" Value="60" />
      </DesignTime>
   </ViewAttribute>
   <ViewAttribute
      Name="City"
      IsPersistent="false"
      Precision="60"
      Type="java.lang.String"
      ColumnType="VARCHAR2"
      AliasName="CITY"
      Expression="CITY"
      SQLType="VARCHAR" >
      <DesignTime>
         <Attr Name="_DisplaySize" Value="60" />
      </DesignTime>
   </ViewAttribute>
   <ViewAttribute
      Name="Address1"
      IsPersistent="false"
      IsNotNull="true"
      Precision="240"
      Type="java.lang.String"
      ColumnType="VARCHAR2"
      AliasName="ADDRESS1"
      Expression="ADDRESS1"
      SQLType="VARCHAR" >
      <DesignTime>
         <Attr Name="_DisplaySize" Value="240" />
      </DesignTime>
   </ViewAttribute>
   <ViewAttribute
      Name="Address2"
      IsPersistent="false"
      Precision="240"
      Type="java.lang.String"
      ColumnType="VARCHAR2"
      AliasName="ADDRESS2"
      Expression="ADDRESS2"
      SQLType="VARCHAR" >
      <DesignTime>
         <Attr Name="_DisplaySize" Value="240" />
      </DesignTime>
   </ViewAttribute>
   <ViewAttribute
      Name="StatusName"
      IsPersistent="false"
      Precision="50"
      Type="java.lang.String"
      ColumnType="VARCHAR2"
      AliasName="STATUS_NAME"
      Expression="STATUS_NAME"
      SQLType="VARCHAR" >
      <DesignTime>
         <Attr Name="_DisplaySize" Value="50" />
      </DesignTime>
   </ViewAttribute>
</ViewObject>
