<?xml version="1.0" encoding='Windows-31J'?>
<!DOCTYPE ViewObject SYSTEM "jbo_03_01.dtd">

<ViewObject
   Name="XxcsoContractBankLovVO"
   BindingStyle="Oracle"
   CustomQuery="true"
   RowClass="itoen.oracle.apps.xxcso.xxcso010003j.lov.server.XxcsoContractBankLovVORowImpl"
   ComponentClass="itoen.oracle.apps.xxcso.xxcso010003j.lov.server.XxcsoContractBankLovVOImpl"
   MsgBundleClass="oracle.jbo.common.JboResourceBundle"
   UseGlueCode="false" >
   <SQLQuery><![CDATA[
SELECT  abb.bank_number
       ,abb.bank_name
       ,abb.bank_num
       ,abb.bank_branch_name
FROM    ap_bank_branches abb
   ]]></SQLQuery>
   <DesignTime>
      <Attr Name="_isCodegen" Value="true" />
      <Attr Name="_version" Value="9.0.3.14.00" />
      <Attr Name="_CodeGenFlagNew" Value="36" />
   </DesignTime>
   <ViewAttribute
      Name="BankNumber"
      IsPersistent="false"
      Precision="30"
      Type="java.lang.String"
      ColumnType="VARCHAR2"
      AliasName="BANK_NUMBER"
      Expression="BANK_NUMBER"
      SQLType="VARCHAR" >
      <DesignTime>
         <Attr Name="_DisplaySize" Value="30" />
      </DesignTime>
   </ViewAttribute>
   <ViewAttribute
      Name="BankName"
      IsPersistent="false"
      IsNotNull="true"
      Precision="60"
      Type="java.lang.String"
      ColumnType="VARCHAR2"
      AliasName="BANK_NAME"
      Expression="BANK_NAME"
      SQLType="VARCHAR" >
      <DesignTime>
         <Attr Name="_DisplaySize" Value="60" />
      </DesignTime>
   </ViewAttribute>
   <ViewAttribute
      Name="BankNum"
      IsPersistent="false"
      Precision="25"
      Type="java.lang.String"
      ColumnType="VARCHAR2"
      AliasName="BANK_NUM"
      Expression="BANK_NUM"
      SQLType="VARCHAR" >
      <DesignTime>
         <Attr Name="_DisplaySize" Value="25" />
      </DesignTime>
   </ViewAttribute>
   <ViewAttribute
      Name="BankBranchName"
      IsPersistent="false"
      IsNotNull="true"
      Precision="60"
      Type="java.lang.String"
      ColumnType="VARCHAR2"
      AliasName="BANK_BRANCH_NAME"
      Expression="BANK_BRANCH_NAME"
      SQLType="VARCHAR" >
      <DesignTime>
         <Attr Name="_DisplaySize" Value="60" />
      </DesignTime>
   </ViewAttribute>
</ViewObject>
