<?xml version="1.0" encoding='Windows-31J'?>
<!DOCTYPE ViewObject SYSTEM "jbo_03_01.dtd">

<ViewObject
   Name="XxcsoContractVendorLovVO"
   BindingStyle="Oracle"
   CustomQuery="true"
   RowClass="itoen.oracle.apps.xxcso.xxcso010003j.lov.server.XxcsoContractVendorLovVORowImpl"
   ComponentClass="itoen.oracle.apps.xxcso.xxcso010003j.lov.server.XxcsoContractVendorLovVOImpl"
   MsgBundleClass="oracle.jbo.common.JboResourceBundle"
   UseGlueCode="false" >
   <SQLQuery><![CDATA[
SELECT  pv.segment1                          AS vendor_number
       ,pv.vendor_id                         AS vendor_id
       ,SUBSTRB(pv.vendor_name, 1, 80)       AS vendor_name
       ,SUBSTRB(pv.vendor_name_alt, 1, 320)  AS vendor_name_alt
       ,pvs.zip                              AS zip
       ,SUBSTRB(pvs.state, 1, 25)            AS state
       ,SUBSTRB(pvs.city, 1, 25)             AS city
       ,SUBSTRB(pvs.address_line1, 1, 35)    AS address_line1
       ,SUBSTRB(pvs.address_line2, 1, 35)    AS address_line2
       ,pvs.area_code || pvs.phone           AS phone_number
       ,xbav.bank_number                     AS bank_number
       ,xbav.bank_name                       AS bank_name
       ,xbav.bank_num                        AS bank_branch_number
       ,xbav.bank_branch_name                AS bank_branch_name
       ,xbav.bank_account_type               AS bank_account_type
       ,xbav.bank_account_num                AS bank_account_num
       ,xbav.account_holder_name_alt         AS bank_account_holder_name_alt
       ,xbav.account_holder_name             AS bank_account_holder_name
       ,pvs.bank_charge_bearer               AS bm_transfer_commission_type
       ,pvs.attribute4                       AS bm_payment_type
       ,pvs.attribute5                       AS inquiry_base_code
       ,xxcso_util_common_pkg.get_base_name(
          pvs.attribute5
         ,TRUNC(xxcso_util_common_pkg.get_online_sysdate)
        )                                 AS inquiry_base_name
       ,pv.vendor_id                      AS vendor_id2
FROM    po_vendors            pv
       ,po_vendor_sites       pvs
       ,xxcso_bank_accts_v    xbav
WHERE   pv.vendor_type_lookup_code    = 'VD'
  AND   pv.enabled_flag               = 'Y'
  AND   pvs.vendor_id                 = pv.vendor_id
  AND   pvs.attribute4 IS NOT NULL
  AND   pvs.attribute4               <> '5'
  AND   xbav.vendor_id(+)             = pvs.vendor_id
  AND   xbav.vendor_site_id(+)        = pvs.vendor_site_id
   ]]></SQLQuery>
   <DesignTime>
      <Attr Name="_isCodegen" Value="true" />
      <Attr Name="_version" Value="9.0.3.14.00" />
      <Attr Name="_CodeGenFlagNew" Value="36" />
   </DesignTime>
   <ViewAttribute
      Name="VendorNumber"
      IsPersistent="false"
      IsNotNull="true"
      Precision="30"
      Type="java.lang.String"
      ColumnType="VARCHAR2"
      AliasName="VENDOR_NUMBER"
      Expression="VENDOR_NUMBER"
      SQLType="VARCHAR" >
      <DesignTime>
         <Attr Name="_DisplaySize" Value="30" />
      </DesignTime>
   </ViewAttribute>
   <ViewAttribute
      Name="VendorId"
      IsPersistent="false"
      IsNotNull="true"
      Type="oracle.jbo.domain.Number"
      ColumnType="NUMBER"
      AliasName="VENDOR_ID"
      Expression="VENDOR_ID"
      SQLType="NUMERIC" >
      <DesignTime>
         <Attr Name="_DisplaySize" Value="22" />
      </DesignTime>
   </ViewAttribute>
   <ViewAttribute
      Name="VendorName"
      IsPersistent="false"
      IsNotNull="true"
      Precision="240"
      Type="java.lang.String"
      ColumnType="VARCHAR2"
      AliasName="VENDOR_NAME"
      Expression="VENDOR_NAME"
      SQLType="VARCHAR" >
      <DesignTime>
         <Attr Name="_DisplaySize" Value="240" />
      </DesignTime>
   </ViewAttribute>
   <ViewAttribute
      Name="VendorNameAlt"
      IsPersistent="false"
      Precision="320"
      Type="java.lang.String"
      ColumnType="VARCHAR2"
      AliasName="VENDOR_NAME_ALT"
      Expression="VENDOR_NAME_ALT"
      SQLType="VARCHAR" >
      <DesignTime>
         <Attr Name="_DisplaySize" Value="320" />
      </DesignTime>
   </ViewAttribute>
   <ViewAttribute
      Name="Zip"
      IsPersistent="false"
      Precision="20"
      Type="java.lang.String"
      ColumnType="VARCHAR2"
      AliasName="ZIP"
      Expression="ZIP"
      SQLType="VARCHAR" >
      <DesignTime>
         <Attr Name="_DisplaySize" Value="20" />
      </DesignTime>
   </ViewAttribute>
   <ViewAttribute
      Name="State"
      IsPersistent="false"
      Precision="150"
      Type="java.lang.String"
      ColumnType="VARCHAR2"
      AliasName="STATE"
      Expression="STATE"
      SQLType="VARCHAR" >
      <DesignTime>
         <Attr Name="_DisplaySize" Value="150" />
      </DesignTime>
   </ViewAttribute>
   <ViewAttribute
      Name="City"
      IsPersistent="false"
      Precision="25"
      Type="java.lang.String"
      ColumnType="VARCHAR2"
      AliasName="CITY"
      Expression="CITY"
      SQLType="VARCHAR" >
      <DesignTime>
         <Attr Name="_DisplaySize" Value="25" />
      </DesignTime>
   </ViewAttribute>
   <ViewAttribute
      Name="AddressLine1"
      IsPersistent="false"
      Precision="240"
      Type="java.lang.String"
      ColumnType="VARCHAR2"
      AliasName="ADDRESS_LINE1"
      Expression="ADDRESS_LINE1"
      SQLType="VARCHAR" >
      <DesignTime>
         <Attr Name="_DisplaySize" Value="240" />
      </DesignTime>
   </ViewAttribute>
   <ViewAttribute
      Name="AddressLine2"
      IsPersistent="false"
      Precision="240"
      Type="java.lang.String"
      ColumnType="VARCHAR2"
      AliasName="ADDRESS_LINE2"
      Expression="ADDRESS_LINE2"
      SQLType="VARCHAR" >
      <DesignTime>
         <Attr Name="_DisplaySize" Value="240" />
      </DesignTime>
   </ViewAttribute>
   <ViewAttribute
      Name="PhoneNumber"
      IsPersistent="false"
      Precision="25"
      Type="java.lang.String"
      ColumnType="VARCHAR2"
      AliasName="PHONE_NUMBER"
      Expression="PHONE_NUMBER"
      SQLType="VARCHAR" >
      <DesignTime>
         <Attr Name="_DisplaySize" Value="25" />
      </DesignTime>
   </ViewAttribute>
   <ViewAttribute
      Name="BankNumber"
      IsPersistent="false"
      Precision="30"
      Type="java.lang.String"
      ColumnType="VARCHAR2"
      AliasName="BANK_NUMBER"
      Expression="BANK_NUMBER"
      SQLType="VARCHAR" >
      <DesignTime>
         <Attr Name="_DisplaySize" Value="30" />
      </DesignTime>
   </ViewAttribute>
   <ViewAttribute
      Name="BankName"
      IsPersistent="false"
      Precision="60"
      Type="java.lang.String"
      ColumnType="VARCHAR2"
      AliasName="BANK_NAME"
      Expression="BANK_NAME"
      SQLType="VARCHAR" >
      <DesignTime>
         <Attr Name="_DisplaySize" Value="60" />
      </DesignTime>
   </ViewAttribute>
   <ViewAttribute
      Name="BankBranchNumber"
      IsPersistent="false"
      Precision="25"
      Type="java.lang.String"
      ColumnType="VARCHAR2"
      AliasName="BANK_BRANCH_NUMBER"
      Expression="BANK_BRANCH_NUMBER"
      SQLType="VARCHAR" >
      <DesignTime>
         <Attr Name="_DisplaySize" Value="25" />
      </DesignTime>
   </ViewAttribute>
   <ViewAttribute
      Name="BankBranchName"
      IsPersistent="false"
      Precision="60"
      Type="java.lang.String"
      ColumnType="VARCHAR2"
      AliasName="BANK_BRANCH_NAME"
      Expression="BANK_BRANCH_NAME"
      SQLType="VARCHAR" >
      <DesignTime>
         <Attr Name="_DisplaySize" Value="60" />
      </DesignTime>
   </ViewAttribute>
   <ViewAttribute
      Name="BankAccountType"
      IsPersistent="false"
      Precision="25"
      Type="java.lang.String"
      ColumnType="VARCHAR2"
      AliasName="BANK_ACCOUNT_TYPE"
      Expression="BANK_ACCOUNT_TYPE"
      SQLType="VARCHAR" >
      <DesignTime>
         <Attr Name="_DisplaySize" Value="4000" />
      </DesignTime>
   </ViewAttribute>
   <ViewAttribute
      Name="BankAccountNum"
      IsPersistent="false"
      Precision="30"
      Type="java.lang.String"
      ColumnType="VARCHAR2"
      AliasName="BANK_ACCOUNT_NUM"
      Expression="BANK_ACCOUNT_NUM"
      SQLType="VARCHAR" >
      <DesignTime>
         <Attr Name="_DisplaySize" Value="30" />
      </DesignTime>
   </ViewAttribute>
   <ViewAttribute
      Name="BankAccountHolderNameAlt"
      IsPersistent="false"
      Precision="150"
      Type="java.lang.String"
      ColumnType="VARCHAR2"
      AliasName="BANK_ACCOUNT_HOLDER_NAME_ALT"
      Expression="BANK_ACCOUNT_HOLDER_NAME_ALT"
      SQLType="VARCHAR" >
      <DesignTime>
         <Attr Name="_DisplaySize" Value="150" />
      </DesignTime>
   </ViewAttribute>
   <ViewAttribute
      Name="BankAccountHolderName"
      IsPersistent="false"
      Precision="240"
      Type="java.lang.String"
      ColumnType="VARCHAR2"
      AliasName="BANK_ACCOUNT_HOLDER_NAME"
      Expression="BANK_ACCOUNT_HOLDER_NAME"
      SQLType="VARCHAR" >
      <DesignTime>
         <Attr Name="_DisplaySize" Value="240" />
      </DesignTime>
   </ViewAttribute>
   <ViewAttribute
      Name="BmTransferCommissionType"
      IsPersistent="false"
      Precision="1"
      Type="java.lang.String"
      ColumnType="VARCHAR2"
      AliasName="BM_TRANSFER_COMMISSION_TYPE"
      Expression="BM_TRANSFER_COMMISSION_TYPE"
      SQLType="VARCHAR" >
      <DesignTime>
         <Attr Name="_DisplaySize" Value="1" />
      </DesignTime>
   </ViewAttribute>
   <ViewAttribute
      Name="BmPaymentType"
      IsPersistent="false"
      Precision="150"
      Type="java.lang.String"
      ColumnType="VARCHAR2"
      AliasName="BM_PAYMENT_TYPE"
      Expression="BM_PAYMENT_TYPE"
      SQLType="VARCHAR" >
      <DesignTime>
         <Attr Name="_DisplaySize" Value="150" />
      </DesignTime>
   </ViewAttribute>
   <ViewAttribute
      Name="InquiryBaseCode"
      IsPersistent="false"
      Precision="150"
      Type="java.lang.String"
      ColumnType="VARCHAR2"
      AliasName="INQUIRY_BASE_CODE"
      Expression="INQUIRY_BASE_CODE"
      SQLType="VARCHAR" >
      <DesignTime>
         <Attr Name="_DisplaySize" Value="150" />
      </DesignTime>
   </ViewAttribute>
   <ViewAttribute
      Name="InquiryBaseName"
      IsPersistent="false"
      Precision="4000"
      Type="java.lang.String"
      ColumnType="VARCHAR2"
      AliasName="INQUIRY_BASE_NAME"
      Expression="INQUIRY_BASE_NAME"
      SQLType="VARCHAR" >
      <DesignTime>
         <Attr Name="_DisplaySize" Value="4000" />
      </DesignTime>
   </ViewAttribute>
   <ViewAttribute
      Name="VendorId2"
      IsPersistent="false"
      IsNotNull="true"
      Type="oracle.jbo.domain.Number"
      ColumnType="NUMBER"
      AliasName="VENDOR_ID2"
      Expression="VENDOR_ID2"
      SQLType="NUMERIC" >
      <DesignTime>
         <Attr Name="_DisplaySize" Value="22" />
      </DesignTime>
   </ViewAttribute>
</ViewObject>
