<?xml version="1.0" encoding='Windows-31J'?>
<!DOCTYPE ViewObject SYSTEM "jbo_03_01.dtd">

<ViewObject
   Name="XxcsoContractInqueryBaseLovVO"
   BindingStyle="Oracle"
   CustomQuery="true"
   RowClass="itoen.oracle.apps.xxcso.xxcso010003j.lov.server.XxcsoContractInqueryBaseLovVORowImpl"
   ComponentClass="itoen.oracle.apps.xxcso.xxcso010003j.lov.server.XxcsoContractInqueryBaseLovVOImpl"
   MsgBundleClass="oracle.jbo.common.JboResourceBundle"
   UseGlueCode="false" >
   <SQLQuery><![CDATA[
SELECT  'Y'                                                 AS vendor_flag
       ,pv.vendor_id                                        AS vendor_id
       ,pvs.attribute5                                      AS inquery_base_code
       ,xxcso_util_common_pkg.get_base_name(
          pvs.attribute5
         ,TRUNC(xxcso_util_common_pkg.get_online_sysdate)
        )                                                   AS inquery_base_name
FROM    po_vendors       pv
       ,po_vendor_sites  pvs
WHERE   pvs.vendor_id         = pv.vendor_id
UNION ALL
SELECT  'N'                                                 AS vendor_flag
       ,NULL                                                AS vendor_id
       ,xxcso_util_common_pkg.get_emp_parameter(
          xev.work_base_code_new
         ,xev.work_base_code_old
         ,xev.issue_date
         ,TRUNC(xxcso_util_common_pkg.get_online_sysdate)
        )                                                   AS inquery_base_code
       ,xxcso_util_common_pkg.get_emp_parameter(
          xev.work_base_name_new
         ,xev.work_base_name_old
         ,xev.issue_date
         ,TRUNC(xxcso_util_common_pkg.get_online_sysdate)
        )                                                   AS inquery_base_name
FROM    xxcso_employees_v2  xev
WHERE   xev.user_id = fnd_global.user_id
   ]]></SQLQuery>
   <DesignTime>
      <Attr Name="_isCodegen" Value="true" />
      <Attr Name="_version" Value="9.0.3.14.00" />
      <Attr Name="_CodeGenFlagNew" Value="36" />
   </DesignTime>
   <ViewAttribute
      Name="VendorFlag"
      IsPersistent="false"
      Precision="1"
      Type="java.lang.String"
      ColumnType="CHAR"
      AliasName="VENDOR_FLAG"
      Expression="VENDOR_FLAG"
      SQLType="VARCHAR" >
      <DesignTime>
         <Attr Name="_DisplaySize" Value="1" />
      </DesignTime>
   </ViewAttribute>
   <ViewAttribute
      Name="VendorId"
      IsPersistent="false"
      Type="oracle.jbo.domain.Number"
      ColumnType="NUMBER"
      AliasName="VENDOR_ID"
      Expression="VENDOR_ID"
      SQLType="NUMERIC" >
      <DesignTime>
         <Attr Name="_DisplaySize" Value="22" />
      </DesignTime>
   </ViewAttribute>
   <ViewAttribute
      Name="InqueryBaseCode"
      IsPersistent="false"
      Precision="4000"
      Type="java.lang.String"
      ColumnType="VARCHAR2"
      AliasName="INQUERY_BASE_CODE"
      Expression="INQUERY_BASE_CODE"
      SQLType="VARCHAR" >
      <DesignTime>
         <Attr Name="_DisplaySize" Value="4000" />
      </DesignTime>
   </ViewAttribute>
   <ViewAttribute
      Name="InqueryBaseName"
      IsPersistent="false"
      Precision="4000"
      Type="java.lang.String"
      ColumnType="VARCHAR2"
      AliasName="INQUERY_BASE_NAME"
      Expression="INQUERY_BASE_NAME"
      SQLType="VARCHAR" >
      <DesignTime>
         <Attr Name="_DisplaySize" Value="4000" />
      </DesignTime>
   </ViewAttribute>
</ViewObject>
