<?xml version="1.0" encoding='Windows-31J'?>
<!DOCTYPE ViewObject SYSTEM "jbo_03_01.dtd">

<ViewObject
   Name="XxcsoOtherContentLoVO"
   BindingStyle="Oracle"
   CustomQuery="true"
   RowClass="itoen.oracle.apps.xxcso.xxcso020001j.lov.server.XxcsoOtherContentLoVORowImpl"
   ComponentClass="itoen.oracle.apps.xxcso.xxcso020001j.lov.server.XxcsoOtherContentLoVOImpl"
   MsgBundleClass="oracle.jbo.common.JboResourceBundle"
   UseGlueCode="false" >
   <SQLQuery><![CDATA[
SELECT  flvv.description
       ,xxccp_common_pkg.get_msg('XXCSO', flvv.lookup_code) other_content
FROM    fnd_lookup_values_vl  flvv
WHERE   flvv.lookup_type                                                              = 'XXCSO1_SP_SPECIAL_AGREEMENT'
AND     flvv.enabled_flag                                                             = 'Y'
AND     NVL(flvv.start_date_active, TRUNC(xxcso_util_common_pkg.get_online_sysdate)) <= TRUNC(xxcso_util_common_pkg.get_online_sysdate)
AND     NVL(flvv.end_date_active, TRUNC(xxcso_util_common_pkg.get_online_sysdate))   >= TRUNC(xxcso_util_common_pkg.get_online_sysdate)
   ]]></SQLQuery>
   <DesignTime>
      <Attr Name="_isCodegen" Value="true" />
      <Attr Name="_version" Value="9.0.3.14.00" />
      <Attr Name="_CodeGenFlagNew" Value="36" />
   </DesignTime>
   <ViewAttribute
      Name="Description"
      IsPersistent="false"
      Precision="240"
      Type="java.lang.String"
      ColumnType="VARCHAR2"
      AliasName="DESCRIPTION"
      Expression="DESCRIPTION"
      SQLType="VARCHAR" >
   </ViewAttribute>
   <ViewAttribute
      Name="OtherContent"
      IsPersistent="false"
      Precision="4000"
      Type="java.lang.String"
      ColumnType="VARCHAR2"
      AliasName="OTHER_CONTENT"
      Expression="OTHER_CONTENT"
      SQLType="VARCHAR" >
      <DesignTime>
         <Attr Name="_DisplaySize" Value="4000" />
      </DesignTime>
   </ViewAttribute>
</ViewObject>
