<?xml version="1.0" encoding='Windows-31J'?>
<!DOCTYPE ViewObject SYSTEM "jbo_03_01.dtd">

<ViewObject
   Name="XxcsoContractLovVO"
   BindingStyle="Oracle"
   CustomQuery="true"
   RowClass="itoen.oracle.apps.xxcso.xxcso020001j.lov.server.XxcsoContractLovVORowImpl"
   ComponentClass="itoen.oracle.apps.xxcso.xxcso020001j.lov.server.XxcsoContractLovVOImpl"
   MsgBundleClass="oracle.jbo.common.JboResourceBundle"
   UseGlueCode="false" >
   <SQLQuery><![CDATA[
SELECT  xcc.contract_number
       ,xcc.contract_customer_id
       ,xcc.contract_name
       ,xcc.contract_name_kana
       ,SUBSTRB(xcc.post_code, 1, 3) post_code_first
       ,SUBSTRB(xcc.post_code, 4, 4) post_code_second
       ,xcc.post_code
       ,xcc.prefectures
       ,xcc.city_ward
       ,xcc.address_1
       ,xcc.address_2
       ,xcc.phone_number
       ,xcc.delegate_name
FROM    xxcso_contract_customers  xcc
   ]]></SQLQuery>
   <DesignTime>
      <Attr Name="_isCodegen" Value="true" />
      <Attr Name="_version" Value="9.0.3.14.00" />
      <Attr Name="_CodeGenFlagNew" Value="36" />
   </DesignTime>
   <ViewAttribute
      Name="ContractNumber"
      IsPersistent="false"
      IsNotNull="true"
      Precision="9"
      Scale="0"
      Type="oracle.jbo.domain.Number"
      ColumnType="NUMBER"
      AliasName="CONTRACT_NUMBER"
      Expression="CONTRACT_NUMBER"
      SQLType="NUMERIC" >
      <DesignTime>
         <Attr Name="_DisplaySize" Value="22" />
      </DesignTime>
   </ViewAttribute>
   <ViewAttribute
      Name="ContractCustomerId"
      IsPersistent="false"
      IsNotNull="true"
      Type="oracle.jbo.domain.Number"
      ColumnType="NUMBER"
      AliasName="CONTRACT_CUSTOMER_ID"
      Expression="CONTRACT_CUSTOMER_ID"
      SQLType="NUMERIC" >
      <DesignTime>
         <Attr Name="_DisplaySize" Value="22" />
      </DesignTime>
   </ViewAttribute>
   <ViewAttribute
      Name="ContractName"
      IsPersistent="false"
      Precision="80"
      Type="java.lang.String"
      ColumnType="VARCHAR2"
      AliasName="CONTRACT_NAME"
      Expression="CONTRACT_NAME"
      SQLType="VARCHAR" >
      <DesignTime>
         <Attr Name="_DisplaySize" Value="80" />
      </DesignTime>
   </ViewAttribute>
   <ViewAttribute
      Name="ContractNameKana"
      IsPersistent="false"
      Precision="50"
      Type="java.lang.String"
      ColumnType="VARCHAR2"
      AliasName="CONTRACT_NAME_KANA"
      Expression="CONTRACT_NAME_KANA"
      SQLType="VARCHAR" >
      <DesignTime>
         <Attr Name="_DisplaySize" Value="50" />
      </DesignTime>
   </ViewAttribute>
   <ViewAttribute
      Name="PostCodeFirst"
      IsPersistent="false"
      Precision="3"
      Type="java.lang.String"
      ColumnType="VARCHAR2"
      AliasName="POST_CODE_FIRST"
      Expression="POST_CODE_FIRST"
      SQLType="VARCHAR" >
      <DesignTime>
         <Attr Name="_DisplaySize" Value="3" />
      </DesignTime>
   </ViewAttribute>
   <ViewAttribute
      Name="PostCodeSecond"
      IsPersistent="false"
      Precision="4"
      Type="java.lang.String"
      ColumnType="VARCHAR2"
      AliasName="POST_CODE_SECOND"
      Expression="POST_CODE_SECOND"
      SQLType="VARCHAR" >
      <DesignTime>
         <Attr Name="_DisplaySize" Value="4" />
      </DesignTime>
   </ViewAttribute>
   <ViewAttribute
      Name="PostCode"
      IsPersistent="false"
      Precision="60"
      Type="java.lang.String"
      ColumnType="VARCHAR2"
      AliasName="POST_CODE"
      Expression="POST_CODE"
      SQLType="VARCHAR" >
      <DesignTime>
         <Attr Name="_DisplaySize" Value="60" />
      </DesignTime>
   </ViewAttribute>
   <ViewAttribute
      Name="Prefectures"
      IsPersistent="false"
      Precision="60"
      Type="java.lang.String"
      ColumnType="VARCHAR2"
      AliasName="PREFECTURES"
      Expression="PREFECTURES"
      SQLType="VARCHAR" >
      <DesignTime>
         <Attr Name="_DisplaySize" Value="60" />
      </DesignTime>
   </ViewAttribute>
   <ViewAttribute
      Name="CityWard"
      IsPersistent="false"
      Precision="60"
      Type="java.lang.String"
      ColumnType="VARCHAR2"
      AliasName="CITY_WARD"
      Expression="CITY_WARD"
      SQLType="VARCHAR" >
      <DesignTime>
         <Attr Name="_DisplaySize" Value="60" />
      </DesignTime>
   </ViewAttribute>
   <ViewAttribute
      Name="Address1"
      IsPersistent="false"
      Precision="240"
      Type="java.lang.String"
      ColumnType="VARCHAR2"
      AliasName="ADDRESS_1"
      Expression="ADDRESS_1"
      SQLType="VARCHAR" >
      <DesignTime>
         <Attr Name="_DisplaySize" Value="240" />
      </DesignTime>
   </ViewAttribute>
   <ViewAttribute
      Name="Address2"
      IsPersistent="false"
      Precision="240"
      Type="java.lang.String"
      ColumnType="VARCHAR2"
      AliasName="ADDRESS_2"
      Expression="ADDRESS_2"
      SQLType="VARCHAR" >
      <DesignTime>
         <Attr Name="_DisplaySize" Value="240" />
      </DesignTime>
   </ViewAttribute>
   <ViewAttribute
      Name="PhoneNumber"
      IsPersistent="false"
      Precision="30"
      Type="java.lang.String"
      ColumnType="VARCHAR2"
      AliasName="PHONE_NUMBER"
      Expression="PHONE_NUMBER"
      SQLType="VARCHAR" >
      <DesignTime>
         <Attr Name="_DisplaySize" Value="30" />
      </DesignTime>
   </ViewAttribute>
   <ViewAttribute
      Name="DelegateName"
      IsPersistent="false"
      Precision="20"
      Type="java.lang.String"
      ColumnType="VARCHAR2"
      AliasName="DELEGATE_NAME"
      Expression="DELEGATE_NAME"
      SQLType="VARCHAR" >
      <DesignTime>
         <Attr Name="_DisplaySize" Value="20" />
      </DesignTime>
   </ViewAttribute>
</ViewObject>
