<?xml version="1.0" encoding='Windows-31J'?>
<!DOCTYPE ViewObject SYSTEM "jbo_03_01.dtd">

<ViewObject
   Name="XxcsoApplyUserLovVO"
   BindingStyle="Oracle"
   CustomQuery="true"
   RowClass="itoen.oracle.apps.xxcso.xxcso020001j.lov.server.XxcsoApplyUserLovVORowImpl"
   ComponentClass="itoen.oracle.apps.xxcso.xxcso020001j.lov.server.XxcsoApplyUserLovVOImpl"
   MsgBundleClass="oracle.jbo.common.JboResourceBundle"
   UseGlueCode="false" >
   <SQLQuery><![CDATA[
SELECT  other.employee_number
       ,other.full_name
FROM    xxcso_employees_v2 own
       ,xxcso_employees_v2 other
WHERE   own.user_id = fnd_global.user_id
AND     (
         (
          (TO_DATE(other.issue_date, 'YYYYMMDD') <= TRUNC(xxccp_common_pkg2.get_process_date))
          AND
          (other.work_base_code_new = xxcso_util_common_pkg.get_emp_parameter(own.work_base_code_new, own.work_base_code_old, own.issue_date, TRUNC(xxccp_common_pkg2.get_process_date)))
         )
         OR
          (TO_DATE(other.issue_date, 'YYYYMMDD') > TRUNC(xxccp_common_pkg2.get_process_date))
          AND
          (other.work_base_code_old = xxcso_util_common_pkg.get_emp_parameter(own.work_base_code_new, own.work_base_code_old, own.issue_date, TRUNC(xxccp_common_pkg2.get_process_date))
         )
        )
   ]]></SQLQuery>
   <DesignTime>
      <Attr Name="_isCodegen" Value="true" />
      <Attr Name="_version" Value="9.0.3.14.00" />
      <Attr Name="_CodeGenFlagNew" Value="36" />
   </DesignTime>
   <ViewAttribute
      Name="EmployeeNumber"
      IsPersistent="false"
      Precision="30"
      Type="java.lang.String"
      ColumnType="VARCHAR2"
      AliasName="EMPLOYEE_NUMBER"
      Expression="EMPLOYEE_NUMBER"
      SQLType="VARCHAR" >
      <DesignTime>
         <Attr Name="_DisplaySize" Value="30" />
      </DesignTime>
   </ViewAttribute>
   <ViewAttribute
      Name="FullName"
      IsPersistent="false"
      Precision="301"
      Type="java.lang.String"
      ColumnType="VARCHAR2"
      AliasName="FULL_NAME"
      Expression="FULL_NAME"
      SQLType="VARCHAR" >
      <DesignTime>
         <Attr Name="_DisplaySize" Value="301" />
      </DesignTime>
   </ViewAttribute>
</ViewObject>
