<?xml version="1.0" encoding='Windows-31J'?>
<!DOCTYPE ViewObject SYSTEM "jbo_03_01.dtd">

<ViewObject
   Name="XxcsoSalesPlanBulkRegistInitVO"
   BindingStyle="Oracle"
   CustomQuery="true"
   RowClass="itoen.oracle.apps.xxcso.xxcso019002j.server.XxcsoSalesPlanBulkRegistInitVORowImpl"
   ComponentClass="itoen.oracle.apps.xxcso.xxcso019002j.server.XxcsoSalesPlanBulkRegistInitVOImpl"
   MsgBundleClass="oracle.jbo.common.JboResourceBundle"
   UseGlueCode="false" >
   <SQLQuery><![CDATA[
SELECT  NULL employee_number
       ,NULL full_name
       ,NULL reflect_method
       ,TO_CHAR(
          xxcso_util_common_pkg.get_online_sysdate
         ,'YYYY'
        ) AS target_year
       ,TO_CHAR(
          xxcso_util_common_pkg.get_online_sysdate
         ,'MM'
        ) AS target_month
       ,TO_CHAR(
          xxcso_util_common_pkg.get_online_sysdate
         ,'YYYYMM'
        ) AS target_year_month
       ,TO_CHAR(
          ADD_MONTHS(
            xxcso_util_common_pkg.get_online_sysdate
           ,1
          )
         ,'YYYYMM'
        ) AS next_year_month
       ,xxcso_util_common_pkg.get_emp_parameter(
          xev.work_base_code_new
         ,xev.work_base_code_old
         ,xev.issue_date
         ,TRUNC(xxcso_util_common_pkg.get_online_sysdate)
        ) AS base_code
       ,employee_number AS my_employee_number
       ,full_name AS my_full_name
  FROM  xxcso_employees_v2  xev
 WHERE  xev.user_id = fnd_global.user_id
   ]]></SQLQuery>
   <DesignTime>
      <Attr Name="_isCodegen" Value="true" />
      <Attr Name="_version" Value="9.0.3.14.00" />
      <Attr Name="_CodeGenFlagNew" Value="36" />
   </DesignTime>
   <ViewAttribute
      Name="EmployeeNumber"
      IsPersistent="false"
      Precision="5"
      Type="java.lang.String"
      ColumnType="VARCHAR2"
      AliasName="EMPLOYEE_NUMBER"
      Expression="EMPLOYEE_NUMBER"
      SQLType="VARCHAR" >
   </ViewAttribute>
   <ViewAttribute
      Name="FullName"
      IsPersistent="false"
      Precision="255"
      Type="java.lang.String"
      ColumnType="VARCHAR2"
      AliasName="FULL_NAME"
      Expression="FULL_NAME"
      SQLType="VARCHAR" >
   </ViewAttribute>
   <ViewAttribute
      Name="ReflectMethod"
      IsPersistent="false"
      Precision="255"
      Type="java.lang.String"
      ColumnType="VARCHAR2"
      AliasName="REFLECT_METHOD"
      Expression="REFLECT_METHOD"
      SQLType="VARCHAR" >
   </ViewAttribute>
   <ViewAttribute
      Name="TargetYear"
      IsPersistent="false"
      Precision="4"
      Type="java.lang.String"
      ColumnType="VARCHAR2"
      AliasName="TARGET_YEAR"
      Expression="TARGET_YEAR"
      SQLType="VARCHAR" >
   </ViewAttribute>
   <ViewAttribute
      Name="TargetMonth"
      IsPersistent="false"
      Precision="2"
      Type="java.lang.String"
      ColumnType="VARCHAR2"
      AliasName="TARGET_MONTH"
      Expression="TARGET_MONTH"
      SQLType="VARCHAR" >
   </ViewAttribute>
   <ViewAttribute
      Name="TargetYearMonth"
      IsPersistent="false"
      Precision="6"
      Type="java.lang.String"
      ColumnType="VARCHAR2"
      AliasName="TARGET_YEAR_MONTH"
      Expression="TARGET_YEAR_MONTH"
      SQLType="VARCHAR" >
      <DesignTime>
         <Attr Name="_DisplaySize" Value="6" />
      </DesignTime>
   </ViewAttribute>
   <ViewAttribute
      Name="NextYearMonth"
      IsPersistent="false"
      Precision="6"
      Type="java.lang.String"
      ColumnType="VARCHAR2"
      AliasName="NEXT_YEAR_MONTH"
      Expression="NEXT_YEAR_MONTH"
      SQLType="VARCHAR" >
      <DesignTime>
         <Attr Name="_DisplaySize" Value="6" />
      </DesignTime>
   </ViewAttribute>
   <ViewAttribute
      Name="BaseCode"
      IsPersistent="false"
      Precision="4"
      Type="java.lang.String"
      ColumnType="VARCHAR2"
      AliasName="BASE_CODE"
      Expression="BASE_CODE"
      SQLType="VARCHAR" >
      <DesignTime>
         <Attr Name="_DisplaySize" Value="4000" />
      </DesignTime>
   </ViewAttribute>
   <ViewAttribute
      Name="ResultRender"
      IsPersistent="false"
      Type="java.lang.Boolean"
      ColumnType="$none$"
      AliasName="RESULTRENDER"
      Passivate="true"
      SQLType="BIT" >
   </ViewAttribute>
   <ViewAttribute
      Name="ReadOnlyFlg"
      IsPersistent="false"
      Type="java.lang.Boolean"
      ColumnType="$none$"
      AliasName="VIEW_ATTR"
      Passivate="true"
      SQLType="BIT" >
   </ViewAttribute>
   <ViewAttribute
      Name="MyEmployeeNumber"
      IsPersistent="false"
      Precision="5"
      Type="java.lang.String"
      ColumnType="VARCHAR2"
      AliasName="MY_EMPLOYEE_NUMBER"
      Expression="MY_EMPLOYEE_NUMBER"
      SQLType="VARCHAR" >
   </ViewAttribute>
   <ViewAttribute
      Name="MyFullName"
      IsPersistent="false"
      Precision="255"
      Type="java.lang.String"
      ColumnType="VARCHAR2"
      AliasName="MY_FULL_NAME"
      Expression="MY_FULL_NAME"
      SQLType="VARCHAR" >
   </ViewAttribute>
</ViewObject>
