<?xml version="1.0" encoding='Windows-31J'?>
<!DOCTYPE ViewObject SYSTEM "jbo_03_01.dtd">

<ViewObject
   Name="XxcsoReferenceQuoteVO"
   OrderBy="quote_number"
   BindingStyle="Oracle"
   CustomQuery="true"
   RowClass="itoen.oracle.apps.xxcso.xxcso017001j.server.XxcsoReferenceQuoteVORowImpl"
   ComponentClass="itoen.oracle.apps.xxcso.xxcso017001j.server.XxcsoReferenceQuoteVOImpl"
   MsgBundleClass="oracle.jbo.common.JboResourceBundle"
   UseGlueCode="false" >
   <SQLQuery><![CDATA[
SELECT xqh2.quote_number AS quote_number
FROM   xxcso_quote_headers  xqh
      ,xxcso_quote_headers  xqh2
WHERE  xqh.quote_header_id            = :1
  AND  xqh2.reference_quote_header_id = xqh.quote_header_id
  AND  xqh2.status IN ('1', '2')
   ]]></SQLQuery>
   <DesignTime>
      <Attr Name="_isCodegen" Value="true" />
      <Attr Name="_version" Value="9.0.3.14.00" />
      <Attr Name="_CodeGenFlagNew" Value="36" />
   </DesignTime>
   <ViewAttribute
      Name="QuoteNumber"
      IsPersistent="false"
      IsNotNull="true"
      Precision="12"
      Type="java.lang.String"
      ColumnType="VARCHAR2"
      AliasName="QUOTE_NUMBER"
      Expression="QUOTE_NUMBER"
      SQLType="VARCHAR" >
      <DesignTime>
         <Attr Name="_DisplaySize" Value="12" />
      </DesignTime>
   </ViewAttribute>
</ViewObject>
