<?xml version="1.0" encoding='Windows-31J'?>
<!DOCTYPE ViewObject SYSTEM "jbo_03_01.dtd">

<ViewObject
   Name="XxcsoUsuallyDelivPriceVO"
   OrderBy="last_update_date desc"
   BindingStyle="Oracle"
   CustomQuery="true"
   RowClass="itoen.oracle.apps.xxcso.xxcso017001j.server.XxcsoUsuallyDelivPriceVORowImpl"
   ComponentClass="itoen.oracle.apps.xxcso.xxcso017001j.server.XxcsoUsuallyDelivPriceVOImpl"
   MsgBundleClass="oracle.jbo.common.JboResourceBundle"
   UseGlueCode="false" >
   <SQLQuery><![CDATA[
SELECT xqlsv.usually_deliv_price usually_deliv_price
      ,xqlsv.last_update_date
FROM   xxcso_quote_headers         xqh
      ,xxcso_quote_lines_sales_v   xqlsv
WHERE  xqh.status              = '2'
AND    xqh.account_number      = :1
AND    xqlsv.quote_header_id   = xqh.quote_header_id
AND    xqlsv.quote_div         = '1'
AND    xqlsv.inventory_item_id = :2
   ]]></SQLQuery>
   <DesignTime>
      <Attr Name="_isCodegen" Value="true" />
      <Attr Name="_version" Value="9.0.3.14.00" />
      <Attr Name="_CodeGenFlagNew" Value="36" />
   </DesignTime>
   <ViewAttribute
      Name="UsuallyDelivPrice"
      IsPersistent="false"
      Precision="9"
      Type="java.lang.String"
      ColumnType="String"
      AliasName="USUALLY_DELIV_PRICE"
      Expression="USUALLY_DELIV_PRICE"
      SQLType="VARCHAR" >
      <DesignTime>
         <Attr Name="_DisplaySize" Value="22" />
      </DesignTime>
   </ViewAttribute>
   <ViewAttribute
      Name="LastUpdateDate"
      IsPersistent="false"
      IsNotNull="true"
      Type="oracle.jbo.domain.Date"
      ColumnType="DATE"
      AliasName="LAST_UPDATE_DATE"
      Expression="LAST_UPDATE_DATE"
      SQLType="DATE" >
      <DesignTime>
         <Attr Name="_DisplaySize" Value="7" />
      </DesignTime>
   </ViewAttribute>
</ViewObject>
