<?xml version="1.0" encoding='Windows-31J'?>
<!DOCTYPE ViewObject SYSTEM "jbo_03_01.dtd">

<ViewObject
   Name="XxcsoCustomerStatusMCListVO"
   OrderBy="lookup_code"
   BindingStyle="Oracle"
   CustomQuery="true"
   RowClass="oracle.apps.fnd.framework.server.OAViewRowImpl"
   ComponentClass="oracle.apps.fnd.framework.server.OAViewObjectImpl"
   MsgBundleClass="oracle.jbo.common.JboResourceBundle"
   UseGlueCode="false" >
   <SQLQuery><![CDATA[
SELECT  flvv.lookup_code
       ,flvv.meaning
FROM    fnd_lookup_values_vl    flvv
WHERE   flvv.lookup_type                                                        = 'XXCMM_CUST_KOKYAKU_STATUS'
AND     flvv.enabled_flag                                                       = 'Y'
AND     NVL(flvv.start_date_active, TRUNC(xxcso_util_common_pkg.get_online_sysdate)) <= TRUNC(xxcso_util_common_pkg.get_online_sysdate)
AND     NVL(flvv.end_date_active, TRUNC(xxcso_util_common_pkg.get_online_sysdate))   >= TRUNC(xxcso_util_common_pkg.get_online_sysdate)
AND     flvv.lookup_code IN ('10','20')
   ]]></SQLQuery>
   <DesignTime>
      <Attr Name="_version" Value="9.0.3.14.00" />
      <Attr Name="_CodeGenFlagNew" Value="4" />
   </DesignTime>
   <ViewAttribute
      Name="LookupCode"
      IsPersistent="false"
      IsNotNull="true"
      Precision="30"
      Type="java.lang.String"
      ColumnType="VARCHAR2"
      AliasName="LOOKUP_CODE"
      Expression="LOOKUP_CODE"
      SQLType="VARCHAR" >
      <DesignTime>
         <Attr Name="_DisplaySize" Value="30" />
      </DesignTime>
   </ViewAttribute>
   <ViewAttribute
      Name="Meaning"
      IsPersistent="false"
      IsNotNull="true"
      Precision="80"
      Type="java.lang.String"
      ColumnType="VARCHAR2"
      AliasName="MEANING"
      Expression="MEANING"
      SQLType="VARCHAR" >
      <DesignTime>
         <Attr Name="_DisplaySize" Value="80" />
      </DesignTime>
   </ViewAttribute>
</ViewObject>
