<?xml version="1.0" encoding='Shift_JIS'?>
<!DOCTYPE ViewObject SYSTEM "jbo_03_01.dtd">

<ViewObject
   Name="Xx03SlipNumbersVO"
   SelectList="Xx03SlipNumbersEO.SLIP_NUMBERS_ID, 
       Xx03SlipNumbersEO.APPLICATION_SHORT_NAME, 

       Xx03SlipNumbersEO.NUM_TYPE, 
       Xx03SlipNumbersEO.TEMPORARY_CODE, 

       Xx03SlipNumbersEO.SLIP_NUMBER, 
       Xx03SlipNumbersEO.ORG_ID, 

       Xx03SlipNumbersEO.CREATED_BY, 
       Xx03SlipNumbersEO.CREATION_DATE, 

       Xx03SlipNumbersEO.LAST_UPDATED_BY, 
       Xx03SlipNumbersEO.LAST_UPDATE_DATE, 

       Xx03SlipNumbersEO.LAST_UPDATE_LOGIN"
   FromList="XX03_SLIP_NUMBERS Xx03SlipNumbersEO"
   Where="XX03SlipNumbersEO.ORG_ID = XX00_PROFILE_PKG.VALUE(&#39;ORG_ID&#39;) AND XX03SlipNumbersEO.NUM_TYPE = :1 AND Xx03SlipNumbersEO.application_short_name = &#39;SQLGL&#39;"
   BindingStyle="Oracle"
   CustomQuery="false"
   RowClass="oracle.apps.xx03.gl.cancel.server.Xx03SlipNumbersVORowImpl"
   ComponentClass="oracle.apps.xx03.gl.cancel.server.Xx03SlipNumbersVOImpl"
   MsgBundleClass="oracle.jbo.common.JboResourceBundle"
   UseGlueCode="false" >
   <DesignTime>
      <Attr Name="_isCodegen" Value="true" />
      <Attr Name="_version" Value="9.0.3.12.53" />
      <Attr Name="_CodeGenFlagNew" Value="36" />
   </DesignTime>
   <EntityUsage
      Name="Xx03SlipNumbersEO"
      Entity="oracle.apps.xx03.schema.server.Xx03SlipNumbersEO" >
      <DesignTime>
         <Attr Name="_EntireObjectTable" Value="false" />
         <Attr Name="_queryClause" Value="true" />
         <Attr Name="_queryWhere" Value="XX03SlipNumbersEO.ORG_ID = XX00_PROFILE_PKG.VALUE(&#39;ORG_ID&#39;) AND XX03SlipNumbersEO.NUM_TYPE = :1 AND Xx03SlipNumbersEO.application_short_name = &#39;SQLGL&#39;" />
      </DesignTime>
   </EntityUsage>
   <ViewAttribute
      Name="SlipNumbersId"
      IsNotNull="true"
      EntityAttrName="SlipNumbersId"
      EntityUsage="Xx03SlipNumbersEO"
      AliasName="SLIP_NUMBERS_ID"
      ColumnType="VARCHAR2" >
   </ViewAttribute>
   <ViewAttribute
      Name="ApplicationShortName"
      IsNotNull="true"
      EntityAttrName="ApplicationShortName"
      EntityUsage="Xx03SlipNumbersEO"
      AliasName="APPLICATION_SHORT_NAME"
      ColumnType="VARCHAR2" >
   </ViewAttribute>
   <ViewAttribute
      Name="NumType"
      IsNotNull="true"
      EntityAttrName="NumType"
      EntityUsage="Xx03SlipNumbersEO"
      AliasName="NUM_TYPE"
      ColumnType="VARCHAR2" >
   </ViewAttribute>
   <ViewAttribute
      Name="TemporaryCode"
      EntityAttrName="TemporaryCode"
      EntityUsage="Xx03SlipNumbersEO"
      AliasName="TEMPORARY_CODE"
      ColumnType="VARCHAR2" >
   </ViewAttribute>
   <ViewAttribute
      Name="SlipNumber"
      IsNotNull="true"
      EntityAttrName="SlipNumber"
      EntityUsage="Xx03SlipNumbersEO"
      AliasName="SLIP_NUMBER"
      ColumnType="VARCHAR2" >
   </ViewAttribute>
   <ViewAttribute
      Name="OrgId"
      IsNotNull="true"
      EntityAttrName="OrgId"
      EntityUsage="Xx03SlipNumbersEO"
      AliasName="ORG_ID"
      ColumnType="VARCHAR2" >
   </ViewAttribute>
   <ViewAttribute
      Name="CreatedBy"
      IsNotNull="true"
      EntityAttrName="CreatedBy"
      EntityUsage="Xx03SlipNumbersEO"
      AliasName="CREATED_BY"
      ColumnType="VARCHAR2" >
   </ViewAttribute>
   <ViewAttribute
      Name="CreationDate"
      IsNotNull="true"
      EntityAttrName="CreationDate"
      EntityUsage="Xx03SlipNumbersEO"
      AliasName="CREATION_DATE"
      ColumnType="VARCHAR2" >
   </ViewAttribute>
   <ViewAttribute
      Name="LastUpdatedBy"
      IsNotNull="true"
      EntityAttrName="LastUpdatedBy"
      EntityUsage="Xx03SlipNumbersEO"
      AliasName="LAST_UPDATED_BY"
      ColumnType="VARCHAR2" >
   </ViewAttribute>
   <ViewAttribute
      Name="LastUpdateDate"
      IsNotNull="true"
      EntityAttrName="LastUpdateDate"
      EntityUsage="Xx03SlipNumbersEO"
      AliasName="LAST_UPDATE_DATE"
      ColumnType="VARCHAR2" >
   </ViewAttribute>
   <ViewAttribute
      Name="LastUpdateLogin"
      EntityAttrName="LastUpdateLogin"
      EntityUsage="Xx03SlipNumbersEO"
      AliasName="LAST_UPDATE_LOGIN"
      ColumnType="VARCHAR2" >
   </ViewAttribute>
</ViewObject>
