<?xml version="1.0" encoding='windows-31j'?>
<!DOCTYPE ViewObject SYSTEM "jbo_03_01.dtd">

<ViewObject
   Name="Xx03GetDefaultApproverVO"
   BindingStyle="Oracle"
   CustomQuery="true"
   RowClass="oracle.apps.xx03.gl.cancel.server.Xx03GetDefaultApproverVORowImpl"
   ComponentClass="oracle.apps.xx03.gl.cancel.server.Xx03GetDefaultApproverVOImpl"
   MsgBundleClass="oracle.jbo.common.JboResourceBundle"
   UseGlueCode="false" >
   <SQLQuery><![CDATA[
SELECT xppv1.person_id      SUPERVISOR_ID
      ,xppv1.employee_disp  APPROVER_COL
FROM   xx03_per_peoples_v xppv1
      ,(SELECT paf.supervisor_id
        FROM   xx03_per_peoples_v xppv
              ,per_assignments_f  paf
        WHERE  xppv.user_id  = XX00_PROFILE_PKG.VALUE('USER_ID')
          AND  SYSDATE BETWEEN paf.effective_start_date
                           AND paf.effective_end_date
          AND  paf.person_id = xppv.person_id
        ) xppv2
WHERE  xppv1.person_id = xppv2.supervisor_id
  AND  EXISTS (SELECT '1'
               FROM   xx03_approver_person_lov_v xaplv
               WHERE  (   xaplv.profile_val_dep = 'ALL'
                       OR xaplv.profile_val_dep = :1   )
                 AND  xaplv.person_id = xppv2.supervisor_id
               )
   ]]></SQLQuery>
   <DesignTime>
      <Attr Name="_isCodegen" Value="true" />
      <Attr Name="_version" Value="9.0.3.13.75" />
      <Attr Name="_CodeGenFlagNew" Value="36" />
   </DesignTime>
   <ViewAttribute
      Name="SupervisorId"
      IsPersistent="false"
      IsNotNull="true"
      Precision="10"
      Scale="0"
      Type="oracle.jbo.domain.Number"
      AliasName="SUPERVISOR_ID"
      ColumnType="VARCHAR2"
      Expression="SUPERVISOR_ID"
      SQLType="NUMERIC" >
      <DesignTime>
         <Attr Name="_DisplaySize" Value="22" />
      </DesignTime>
   </ViewAttribute>
   <ViewAttribute
      Name="ApproverCol"
      IsPersistent="false"
      Precision="4000"
      Type="java.lang.String"
      AliasName="APPROVER_COL"
      ColumnType="VARCHAR2"
      Expression="APPROVER_COL"
      SQLType="VARCHAR" >
      <DesignTime>
         <Attr Name="_DisplaySize" Value="4000" />
      </DesignTime>
   </ViewAttribute>
</ViewObject>
