<?xml version="1.0" encoding='windows-31j'?>
<!DOCTYPE AppModule SYSTEM "jbo_03_01.dtd">

<AppModule
   Name="Xx03JournalCancelAM"
   ComponentClass="oracle.apps.xx03.gl.cancel.server.Xx03JournalCancelAMImpl"
   LoadComponentsLazily="true" >
   <Properties>
      <Property Name ="RETENTION_LEVEL" Value ="MANAGE_STATE" />
   </Properties>
   <DesignTime>
      <Attr Name="_isCodegen" Value="true" />
      <Attr Name="_version" Value="9.0.3.13.75" />
      <Attr Name="_deployType" Value="0" />
   </DesignTime>
   <ViewUsage
      Name="Xx03JournalSlipsVO1"
      ViewObjectName="oracle.apps.xx03.gl.cancel.server.Xx03JournalSlipsVO" >
   </ViewUsage>
   <ViewUsage
      Name="Xx03GetAmountFormatVO1"
      ViewObjectName="oracle.apps.xx03.gl.cancel.server.Xx03GetAmountFormatVO" >
   </ViewUsage>
   <ViewUsage
      Name="Xx03GetSlipTypeVO1"
      ViewObjectName="oracle.apps.xx03.gl.cancel.server.Xx03GetSlipTypeVO" >
   </ViewUsage>
   <ViewUsage
      Name="Xx03JournalSlipLinesVO1"
      ViewObjectName="oracle.apps.xx03.gl.cancel.server.Xx03JournalSlipLinesVO" >
   </ViewUsage>
   <ViewUsage
      Name="Xx03JournalSlipsVO2"
      ViewObjectName="oracle.apps.xx03.gl.cancel.server.Xx03JournalSlipsVO" >
   </ViewUsage>
   <ViewUsage
      Name="Xx03JournalSlipLinesVO2"
      ViewObjectName="oracle.apps.xx03.gl.cancel.server.Xx03JournalSlipLinesVO" >
   </ViewUsage>
   <ViewUsage
      Name="Xx03SlipNumbersVO1"
      ViewObjectName="oracle.apps.xx03.gl.cancel.server.Xx03SlipNumbersVO" >
   </ViewUsage>
   <ViewUsage
      Name="Xx03EntryUserInfoVO1"
      ViewObjectName="oracle.apps.xx03.gl.cancel.server.Xx03EntryUserInfoVO" >
   </ViewUsage>
   <ViewUsage
      Name="Xx03GetDefaultApproverVO1"
      ViewObjectName="oracle.apps.xx03.gl.cancel.server.Xx03GetDefaultApproverVO" >
   </ViewUsage>
   <ViewUsage
      Name="Xx03GetOldJournalIdVO1"
      ViewObjectName="oracle.apps.xx03.gl.cancel.server.Xx03GetOldJournalIdVO" >
   </ViewUsage>
   <ViewUsage
      Name="Xx03GetCurrencyNameVO1"
      ViewObjectName="oracle.apps.xx03.gl.input.server.Xx03GetCurrencyNameVO" >
   </ViewUsage>
   <ViewUsage
      Name="Xx03GetSlipLineTypeNameVO1"
      ViewObjectName="oracle.apps.xx03.gl.input.server.Xx03GetSlipLineTypeNameVO" >
   </ViewUsage>
   <ViewUsage
      Name="Xx03GetTaxColVO1"
      ViewObjectName="oracle.apps.xx03.gl.input.server.Xx03GetTaxColVO" >
   </ViewUsage>
   <ViewUsage
      Name="Xx03GetApproverNameVO1"
      ViewObjectName="oracle.apps.xx03.gl.input.server.Xx03GetApproverNameVO" >
   </ViewUsage>
</AppModule>
