<?xml version="1.0" encoding='Shift_JIS'?>
<!DOCTYPE ViewObject SYSTEM "jbo_03_01.dtd">

<ViewObject
   Name="Xx03GetOldJournalIdVO"
   SelectList="Xx03JournalSlipsEO.JOURNAL_ID"
   FromList="XX03_JOURNAL_SLIPS Xx03JournalSlipsEO"
   Where="Xx03JournalSlipsEO.JOURNAL_NUM = :1"
   BindingStyle="Oracle"
   CustomQuery="false"
   RowClass="oracle.apps.xx03.gl.cancel.server.Xx03GetOldJournalIdVORowImpl"
   ComponentClass="oracle.apps.xx03.gl.cancel.server.Xx03GetOldJournalIdVOImpl"
   MsgBundleClass="oracle.jbo.common.JboResourceBundle"
   UseGlueCode="false" >
   <DesignTime>
      <Attr Name="_isCodegen" Value="true" />
      <Attr Name="_version" Value="9.0.3.12.53" />
      <Attr Name="_CodeGenFlagNew" Value="36" />
   </DesignTime>
   <EntityUsage
      Name="Xx03JournalSlipsEO"
      Entity="oracle.apps.xx03.schema.server.Xx03JournalSlipsEO" >
      <DesignTime>
         <Attr Name="_EntireObjectTable" Value="false" />
         <Attr Name="_queryClause" Value="true" />
         <Attr Name="_queryWhere" Value="Xx03JournalSlipsEO.JOURNAL_NUM = :1" />
      </DesignTime>
   </EntityUsage>
   <ViewAttribute
      Name="JournalId"
      IsUpdateable="while_insert"
      IsNotNull="true"
      EntityAttrName="JournalId"
      EntityUsage="Xx03JournalSlipsEO"
      AliasName="JOURNAL_ID"
      ColumnType="VARCHAR2" >
   </ViewAttribute>
</ViewObject>
