<?xml version="1.0" encoding='Windows-31J'?>
<!DOCTYPE ViewObject SYSTEM "jbo_03_01.dtd">

<ViewObject
   Name="Xx03JournalSlipsVO"
   SelectList="Xx03JournalSlipsEO.JOURNAL_ID, 
       Xx03JournalSlipsEO.WF_STATUS, 

       Xx03JournalSlipsEO.SLIP_TYPE, 
       Xx03JournalSlipsEO.JOURNAL_NUM, 

       Xx03JournalSlipsEO.ENTRY_DATE, 
       Xx03JournalSlipsEO.REQUEST_KEY, 

       Xx03JournalSlipsEO.REQUESTOR_PERSON_ID, 
       Xx03JournalSlipsEO.REQUESTOR_PERSON_NAME, 

       Xx03JournalSlipsEO.APPROVER_PERSON_ID, 
       Xx03JournalSlipsEO.APPROVER_PERSON_NAME, 

       Xx03JournalSlipsEO.REQUEST_DATE, 
       Xx03JournalSlipsEO.APPROVAL_DATE, 

       Xx03JournalSlipsEO.REJECTION_DATE, 
       Xx03JournalSlipsEO.ACCOUNT_APPROVER_PERSON_ID, 

       Xx03JournalSlipsEO.ACCOUNT_APPROVAL_DATE, 
       Xx03JournalSlipsEO.GL_FORWORD_DATE, 

       Xx03JournalSlipsEO.RECOGNITION_CLASS, 
       Xx03JournalSlipsEO.APPROVER_COMMENTS, 

       Xx03JournalSlipsEO.REQUEST_ENABLE_FLAG, 
       Xx03JournalSlipsEO.ACCOUNT_REVISION_FLAG, 

       Xx03JournalSlipsEO.TOTAL_ENTERED_DR, 
       Xx03JournalSlipsEO.TOTAL_ACCOUNTED_DR, 

       Xx03JournalSlipsEO.TOTAL_ITEM_ENTERED_DR, 
       Xx03JournalSlipsEO.TOTAL_TAX_ENTERED_DR, 

       Xx03JournalSlipsEO.TOTAL_ENTERED_CR, 
       Xx03JournalSlipsEO.TOTAL_ACCOUNTED_CR, 

       Xx03JournalSlipsEO.TOTAL_ITEM_ENTERED_CR, 
       Xx03JournalSlipsEO.TOTAL_TAX_ENTERED_CR, 

       Xx03JournalSlipsEO.INVOICE_CURRENCY_CODE, 
       Xx03JournalSlipsEO.EXCHANGE_RATE, 

       Xx03JournalSlipsEO.EXCHANGE_RATE_TYPE, 
       Xx03JournalSlipsEO.EXCHANGE_RATE_TYPE_NAME, 

       Xx03JournalSlipsEO.IGNORE_RATE_FLAG, 
       Xx03JournalSlipsEO.DESCRIPTION, 

       Xx03JournalSlipsEO.ENTRY_DEPARTMENT, 
       Xx03JournalSlipsEO.ENTRY_PERSON_ID, 

       Xx03JournalSlipsEO.ORIG_JOURNAL_NUM, 
       Xx03JournalSlipsEO.ACCOUNT_APPROVAL_FLAG, 

       Xx03JournalSlipsEO.PERIOD_NAME, 
       Xx03JournalSlipsEO.GL_DATE, 

       Xx03JournalSlipsEO.AUTO_TAX_CALC_FLAG, 
       Xx03JournalSlipsEO.AP_TAX_ROUNDING_RULE, 

       Xx03JournalSlipsEO.FORM_SELECT_FLAG, 
       Xx03JournalSlipsEO.ORG_ID, 

       Xx03JournalSlipsEO.SET_OF_BOOKS_ID, 
       Xx03JournalSlipsEO.RECURRING_HEADER_NAME, 

       Xx03JournalSlipsEO.ATTRIBUTE_CATEGORY, 
       Xx03JournalSlipsEO.ATTRIBUTE1, 

       Xx03JournalSlipsEO.ATTRIBUTE2, 
       Xx03JournalSlipsEO.ATTRIBUTE3, 

       Xx03JournalSlipsEO.ATTRIBUTE4, 
       Xx03JournalSlipsEO.ATTRIBUTE5, 

       Xx03JournalSlipsEO.ATTRIBUTE6, 
       Xx03JournalSlipsEO.ATTRIBUTE7, 

       Xx03JournalSlipsEO.ATTRIBUTE8, 
       Xx03JournalSlipsEO.ATTRIBUTE9, 

       Xx03JournalSlipsEO.ATTRIBUTE10, 
       Xx03JournalSlipsEO.ATTRIBUTE11, 

       Xx03JournalSlipsEO.ATTRIBUTE12, 
       Xx03JournalSlipsEO.ATTRIBUTE13, 

       Xx03JournalSlipsEO.ATTRIBUTE14, 
       Xx03JournalSlipsEO.ATTRIBUTE15, 

       Xx03JournalSlipsEO.CREATED_BY, 
       Xx03JournalSlipsEO.CREATION_DATE, 

       Xx03JournalSlipsEO.LAST_UPDATED_BY, 
       Xx03JournalSlipsEO.LAST_UPDATE_DATE, 

       Xx03JournalSlipsEO.LAST_UPDATE_LOGIN, 
       Xx03JournalSlipsEO.REQUEST_ID, 

       Xx03JournalSlipsEO.PROGRAM_APPLICATION_ID, 
       Xx03JournalSlipsEO.PROGRAM_ID, 

       Xx03JournalSlipsEO.PROGRAM_UPDATE_DATE, 
       Xx03JournalSlipsEO.DRAFTING_COMPANY"
   FromList="XX03_JOURNAL_SLIPS Xx03JournalSlipsEO"
   Where="(NULL IS NOT NULL AND :1 = &#39;new&#39;) OR (Xx03journalSlipsEO.JOURNAL_ID = :2 AND :3 = &#39;update&#39;)"
   BindingStyle="Oracle"
   CustomQuery="false"
   RowClass="oracle.apps.xx03.gl.cancel.server.Xx03JournalSlipsVORowImpl"
   ComponentClass="oracle.apps.xx03.gl.cancel.server.Xx03JournalSlipsVOImpl"
   MsgBundleClass="oracle.jbo.common.JboResourceBundle"
   FetchMode="FETCH_AS_NEEDED"
   UseGlueCode="false" >
   <DesignTime>
      <Attr Name="_isCodegen" Value="true" />
      <Attr Name="_version" Value="9.0.3.14.01" />
      <Attr Name="_CodeGenFlagNew" Value="36" />
   </DesignTime>
   <EntityUsage
      Name="Xx03JournalSlipsEO"
      Entity="oracle.apps.xx03.schema.server.Xx03JournalSlipsEO" >
      <DesignTime>
         <Attr Name="_queryClause" Value="true" />
         <Attr Name="_queryWhere" Value="(NULL IS NOT NULL AND :1 = &#39;new&#39;) OR (Xx03journalSlipsEO.JOURNAL_ID = :2 AND :3 = &#39;update&#39;)" />
      </DesignTime>
   </EntityUsage>
   <ViewAttribute
      Name="JournalId"
      IsUpdateable="while_insert"
      IsNotNull="true"
      EntityAttrName="JournalId"
      EntityUsage="Xx03JournalSlipsEO"
      AliasName="JOURNAL_ID" >
   </ViewAttribute>
   <ViewAttribute
      Name="WfStatus"
      IsNotNull="true"
      EntityAttrName="WfStatus"
      EntityUsage="Xx03JournalSlipsEO"
      AliasName="WF_STATUS" >
   </ViewAttribute>
   <ViewAttribute
      Name="SlipType"
      IsNotNull="true"
      EntityAttrName="SlipType"
      EntityUsage="Xx03JournalSlipsEO"
      AliasName="SLIP_TYPE" >
   </ViewAttribute>
   <ViewAttribute
      Name="JournalNum"
      IsNotNull="true"
      EntityAttrName="JournalNum"
      EntityUsage="Xx03JournalSlipsEO"
      AliasName="JOURNAL_NUM" >
   </ViewAttribute>
   <ViewAttribute
      Name="EntryDate"
      EntityAttrName="EntryDate"
      EntityUsage="Xx03JournalSlipsEO"
      AliasName="ENTRY_DATE" >
   </ViewAttribute>
   <ViewAttribute
      Name="RequestKey"
      EntityAttrName="RequestKey"
      EntityUsage="Xx03JournalSlipsEO"
      AliasName="REQUEST_KEY" >
   </ViewAttribute>
   <ViewAttribute
      Name="RequestorPersonId"
      EntityAttrName="RequestorPersonId"
      EntityUsage="Xx03JournalSlipsEO"
      AliasName="REQUESTOR_PERSON_ID" >
   </ViewAttribute>
   <ViewAttribute
      Name="RequestorPersonName"
      EntityAttrName="RequestorPersonName"
      EntityUsage="Xx03JournalSlipsEO"
      AliasName="REQUESTOR_PERSON_NAME" >
   </ViewAttribute>
   <ViewAttribute
      Name="ApproverPersonId"
      IsNotNull="true"
      EntityAttrName="ApproverPersonId"
      EntityUsage="Xx03JournalSlipsEO"
      AliasName="APPROVER_PERSON_ID" >
   </ViewAttribute>
   <ViewAttribute
      Name="ApproverPersonName"
      IsNotNull="true"
      EntityAttrName="ApproverPersonName"
      EntityUsage="Xx03JournalSlipsEO"
      AliasName="APPROVER_PERSON_NAME" >
   </ViewAttribute>
   <ViewAttribute
      Name="RequestDate"
      EntityAttrName="RequestDate"
      EntityUsage="Xx03JournalSlipsEO"
      AliasName="REQUEST_DATE" >
   </ViewAttribute>
   <ViewAttribute
      Name="ApprovalDate"
      EntityAttrName="ApprovalDate"
      EntityUsage="Xx03JournalSlipsEO"
      AliasName="APPROVAL_DATE" >
   </ViewAttribute>
   <ViewAttribute
      Name="RejectionDate"
      EntityAttrName="RejectionDate"
      EntityUsage="Xx03JournalSlipsEO"
      AliasName="REJECTION_DATE" >
   </ViewAttribute>
   <ViewAttribute
      Name="AccountApproverPersonId"
      EntityAttrName="AccountApproverPersonId"
      EntityUsage="Xx03JournalSlipsEO"
      AliasName="ACCOUNT_APPROVER_PERSON_ID" >
   </ViewAttribute>
   <ViewAttribute
      Name="AccountApprovalDate"
      EntityAttrName="AccountApprovalDate"
      EntityUsage="Xx03JournalSlipsEO"
      AliasName="ACCOUNT_APPROVAL_DATE" >
   </ViewAttribute>
   <ViewAttribute
      Name="GlForwordDate"
      EntityAttrName="GlForwordDate"
      EntityUsage="Xx03JournalSlipsEO"
      AliasName="GL_FORWORD_DATE" >
   </ViewAttribute>
   <ViewAttribute
      Name="RecognitionClass"
      EntityAttrName="RecognitionClass"
      EntityUsage="Xx03JournalSlipsEO"
      AliasName="RECOGNITION_CLASS" >
   </ViewAttribute>
   <ViewAttribute
      Name="ApproverComments"
      EntityAttrName="ApproverComments"
      EntityUsage="Xx03JournalSlipsEO"
      AliasName="APPROVER_COMMENTS" >
   </ViewAttribute>
   <ViewAttribute
      Name="RequestEnableFlag"
      IsNotNull="true"
      EntityAttrName="RequestEnableFlag"
      EntityUsage="Xx03JournalSlipsEO"
      AliasName="REQUEST_ENABLE_FLAG" >
   </ViewAttribute>
   <ViewAttribute
      Name="AccountRevisionFlag"
      IsNotNull="true"
      EntityAttrName="AccountRevisionFlag"
      EntityUsage="Xx03JournalSlipsEO"
      AliasName="ACCOUNT_REVISION_FLAG" >
   </ViewAttribute>
   <ViewAttribute
      Name="TotalEnteredDr"
      EntityAttrName="TotalEnteredDr"
      EntityUsage="Xx03JournalSlipsEO"
      AliasName="TOTAL_ENTERED_DR" >
   </ViewAttribute>
   <ViewAttribute
      Name="TotalAccountedDr"
      EntityAttrName="TotalAccountedDr"
      EntityUsage="Xx03JournalSlipsEO"
      AliasName="TOTAL_ACCOUNTED_DR" >
   </ViewAttribute>
   <ViewAttribute
      Name="TotalItemEnteredDr"
      EntityAttrName="TotalItemEnteredDr"
      EntityUsage="Xx03JournalSlipsEO"
      AliasName="TOTAL_ITEM_ENTERED_DR" >
   </ViewAttribute>
   <ViewAttribute
      Name="TotalTaxEnteredDr"
      EntityAttrName="TotalTaxEnteredDr"
      EntityUsage="Xx03JournalSlipsEO"
      AliasName="TOTAL_TAX_ENTERED_DR" >
   </ViewAttribute>
   <ViewAttribute
      Name="TotalEnteredCr"
      EntityAttrName="TotalEnteredCr"
      EntityUsage="Xx03JournalSlipsEO"
      AliasName="TOTAL_ENTERED_CR" >
   </ViewAttribute>
   <ViewAttribute
      Name="TotalAccountedCr"
      EntityAttrName="TotalAccountedCr"
      EntityUsage="Xx03JournalSlipsEO"
      AliasName="TOTAL_ACCOUNTED_CR" >
   </ViewAttribute>
   <ViewAttribute
      Name="TotalItemEnteredCr"
      EntityAttrName="TotalItemEnteredCr"
      EntityUsage="Xx03JournalSlipsEO"
      AliasName="TOTAL_ITEM_ENTERED_CR" >
   </ViewAttribute>
   <ViewAttribute
      Name="TotalTaxEnteredCr"
      EntityAttrName="TotalTaxEnteredCr"
      EntityUsage="Xx03JournalSlipsEO"
      AliasName="TOTAL_TAX_ENTERED_CR" >
   </ViewAttribute>
   <ViewAttribute
      Name="InvoiceCurrencyCode"
      IsNotNull="true"
      EntityAttrName="InvoiceCurrencyCode"
      EntityUsage="Xx03JournalSlipsEO"
      AliasName="INVOICE_CURRENCY_CODE" >
   </ViewAttribute>
   <ViewAttribute
      Name="ExchangeRate"
      EntityAttrName="ExchangeRate"
      EntityUsage="Xx03JournalSlipsEO"
      AliasName="EXCHANGE_RATE" >
   </ViewAttribute>
   <ViewAttribute
      Name="ExchangeRateType"
      EntityAttrName="ExchangeRateType"
      EntityUsage="Xx03JournalSlipsEO"
      AliasName="EXCHANGE_RATE_TYPE" >
   </ViewAttribute>
   <ViewAttribute
      Name="ExchangeRateTypeName"
      EntityAttrName="ExchangeRateTypeName"
      EntityUsage="Xx03JournalSlipsEO"
      AliasName="EXCHANGE_RATE_TYPE_NAME" >
   </ViewAttribute>
   <ViewAttribute
      Name="IgnoreRateFlag"
      IsNotNull="true"
      EntityAttrName="IgnoreRateFlag"
      EntityUsage="Xx03JournalSlipsEO"
      AliasName="IGNORE_RATE_FLAG" >
   </ViewAttribute>
   <ViewAttribute
      Name="Description"
      EntityAttrName="Description"
      EntityUsage="Xx03JournalSlipsEO"
      AliasName="DESCRIPTION" >
   </ViewAttribute>
   <ViewAttribute
      Name="EntryDepartment"
      IsNotNull="true"
      EntityAttrName="EntryDepartment"
      EntityUsage="Xx03JournalSlipsEO"
      AliasName="ENTRY_DEPARTMENT" >
   </ViewAttribute>
   <ViewAttribute
      Name="EntryPersonId"
      IsNotNull="true"
      EntityAttrName="EntryPersonId"
      EntityUsage="Xx03JournalSlipsEO"
      AliasName="ENTRY_PERSON_ID" >
   </ViewAttribute>
   <ViewAttribute
      Name="OrigJournalNum"
      EntityAttrName="OrigJournalNum"
      EntityUsage="Xx03JournalSlipsEO"
      AliasName="ORIG_JOURNAL_NUM" >
   </ViewAttribute>
   <ViewAttribute
      Name="AccountApprovalFlag"
      IsNotNull="true"
      EntityAttrName="AccountApprovalFlag"
      EntityUsage="Xx03JournalSlipsEO"
      AliasName="ACCOUNT_APPROVAL_FLAG" >
   </ViewAttribute>
   <ViewAttribute
      Name="PeriodName"
      IsNotNull="true"
      EntityAttrName="PeriodName"
      EntityUsage="Xx03JournalSlipsEO"
      AliasName="PERIOD_NAME" >
   </ViewAttribute>
   <ViewAttribute
      Name="GlDate"
      IsNotNull="true"
      EntityAttrName="GlDate"
      EntityUsage="Xx03JournalSlipsEO"
      AliasName="GL_DATE" >
   </ViewAttribute>
   <ViewAttribute
      Name="AutoTaxCalcFlag"
      EntityAttrName="AutoTaxCalcFlag"
      EntityUsage="Xx03JournalSlipsEO"
      AliasName="AUTO_TAX_CALC_FLAG" >
   </ViewAttribute>
   <ViewAttribute
      Name="ApTaxRoundingRule"
      EntityAttrName="ApTaxRoundingRule"
      EntityUsage="Xx03JournalSlipsEO"
      AliasName="AP_TAX_ROUNDING_RULE" >
   </ViewAttribute>
   <ViewAttribute
      Name="FormSelectFlag"
      EntityAttrName="FormSelectFlag"
      EntityUsage="Xx03JournalSlipsEO"
      AliasName="FORM_SELECT_FLAG" >
   </ViewAttribute>
   <ViewAttribute
      Name="OrgId"
      IsNotNull="true"
      EntityAttrName="OrgId"
      EntityUsage="Xx03JournalSlipsEO"
      AliasName="ORG_ID" >
   </ViewAttribute>
   <ViewAttribute
      Name="SetOfBooksId"
      IsNotNull="true"
      EntityAttrName="SetOfBooksId"
      EntityUsage="Xx03JournalSlipsEO"
      AliasName="SET_OF_BOOKS_ID" >
   </ViewAttribute>
   <ViewAttribute
      Name="RecurringHeaderName"
      EntityAttrName="RecurringHeaderName"
      EntityUsage="Xx03JournalSlipsEO"
      AliasName="RECURRING_HEADER_NAME" >
   </ViewAttribute>
   <ViewAttribute
      Name="AttributeCategory"
      EntityAttrName="AttributeCategory"
      EntityUsage="Xx03JournalSlipsEO"
      AliasName="ATTRIBUTE_CATEGORY" >
   </ViewAttribute>
   <ViewAttribute
      Name="Attribute1"
      EntityAttrName="Attribute1"
      EntityUsage="Xx03JournalSlipsEO"
      AliasName="ATTRIBUTE1" >
   </ViewAttribute>
   <ViewAttribute
      Name="Attribute2"
      EntityAttrName="Attribute2"
      EntityUsage="Xx03JournalSlipsEO"
      AliasName="ATTRIBUTE2" >
   </ViewAttribute>
   <ViewAttribute
      Name="Attribute3"
      EntityAttrName="Attribute3"
      EntityUsage="Xx03JournalSlipsEO"
      AliasName="ATTRIBUTE3" >
   </ViewAttribute>
   <ViewAttribute
      Name="Attribute4"
      EntityAttrName="Attribute4"
      EntityUsage="Xx03JournalSlipsEO"
      AliasName="ATTRIBUTE4" >
   </ViewAttribute>
   <ViewAttribute
      Name="Attribute5"
      EntityAttrName="Attribute5"
      EntityUsage="Xx03JournalSlipsEO"
      AliasName="ATTRIBUTE5" >
   </ViewAttribute>
   <ViewAttribute
      Name="Attribute6"
      EntityAttrName="Attribute6"
      EntityUsage="Xx03JournalSlipsEO"
      AliasName="ATTRIBUTE6" >
   </ViewAttribute>
   <ViewAttribute
      Name="Attribute7"
      EntityAttrName="Attribute7"
      EntityUsage="Xx03JournalSlipsEO"
      AliasName="ATTRIBUTE7" >
   </ViewAttribute>
   <ViewAttribute
      Name="Attribute8"
      EntityAttrName="Attribute8"
      EntityUsage="Xx03JournalSlipsEO"
      AliasName="ATTRIBUTE8" >
   </ViewAttribute>
   <ViewAttribute
      Name="Attribute9"
      EntityAttrName="Attribute9"
      EntityUsage="Xx03JournalSlipsEO"
      AliasName="ATTRIBUTE9" >
   </ViewAttribute>
   <ViewAttribute
      Name="Attribute10"
      EntityAttrName="Attribute10"
      EntityUsage="Xx03JournalSlipsEO"
      AliasName="ATTRIBUTE10" >
   </ViewAttribute>
   <ViewAttribute
      Name="Attribute11"
      EntityAttrName="Attribute11"
      EntityUsage="Xx03JournalSlipsEO"
      AliasName="ATTRIBUTE11" >
   </ViewAttribute>
   <ViewAttribute
      Name="Attribute12"
      EntityAttrName="Attribute12"
      EntityUsage="Xx03JournalSlipsEO"
      AliasName="ATTRIBUTE12" >
   </ViewAttribute>
   <ViewAttribute
      Name="Attribute13"
      EntityAttrName="Attribute13"
      EntityUsage="Xx03JournalSlipsEO"
      AliasName="ATTRIBUTE13" >
   </ViewAttribute>
   <ViewAttribute
      Name="Attribute14"
      EntityAttrName="Attribute14"
      EntityUsage="Xx03JournalSlipsEO"
      AliasName="ATTRIBUTE14" >
   </ViewAttribute>
   <ViewAttribute
      Name="Attribute15"
      EntityAttrName="Attribute15"
      EntityUsage="Xx03JournalSlipsEO"
      AliasName="ATTRIBUTE15" >
   </ViewAttribute>
   <ViewAttribute
      Name="CreatedBy"
      IsUpdateable="while_insert"
      IsNotNull="true"
      EntityAttrName="CreatedBy"
      EntityUsage="Xx03JournalSlipsEO"
      AliasName="CREATED_BY" >
   </ViewAttribute>
   <ViewAttribute
      Name="CreationDate"
      IsUpdateable="while_insert"
      IsNotNull="true"
      EntityAttrName="CreationDate"
      EntityUsage="Xx03JournalSlipsEO"
      AliasName="CREATION_DATE" >
   </ViewAttribute>
   <ViewAttribute
      Name="LastUpdatedBy"
      IsNotNull="true"
      EntityAttrName="LastUpdatedBy"
      EntityUsage="Xx03JournalSlipsEO"
      AliasName="LAST_UPDATED_BY" >
   </ViewAttribute>
   <ViewAttribute
      Name="LastUpdateDate"
      IsNotNull="true"
      EntityAttrName="LastUpdateDate"
      EntityUsage="Xx03JournalSlipsEO"
      AliasName="LAST_UPDATE_DATE" >
   </ViewAttribute>
   <ViewAttribute
      Name="LastUpdateLogin"
      EntityAttrName="LastUpdateLogin"
      EntityUsage="Xx03JournalSlipsEO"
      AliasName="LAST_UPDATE_LOGIN" >
   </ViewAttribute>
   <ViewAttribute
      Name="RequestId"
      EntityAttrName="RequestId"
      EntityUsage="Xx03JournalSlipsEO"
      AliasName="REQUEST_ID" >
   </ViewAttribute>
   <ViewAttribute
      Name="ProgramApplicationId"
      EntityAttrName="ProgramApplicationId"
      EntityUsage="Xx03JournalSlipsEO"
      AliasName="PROGRAM_APPLICATION_ID" >
   </ViewAttribute>
   <ViewAttribute
      Name="ProgramId"
      EntityAttrName="ProgramId"
      EntityUsage="Xx03JournalSlipsEO"
      AliasName="PROGRAM_ID" >
   </ViewAttribute>
   <ViewAttribute
      Name="ProgramUpdateDate"
      EntityAttrName="ProgramUpdateDate"
      EntityUsage="Xx03JournalSlipsEO"
      AliasName="PROGRAM_UPDATE_DATE" >
   </ViewAttribute>
   <ViewAttribute
      Name="SlipTypeApp"
      IsPersistent="false"
      Precision="255"
      Type="java.lang.String"
      ColumnType="VARCHAR2"
      AliasName="SLIPTYPEAPP"
      SQLType="VARCHAR" >
   </ViewAttribute>
   <ViewAttribute
      Name="DraftingCompany"
      Precision="3"
      EntityAttrName="DraftingCompany"
      EntityUsage="Xx03JournalSlipsEO"
      AliasName="DRAFTING_COMPANY" >
   </ViewAttribute>
</ViewObject>
