<?xml version="1.0" encoding='Shift_JIS'?>
<!DOCTYPE ViewObject SYSTEM "jbo_03_01.dtd">

<ViewObject
   Name="Xx03JournalSlipLinesVO"
   SelectList="Xx03JournalSlipLinesEO.JOURNAL_LINE_ID, 
       Xx03JournalSlipLinesEO.JOURNAL_ID, 

       Xx03JournalSlipLinesEO.LINE_NUMBER, 
       Xx03JournalSlipLinesEO.SLIP_LINE_TYPE_DR, 

       Xx03JournalSlipLinesEO.SLIP_LINE_TYPE_NAME_DR, 
     
  Xx03JournalSlipLinesEO.ENTERED_AMOUNT_DR, 
       Xx03JournalSlipLinesEO.ENTERED_ITEM_AMOUNT_DR, 

       Xx03JournalSlipLinesEO.AMOUNT_INCLUDES_TAX_FLAG_DR, 
 
      Xx03JournalSlipLinesEO.TAX_CODE_DR, 
       Xx03JournalSlipLinesEO.TAX_NAME_DR, 

       Xx03JournalSlipLinesEO.ENTERED_TAX_AMOUNT_DR, 
      
 Xx03JournalSlipLinesEO.ACCOUNTED_AMOUNT_DR, 
       Xx03JournalSlipLinesEO.SLIP_LINE_TYPE_CR, 

       Xx03JournalSlipLinesEO.SLIP_LINE_TYPE_NAME_CR, 
     
  Xx03JournalSlipLinesEO.ENTERED_AMOUNT_CR, 
       Xx03JournalSlipLinesEO.ENTERED_ITEM_AMOUNT_CR, 

       Xx03JournalSlipLinesEO.AMOUNT_INCLUDES_TAX_FLAG_CR, 
 
      Xx03JournalSlipLinesEO.TAX_CODE_CR, 
       Xx03JournalSlipLinesEO.TAX_NAME_CR, 

       Xx03JournalSlipLinesEO.ENTERED_TAX_AMOUNT_CR, 
      
 Xx03JournalSlipLinesEO.ACCOUNTED_AMOUNT_CR, 
       Xx03JournalSlipLinesEO.DESCRIPTION, 

       Xx03JournalSlipLinesEO.SEGMENT1, 
       Xx03JournalSlipLinesEO.SEGMENT2, 

       Xx03JournalSlipLinesEO.SEGMENT3, 
       Xx03JournalSlipLinesEO.SEGMENT4, 

       Xx03JournalSlipLinesEO.SEGMENT5, 
       Xx03JournalSlipLinesEO.SEGMENT6, 

       Xx03JournalSlipLinesEO.SEGMENT7, 
       Xx03JournalSlipLinesEO.SEGMENT8, 

       Xx03JournalSlipLinesEO.SEGMENT9, 
       Xx03JournalSlipLinesEO.SEGMENT10, 

       Xx03JournalSlipLinesEO.SEGMENT11, 
       Xx03JournalSlipLinesEO.SEGMENT12, 

       Xx03JournalSlipLinesEO.SEGMENT13, 
       Xx03JournalSlipLinesEO.SEGMENT14, 

       Xx03JournalSlipLinesEO.SEGMENT15, 
       Xx03JournalSlipLinesEO.SEGMENT16, 

       Xx03JournalSlipLinesEO.SEGMENT17, 
       Xx03JournalSlipLinesEO.SEGMENT18, 

       Xx03JournalSlipLinesEO.SEGMENT19, 
       Xx03JournalSlipLinesEO.SEGMENT20, 

       Xx03JournalSlipLinesEO.SEGMENT1_NAME, 
       Xx03JournalSlipLinesEO.SEGMENT2_NAME, 

       Xx03JournalSlipLinesEO.SEGMENT3_NAME, 
       Xx03JournalSlipLinesEO.SEGMENT4_NAME, 

       Xx03JournalSlipLinesEO.SEGMENT5_NAME, 
       Xx03JournalSlipLinesEO.SEGMENT6_NAME, 

       Xx03JournalSlipLinesEO.SEGMENT7_NAME, 
       Xx03JournalSlipLinesEO.SEGMENT8_NAME, 

       Xx03JournalSlipLinesEO.INCR_DECR_REASON_CODE, 
      
 Xx03JournalSlipLinesEO.INCR_DECR_REASON_NAME, 
       Xx03JournalSlipLinesEO.RECON_REFERENCE, 

       Xx03JournalSlipLinesEO.ORG_ID, 
       Xx03JournalSlipLinesEO.ATTRIBUTE_CATEGORY, 

       Xx03JournalSlipLinesEO.ATTRIBUTE1, 
       Xx03JournalSlipLinesEO.ATTRIBUTE2, 

       Xx03JournalSlipLinesEO.ATTRIBUTE3, 
       Xx03JournalSlipLinesEO.ATTRIBUTE4, 

       Xx03JournalSlipLinesEO.ATTRIBUTE5, 
       Xx03JournalSlipLinesEO.ATTRIBUTE6, 

       Xx03JournalSlipLinesEO.ATTRIBUTE7, 
       Xx03JournalSlipLinesEO.ATTRIBUTE8, 

       Xx03JournalSlipLinesEO.ATTRIBUTE9, 
       Xx03JournalSlipLinesEO.ATTRIBUTE10, 

       Xx03JournalSlipLinesEO.ATTRIBUTE11, 
       Xx03JournalSlipLinesEO.ATTRIBUTE12, 

       Xx03JournalSlipLinesEO.ATTRIBUTE13, 
       Xx03JournalSlipLinesEO.ATTRIBUTE14, 

       Xx03JournalSlipLinesEO.ATTRIBUTE15, 
       Xx03JournalSlipLinesEO.CREATED_BY, 

       Xx03JournalSlipLinesEO.CREATION_DATE, 
       Xx03JournalSlipLinesEO.LAST_UPDATED_BY, 

       Xx03JournalSlipLinesEO.LAST_UPDATE_DATE, 
       Xx03JournalSlipLinesEO.LAST_UPDATE_LOGIN, 

       Xx03JournalSlipLinesEO.REQUEST_ID, 
       Xx03JournalSlipLinesEO.PROGRAM_APPLICATION_ID, 

       Xx03JournalSlipLinesEO.PROGRAM_ID, 
       Xx03JournalSlipLinesEO.PROGRAM_UPDATE_DATE"
   FromList="XX03_JOURNAL_SLIP_LINES Xx03JournalSlipLinesEO"
   Where="(NULL IS NOT NULL AND :1 = &#39;new&#39;) OR (Xx03JournalSlipLinesEO.JOURNAL_ID = :2 AND :3 = &#39;update&#39;)"
   BindingStyle="Oracle"
   CustomQuery="false"
   RowClass="oracle.apps.xx03.gl.cancel.server.Xx03JournalSlipLinesVORowImpl"
   ComponentClass="oracle.apps.xx03.gl.cancel.server.Xx03JournalSlipLinesVOImpl"
   MsgBundleClass="oracle.jbo.common.JboResourceBundle"
   UseGlueCode="false" >
   <DesignTime>
      <Attr Name="_isCodegen" Value="true" />
      <Attr Name="_version" Value="9.0.3.12.53" />
      <Attr Name="_CodeGenFlagNew" Value="36" />
   </DesignTime>
   <EntityUsage
      Name="Xx03JournalSlipLinesEO"
      Entity="oracle.apps.xx03.schema.server.Xx03JournalSlipLinesEO" >
      <DesignTime>
         <Attr Name="_EntireObjectTable" Value="false" />
         <Attr Name="_queryClause" Value="true" />
         <Attr Name="_queryWhere" Value="(NULL IS NOT NULL AND :1 = &#39;new&#39;) OR (Xx03JournalSlipLinesEO.JOURNAL_ID = :2 AND :3 = &#39;update&#39;)" />
      </DesignTime>
   </EntityUsage>
   <ViewAttribute
      Name="JournalLineId"
      IsUpdateable="while_insert"
      IsNotNull="true"
      EntityAttrName="JournalLineId"
      EntityUsage="Xx03JournalSlipLinesEO"
      AliasName="JOURNAL_LINE_ID"
      ColumnType="VARCHAR2" >
   </ViewAttribute>
   <ViewAttribute
      Name="JournalId"
      IsUpdateable="while_insert"
      IsNotNull="true"
      EntityAttrName="JournalId"
      EntityUsage="Xx03JournalSlipLinesEO"
      AliasName="JOURNAL_ID"
      ColumnType="VARCHAR2" >
   </ViewAttribute>
   <ViewAttribute
      Name="LineNumber"
      IsNotNull="true"
      EntityAttrName="LineNumber"
      EntityUsage="Xx03JournalSlipLinesEO"
      AliasName="LINE_NUMBER"
      ColumnType="VARCHAR2" >
   </ViewAttribute>
   <ViewAttribute
      Name="SlipLineTypeDr"
      EntityAttrName="SlipLineTypeDr"
      EntityUsage="Xx03JournalSlipLinesEO"
      AliasName="SLIP_LINE_TYPE_DR"
      ColumnType="VARCHAR2" >
   </ViewAttribute>
   <ViewAttribute
      Name="SlipLineTypeNameDr"
      EntityAttrName="SlipLineTypeNameDr"
      EntityUsage="Xx03JournalSlipLinesEO"
      AliasName="SLIP_LINE_TYPE_NAME_DR"
      ColumnType="VARCHAR2" >
   </ViewAttribute>
   <ViewAttribute
      Name="EnteredAmountDr"
      EntityAttrName="EnteredAmountDr"
      EntityUsage="Xx03JournalSlipLinesEO"
      AliasName="ENTERED_AMOUNT_DR"
      ColumnType="VARCHAR2" >
   </ViewAttribute>
   <ViewAttribute
      Name="EnteredItemAmountDr"
      EntityAttrName="EnteredItemAmountDr"
      EntityUsage="Xx03JournalSlipLinesEO"
      AliasName="ENTERED_ITEM_AMOUNT_DR"
      ColumnType="VARCHAR2" >
   </ViewAttribute>
   <ViewAttribute
      Name="AmountIncludesTaxFlagDr"
      EntityAttrName="AmountIncludesTaxFlagDr"
      EntityUsage="Xx03JournalSlipLinesEO"
      AliasName="AMOUNT_INCLUDES_TAX_FLAG_DR"
      ColumnType="VARCHAR2" >
   </ViewAttribute>
   <ViewAttribute
      Name="TaxCodeDr"
      EntityAttrName="TaxCodeDr"
      EntityUsage="Xx03JournalSlipLinesEO"
      AliasName="TAX_CODE_DR"
      ColumnType="VARCHAR2" >
   </ViewAttribute>
   <ViewAttribute
      Name="TaxNameDr"
      EntityAttrName="TaxNameDr"
      EntityUsage="Xx03JournalSlipLinesEO"
      AliasName="TAX_NAME_DR"
      ColumnType="VARCHAR2" >
   </ViewAttribute>
   <ViewAttribute
      Name="EnteredTaxAmountDr"
      EntityAttrName="EnteredTaxAmountDr"
      EntityUsage="Xx03JournalSlipLinesEO"
      AliasName="ENTERED_TAX_AMOUNT_DR"
      ColumnType="VARCHAR2" >
   </ViewAttribute>
   <ViewAttribute
      Name="AccountedAmountDr"
      EntityAttrName="AccountedAmountDr"
      EntityUsage="Xx03JournalSlipLinesEO"
      AliasName="ACCOUNTED_AMOUNT_DR"
      ColumnType="VARCHAR2" >
   </ViewAttribute>
   <ViewAttribute
      Name="SlipLineTypeCr"
      EntityAttrName="SlipLineTypeCr"
      EntityUsage="Xx03JournalSlipLinesEO"
      AliasName="SLIP_LINE_TYPE_CR"
      ColumnType="VARCHAR2" >
   </ViewAttribute>
   <ViewAttribute
      Name="SlipLineTypeNameCr"
      EntityAttrName="SlipLineTypeNameCr"
      EntityUsage="Xx03JournalSlipLinesEO"
      AliasName="SLIP_LINE_TYPE_NAME_CR"
      ColumnType="VARCHAR2" >
   </ViewAttribute>
   <ViewAttribute
      Name="EnteredAmountCr"
      EntityAttrName="EnteredAmountCr"
      EntityUsage="Xx03JournalSlipLinesEO"
      AliasName="ENTERED_AMOUNT_CR"
      ColumnType="VARCHAR2" >
   </ViewAttribute>
   <ViewAttribute
      Name="EnteredItemAmountCr"
      EntityAttrName="EnteredItemAmountCr"
      EntityUsage="Xx03JournalSlipLinesEO"
      AliasName="ENTERED_ITEM_AMOUNT_CR"
      ColumnType="VARCHAR2" >
   </ViewAttribute>
   <ViewAttribute
      Name="AmountIncludesTaxFlagCr"
      EntityAttrName="AmountIncludesTaxFlagCr"
      EntityUsage="Xx03JournalSlipLinesEO"
      AliasName="AMOUNT_INCLUDES_TAX_FLAG_CR"
      ColumnType="VARCHAR2" >
   </ViewAttribute>
   <ViewAttribute
      Name="TaxCodeCr"
      EntityAttrName="TaxCodeCr"
      EntityUsage="Xx03JournalSlipLinesEO"
      AliasName="TAX_CODE_CR"
      ColumnType="VARCHAR2" >
   </ViewAttribute>
   <ViewAttribute
      Name="TaxNameCr"
      EntityAttrName="TaxNameCr"
      EntityUsage="Xx03JournalSlipLinesEO"
      AliasName="TAX_NAME_CR"
      ColumnType="VARCHAR2" >
   </ViewAttribute>
   <ViewAttribute
      Name="EnteredTaxAmountCr"
      EntityAttrName="EnteredTaxAmountCr"
      EntityUsage="Xx03JournalSlipLinesEO"
      AliasName="ENTERED_TAX_AMOUNT_CR"
      ColumnType="VARCHAR2" >
   </ViewAttribute>
   <ViewAttribute
      Name="AccountedAmountCr"
      EntityAttrName="AccountedAmountCr"
      EntityUsage="Xx03JournalSlipLinesEO"
      AliasName="ACCOUNTED_AMOUNT_CR"
      ColumnType="VARCHAR2" >
   </ViewAttribute>
   <ViewAttribute
      Name="Description"
      EntityAttrName="Description"
      EntityUsage="Xx03JournalSlipLinesEO"
      AliasName="DESCRIPTION"
      ColumnType="VARCHAR2" >
   </ViewAttribute>
   <ViewAttribute
      Name="Segment1"
      IsNotNull="true"
      EntityAttrName="Segment1"
      EntityUsage="Xx03JournalSlipLinesEO"
      AliasName="SEGMENT1"
      ColumnType="VARCHAR2" >
   </ViewAttribute>
   <ViewAttribute
      Name="Segment2"
      IsNotNull="true"
      EntityAttrName="Segment2"
      EntityUsage="Xx03JournalSlipLinesEO"
      AliasName="SEGMENT2"
      ColumnType="VARCHAR2" >
   </ViewAttribute>
   <ViewAttribute
      Name="Segment3"
      IsNotNull="true"
      EntityAttrName="Segment3"
      EntityUsage="Xx03JournalSlipLinesEO"
      AliasName="SEGMENT3"
      ColumnType="VARCHAR2" >
   </ViewAttribute>
   <ViewAttribute
      Name="Segment4"
      IsNotNull="true"
      EntityAttrName="Segment4"
      EntityUsage="Xx03JournalSlipLinesEO"
      AliasName="SEGMENT4"
      ColumnType="VARCHAR2" >
   </ViewAttribute>
   <ViewAttribute
      Name="Segment5"
      IsNotNull="true"
      EntityAttrName="Segment5"
      EntityUsage="Xx03JournalSlipLinesEO"
      AliasName="SEGMENT5"
      ColumnType="VARCHAR2" >
   </ViewAttribute>
   <ViewAttribute
      Name="Segment6"
      IsNotNull="true"
      EntityAttrName="Segment6"
      EntityUsage="Xx03JournalSlipLinesEO"
      AliasName="SEGMENT6"
      ColumnType="VARCHAR2" >
   </ViewAttribute>
   <ViewAttribute
      Name="Segment7"
      IsNotNull="true"
      EntityAttrName="Segment7"
      EntityUsage="Xx03JournalSlipLinesEO"
      AliasName="SEGMENT7"
      ColumnType="VARCHAR2" >
   </ViewAttribute>
   <ViewAttribute
      Name="Segment8"
      IsNotNull="true"
      EntityAttrName="Segment8"
      EntityUsage="Xx03JournalSlipLinesEO"
      AliasName="SEGMENT8"
      ColumnType="VARCHAR2" >
   </ViewAttribute>
   <ViewAttribute
      Name="Segment9"
      EntityAttrName="Segment9"
      EntityUsage="Xx03JournalSlipLinesEO"
      AliasName="SEGMENT9"
      ColumnType="VARCHAR2" >
   </ViewAttribute>
   <ViewAttribute
      Name="Segment10"
      EntityAttrName="Segment10"
      EntityUsage="Xx03JournalSlipLinesEO"
      AliasName="SEGMENT10"
      ColumnType="VARCHAR2" >
   </ViewAttribute>
   <ViewAttribute
      Name="Segment11"
      EntityAttrName="Segment11"
      EntityUsage="Xx03JournalSlipLinesEO"
      AliasName="SEGMENT11"
      ColumnType="VARCHAR2" >
   </ViewAttribute>
   <ViewAttribute
      Name="Segment12"
      EntityAttrName="Segment12"
      EntityUsage="Xx03JournalSlipLinesEO"
      AliasName="SEGMENT12"
      ColumnType="VARCHAR2" >
   </ViewAttribute>
   <ViewAttribute
      Name="Segment13"
      EntityAttrName="Segment13"
      EntityUsage="Xx03JournalSlipLinesEO"
      AliasName="SEGMENT13"
      ColumnType="VARCHAR2" >
   </ViewAttribute>
   <ViewAttribute
      Name="Segment14"
      EntityAttrName="Segment14"
      EntityUsage="Xx03JournalSlipLinesEO"
      AliasName="SEGMENT14"
      ColumnType="VARCHAR2" >
   </ViewAttribute>
   <ViewAttribute
      Name="Segment15"
      EntityAttrName="Segment15"
      EntityUsage="Xx03JournalSlipLinesEO"
      AliasName="SEGMENT15"
      ColumnType="VARCHAR2" >
   </ViewAttribute>
   <ViewAttribute
      Name="Segment16"
      EntityAttrName="Segment16"
      EntityUsage="Xx03JournalSlipLinesEO"
      AliasName="SEGMENT16"
      ColumnType="VARCHAR2" >
   </ViewAttribute>
   <ViewAttribute
      Name="Segment17"
      EntityAttrName="Segment17"
      EntityUsage="Xx03JournalSlipLinesEO"
      AliasName="SEGMENT17"
      ColumnType="VARCHAR2" >
   </ViewAttribute>
   <ViewAttribute
      Name="Segment18"
      EntityAttrName="Segment18"
      EntityUsage="Xx03JournalSlipLinesEO"
      AliasName="SEGMENT18"
      ColumnType="VARCHAR2" >
   </ViewAttribute>
   <ViewAttribute
      Name="Segment19"
      EntityAttrName="Segment19"
      EntityUsage="Xx03JournalSlipLinesEO"
      AliasName="SEGMENT19"
      ColumnType="VARCHAR2" >
   </ViewAttribute>
   <ViewAttribute
      Name="Segment20"
      EntityAttrName="Segment20"
      EntityUsage="Xx03JournalSlipLinesEO"
      AliasName="SEGMENT20"
      ColumnType="VARCHAR2" >
   </ViewAttribute>
   <ViewAttribute
      Name="Segment1Name"
      EntityAttrName="Segment1Name"
      EntityUsage="Xx03JournalSlipLinesEO"
      AliasName="SEGMENT1_NAME"
      ColumnType="VARCHAR2" >
   </ViewAttribute>
   <ViewAttribute
      Name="Segment2Name"
      EntityAttrName="Segment2Name"
      EntityUsage="Xx03JournalSlipLinesEO"
      AliasName="SEGMENT2_NAME"
      ColumnType="VARCHAR2" >
   </ViewAttribute>
   <ViewAttribute
      Name="Segment3Name"
      EntityAttrName="Segment3Name"
      EntityUsage="Xx03JournalSlipLinesEO"
      AliasName="SEGMENT3_NAME"
      ColumnType="VARCHAR2" >
   </ViewAttribute>
   <ViewAttribute
      Name="Segment4Name"
      EntityAttrName="Segment4Name"
      EntityUsage="Xx03JournalSlipLinesEO"
      AliasName="SEGMENT4_NAME"
      ColumnType="VARCHAR2" >
   </ViewAttribute>
   <ViewAttribute
      Name="Segment5Name"
      EntityAttrName="Segment5Name"
      EntityUsage="Xx03JournalSlipLinesEO"
      AliasName="SEGMENT5_NAME"
      ColumnType="VARCHAR2" >
   </ViewAttribute>
   <ViewAttribute
      Name="Segment6Name"
      EntityAttrName="Segment6Name"
      EntityUsage="Xx03JournalSlipLinesEO"
      AliasName="SEGMENT6_NAME"
      ColumnType="VARCHAR2" >
   </ViewAttribute>
   <ViewAttribute
      Name="Segment7Name"
      EntityAttrName="Segment7Name"
      EntityUsage="Xx03JournalSlipLinesEO"
      AliasName="SEGMENT7_NAME"
      ColumnType="VARCHAR2" >
   </ViewAttribute>
   <ViewAttribute
      Name="Segment8Name"
      EntityAttrName="Segment8Name"
      EntityUsage="Xx03JournalSlipLinesEO"
      AliasName="SEGMENT8_NAME"
      ColumnType="VARCHAR2" >
   </ViewAttribute>
   <ViewAttribute
      Name="IncrDecrReasonCode"
      EntityAttrName="IncrDecrReasonCode"
      EntityUsage="Xx03JournalSlipLinesEO"
      AliasName="INCR_DECR_REASON_CODE"
      ColumnType="VARCHAR2" >
   </ViewAttribute>
   <ViewAttribute
      Name="IncrDecrReasonName"
      EntityAttrName="IncrDecrReasonName"
      EntityUsage="Xx03JournalSlipLinesEO"
      AliasName="INCR_DECR_REASON_NAME"
      ColumnType="VARCHAR2" >
   </ViewAttribute>
   <ViewAttribute
      Name="ReconReference"
      EntityAttrName="ReconReference"
      EntityUsage="Xx03JournalSlipLinesEO"
      AliasName="RECON_REFERENCE"
      ColumnType="VARCHAR2" >
   </ViewAttribute>
   <ViewAttribute
      Name="OrgId"
      IsNotNull="true"
      EntityAttrName="OrgId"
      EntityUsage="Xx03JournalSlipLinesEO"
      AliasName="ORG_ID"
      ColumnType="VARCHAR2" >
   </ViewAttribute>
   <ViewAttribute
      Name="AttributeCategory"
      EntityAttrName="AttributeCategory"
      EntityUsage="Xx03JournalSlipLinesEO"
      AliasName="ATTRIBUTE_CATEGORY"
      ColumnType="VARCHAR2" >
   </ViewAttribute>
   <ViewAttribute
      Name="Attribute1"
      EntityAttrName="Attribute1"
      EntityUsage="Xx03JournalSlipLinesEO"
      AliasName="ATTRIBUTE1"
      ColumnType="VARCHAR2" >
   </ViewAttribute>
   <ViewAttribute
      Name="Attribute2"
      EntityAttrName="Attribute2"
      EntityUsage="Xx03JournalSlipLinesEO"
      AliasName="ATTRIBUTE2"
      ColumnType="VARCHAR2" >
   </ViewAttribute>
   <ViewAttribute
      Name="Attribute3"
      EntityAttrName="Attribute3"
      EntityUsage="Xx03JournalSlipLinesEO"
      AliasName="ATTRIBUTE3"
      ColumnType="VARCHAR2" >
   </ViewAttribute>
   <ViewAttribute
      Name="Attribute4"
      EntityAttrName="Attribute4"
      EntityUsage="Xx03JournalSlipLinesEO"
      AliasName="ATTRIBUTE4"
      ColumnType="VARCHAR2" >
   </ViewAttribute>
   <ViewAttribute
      Name="Attribute5"
      EntityAttrName="Attribute5"
      EntityUsage="Xx03JournalSlipLinesEO"
      AliasName="ATTRIBUTE5"
      ColumnType="VARCHAR2" >
   </ViewAttribute>
   <ViewAttribute
      Name="Attribute6"
      EntityAttrName="Attribute6"
      EntityUsage="Xx03JournalSlipLinesEO"
      AliasName="ATTRIBUTE6"
      ColumnType="VARCHAR2" >
   </ViewAttribute>
   <ViewAttribute
      Name="Attribute7"
      EntityAttrName="Attribute7"
      EntityUsage="Xx03JournalSlipLinesEO"
      AliasName="ATTRIBUTE7"
      ColumnType="VARCHAR2" >
   </ViewAttribute>
   <ViewAttribute
      Name="Attribute8"
      EntityAttrName="Attribute8"
      EntityUsage="Xx03JournalSlipLinesEO"
      AliasName="ATTRIBUTE8"
      ColumnType="VARCHAR2" >
   </ViewAttribute>
   <ViewAttribute
      Name="Attribute9"
      EntityAttrName="Attribute9"
      EntityUsage="Xx03JournalSlipLinesEO"
      AliasName="ATTRIBUTE9"
      ColumnType="VARCHAR2" >
   </ViewAttribute>
   <ViewAttribute
      Name="Attribute10"
      EntityAttrName="Attribute10"
      EntityUsage="Xx03JournalSlipLinesEO"
      AliasName="ATTRIBUTE10"
      ColumnType="VARCHAR2" >
   </ViewAttribute>
   <ViewAttribute
      Name="Attribute11"
      EntityAttrName="Attribute11"
      EntityUsage="Xx03JournalSlipLinesEO"
      AliasName="ATTRIBUTE11"
      ColumnType="VARCHAR2" >
   </ViewAttribute>
   <ViewAttribute
      Name="Attribute12"
      EntityAttrName="Attribute12"
      EntityUsage="Xx03JournalSlipLinesEO"
      AliasName="ATTRIBUTE12"
      ColumnType="VARCHAR2" >
   </ViewAttribute>
   <ViewAttribute
      Name="Attribute13"
      EntityAttrName="Attribute13"
      EntityUsage="Xx03JournalSlipLinesEO"
      AliasName="ATTRIBUTE13"
      ColumnType="VARCHAR2" >
   </ViewAttribute>
   <ViewAttribute
      Name="Attribute14"
      EntityAttrName="Attribute14"
      EntityUsage="Xx03JournalSlipLinesEO"
      AliasName="ATTRIBUTE14"
      ColumnType="VARCHAR2" >
   </ViewAttribute>
   <ViewAttribute
      Name="Attribute15"
      EntityAttrName="Attribute15"
      EntityUsage="Xx03JournalSlipLinesEO"
      AliasName="ATTRIBUTE15"
      ColumnType="VARCHAR2" >
   </ViewAttribute>
   <ViewAttribute
      Name="CreatedBy"
      IsUpdateable="while_insert"
      IsNotNull="true"
      EntityAttrName="CreatedBy"
      EntityUsage="Xx03JournalSlipLinesEO"
      AliasName="CREATED_BY"
      ColumnType="VARCHAR2" >
   </ViewAttribute>
   <ViewAttribute
      Name="CreationDate"
      IsUpdateable="while_insert"
      IsNotNull="true"
      EntityAttrName="CreationDate"
      EntityUsage="Xx03JournalSlipLinesEO"
      AliasName="CREATION_DATE"
      ColumnType="VARCHAR2" >
   </ViewAttribute>
   <ViewAttribute
      Name="LastUpdatedBy"
      IsNotNull="true"
      EntityAttrName="LastUpdatedBy"
      EntityUsage="Xx03JournalSlipLinesEO"
      AliasName="LAST_UPDATED_BY"
      ColumnType="VARCHAR2" >
   </ViewAttribute>
   <ViewAttribute
      Name="LastUpdateDate"
      IsNotNull="true"
      EntityAttrName="LastUpdateDate"
      EntityUsage="Xx03JournalSlipLinesEO"
      AliasName="LAST_UPDATE_DATE"
      ColumnType="VARCHAR2" >
   </ViewAttribute>
   <ViewAttribute
      Name="LastUpdateLogin"
      EntityAttrName="LastUpdateLogin"
      EntityUsage="Xx03JournalSlipLinesEO"
      AliasName="LAST_UPDATE_LOGIN"
      ColumnType="VARCHAR2" >
   </ViewAttribute>
   <ViewAttribute
      Name="RequestId"
      EntityAttrName="RequestId"
      EntityUsage="Xx03JournalSlipLinesEO"
      AliasName="REQUEST_ID"
      ColumnType="VARCHAR2" >
   </ViewAttribute>
   <ViewAttribute
      Name="ProgramApplicationId"
      EntityAttrName="ProgramApplicationId"
      EntityUsage="Xx03JournalSlipLinesEO"
      AliasName="PROGRAM_APPLICATION_ID"
      ColumnType="VARCHAR2" >
   </ViewAttribute>
   <ViewAttribute
      Name="ProgramId"
      EntityAttrName="ProgramId"
      EntityUsage="Xx03JournalSlipLinesEO"
      AliasName="PROGRAM_ID"
      ColumnType="VARCHAR2" >
   </ViewAttribute>
   <ViewAttribute
      Name="ProgramUpdateDate"
      EntityAttrName="ProgramUpdateDate"
      EntityUsage="Xx03JournalSlipLinesEO"
      AliasName="PROGRAM_UPDATE_DATE"
      ColumnType="VARCHAR2" >
   </ViewAttribute>
</ViewObject>
