<?xml version="1.0" encoding='windows-31j'?>
<!DOCTYPE ViewObject SYSTEM "jbo_03_01.dtd">

<ViewObject
   Name="Xx03GetAmountFormatVO"
   BindingStyle="Oracle"
   CustomQuery="true"
   RowClass="oracle.apps.xx03.gl.cancel.server.Xx03GetAmountFormatVORowImpl"
   ComponentClass="oracle.apps.xx03.gl.cancel.server.Xx03GetAmountFormatVOImpl"
   MsgBundleClass="oracle.jbo.common.JboResourceBundle"
   UseGlueCode="false" >
   <SQLQuery><![CDATA[
SELECT DECODE(:1 ,TO_NUMBER(TO_CHAR(:2 , xx00_currency_pkg.get_format_mask(:3 , 38)),xx00_currency_pkg.get_format_mask(:4 , 38))
                 ,TO_CHAR(:5 , xx00_currency_pkg.get_format_mask(:6 , 38)),TO_CHAR(:7 ) ) ITEM_AMOUNT_DR_DISP
      ,DECODE(:8 ,TO_NUMBER(TO_CHAR(:9 , xx00_currency_pkg.get_format_mask(:10, 38)),xx00_currency_pkg.get_format_mask(:11, 38))
                 ,TO_CHAR(:12, xx00_currency_pkg.get_format_mask(:13, 38)),TO_CHAR(:14) ) TAX_AMOUNT_DR_DISP
      ,DECODE(:15,TO_NUMBER(TO_CHAR(:16, xx00_currency_pkg.get_format_mask(:17, 38)),xx00_currency_pkg.get_format_mask(:18, 38))
                 ,TO_CHAR(:19, xx00_currency_pkg.get_format_mask(:20, 38)),TO_CHAR(:21) ) ENTERED_AMOUNT_DR_DISP
      ,DECODE(:22,TO_NUMBER(TO_CHAR(:23, xx00_currency_pkg.get_format_mask(:24, 38)),xx00_currency_pkg.get_format_mask(:25, 38))
                 ,TO_CHAR(:26, xx00_currency_pkg.get_format_mask(:27, 38)),TO_CHAR(:28) ) ACCOUNTED_AMOUNT_DR_DISP
      ,DECODE(:29,TO_NUMBER(TO_CHAR(:30, xx00_currency_pkg.get_format_mask(:31, 38)),xx00_currency_pkg.get_format_mask(:32, 38))
                 ,TO_CHAR(:33, xx00_currency_pkg.get_format_mask(:34, 38)),TO_CHAR(:35) ) ITEM_AMOUNT_CR_DISP
      ,DECODE(:36,TO_NUMBER(TO_CHAR(:37, xx00_currency_pkg.get_format_mask(:38, 38)),xx00_currency_pkg.get_format_mask(:39, 38))
                 ,TO_CHAR(:40, xx00_currency_pkg.get_format_mask(:41, 38)),TO_CHAR(:42) ) TAX_AMOUNT_CR_DISP
      ,DECODE(:43,TO_NUMBER(TO_CHAR(:44, xx00_currency_pkg.get_format_mask(:45, 38)),xx00_currency_pkg.get_format_mask(:46, 38))
                 ,TO_CHAR(:47, xx00_currency_pkg.get_format_mask(:48, 38)),TO_CHAR(:49) ) ENTERED_AMOUNT_CR_DISP
      ,DECODE(:50,TO_NUMBER(TO_CHAR(:51, xx00_currency_pkg.get_format_mask(:52, 38)),xx00_currency_pkg.get_format_mask(:53, 38))
                 ,TO_CHAR(:54, xx00_currency_pkg.get_format_mask(:55, 38)),TO_CHAR(:56) ) ACCOUNTED_AMOUNT_CR_DISP
FROM DUAL
   ]]></SQLQuery>
   <DesignTime>
      <Attr Name="_isCodegen" Value="true" />
      <Attr Name="_version" Value="9.0.3.13.88" />
      <Attr Name="_CodeGenFlagNew" Value="36" />
   </DesignTime>
   <ViewAttribute
      Name="ItemAmountDrDisp"
      IsPersistent="false"
      Precision="4000"
      Type="java.lang.String"
      ColumnType="VARCHAR2"
      AliasName="ITEM_AMOUNT_DR_DISP"
      Expression="ITEM_AMOUNT_DR_DISP"
      SQLType="VARCHAR" >
      <DesignTime>
         <Attr Name="_DisplaySize" Value="4000" />
      </DesignTime>
   </ViewAttribute>
   <ViewAttribute
      Name="TaxAmountDrDisp"
      IsPersistent="false"
      Precision="4000"
      Type="java.lang.String"
      ColumnType="VARCHAR2"
      AliasName="TAX_AMOUNT_DR_DISP"
      Expression="TAX_AMOUNT_DR_DISP"
      SQLType="VARCHAR" >
      <DesignTime>
         <Attr Name="_DisplaySize" Value="4000" />
      </DesignTime>
   </ViewAttribute>
   <ViewAttribute
      Name="EnteredAmountDrDisp"
      IsPersistent="false"
      Precision="4000"
      Type="java.lang.String"
      ColumnType="VARCHAR2"
      AliasName="ENTERED_AMOUNT_DR_DISP"
      Expression="ENTERED_AMOUNT_DR_DISP"
      SQLType="VARCHAR" >
      <DesignTime>
         <Attr Name="_DisplaySize" Value="4000" />
      </DesignTime>
   </ViewAttribute>
   <ViewAttribute
      Name="AccountedAmountDrDisp"
      IsPersistent="false"
      Precision="4000"
      Type="java.lang.String"
      ColumnType="VARCHAR2"
      AliasName="ACCOUNTED_AMOUNT_DR_DISP"
      Expression="ACCOUNTED_AMOUNT_DR_DISP"
      SQLType="VARCHAR" >
      <DesignTime>
         <Attr Name="_DisplaySize" Value="4000" />
      </DesignTime>
   </ViewAttribute>
   <ViewAttribute
      Name="ItemAmountCrDisp"
      IsPersistent="false"
      Precision="4000"
      Type="java.lang.String"
      ColumnType="VARCHAR2"
      AliasName="ITEM_AMOUNT_CR_DISP"
      Expression="ITEM_AMOUNT_CR_DISP"
      SQLType="VARCHAR" >
      <DesignTime>
         <Attr Name="_DisplaySize" Value="4000" />
      </DesignTime>
   </ViewAttribute>
   <ViewAttribute
      Name="TaxAmountCrDisp"
      IsPersistent="false"
      Precision="4000"
      Type="java.lang.String"
      ColumnType="VARCHAR2"
      AliasName="TAX_AMOUNT_CR_DISP"
      Expression="TAX_AMOUNT_CR_DISP"
      SQLType="VARCHAR" >
      <DesignTime>
         <Attr Name="_DisplaySize" Value="4000" />
      </DesignTime>
   </ViewAttribute>
   <ViewAttribute
      Name="EnteredAmountCrDisp"
      IsPersistent="false"
      Precision="4000"
      Type="java.lang.String"
      ColumnType="VARCHAR2"
      AliasName="ENTERED_AMOUNT_CR_DISP"
      Expression="ENTERED_AMOUNT_CR_DISP"
      SQLType="VARCHAR" >
      <DesignTime>
         <Attr Name="_DisplaySize" Value="4000" />
      </DesignTime>
   </ViewAttribute>
   <ViewAttribute
      Name="AccountedAmountCrDisp"
      IsPersistent="false"
      Precision="4000"
      Type="java.lang.String"
      ColumnType="VARCHAR2"
      AliasName="ACCOUNTED_AMOUNT_CR_DISP"
      Expression="ACCOUNTED_AMOUNT_CR_DISP"
      SQLType="VARCHAR" >
      <DesignTime>
         <Attr Name="_DisplaySize" Value="4000" />
      </DesignTime>
   </ViewAttribute>
</ViewObject>
