<?xml version = '1.0' encoding = 'UTF-8'?>
<!-- dbdrv: exec java oracle/jrad/tools/xml/importer XMLImporter.class java &phase=dat+24 checkfile:~PROD:~PATH:~FILE &fullpath:~PROD:~PATH:~FILE -username &un_apps -password &pw_apps -dbconnection &jdbc_db_addr  -userId "1" -rootPackage /oracle/apps/~PROD  -rootdir &fullpath:~PROD:mds:directory  -->
<page xmlns:jrad="http://xmlns.oracle.com/jrad" xmlns:oa="http://xmlns.oracle.com/oa" xmlns:ui="http://xmlns.oracle.com/uix/ui" version="9.0.3.8.12_1330" xml:lang="en-US" xmlns:user="http://xmlns.oracle.com/jrad/user" xmlns="http://xmlns.oracle.com/jrad" file-version="$Header$">
   <content>
      <oa:pageLayout id="PageLayotutRN" amDefName="oracle.apps.xx03.ar.input.server.Xx03ArInvoiceInputAM" windowTitle="部門入力 ヘッダー／明細 入力" title="売上請求" warnAboutChanges="true" controllerClass="oracle.apps.xx03.ar.acctmodify.webui.Xx03InvoiceAcctModifyCO">
         <ui:corporateBranding>
            <oa:image id="corporateBrandingImage" source="/OA_MEDIA/FNDSSCORP.gif"/>
         </ui:corporateBranding>
         <ui:productBranding>
            <oa:image id="ProdBrand" source="FNDHOMEBRAND.gif" shortDesc="Test"/>
         </ui:productBranding>
         <ui:contents>
            <oa:pageButtonBar id="PageButton">
               <ui:contents>
                  <oa:submitButton id="Save" use="/oracle/apps/fnd/attributesets/Buttons/Save" unvalidated="true" disabled="true"/>
                  <oa:submitButton id="CalculateTax" text="消費税再計算" prompt="消費税再計算" unvalidated="true" disabled="true"/>
                  <oa:submitButton id="Confirm" text="修正確認" prompt="修正確認" unvalidated="true"/>
                  <oa:submitButton id="Back" unvalidated="true" text="戻る" prompt="戻る" serverUnvalidated="true"/>
               </ui:contents>
            </oa:pageButtonBar>
            <oa:hideShowHeader id="SlipInfoHydeShowRN" text="申請情報" serverUnvalidated="true" unvalidated="true" styleClass="OraDataText">
               <ui:contents>
                  <oa:messageComponentLayout id="SlipInfoRN" rows="2">
                     <ui:contents>
                        <oa:messageStyledText id="ApproverPersonName" dataType="VARCHAR2" prompt="承認者" viewName="Xx03ReceivableSlipsVO1" viewAttr="ApproverPersonName" maximumLength="500" styleClass="OraFieldText" required="yes"/>
                        <oa:messageStyledText id="EntryDate" dataType="DATE" prompt="起票日" viewName="Xx03ReceivableSlipsVO1" viewAttr="EntryDate" styleClass="OraDataText" required="yes"/>
                        <oa:messageStyledText id="InputDept" dataType="VARCHAR2" prompt="起票部門" viewName="Xx03ReceivableSlipsVO1" viewAttr="EntryDepartment" styleClass="OraDataText" required="yes"/>
                        <oa:messageStyledText id="InputPerson" dataType="VARCHAR2" prompt="伝票入力者" viewName="Xx03ReceivableSlipsVO1" viewAttr="RequestorPersonName" styleClass="OraDataText" required="yes"/>
                        <oa:messageLayout id="messageLayout10">
                           <ui:contents>
                              <oa:formValue id="ReceivableId" dataType="NUMBER" prompt="索引番号" viewName="Xx03ReceivableSlipsVO1" viewAttr="ReceivableId"/>
                              <oa:formValue id="WfStatus" dataType="VARCHAR2" prompt="ステータス" viewName="Xx03ReceivableSlipsVO1" viewAttr="WfStatus"/>
                              <oa:formValue id="RequestKey" dataType="VARCHAR2" prompt="申請キー" viewName="Xx03ReceivableSlipsVO1" viewAttr="RequestKey"/>
                              <oa:formValue id="RequestorPersonId" dataType="NUMBER" prompt="申請者" viewName="Xx03ReceivableSlipsVO1" viewAttr="RequestorPersonId"/>
                              <oa:formValue id="RequestorPersonName" dataType="VARCHAR2" prompt="申請者名" viewName="Xx03ReceivableSlipsVO1" viewAttr="RequestorPersonName"/>
                              <oa:formValue id="ApproverPersonId" dataType="NUMBER" prompt="承認者" viewName="Xx03ReceivableSlipsVO1" viewAttr="ApproverPersonId"/>
                              <oa:formValue id="RequestDate" dataType="DATE" prompt="申請日" viewName="Xx03ReceivableSlipsVO1" viewAttr="RequestDate"/>
                              <oa:formValue id="ApprovalDate" dataType="DATE" prompt="承認日" viewName="Xx03ReceivableSlipsVO1" viewAttr="ApprovalDate"/>
                              <oa:formValue id="RejectionDate" dataType="DATE" prompt="却下日" viewName="Xx03ReceivableSlipsVO1" viewAttr="RejectionDate"/>
                              <oa:formValue id="AccountApproverPersonId" dataType="NUMBER" prompt="経理承認者" viewName="Xx03ReceivableSlipsVO1" viewAttr="AccountApproverPersonId"/>
                              <oa:formValue id="AccountApprovalDate" dataType="DATE" prompt="経理承認日" viewName="Xx03ReceivableSlipsVO1" viewAttr="AccountApprovalDate"/>
                              <oa:formValue id="ArForwordDate" dataType="DATE" prompt="AR転送日" viewName="Xx03ReceivableSlipsVO1" viewAttr="ArForwardDate"/>
                              <oa:formValue id="RecognitionClass" dataType="NUMBER" prompt="承認回数" viewName="Xx03ReceivableSlipsVO1" viewAttr="RecognitionClass"/>
                              <oa:formValue id="ApproverComments" dataType="VARCHAR2" prompt="承認コメント" viewName="Xx03ReceivableSlipsVO1" viewAttr="ApproverComments"/>
                              <oa:formValue id="RequestEnableFlag" dataType="VARCHAR2" prompt="申請可能フラグ" viewName="Xx03ReceivableSlipsVO1" viewAttr="RequestEnableFlag"/>
                              <oa:formValue id="AccountRevisionFlag" dataType="VARCHAR2" prompt="経理修正フラグ" viewName="Xx03ReceivableSlipsVO1" viewAttr="AccountRevisionFlag"/>
                              <oa:formValue id="EntryDepartment" dataType="VARCHAR2" prompt="起票部門" viewName="Xx03ReceivableSlipsVO1" viewAttr="EntryDepartment"/>
                              <oa:formValue id="EntryPersonId" dataType="NUMBER" prompt="伝票入力者" viewName="Xx03ReceivableSlipsVO1" viewAttr="EntryPersonId"/>
                              <oa:formValue id="AccountApprovalFlag" dataType="VARCHAR2" prompt="重点管理フラグ" viewName="Xx03ReceivableSlipsVO1" viewAttr="AccountApprovalFlag"/>
                              <oa:formValue id="OrgId" dataType="NUMBER" prompt="オルグID" viewName="Xx03ReceivableSlipsVO1" viewAttr="OrgId"/>
                              <oa:formValue id="SetOfBooksId" dataType="NUMBER" prompt="会計帳簿ID" viewName="Xx03ReceivableSlipsVO1" viewAttr="SetOfBooksId"/>
                              <oa:formValue id="CreatedBy" prompt="CreatedBy" viewName="Xx03ReceivableSlipsVO1" viewAttr="CreatedBy" dataType="NUMBER"/>
                              <oa:formValue id="CreationDate" dataType="DATE" prompt="CreationDate" viewName="Xx03ReceivableSlipsVO1" viewAttr="CreationDate"/>
                              <oa:formValue id="LastUpdatedBy" dataType="NUMBER" prompt="LastUpdatedBy" viewName="Xx03ReceivableSlipsVO1" viewAttr="LastUpdatedBy"/>
                              <oa:formValue id="LastUpdateDate" dataType="DATE" prompt="LastUpdateDate" viewName="Xx03ReceivableSlipsVO1" viewAttr="LastUpdateDate"/>
                              <oa:formValue id="LastUpdateLogin" dataType="NUMBER" prompt="LastUpdateLogin" viewName="Xx03ReceivableSlipsVO1" viewAttr="LastUpdateLogin"/>
                           </ui:contents>
                        </oa:messageLayout>
                     </ui:contents>
                  </oa:messageComponentLayout>
               </ui:contents>
            </oa:hideShowHeader>
            <oa:header id="SlipHeaderTitleRN" styleClass="OraDataText"/>
            <oa:messageComponentLayout id="SlipHeaderRN" columns="2" rows="9" width="80%">
               <ui:contents>
                  <oa:messageStyledText id="ReceivableNum" dataType="VARCHAR2" prompt="伝票番号" viewName="Xx03ReceivableSlipsVO1" viewAttr="ReceivableNum" maximumLength="50" styleClass="OraDataText"/>
                  <oa:messageLovInput id="TransactionTypeName" prompt="取引タイプ" maximumLength="500" viewName="Xx03ReceivableSlipsVO1" viewAttr="TransTypeName" externalListOfValues="/oracle/apps/xx03/lov/webui/Xx03TransactionTypesLovRN" required="yes" disabled="true">
                     <lovMappings>
                        <lovMap id="lovMap1001124" lovItem="TransactionTypeName" resultTo="TransactionTypeName" criteriaFrom="TransactionTypeName"/>
                        <lovMap id="lovMap1001125" lovItem="CustTrxTypeId" resultTo="TransactionTypeId"/>
                        <lovMap id="lovMap1001126" lovItem="LookupCode" criteriaFrom="SlipType" useForValidation="no"/>
                     </lovMappings>
                  </oa:messageLovInput>
                  <oa:messageLovInput id="Customer" prompt="顧客" maximumLength="500" viewName="Xx03ReceivableSlipsVO1" viewAttr="CustomerName" externalListOfValues="/oracle/apps/xx03/lov/webui/Xx03ArCustomerLovRN" required="yes" disabled="true">
                     <lovMappings>
                        <lovMap id="lovMap1001" lovItem="CustomerName" resultTo="Customer" criteriaFrom="Customer"/>
                        <lovMap id="lovMap1001113" lovItem="CustomerId" resultTo="CustomerId"/>
                        <lovMap id="lovMap1001114" lovItem="CustReceiptMethodId" resultTo="PaymentWayId" useForValidation="no"/>
                        <lovMap id="lovMap1001115" lovItem="ReceiptMethodName" resultTo="PaymentWay" useForValidation="no"/>
                        <lovMap id="lovMap1001116" lovItem="StandardTerms" resultTo="PaymentConditionId" useForValidation="no"/>
                        <lovMap id="lovMap1001117" lovItem="StandardTermsName" resultTo="PaymentCondition" useForValidation="no"/>
                        <lovMap id="lovMap1001133" lovItem="Attribute2" resultTo="FirstCustomerFlag" useForValidation="no"/>
                     </lovMappings>
                  </oa:messageLovInput>
                  <oa:messageLovInput id="CustomerLocation" prompt="顧客事業所" maximumLength="500" viewName="Xx03ReceivableSlipsVO1" viewAttr="CustomerOfficeName" externalListOfValues="/oracle/apps/xx03/lov/webui/Xx03ArCustSiteLovRN" required="yes" disabled="true">
                     <lovMappings>
                        <lovMap id="lovMap10011" lovItem="Location" resultTo="CustomerLocation" criteriaFrom="CustomerLocation"/>
                        <lovMap id="lovMap1001122" lovItem="AddressId" resultTo="CustomerLocationId"/>
                        <lovMap id="lovMap1001128" lovItem="CustReceiptMethodId" resultTo="PaymentWayId" useForValidation="no"/>
                        <lovMap id="lovMap1001129" lovItem="ReceiptMethodName" resultTo="PaymentWay" useForValidation="no"/>
                        <lovMap id="lovMap1001130" lovItem="StandardTerms" resultTo="PaymentConditionId" useForValidation="no"/>
                        <lovMap id="lovMap1001131" lovItem="StandardTermsName" resultTo="PaymentCondition" useForValidation="no"/>
                        <lovMap id="lovMap1001132" lovItem="CustomerId" criteriaFrom="CustomerId" useForValidation="no" requiredForLOV="true"/>
                     </lovMappings>
                  </oa:messageLovInput>
                  <oa:messageTextInput id="InvoiceDate" dataType="DATE" prompt="請求書日付" viewName="Xx03ReceivableSlipsVO1" viewAttr="InvoiceDate" styleClass="OraFieldText" required="yes" disabled="true"/>
                  <oa:messageTextInput id="Description" dataType="VARCHAR2" prompt="備考" viewName="Xx03ReceivableSlipsVO1" viewAttr="Description" maximumLength="240" styleClass="OraFieldText" rows="4" disabled="true"/>
                  <oa:messageStyledText id="space1" prompt=""/>
                  <oa:messageStyledText id="space2" prompt=""/>
                  <oa:messageStyledText id="space3" prompt=""/>
                  <oa:messageStyledText id="space4" prompt=""/>
                  <oa:messageStyledText id="space5" prompt=""/>
                  <oa:messageStyledText id="OrigReceivableNum" dataType="VARCHAR2" prompt="修正元伝票番号" viewName="Xx03ReceivableSlipsVO1" viewAttr="OrigInvoiceNum" maximumLength="150" styleClass="OraDataText"/>
                  <oa:messageTextInput id="GlDate" dataType="DATE" prompt="計上日" viewName="Xx03ReceivableSlipsVO1" viewAttr="GlDate" styleClass="OraFieldText" required="yes" disabled="true"/>
                  <oa:messageLovInput id="PaymentWay" prompt="支払方法" maximumLength="250" viewName="Xx03ReceivableSlipsVO1" viewAttr="ReceiptMethodName" externalListOfValues="/oracle/apps/xx03/lov/webui/Xx03ReceiptMethodLovRN" required="no" disabled="true">
                     <lovMappings>
                        <lovMap id="lovMap100111" lovItem="ReceiptName" resultTo="PaymentWay" criteriaFrom="PaymentWay"/>
                        <lovMap id="lovMap1001118" lovItem="BatchSourceId" resultTo="PaymentWayId"/>
                        <lovMap id="lovMap1001135" lovItem="CurrencyCode" criteriaFrom="InvoiceCurrencyCodeForPaymentWay" requiredForLOV="true"/>
                     </lovMappings>
                  </oa:messageLovInput>
                  <oa:messageLovInput id="PaymentCondition" prompt="支払条件" maximumLength="500" viewName="Xx03ReceivableSlipsVO1" viewAttr="TermsName" externalListOfValues="/oracle/apps/xx03/lov/webui/Xx03TermsLovRN" required="yes" disabled="true">
                     <lovMappings>
                        <lovMap id="lovMap1001111" lovItem="TermsName" resultTo="PaymentCondition" criteriaFrom="PaymentCondition"/>
                        <lovMap id="lovMap1001127" lovItem="Termsid" resultTo="PaymentConditionId"/>
                     </lovMappings>
                  </oa:messageLovInput>
                  <oa:messageTextInput id="PaymentDueDate" prompt="支払期日" viewName="Xx03ReceivableSlipsVO1" viewAttr="PaymentScheduledDate" readOnly="true" disabled="false"/>
                  <oa:messageLovInput id="InvoiceCurrencyCode" dataType="VARCHAR2" prompt="通貨" viewName="Xx03ReceivableSlipsVO1" viewAttr="InvoiceCurrencyCode" maximumLength="15" externalListOfValues="/oracle/apps/xx03/lov/webui/Xx03CurrenciesLovRN" styleClass="OraFieldText" required="yes" disabled="true">
                     <lovMappings>
                        <lovMap id="lovMap4" lovItem="CurrencyCode" resultTo="InvoiceCurrencyCode" criteriaFrom="InvoiceCurrencyCode"/>
                     </lovMappings>
                  </oa:messageLovInput>
                  <oa:messageLovInput id="ExchangeRateTypeName" dataType="VARCHAR2" prompt="レートタイプ" viewName="Xx03ReceivableSlipsVO1" viewAttr="ExchangeRateTypeName" maximumLength="30" externalListOfValues="/oracle/apps/xx03/lov/webui/Xx03ConversionTypesLovRN" styleClass="OraFieldText" disabled="true">
                     <lovMappings>
                        <lovMap id="lovMap5" lovItem="UserConversionType" resultTo="ExchangeRateTypeName" criteriaFrom="ExchangeRateTypeName"/>
                        <lovMap id="lovMap8" lovItem="ConversionType" resultTo="ExchangeRateType"/>
                        <lovMap id="lovMap9" lovItem="ConversionRate" resultTo="ExchangeRate" useForValidation="no"/>
                     </lovMappings>
                  </oa:messageLovInput>
                  <oa:messageTextInput id="ExchangeRate" dataType="NUMBER" prompt="レート" viewName="Xx03ReceivableSlipsVO1" viewAttr="ExchangeRate" styleClass="OraFieldText" readOnly="false" maximumLength="38" disabled="true"/>
                  <oa:messageLovInput id="CommitmentNumber" dataType="VARCHAR2" prompt="前受金充当番号" viewName="Xx03ReceivableSlipsVO1" viewAttr="CommitmentNumber" externalListOfValues="/oracle/apps/xx03/lov/webui/Xx03CommitmentNumberLovRN" styleClass="OraFieldText" maximumLength="20" readOnly="false" disabled="true">
                     <lovMappings>
                        <lovMap id="lovMap52" lovItem="TrxNumber" resultTo="CommitmentNumber" criteriaFrom="CommitmentNumber"/>
                        <lovMap id="lovMap81" lovItem="CommitmentAmount" resultTo="CommitmentAmount"/>
                     </lovMappings>
                  </oa:messageLovInput>
                  <oa:messageLayout id="messageLayout9">
                     <ui:contents>
                        <oa:formValue id="TransactionTypeId" dataType="NUMBER" viewName="Xx03ReceivableSlipsVO1" viewAttr="TransTypeId"/>
                        <oa:formValue id="CustomerId" dataType="NUMBER" viewName="Xx03ReceivableSlipsVO1" viewAttr="CustomerId" prompt="顧客"/>
                        <oa:formValue id="CustomerLocationId" dataType="NUMBER" viewName="Xx03ReceivableSlipsVO1" viewAttr="CustomerOfficeId"/>
                        <oa:formValue id="PaymentWayId" dataType="NUMBER" viewName="Xx03ReceivableSlipsVO1" viewAttr="ReceiptMethodId"/>
                        <oa:formValue id="PaymentConditionId" dataType="NUMBER" viewName="Xx03ReceivableSlipsVO1" viewAttr="TermsId"/>
                        <oa:formValue id="ExchangeRateType" dataType="VARCHAR2" prompt="レートタイプコード" viewName="Xx03ReceivableSlipsVO1" viewAttr="ExchangeRateType"/>
                        <oa:formValue id="SlipType" dataType="VARCHAR2" prompt="伝票種別コード" viewName="Xx03ReceivableSlipsVO1" viewAttr="SlipType"/>
                        <oa:formValue id="AutoTaxCalcFlag" dataType="VARCHAR2" prompt="消費税自動計算レベル" viewName="Xx03ReceivableSlipsVO1" viewAttr="AutoTaxCalcFlag"/>
                        <oa:formValue id="TaxRoundingRule" dataType="VARCHAR2" prompt="消費税端数処理" viewName="Xx03ReceivableSlipsVO1" viewAttr="TaxRoundingRule"/>
                        <oa:formValue id="FirstCustomerFlag" prompt="一見顧客区分" viewName="Xx03ReceivableSlipsVO1" viewAttr="FirstCustomerFlag"/>
                        <oa:formValue id="CommitmentAmount" dataType="NUMBER" viewName="Xx03ReceivableSlipsVO1" viewAttr="CommitmentAmount" prompt="前受金充当残高"/>
                        <oa:formValue id="InvoiceCurrencyCodeForPaymentWay" viewName="Xx03ReceivableSlipsVO1" viewAttr="InvoiceCurrencyCode" prompt="通貨"/>
                        <oa:formValue id="TotalInvoiceAmount" dataType="NUMBER" prompt="請求金額" viewName="Xx03ReceivableSlipsVO1" viewAttr="InvAccountedAmount"/>
                        <oa:formValue id="TotalBodyAmount" dataType="NUMBER" prompt="本体金額" viewName="Xx03ReceivableSlipsVO1" viewAttr="InvItemAmount"/>
                        <oa:formValue id="TotalTaxAmount" dataType="NUMBER" prompt="消費税額" viewName="Xx03ReceivableSlipsVO1" viewAttr="InvTaxAmount"/>
                        <oa:formValue id="TotalAssignAmount" dataType="NUMBER" prompt="充当金額" viewName="Xx03ReceivableSlipsVO1" viewAttr="InvPrepayAmount"/>
                        <oa:formValue id="TotalBaseAmount" dataType="NUMBER" prompt="換算前合計金額" viewName="Xx03ReceivableSlipsVO1" viewAttr="InvAmount" rendered="false"/>
                     </ui:contents>
                  </oa:messageLayout>
               </ui:contents>
            </oa:messageComponentLayout>
            <oa:flowLayout id="SlipHeaderButtonRN">
               <ui:contents>
                  <oa:submitButton id="FirstCustomerInput" text="一見顧客入力" prompt="一見顧客入力" unvalidated="true"/>
                  <oa:submitButton id="PrePaidMoney" text="前受金" prompt="前受金" unvalidated="true" disabled="false"/>
               </ui:contents>
            </oa:flowLayout>
            <oa:header id="SlipSummaryTitleRN" text="合計金額" styleClass="OraDataText"/>
            <oa:messageComponentLayout id="SlipSummaryRN" columns="2" rows="3">
               <ui:contents>
                  <oa:messageStyledText id="DispTotalInvoiceAmount" dataType="VARCHAR2" prompt="請求金額" viewName="Xx03ReceivableSlipsVO1" viewAttr="DispInvAmount" styleClass="OraDataText" maximumLength="38" required="no"/>
                  <oa:messageStyledText id="DispTotalBodyAmount" dataType="VARCHAR2" prompt="本体金額" viewName="Xx03ReceivableSlipsVO1" viewAttr="DispInvItemAmount" styleClass="OraDataText" maximumLength="38" required="no"/>
                  <oa:messageStyledText id="DispTotalTaxAmount" dataType="VARCHAR2" prompt="消費税額" viewName="Xx03ReceivableSlipsVO1" viewAttr="DispInvTaxAmount" styleClass="OraDataText" maximumLength="38" required="no"/>
                  <oa:messageStyledText id="DispTotalAssignAmount" dataType="VARCHAR2" prompt="充当金額" viewName="Xx03ReceivableSlipsVO1" viewAttr="DispInvPrepayAmount" styleClass="OraDataText" maximumLength="38" required="no"/>
                  <oa:messageStyledText id="DispTotalBaseAmount" dataType="VARCHAR2" prompt="換算前合計金額" viewName="Xx03ReceivableSlipsVO1" viewAttr="DispInvAmount" styleClass="OraDataText" maximumLength="38" required="no" rendered="false"/>
               </ui:contents>
            </oa:messageComponentLayout>
            <oa:flowLayout id="SlipSummaryButtonRN">
               <ui:contents>
                  <oa:submitButton id="Recalculate" text="再計算" prompt="再計算" unvalidated="true" disabled="true"/>
               </ui:contents>
            </oa:flowLayout>
            <oa:header id="SlipLineTitleRN" text="仕訳明細" styleClass="OraDataText"/>
            <oa:subTabLayout id="InvoiceLineRN">
               <ui:contents>
                  <oa:advancedTable id="InvoiceLinesDetailRN" viewName="Xx03ReceivableSlipsLineVO1" blockSize="5">
                     <ui:contents>
                        <oa:column id="column1">
                           <ui:columnHeader>
                              <oa:sortableHeader id="sortableHeader1" prompt="No" initSortSeq="first"/>
                           </ui:columnHeader>
                           <ui:contents>
                              <oa:messageComponentLayout id="region1">
                                 <ui:contents>
                                    <oa:messageStyledText id="LineNumber" dataType="NUMBER" viewAttr="LineNumber" maximumLength="15" selectiveSearchCriteria="true" serverUnvalidated="true" sortState="yes" initSortSeq="first" vAlign="top" styleClass="OraDataText"/>
                                 </ui:contents>
                              </oa:messageComponentLayout>
                           </ui:contents>
                        </oa:column>
                        <oa:column id="column2">
                           <ui:columnHeader/>
                           <ui:contents>
                              <oa:messageComponentLayout id="region2">
                                 <ui:contents>
                                    <oa:messageLovInput id="InvoiceContent" dataType="VARCHAR2" prompt="請求内容" maximumLength="500" externalListOfValues="/oracle/apps/xx03/lov/webui/Xx03ArLinesLovRN" viewAttr="SlipLineTypeName" vAlign="top" styleClass="OraFieldText" required="yes" disabled="true">
                                       <lovMappings>
                                          <lovMap id="lovMap10" lovItem="MemoLineName" resultTo="InvoiceContent" criteriaFrom="InvoiceContent"/>
                                          <lovMap id="lovMap11" lovItem="MemoLineId" resultTo="InvoiceContentId"/>
                                          <lovMap id="lovMap1001120" lovItem="UomCode" resultTo="UomCode" useForValidation="no"/>
                                          <lovMap id="lovMap1001123" lovItem="Attribute1" criteriaFrom="SlipType" useForValidation="no"/>
                                       </lovMappings>
                                    </oa:messageLovInput>
                                    <oa:messageLovInput id="UomCode" dataType="VARCHAR2" prompt="単位" viewAttr="SlipLineUomName" maximumLength="25" externalListOfValues="/oracle/apps/xx03/lov/webui/Xx03UnitsOfMersureLovRN" vAlign="top" styleClass="OraFieldText" disabled="true">
                                       <lovMappings>
                                          <lovMap id="lovMap12" lovItem="UnitOfMeasure" resultTo="UomCode" criteriaFrom="UomCode"/>
                                          <lovMap id="lovMap13" lovItem="UomCode" resultTo="UomId"/>
                                       </lovMappings>
                                    </oa:messageLovInput>
                                    <oa:messageTextInput id="Quantity" dataType="NUMBER" prompt="数量" viewAttr="SlipLineQuantity" vAlign="top" styleClass="OraFieldText" required="yes" maximumLength="20" disabled="true"/>
                                    <oa:messageTextInput id="UnitPrice" dataType="NUMBER" prompt="単価" viewAttr="SlipLineUnitPrice" vAlign="top" styleClass="OraFieldText" required="yes" maximumLength="20" disabled="true"/>
                                 </ui:contents>
                              </oa:messageComponentLayout>
                           </ui:contents>
                        </oa:column>
                        <oa:column id="column3">
                           <ui:columnHeader/>
                           <ui:contents>
                              <oa:messageComponentLayout id="region3">
                                 <ui:contents>
                                    <oa:messageTextInput id="EnteredAmount" dataType="NUMBER" prompt="入力金額" viewAttr="SlipLineEnteredAmount" vAlign="top" styleClass="OraFieldText" required="yes" maximumLength="13" disabled="true"/>
                                    <oa:messageLovInput id="TaxName" dataType="VARCHAR2" prompt="税区分" viewAttr="TaxName" maximumLength="500" externalListOfValues="/oracle/apps/xx03/lov/webui/Xx03TaxClassLovRN" vAlign="top" styleClass="OraFieldText" required="yes" disabled="true">
                                       <lovMappings>
                                          <lovMap id="lovMap23" lovItem="TaxType" resultTo="TaxName" criteriaFrom="TaxName"/>
                                          <lovMap id="lovMap24" lovItem="TaxCode" resultTo="TaxCode"/>
                                          <lovMap id="lovMap1001134" lovItem="VatTaxId" resultTo="TaxId"/>
                                       </lovMappings>
                                    </oa:messageLovInput>
                                    <oa:messageCheckBox id="IncludesTaxFlag" dataType="VARCHAR2" prompt="内税" viewAttr="AmountIncludesTaxFlag" vAlign="top" styleClass="OraFieldText" disabled="true"/>
                                    <oa:messageTextInput id="ItemAmount" dataType="NUMBER" prompt="本体金額" viewAttr="EnteredItemAmount" vAlign="top" styleClass="OraFieldText" required="yes" maximumLength="13" disabled="true"/>
                                 </ui:contents>
                              </oa:messageComponentLayout>
                           </ui:contents>
                        </oa:column>
                        <oa:column id="column4">
                           <ui:columnHeader/>
                           <ui:contents>
                              <oa:messageComponentLayout id="region4">
                                 <ui:contents>
                                    <oa:messageTextInput id="TaxAmount" dataType="NUMBER" prompt="消費税額" viewAttr="EnteredTaxAmount" styleClass="OraFieldText" required="yes" maximumLength="13" disabled="true"/>
                                    <oa:messageTextInput id="RecieptNo" dataType="VARCHAR2" prompt="納品書番号" viewAttr="SlipLineRecieptNo" styleClass="OraFieldText" maximumLength="50" disabled="true"/>
                                    <oa:messageTextInput id="SlipDescription" dataType="VARCHAR2" prompt="備考" viewAttr="SlipDescription" translatableDefaultValue="" styleClass="OraFieldText" columns="17" maximumLength="240" rows="2" disabled="true"/>
                                 </ui:contents>
                              </oa:messageComponentLayout>
                           </ui:contents>
                        </oa:column>
                        <oa:formValue id="ReceivableLineId" dataType="NUMBER" prompt="伝票明細ID" viewAttr="ReceivableLineId"/>
                        <oa:formValue id="ReceivableId1" dataType="NUMBER" prompt="伝票ID" viewAttr="ReceivableId"/>
                        <oa:formValue id="OrgId1" dataType="NUMBER" prompt="オルグID" viewAttr="OrgId"/>
                        <oa:formValue id="CreatedBy1" dataType="NUMBER" prompt="CreatedBy" viewAttr="CreatedBy"/>
                        <oa:formValue id="CreationDate1" dataType="DATE" prompt="CreationDate" viewAttr="CreationDate"/>
                        <oa:formValue id="LastUpdatedBy1" dataType="NUMBER" prompt="LastUpdatedBy" viewAttr="LastUpdatedBy"/>
                        <oa:formValue id="LastUpdateDate1" dataType="DATE" prompt="LastUpdateDate" viewAttr="LastUpdateDate"/>
                        <oa:formValue id="LastUpdateLogin1" dataType="NUMBER" prompt="LastUpdateLogin" viewAttr="LastUpdateLogin"/>
                        <oa:formValue id="InvoiceContentId" viewAttr="SlipLineType" dataType="NUMBER"/>
                        <oa:formValue id="UomId" viewAttr="SlipLineUom" dataType="VARCHAR2"/>
                        <oa:formValue id="TaxCode" viewAttr="TaxCode" dataType="VARCHAR2"/>
                        <oa:formValue id="TaxId" viewAttr="TaxId"/>
                     </ui:contents>
                     <ui:tableActions>
                        <oa:flowLayout id="region5">
                           <ui:contents>
                              <oa:submitButton id="CopyLine" text="明細コピー" prompt="明細コピー" unvalidated="true" disabled="true"/>
                              <oa:submitButton id="DeleteLine" text="明細削除" prompt="明細削除" unvalidated="true" disabled="true"/>
                              <oa:submitButton id="AutoAccounting" text="自動会計" prompt="自動会計" disabled="true" unvalidated="true" serverUnvalidated="true"/>
                           </ui:contents>
                        </oa:flowLayout>
                     </ui:tableActions>
                     <ui:footer>
                        <oa:tableFooter id="tableFooter1">
                           <ui:contents>
                              <oa:submitButton id="AddLine" text="行追加" prompt="行追加" unvalidated="true" disabled="true"/>
                           </ui:contents>
                        </oa:tableFooter>
                     </ui:footer>
                  </oa:advancedTable>
                  <oa:advancedTable id="InvoiceLinesJournalRN" blockSize="5" viewName="Xx03ReceivableSlipsLineVO1">
                     <ui:contents>
                        <oa:column id="column5">
                           <ui:columnHeader/>
                           <ui:contents>
                              <oa:messageComponentLayout id="region6">
                                 <ui:contents>
                                    <oa:messageStyledText id="LineNumber1" dataType="NUMBER" viewAttr="LineNumber" maximumLength="15" styleClass="OraDataText"/>
                                    <oa:messageLayout id="messageLayout5"/>
                                 </ui:contents>
                              </oa:messageComponentLayout>
                           </ui:contents>
                        </oa:column>
                        <oa:column id="column6">
                           <ui:columnHeader/>
                           <ui:contents>
                              <oa:messageComponentLayout id="region7">
                                 <ui:contents>
                                    <oa:messageLovInput id="Segment1Name1" dataType="VARCHAR2" prompt="" viewAttr="Segment1Name" maximumLength="150" externalListOfValues="/oracle/apps/xx03/lov/webui/Xx03CompaniesLovRN" styleClass="OraFieldText" required="yes">
                                       <lovMappings>
                                          <lovMap id="lovMap32" lovItem="CompaniesCol" resultTo="Segment1Name1" criteriaFrom="Segment1Name1"/>
                                          <lovMap id="lovMap33" lovItem="FlexValue" resultTo="Segment11"/>
                                       </lovMappings>
                                    </oa:messageLovInput>
                                    <oa:messageLovInput id="Segment2Name1" dataType="VARCHAR2" prompt="" viewAttr="Segment2Name" maximumLength="150" externalListOfValues="/oracle/apps/xx03/lov/webui/Xx03DepartmentsLovRN" styleClass="OraFieldText" required="yes">
                                       <lovMappings>
                                          <lovMap id="lovMap34" lovItem="DepartmentsCol" resultTo="Segment2Name1" criteriaFrom="Segment2Name1"/>
                                          <lovMap id="lovMap35" lovItem="FlexValue" resultTo="Segment21"/>
                                       </lovMappings>
                                    </oa:messageLovInput>
                                    <oa:messageLovInput id="Segment3Name1" dataType="VARCHAR2" prompt="" viewAttr="Segment3Name" maximumLength="150" externalListOfValues="/oracle/apps/xx03/lov/webui/Xx03AccountsAllLovRN" styleClass="OraFieldText" required="yes">
                                       <lovMappings>
                                          <lovMap id="lovMap36" lovItem="AccountsCol" resultTo="Segment3Name1" criteriaFrom="Segment3Name1"/>
                                          <lovMap id="lovMap37" lovItem="FlexValue" resultTo="Segment31"/>
                                       </lovMappings>
                                    </oa:messageLovInput>
                                    <oa:messageLovInput id="Segment4Name1" dataType="VARCHAR2" prompt="" viewAttr="Segment4Name" maximumLength="150" externalListOfValues="/oracle/apps/xx03/lov/webui/Xx03SubAccountsLovRN" styleClass="OraFieldText" required="yes">
                                       <lovMappings>
                                          <lovMap id="lovMap38" lovItem="SubAccountsCol" resultTo="Segment4Name1" criteriaFrom="Segment4Name1"/>
                                          <lovMap id="lovMap39" lovItem="FlexValue" resultTo="Segment41"/>
                                          <lovMap id="lovMap40" lovItem="ParentFlexValueLow" criteriaFrom="Segment31" useForValidation="no" requiredForLOV="true" programmaticQuery="true"/>
                                          <lovMap id="lovMap401" lovItem="ParentFlexValueLow" criteriaFrom="Segment31" useForValidation="no"/>
                                       </lovMappings>
                                    </oa:messageLovInput>
                                    <oa:messageLayout id="messageLayout6">
                                       <ui:contents>
                                          <oa:formValue id="Segment11" dataType="VARCHAR2" prompt="Segment1" viewAttr="Segment1"/>
                                          <oa:formValue id="Segment21" dataType="VARCHAR2" prompt="Segment2" viewAttr="Segment2"/>
                                          <oa:formValue id="Segment31" dataType="VARCHAR2" prompt="Segment3" viewAttr="Segment3"/>
                                          <oa:formValue id="Segment41" dataType="VARCHAR2" prompt="Segment4" viewAttr="Segment4"/>
                                       </ui:contents>
                                    </oa:messageLayout>
                                 </ui:contents>
                              </oa:messageComponentLayout>
                           </ui:contents>
                        </oa:column>
                        <oa:column id="column7">
                           <ui:columnHeader/>
                           <ui:contents>
                              <oa:messageComponentLayout id="region8">
                                 <ui:contents>
                                    <oa:messageLovInput id="Segment5Name1" dataType="VARCHAR2" prompt="" viewAttr="Segment5Name" maximumLength="150" externalListOfValues="/oracle/apps/xx03/lov/webui/Xx03PartnersLovRN" styleClass="OraFieldText" required="yes">
                                       <lovMappings>
                                          <lovMap id="lovMap41" lovItem="PartnersCol" resultTo="Segment5Name1" criteriaFrom="Segment5Name1"/>
                                          <lovMap id="lovMap42" lovItem="FlexValue" resultTo="Segment51"/>
                                       </lovMappings>
                                    </oa:messageLovInput>
                                    <oa:messageLovInput id="Segment6Name1" dataType="VARCHAR2" prompt="" viewAttr="Segment6Name" maximumLength="150" externalListOfValues="/oracle/apps/xx03/lov/webui/Xx03BusinessTypesLovRN" styleClass="OraFieldText" required="yes">
                                       <lovMappings>
                                          <lovMap id="lovMap43" lovItem="BusinessTypesCol" resultTo="Segment6Name1" criteriaFrom="Segment6Name1"/>
                                          <lovMap id="lovMap44" lovItem="FlexValue" resultTo="Segment61"/>
                                       </lovMappings>
                                    </oa:messageLovInput>
                                    <oa:messageLovInput id="Segment7Name1" dataType="VARCHAR2" prompt="" viewAttr="Segment7Name" maximumLength="150" externalListOfValues="/oracle/apps/xx03/lov/webui/Xx03ProjectsLovRN" styleClass="OraFieldText" required="yes">
                                       <lovMappings>
                                          <lovMap id="lovMap45" lovItem="ProjectsCol" resultTo="Segment7Name1" criteriaFrom="Segment7Name1"/>
                                          <lovMap id="lovMap46" lovItem="FlexValue" resultTo="Segment71"/>
                                       </lovMappings>
                                    </oa:messageLovInput>
                                    <oa:messageLovInput id="Segment8Name1" dataType="VARCHAR2" prompt="" viewAttr="Segment8Name" maximumLength="150" externalListOfValues="/oracle/apps/xx03/lov/webui/Xx03FuturesLovRN" styleClass="OraFieldText" required="yes">
                                       <lovMappings>
                                          <lovMap id="lovMap47" lovItem="FuturesCol" resultTo="Segment8Name1" criteriaFrom="Segment8Name1"/>
                                          <lovMap id="lovMap48" lovItem="FlexValue" resultTo="Segment81"/>
                                       </lovMappings>
                                    </oa:messageLovInput>
                                    <oa:messageLayout id="messageLayout7">
                                       <ui:contents>
                                          <oa:formValue id="Segment51" dataType="VARCHAR2" prompt="Segment5" viewAttr="Segment5"/>
                                          <oa:formValue id="Segment61" dataType="VARCHAR2" prompt="Segment6" viewAttr="Segment6"/>
                                          <oa:formValue id="Segment71" dataType="VARCHAR2" prompt="Segment7" viewAttr="Segment7"/>
                                          <oa:formValue id="Segment81" dataType="VARCHAR2" prompt="Segment8" viewAttr="Segment8"/>
                                       </ui:contents>
                                    </oa:messageLayout>
                                 </ui:contents>
                              </oa:messageComponentLayout>
                           </ui:contents>
                        </oa:column>
                        <oa:column id="column8">
                           <ui:columnHeader/>
                           <ui:contents>
                              <oa:messageComponentLayout id="region9">
                                 <ui:contents>
                                    <oa:messageLovInput id="IncrDecrReasonName1" dataType="VARCHAR2" prompt="増減事由" viewAttr="IncrDecrReasonName" maximumLength="150" externalListOfValues="/oracle/apps/xx03/lov/webui/Xx03IncrDecrReasonsLovRN" styleClass="OraFieldText">
                                       <lovMappings>
                                          <lovMap id="lovMap49" lovItem="IncrDecrReasonsCol" resultTo="IncrDecrReasonName1" criteriaFrom="IncrDecrReasonName1"/>
                                          <lovMap id="lovMap50" lovItem="FlexValue" resultTo="IncrDecrReasonCode1"/>
                                          <lovMap id="lovMap51" lovItem="ParentFlexValueLow" criteriaFrom="Segment31" useForValidation="no"/>
                                       </lovMappings>
                                    </oa:messageLovInput>
                                    <oa:messageTextInput id="ReconReference1" dataType="VARCHAR2" prompt="消込参照" viewAttr="ReconReference" maximumLength="150" styleClass="OraFieldText"/>
                                    <oa:messageTextInput id="JournalDescription1" prompt="備考" rows="3" viewAttr="JournalDescription" maximumLength="240" disabled="true"/>
                                    <oa:messageLayout id="messageLayout8">
                                       <ui:contents>
                                          <oa:formValue id="IncrDecrReasonCode1" dataType="VARCHAR2" prompt="IncrDecrReasonCode" viewAttr="IncrDecrReasonCode"/>
                                       </ui:contents>
                                    </oa:messageLayout>
                                 </ui:contents>
                              </oa:messageComponentLayout>
                           </ui:contents>
                        </oa:column>
                     </ui:contents>
                  </oa:advancedTable>
               </ui:contents>
               <ui:subTabs>
                  <oa:subTabBar id="subTabBar1">
                     <ui:contents>
                        <oa:link id="InvoiceLinesDetailLink" text="請求明細" serverUnvalidated="true"/>
                        <oa:link id="InvoiceLinesJournalLink" text="仕訳" serverUnvalidated="true"/>
                     </ui:contents>
                  </oa:subTabBar>
               </ui:subTabs>
            </oa:subTabLayout>
         </ui:contents>
      </oa:pageLayout>
   </content>
</page>
