<?xml version="1.0" encoding='Windows-31J'?>
<!DOCTYPE ViewObject SYSTEM "jbo_03_01.dtd">

<ViewObject
   Name="XxcsoPvDefUpdDfltFlgVO"
   OrderBy="view_Id"
   BindingStyle="Oracle"
   CustomQuery="true"
   RowClass="itoen.oracle.apps.xxcso.xxcso012001j.server.XxcsoPvDefUpdDfltFlgVORowImpl"
   ComponentClass="itoen.oracle.apps.xxcso.xxcso012001j.server.XxcsoPvDefUpdDfltFlgVOImpl"
   MsgBundleClass="oracle.jbo.common.JboResourceBundle"
   UseGlueCode="false" >
   <SQLQuery><![CDATA[
SELECT  XxcsoPvDefEO.VIEW_ID
       ,XxcsoPvDefEO.VIEW_NAME
       ,XxcsoPvDefEO.VIEW_SIZE
       ,XxcsoPvDefEO.DEFAULT_FLAG
       ,XxcsoPvDefEO.VIEW_OPEN_CODE
       ,XxcsoPvDefEO.DESCRIPTION
       ,XxcsoPvDefEO.EXTRACT_PATTERN_CODE
       ,XxcsoPvDefEO.CREATED_BY
       ,XxcsoPvDefEO.CREATION_DATE
       ,XxcsoPvDefEO.LAST_UPDATED_BY
       ,XxcsoPvDefEO.LAST_UPDATE_DATE
       ,XxcsoPvDefEO.LAST_UPDATE_LOGIN
       ,XxcsoPvDefEO.REQUEST_ID
       ,XxcsoPvDefEO.PROGRAM_APPLICATION_ID
       ,XxcsoPvDefEO.PROGRAM_ID
       ,XxcsoPvDefEO.PROGRAM_UPDATE_DATE
FROM    XXCSO_PV_DEF XxcsoPvDefEO
WHERE   XxcsoPvDefEO.default_flag = 'Y'
  AND   XxcsoPvDefEO.created_by = FND_GLOBAL.user_id
  AND   (
          (
            :1 IS NOT NULL AND XxcsoPvDefEO.view_id != :2
          )
          OR
          (
            :3 IS NULL AND 1 = 1
          )
        )
   ]]></SQLQuery>
   <DesignTime>
      <Attr Name="_isCodegen" Value="true" />
      <Attr Name="_version" Value="9.0.3.14.00" />
      <Attr Name="_CodeGenFlagNew" Value="36" />
   </DesignTime>
   <EntityUsage
      Name="XxcsoPvDefEO"
      Entity="itoen.oracle.apps.xxcso.common.schema.server.XxcsoPvDefEO" >
      <DesignTime>
         <Attr Name="_queryClause" Value="false" />
      </DesignTime>
   </EntityUsage>
   <ViewAttribute
      Name="ViewId"
      IsNotNull="true"
      EntityAttrName="ViewId"
      EntityUsage="XxcsoPvDefEO"
      AliasName="VIEW_ID" >
   </ViewAttribute>
   <ViewAttribute
      Name="ViewName"
      Precision="100"
      EntityAttrName="ViewName"
      EntityUsage="XxcsoPvDefEO"
      AliasName="VIEW_NAME" >
   </ViewAttribute>
   <ViewAttribute
      Name="ViewSize"
      Precision="30"
      EntityAttrName="ViewSize"
      EntityUsage="XxcsoPvDefEO"
      AliasName="VIEW_SIZE" >
   </ViewAttribute>
   <ViewAttribute
      Name="DefaultFlag"
      Precision="1"
      EntityAttrName="DefaultFlag"
      EntityUsage="XxcsoPvDefEO"
      AliasName="DEFAULT_FLAG" >
   </ViewAttribute>
   <ViewAttribute
      Name="ViewOpenCode"
      Precision="30"
      EntityAttrName="ViewOpenCode"
      EntityUsage="XxcsoPvDefEO"
      AliasName="VIEW_OPEN_CODE" >
   </ViewAttribute>
   <ViewAttribute
      Name="Description"
      Precision="300"
      EntityAttrName="Description"
      EntityUsage="XxcsoPvDefEO"
      AliasName="DESCRIPTION" >
   </ViewAttribute>
   <ViewAttribute
      Name="ExtractPatternCode"
      Precision="30"
      EntityAttrName="ExtractPatternCode"
      EntityUsage="XxcsoPvDefEO"
      AliasName="EXTRACT_PATTERN_CODE" >
   </ViewAttribute>
   <ViewAttribute
      Name="CreatedBy"
      IsNotNull="true"
      Precision="15"
      Scale="0"
      EntityAttrName="CreatedBy"
      EntityUsage="XxcsoPvDefEO"
      AliasName="CREATED_BY" >
   </ViewAttribute>
   <ViewAttribute
      Name="CreationDate"
      IsNotNull="true"
      EntityAttrName="CreationDate"
      EntityUsage="XxcsoPvDefEO"
      AliasName="CREATION_DATE" >
   </ViewAttribute>
   <ViewAttribute
      Name="LastUpdatedBy"
      IsNotNull="true"
      Precision="15"
      Scale="0"
      EntityAttrName="LastUpdatedBy"
      EntityUsage="XxcsoPvDefEO"
      AliasName="LAST_UPDATED_BY" >
   </ViewAttribute>
   <ViewAttribute
      Name="LastUpdateDate"
      IsNotNull="true"
      EntityAttrName="LastUpdateDate"
      EntityUsage="XxcsoPvDefEO"
      AliasName="LAST_UPDATE_DATE" >
   </ViewAttribute>
   <ViewAttribute
      Name="LastUpdateLogin"
      Precision="15"
      Scale="0"
      EntityAttrName="LastUpdateLogin"
      EntityUsage="XxcsoPvDefEO"
      AliasName="LAST_UPDATE_LOGIN" >
   </ViewAttribute>
   <ViewAttribute
      Name="RequestId"
      Precision="15"
      Scale="0"
      EntityAttrName="RequestId"
      EntityUsage="XxcsoPvDefEO"
      AliasName="REQUEST_ID" >
   </ViewAttribute>
   <ViewAttribute
      Name="ProgramApplicationId"
      Precision="15"
      Scale="0"
      EntityAttrName="ProgramApplicationId"
      EntityUsage="XxcsoPvDefEO"
      AliasName="PROGRAM_APPLICATION_ID" >
   </ViewAttribute>
   <ViewAttribute
      Name="ProgramId"
      Precision="15"
      Scale="0"
      EntityAttrName="ProgramId"
      EntityUsage="XxcsoPvDefEO"
      AliasName="PROGRAM_ID" >
   </ViewAttribute>
   <ViewAttribute
      Name="ProgramUpdateDate"
      EntityAttrName="ProgramUpdateDate"
      EntityUsage="XxcsoPvDefEO"
      AliasName="PROGRAM_UPDATE_DATE" >
   </ViewAttribute>
</ViewObject>
