<?xml version="1.0" encoding='Windows-31J'?>
<!DOCTYPE ViewObject SYSTEM "jbo_03_01.dtd">

<ViewObject
   Name="XxcsoPvSortColumnFullVO"
   OrderBy="SETUP_NUMBER"
   BindingStyle="Oracle"
   CustomQuery="true"
   RowClass="itoen.oracle.apps.xxcso.xxcso012001j.server.XxcsoPvSortColumnFullVORowImpl"
   ComponentClass="itoen.oracle.apps.xxcso.xxcso012001j.server.XxcsoPvSortColumnFullVOImpl"
   MsgBundleClass="oracle.jbo.common.JboResourceBundle"
   UseGlueCode="false" >
   <SQLQuery><![CDATA[
SELECT  XxcsoPvSortColumnDefEO.SORT_COLUMN_DEF_ID
       ,XxcsoPvSortColumnDefEO.VIEW_ID
       ,XxcsoPvSortColumnDefEO.SETUP_NUMBER
       ,XxcsoPvSortColumnDefEO.COLUMN_CODE
       ,XxcsoPvSortColumnDefEO.SORT_DIRECTION_CODE
       ,XxcsoPvSortColumnDefEO.CREATED_BY
       ,XxcsoPvSortColumnDefEO.CREATION_DATE
       ,XxcsoPvSortColumnDefEO.LAST_UPDATED_BY
       ,XxcsoPvSortColumnDefEO.LAST_UPDATE_DATE
       ,XxcsoPvSortColumnDefEO.LAST_UPDATE_LOGIN
       ,XxcsoPvSortColumnDefEO.REQUEST_ID
       ,XxcsoPvSortColumnDefEO.PROGRAM_APPLICATION_ID
       ,XxcsoPvSortColumnDefEO.PROGRAM_ID
       ,XxcsoPvSortColumnDefEO.PROGRAM_UPDATE_DATE
       ,flvv.lookup_code AS lookup_code
       ,flvv.description AS description
FROM    XXCSO_PV_SORT_COLUMN_DEF XxcsoPvSortColumnDefEO
       ,FND_LOOKUP_VALUES_VL flvv
WHERE   flvv.lookup_type = 'XXCSO1_IB_PV_COLUMN_DEF'
  AND   SUBSTRB(flvv.attribute1, :1, 1) = '1'
  AND   NVL(flvv.start_date_active, TRUNC(XXCSO_UTIL_COMMON_PKG.get_online_sysdate)) <= TRUNC(XXCSO_UTIL_COMMON_PKG.get_online_sysdate)
  AND   NVL(flvv.end_date_active, TRUNC(XXCSO_UTIL_COMMON_PKG.get_online_sysdate)) >= TRUNC(XXCSO_UTIL_COMMON_PKG.get_online_sysdate)
  AND   flvv.lookup_code = XxcsoPvSortColumnDefEO.COLUMN_CODE
   ]]></SQLQuery>
   <DesignTime>
      <Attr Name="_isCodegen" Value="true" />
      <Attr Name="_version" Value="9.0.3.14.00" />
      <Attr Name="_CodeGenFlagNew" Value="36" />
   </DesignTime>
   <EntityUsage
      Name="XxcsoPvSortColumnDefEO"
      Entity="itoen.oracle.apps.xxcso.common.schema.server.XxcsoPvSortColumnDefEO" >
      <DesignTime>
         <Attr Name="_queryClause" Value="false" />
      </DesignTime>
   </EntityUsage>
   <ViewAttribute
      Name="SortColumnDefId"
      IsNotNull="true"
      EntityAttrName="SortColumnDefId"
      EntityUsage="XxcsoPvSortColumnDefEO"
      AliasName="SORT_COLUMN_DEF_ID" >
   </ViewAttribute>
   <ViewAttribute
      Name="ViewId"
      IsNotNull="true"
      EntityAttrName="ViewId"
      EntityUsage="XxcsoPvSortColumnDefEO"
      AliasName="VIEW_ID" >
   </ViewAttribute>
   <ViewAttribute
      Name="SetupNumber"
      Precision="15"
      Scale="0"
      EntityAttrName="SetupNumber"
      EntityUsage="XxcsoPvSortColumnDefEO"
      AliasName="SETUP_NUMBER" >
   </ViewAttribute>
   <ViewAttribute
      Name="ColumnCode"
      Precision="30"
      EntityAttrName="ColumnCode"
      EntityUsage="XxcsoPvSortColumnDefEO"
      AliasName="COLUMN_CODE" >
   </ViewAttribute>
   <ViewAttribute
      Name="SortDirectionCode"
      Precision="30"
      EntityAttrName="SortDirectionCode"
      EntityUsage="XxcsoPvSortColumnDefEO"
      AliasName="SORT_DIRECTION_CODE" >
   </ViewAttribute>
   <ViewAttribute
      Name="CreatedBy"
      IsNotNull="true"
      Precision="15"
      Scale="0"
      EntityAttrName="CreatedBy"
      EntityUsage="XxcsoPvSortColumnDefEO"
      AliasName="CREATED_BY" >
   </ViewAttribute>
   <ViewAttribute
      Name="CreationDate"
      IsNotNull="true"
      EntityAttrName="CreationDate"
      EntityUsage="XxcsoPvSortColumnDefEO"
      AliasName="CREATION_DATE" >
   </ViewAttribute>
   <ViewAttribute
      Name="LastUpdatedBy"
      IsNotNull="true"
      Precision="15"
      Scale="0"
      EntityAttrName="LastUpdatedBy"
      EntityUsage="XxcsoPvSortColumnDefEO"
      AliasName="LAST_UPDATED_BY" >
   </ViewAttribute>
   <ViewAttribute
      Name="LastUpdateDate"
      IsNotNull="true"
      EntityAttrName="LastUpdateDate"
      EntityUsage="XxcsoPvSortColumnDefEO"
      AliasName="LAST_UPDATE_DATE" >
   </ViewAttribute>
   <ViewAttribute
      Name="LastUpdateLogin"
      Precision="15"
      Scale="0"
      EntityAttrName="LastUpdateLogin"
      EntityUsage="XxcsoPvSortColumnDefEO"
      AliasName="LAST_UPDATE_LOGIN" >
   </ViewAttribute>
   <ViewAttribute
      Name="RequestId"
      Precision="15"
      Scale="0"
      EntityAttrName="RequestId"
      EntityUsage="XxcsoPvSortColumnDefEO"
      AliasName="REQUEST_ID" >
   </ViewAttribute>
   <ViewAttribute
      Name="ProgramApplicationId"
      Precision="15"
      Scale="0"
      EntityAttrName="ProgramApplicationId"
      EntityUsage="XxcsoPvSortColumnDefEO"
      AliasName="PROGRAM_APPLICATION_ID" >
   </ViewAttribute>
   <ViewAttribute
      Name="ProgramId"
      Precision="15"
      Scale="0"
      EntityAttrName="ProgramId"
      EntityUsage="XxcsoPvSortColumnDefEO"
      AliasName="PROGRAM_ID" >
   </ViewAttribute>
   <ViewAttribute
      Name="ProgramUpdateDate"
      EntityAttrName="ProgramUpdateDate"
      EntityUsage="XxcsoPvSortColumnDefEO"
      AliasName="PROGRAM_UPDATE_DATE"
      Passivate="true" >
   </ViewAttribute>
   <ViewAttribute
      Name="LookupCode"
      IsPersistent="false"
      IsNotNull="true"
      Precision="30"
      Type="java.lang.String"
      ColumnType="VARCHAR2"
      AliasName="LOOKUP_CODE"
      Passivate="true"
      Expression="LOOKUP_CODE"
      SQLType="VARCHAR" >
      <DesignTime>
         <Attr Name="_DisplaySize" Value="30" />
      </DesignTime>
   </ViewAttribute>
   <ViewAttribute
      Name="Description"
      IsPersistent="false"
      Precision="240"
      Type="java.lang.String"
      ColumnType="VARCHAR2"
      AliasName="DESCRIPTION"
      Passivate="true"
      Expression="DESCRIPTION"
      SQLType="VARCHAR" >
      <DesignTime>
         <Attr Name="_DisplaySize" Value="240" />
      </DesignTime>
   </ViewAttribute>
   <ViewAttribute
      Name="LineCaption"
      IsQueriable="false"
      IsPersistent="false"
      Type="java.lang.String"
      ColumnType="$none$"
      AliasName="LINE_CAPTION"
      Passivate="true"
      SQLType="VARCHAR" >
   </ViewAttribute>
</ViewObject>
