<?xml version="1.0" encoding='Windows-31J'?>
<!DOCTYPE ViewLink SYSTEM "jbo_03_01.dtd">

<ViewLink
   Name="XxcsoPvDefExtractTermVL"
   EntityAssociation="itoen.oracle.apps.xxcso.common.schema.server.XxcsoPvExtractTermDefAO"
   Where=":3 = VIEW_ID" >
   <DesignTime>
      <Attr Name="_isCodegen" Value="true" />
      <Attr Name="_version" Value="9.0.3.14.00" />
   </DesignTime>
   <ViewLinkDefEnd
      Name="XxcsoPvDefFullVO"
      Cardinality="1"
      Owner="itoen.oracle.apps.xxcso.xxcso012001j.server.XxcsoPvDefFullVO"
      Source="true" >
      <AttrArray Name="Attributes">
         <Item Value="itoen.oracle.apps.xxcso.xxcso012001j.server.XxcsoPvDefFullVO.ViewId" />
      </AttrArray>
      <DesignTime>
         <Attr Name="_minCardinality" Value="1" />
         <Attr Name="_isUpdateable" Value="true" />
         <Attr Name="_finderName" Value="XxcsoPvDefFullVO" />
         <Attr Name="_accessor" Value="false" />
      </DesignTime>
   </ViewLinkDefEnd>
   <ViewLinkDefEnd
      Name="XxcsoPvExtractTermFullVO"
      Cardinality="-1"
      Owner="itoen.oracle.apps.xxcso.xxcso012001j.server.XxcsoPvExtractTermFullVO" >
      <AttrArray Name="Attributes">
         <Item Value="itoen.oracle.apps.xxcso.xxcso012001j.server.XxcsoPvExtractTermFullVO.ViewId" />
      </AttrArray>
      <DesignTime>
         <Attr Name="_isUpdateable" Value="true" />
         <Attr Name="_finderName" Value="XxcsoPvExtractTermFullVO" />
         <Attr Name="_accessor" Value="true" />
      </DesignTime>
   </ViewLinkDefEnd>
</ViewLink>
