<?xml version="1.0" encoding='Windows-31J'?>
<!DOCTYPE ViewObject SYSTEM "jbo_03_01.dtd">

<ViewObject
   Name="XxcsoDisplayColumnSumVO"
   OrderBy="setup_number"
   BindingStyle="Oracle"
   CustomQuery="true"
   RowClass="itoen.oracle.apps.xxcso.xxcso012001j.server.XxcsoDisplayColumnSumVORowImpl"
   ComponentClass="itoen.oracle.apps.xxcso.xxcso012001j.server.XxcsoDisplayColumnSumVOImpl"
   MsgBundleClass="oracle.jbo.common.JboResourceBundle"
   UseGlueCode="false" >
   <SQLQuery><![CDATA[
SELECT  flvv.lookup_code AS lookup_code
       ,flvv.description AS description
       ,xpvcd.setup_number AS setup_number
FROM    XXCSO_PV_DEF xpd
       ,XXCSO_PV_VIEW_COLUMN_DEF xpvcd
       ,FND_LOOKUP_VALUES_VL flvv
WHERE   xpd.view_id = :1
  AND   flvv.lookup_type = 'XXCSO1_IB_PV_COLUMN_DEF'
  AND   SUBSTRB(flvv.attribute1, :2, 1) = '1'
  AND   NVL(flvv.start_date_active, TRUNC(XXCSO_UTIL_COMMON_PKG.get_online_sysdate)) <= TRUNC(XXCSO_UTIL_COMMON_PKG.get_online_sysdate)
  AND   NVL(flvv.end_date_active, TRUNC(XXCSO_UTIL_COMMON_PKG.get_online_sysdate)) >= TRUNC(XXCSO_UTIL_COMMON_PKG.get_online_sysdate)
  AND   xpvcd.view_id = xpd.view_id
  AND   xpvcd.column_code = flvv.lookup_code
   ]]></SQLQuery>
   <DesignTime>
      <Attr Name="_isCodegen" Value="true" />
      <Attr Name="_version" Value="9.0.3.14.00" />
      <Attr Name="_CodeGenFlagNew" Value="36" />
   </DesignTime>
   <ViewAttribute
      Name="LookupCode"
      IsPersistent="false"
      IsNotNull="true"
      Precision="30"
      Type="java.lang.String"
      ColumnType="VARCHAR2"
      AliasName="LOOKUP_CODE"
      Passivate="true"
      Expression="LOOKUP_CODE"
      SQLType="VARCHAR" >
      <DesignTime>
         <Attr Name="_DisplaySize" Value="30" />
      </DesignTime>
   </ViewAttribute>
   <ViewAttribute
      Name="Description"
      IsPersistent="false"
      Precision="240"
      Type="java.lang.String"
      ColumnType="VARCHAR2"
      AliasName="DESCRIPTION"
      Passivate="true"
      Expression="DESCRIPTION"
      SQLType="VARCHAR" >
      <DesignTime>
         <Attr Name="_DisplaySize" Value="240" />
      </DesignTime>
   </ViewAttribute>
   <ViewAttribute
      Name="SetupNumber"
      IsPersistent="false"
      Precision="15"
      Scale="0"
      Type="oracle.jbo.domain.Number"
      ColumnType="NUMBER"
      AliasName="SETUP_NUMBER"
      Passivate="true"
      Expression="SETUP_NUMBER"
      SQLType="NUMERIC" >
      <DesignTime>
         <Attr Name="_DisplaySize" Value="22" />
      </DesignTime>
   </ViewAttribute>
</ViewObject>
