<?xml version="1.0" encoding='Windows-31J'?>
<!DOCTYPE ViewObject SYSTEM "jbo_03_01.dtd">

<ViewObject
   Name="XxcsoInstallBaseExtractTermVO"
   BindingStyle="Oracle"
   CustomQuery="true"
   RowClass="itoen.oracle.apps.xxcso.xxcso012001j.server.XxcsoInstallBaseExtractTermVORowImpl"
   ComponentClass="itoen.oracle.apps.xxcso.xxcso012001j.server.XxcsoInstallBaseExtractTermVOImpl"
   MsgBundleClass="oracle.jbo.common.JboResourceBundle"
   UseGlueCode="false" >
   <SQLQuery><![CDATA[
SELECT   XXCSO_UTIL_COMMON_PKG.get_lookup_meaning(
           'XXCSO1_IB_PV_AND_OR'
          ,xpd.extract_pattern_code
          ,XXCSO_UTIL_COMMON_PKG.get_online_sysdate
         ) AS extract_pattern
        ,XXCSO_012001J_PKG.get_extract_term(
           xpetd.column_code
          ,xpetd.extract_method_code
        )                          AS extract_term_def
        ,XXCSO_UTIL_COMMON_PKG.get_lookup_attribute(
           'XXCSO1_IB_PV_COLUMN_DEF'
          ,xpetd.column_code
          ,4
          ,XXCSO_UTIL_COMMON_PKG.get_online_sysdate
         ) AS extract_term_type
        ,xpetd.extract_method_code AS extract_method_code
        ,xpetd.extract_term_text   AS extract_term_text
        ,xpetd.extract_term_number AS extract_term_number
        ,xpetd.extract_term_date   AS extract_term_date
        ,SUBSTRB(
           XXCSO_UTIL_COMMON_PKG.get_lookup_attribute(
             'XXCSO1_IB_PV_COLUMN_DEF'
            ,xpetd.column_code
            ,1
            ,XXCSO_UTIL_COMMON_PKG.get_online_sysdate
           )
         , :1, 1) AS enable_flag
FROM     xxcso_pv_def xpd
        ,xxcso_pv_extract_term_def xpetd
WHERE    xpd.view_id = :2
  AND    xpd.view_id = xpetd.view_id
ORDER BY xpetd.setup_number
   ]]></SQLQuery>
   <DesignTime>
      <Attr Name="_isCodegen" Value="true" />
      <Attr Name="_version" Value="9.0.3.14.00" />
      <Attr Name="_CodeGenFlagNew" Value="36" />
   </DesignTime>
   <ViewAttribute
      Name="ExtractPattern"
      IsPersistent="false"
      Precision="4000"
      Type="java.lang.String"
      ColumnType="VARCHAR2"
      AliasName="EXTRACT_PATTERN"
      Passivate="true"
      Expression="EXTRACT_PATTERN"
      SQLType="VARCHAR" >
      <DesignTime>
         <Attr Name="_DisplaySize" Value="4000" />
      </DesignTime>
   </ViewAttribute>
   <ViewAttribute
      Name="ExtractTermDef"
      IsPersistent="false"
      Precision="4000"
      Type="java.lang.String"
      ColumnType="VARCHAR2"
      AliasName="EXTRACT_TERM_DEF"
      Passivate="true"
      Expression="EXTRACT_TERM_DEF"
      SQLType="VARCHAR" >
      <DesignTime>
         <Attr Name="_DisplaySize" Value="4000" />
      </DesignTime>
   </ViewAttribute>
   <ViewAttribute
      Name="ExtractTermType"
      IsPersistent="false"
      Precision="4000"
      Type="java.lang.String"
      ColumnType="VARCHAR2"
      AliasName="EXTRACT_TERM_TYPE"
      Passivate="true"
      Expression="EXTRACT_TERM_TYPE"
      SQLType="VARCHAR" >
      <DesignTime>
         <Attr Name="_DisplaySize" Value="4000" />
      </DesignTime>
   </ViewAttribute>
   <ViewAttribute
      Name="ExtractMethodCode"
      IsPersistent="false"
      Precision="30"
      Type="java.lang.String"
      ColumnType="VARCHAR2"
      AliasName="EXTRACT_METHOD_CODE"
      Passivate="true"
      Expression="EXTRACT_METHOD_CODE"
      SQLType="VARCHAR" >
   </ViewAttribute>
   <ViewAttribute
      Name="ExtractTermText"
      IsUpdateable="false"
      IsPersistent="false"
      Precision="1000"
      Type="java.lang.String"
      ColumnType="VARCHAR2"
      AliasName="EXTRACT_TERM_TEXT"
      Expression="EXTRACT_TERM_TEXT"
      SQLType="VARCHAR" >
   </ViewAttribute>
   <ViewAttribute
      Name="ExtractTermNumber"
      IsUpdateable="false"
      IsPersistent="false"
      Precision="15"
      Scale="0"
      Type="oracle.jbo.domain.Number"
      ColumnType="NUMBER"
      AliasName="EXTRACT_TERM_NUMBER"
      Expression="EXTRACT_TERM_NUMBER"
      SQLType="NUMERIC" >
   </ViewAttribute>
   <ViewAttribute
      Name="ExtractTermDate"
      IsUpdateable="false"
      IsPersistent="false"
      Type="oracle.jbo.domain.Date"
      ColumnType="DATE"
      AliasName="EXTRACT_TERM_DATE"
      Expression="EXTRACT_TERM_DATE"
      SQLType="DATE" >
   </ViewAttribute>
   <ViewAttribute
      Name="EnableFlag"
      IsPersistent="false"
      Precision="1"
      Type="java.lang.String"
      ColumnType="VARCHAR2"
      AliasName="ENABLE_FLAG"
      Expression="ENABLE_FLAG"
      SQLType="VARCHAR" >
      <DesignTime>
         <Attr Name="_DisplaySize" Value="1" />
      </DesignTime>
   </ViewAttribute>
</ViewObject>
