<?xml version="1.0" encoding='Windows-31J'?>
<!DOCTYPE AppModule SYSTEM "jbo_03_01.dtd">

<AppModule
   Name="XxcsoPvRegistAM"
   ComponentClass="itoen.oracle.apps.xxcso.xxcso012001j.server.XxcsoPvRegistAMImpl"
   LoadComponentsLazily="true" >
   <Properties>
      <Property Name ="RETENTION_LEVEL" Value ="MANAGE_STATE" />
   </Properties>
   <DesignTime>
      <Attr Name="_isCodegen" Value="true" />
      <Attr Name="_version" Value="9.0.3.14.00" />
      <Attr Name="_deployType" Value="0" />
   </DesignTime>
   <ViewUsage
      Name="XxcsoViewSizeLookupListVO"
      ViewObjectName="itoen.oracle.apps.xxcso.common.poplist.server.XxcsoLookupListVO" >
   </ViewUsage>
   <ViewUsage
      Name="XxcsoAddConditionLookupVO"
      ViewObjectName="itoen.oracle.apps.xxcso.common.poplist.server.XxcsoLookupListVO" >
   </ViewUsage>
   <ViewUsage
      Name="XxcsoModeTextLookupVO"
      ViewObjectName="itoen.oracle.apps.xxcso.common.poplist.server.XxcsoLookupListVO" >
   </ViewUsage>
   <ViewUsage
      Name="XxcsoModeDateLookupVO"
      ViewObjectName="itoen.oracle.apps.xxcso.common.poplist.server.XxcsoLookupListVO" >
   </ViewUsage>
   <ViewUsage
      Name="XxcsoModeLovLookupVO"
      ViewObjectName="itoen.oracle.apps.xxcso.common.poplist.server.XxcsoLookupListVO" >
   </ViewUsage>
   <ViewUsage
      Name="XxcsoModePoplistLookupVO"
      ViewObjectName="itoen.oracle.apps.xxcso.common.poplist.server.XxcsoLookupListVO" >
   </ViewUsage>
   <ViewUsage
      Name="XxcsoModeNumberLookupVO"
      ViewObjectName="itoen.oracle.apps.xxcso.common.poplist.server.XxcsoLookupListVO" >
   </ViewUsage>
   <ViewUsage
      Name="XxcsoColumnNameLookupVO"
      ViewObjectName="itoen.oracle.apps.xxcso.common.poplist.server.XxcsoLookupListVO" >
   </ViewUsage>
   <ViewUsage
      Name="XxcsoSortDirectionLookupVO"
      ViewObjectName="itoen.oracle.apps.xxcso.common.poplist.server.XxcsoLookupListVO" >
   </ViewUsage>
   <ViewUsage
      Name="XxcsoPvDefFullVO1"
      ViewObjectName="itoen.oracle.apps.xxcso.xxcso012001j.server.XxcsoPvDefFullVO" >
   </ViewUsage>
   <ViewUsage
      Name="XxcsoPvViewColumnFullVO1"
      ViewObjectName="itoen.oracle.apps.xxcso.xxcso012001j.server.XxcsoPvViewColumnFullVO" >
   </ViewUsage>
   <ViewUsage
      Name="XxcsoPvExtractTermSumVO1"
      ViewObjectName="itoen.oracle.apps.xxcso.xxcso012001j.server.XxcsoPvExtractTermSumVO" >
   </ViewUsage>
   <ViewUsage
      Name="XxcsoPvExtractTermFullVO1"
      ViewObjectName="itoen.oracle.apps.xxcso.xxcso012001j.server.XxcsoPvExtractTermFullVO" >
   </ViewUsage>
   <ViewUsage
      Name="XxcsoPvSortColumnFullVO1"
      ViewObjectName="itoen.oracle.apps.xxcso.xxcso012001j.server.XxcsoPvSortColumnFullVO" >
   </ViewUsage>
   <ViewUsage
      Name="XxcsoEnableColumnSumVO1"
      ViewObjectName="itoen.oracle.apps.xxcso.xxcso012001j.server.XxcsoEnableColumnSumVO" >
   </ViewUsage>
   <ViewUsage
      Name="XxcsoWhere060LookupVO"
      ViewObjectName="itoen.oracle.apps.xxcso.common.poplist.server.XxcsoLookupListVO" >
   </ViewUsage>
   <ViewUsage
      Name="XxcsoWhere070LookupVO"
      ViewObjectName="itoen.oracle.apps.xxcso.common.poplist.server.XxcsoLookupListVO" >
   </ViewUsage>
   <ViewUsage
      Name="XxcsoWhere080LookupVO"
      ViewObjectName="itoen.oracle.apps.xxcso.common.poplist.server.XxcsoLookupListVO" >
   </ViewUsage>
   <ViewUsage
      Name="XxcsoWhere150LookupVO"
      ViewObjectName="itoen.oracle.apps.xxcso.common.poplist.server.XxcsoLookupListVO" >
   </ViewUsage>
   <ViewUsage
      Name="XxcsoWhere300LookupVO"
      ViewObjectName="itoen.oracle.apps.xxcso.common.poplist.server.XxcsoLookupListVO" >
   </ViewUsage>
   <ViewUsage
      Name="XxcsoWhere310LookupVO"
      ViewObjectName="itoen.oracle.apps.xxcso.common.poplist.server.XxcsoLookupListVO" >
   </ViewUsage>
   <ViewUsage
      Name="XxcsoWhere320LookupVO"
      ViewObjectName="itoen.oracle.apps.xxcso.common.poplist.server.XxcsoLookupListVO" >
   </ViewUsage>
   <ViewUsage
      Name="XxcsoWhere510LookupVO"
      ViewObjectName="itoen.oracle.apps.xxcso.common.poplist.server.XxcsoLookupListVO" >
   </ViewUsage>
   <ViewUsage
      Name="XxcsoWhere600LookupVO"
      ViewObjectName="itoen.oracle.apps.xxcso.common.poplist.server.XxcsoLookupListVO" >
   </ViewUsage>
   <ViewUsage
      Name="XxcsoWhere610LookupVO"
      ViewObjectName="itoen.oracle.apps.xxcso.common.poplist.server.XxcsoLookupListVO" >
   </ViewUsage>
   <ViewUsage
      Name="XxcsoWhere660LookupVO"
      ViewObjectName="itoen.oracle.apps.xxcso.common.poplist.server.XxcsoLookupListVO" >
   </ViewUsage>
   <ViewUsage
      Name="XxcsoWhere670LookupVO"
      ViewObjectName="itoen.oracle.apps.xxcso.common.poplist.server.XxcsoLookupListVO" >
   </ViewUsage>
   <ViewUsage
      Name="XxcsoWhere730LookupVO"
      ViewObjectName="itoen.oracle.apps.xxcso.common.poplist.server.XxcsoLookupListVO" >
   </ViewUsage>
   <ViewUsage
      Name="XxcsoWhere740LookupVO"
      ViewObjectName="itoen.oracle.apps.xxcso.common.poplist.server.XxcsoLookupListVO" >
   </ViewUsage>
   <ViewUsage
      Name="XxcsoWhere770LookupVO"
      ViewObjectName="itoen.oracle.apps.xxcso.common.poplist.server.XxcsoLookupListVO" >
   </ViewUsage>
   <ViewUsage
      Name="XxcsoWhere780LookupVO"
      ViewObjectName="itoen.oracle.apps.xxcso.common.poplist.server.XxcsoLookupListVO" >
   </ViewUsage>
   <ViewUsage
      Name="XxcsoAndOrLookupVO"
      ViewObjectName="itoen.oracle.apps.xxcso.common.poplist.server.XxcsoLookupListVO" >
   </ViewUsage>
   <ViewUsage
      Name="XxcsoPvDefCopyVO"
      ViewObjectName="itoen.oracle.apps.xxcso.xxcso012001j.server.XxcsoPvDefFullVO" >
   </ViewUsage>
   <ViewUsage
      Name="XxcsoPvSortColumnCopyVO"
      ViewObjectName="itoen.oracle.apps.xxcso.xxcso012001j.server.XxcsoPvSortColumnFullVO" >
   </ViewUsage>
   <ViewUsage
      Name="XxcsoPvExtractTermCopyVO"
      ViewObjectName="itoen.oracle.apps.xxcso.xxcso012001j.server.XxcsoPvExtractTermFullVO" >
   </ViewUsage>
   <ViewUsage
      Name="XxcsoDispayColumnInitVO1"
      ViewObjectName="itoen.oracle.apps.xxcso.xxcso012001j.server.XxcsoDispayColumnInitVO" >
   </ViewUsage>
   <ViewUsage
      Name="XxcsoDisplayColumnSumVO1"
      ViewObjectName="itoen.oracle.apps.xxcso.xxcso012001j.server.XxcsoDisplayColumnSumVO" >
   </ViewUsage>
   <ViewUsage
      Name="XxcsoPvDefUpdDfltFlgVO"
      ViewObjectName="itoen.oracle.apps.xxcso.xxcso012001j.server.XxcsoPvDefUpdDfltFlgVO" >
   </ViewUsage>
   <ViewUsage
      Name="XxcsoPvExtractDispInitVO"
      ViewObjectName="itoen.oracle.apps.xxcso.xxcso012001j.server.XxcsoPvExtractDispInitVO" >
   </ViewUsage>
   <ViewUsage
      Name="XxcsoWhere620LookupVO"
      ViewObjectName="itoen.oracle.apps.xxcso.common.poplist.server.XxcsoLookupListVO" >
   </ViewUsage>
   <ViewUsage
      Name="XxcsoWhere220LookupVO"
      ViewObjectName="itoen.oracle.apps.xxcso.common.poplist.server.XxcsoConsciousLookupListVO" >
   </ViewUsage>
   <ViewUsage
      Name="XxcsoWhere550LookupVO"
      ViewObjectName="itoen.oracle.apps.xxcso.common.poplist.server.XxcsoConsciousLookupListVO" >
   </ViewUsage>
   <ViewUsage
      Name="XxcsoWhere560LookupVO"
      ViewObjectName="itoen.oracle.apps.xxcso.common.poplist.server.XxcsoConsciousLookupListVO" >
   </ViewUsage>
   <ViewUsage
      Name="XxcsoPvViewColumnCopyVO"
      ViewObjectName="itoen.oracle.apps.xxcso.xxcso012001j.server.XxcsoPvViewColumnFullVO" >
   </ViewUsage>
   <ViewUsage
      Name="XxcsoVendorTypeListVO1"
      ViewObjectName="itoen.oracle.apps.xxcso.xxcso012001j.poplist.server.XxcsoVendorTypeListVO" >
   </ViewUsage>
   <ViewLinkUsage
      Name="XxcsoPvDefViewColumnVL1"
      ViewLinkObjectName="itoen.oracle.apps.xxcso.xxcso012001j.server.XxcsoPvDefViewColumnVL"
      SrcViewUsageName="itoen.oracle.apps.xxcso.xxcso012001j.server.XxcsoPvRegistAM.XxcsoPvDefFullVO1"
      DstViewUsageName="itoen.oracle.apps.xxcso.xxcso012001j.server.XxcsoPvRegistAM.XxcsoPvViewColumnFullVO1" >
      <DesignTime>
         <Attr Name="_isCodegen" Value="true" />
         <Attr Name="_version" Value="9.0.3.14.00" />
      </DesignTime>
   </ViewLinkUsage>
   <ViewLinkUsage
      Name="XxcsoPvDefExtractTermVL1"
      ViewLinkObjectName="itoen.oracle.apps.xxcso.xxcso012001j.server.XxcsoPvDefExtractTermVL"
      SrcViewUsageName="itoen.oracle.apps.xxcso.xxcso012001j.server.XxcsoPvRegistAM.XxcsoPvDefFullVO1"
      DstViewUsageName="itoen.oracle.apps.xxcso.xxcso012001j.server.XxcsoPvRegistAM.XxcsoPvExtractTermFullVO1" >
      <DesignTime>
         <Attr Name="_isCodegen" Value="true" />
         <Attr Name="_version" Value="9.0.3.14.00" />
      </DesignTime>
   </ViewLinkUsage>
   <ViewLinkUsage
      Name="XxcsoPvDefSortColumnVL1"
      ViewLinkObjectName="itoen.oracle.apps.xxcso.xxcso012001j.server.XxcsoPvDefSortColumnVL"
      SrcViewUsageName="itoen.oracle.apps.xxcso.xxcso012001j.server.XxcsoPvRegistAM.XxcsoPvDefFullVO1"
      DstViewUsageName="itoen.oracle.apps.xxcso.xxcso012001j.server.XxcsoPvRegistAM.XxcsoPvSortColumnFullVO1" >
      <DesignTime>
         <Attr Name="_isCodegen" Value="true" />
         <Attr Name="_version" Value="9.0.3.14.00" />
      </DesignTime>
   </ViewLinkUsage>
   <ViewLinkUsage
      Name="XxcsoPvDefSortColumnVL2"
      ViewLinkObjectName="itoen.oracle.apps.xxcso.xxcso012001j.server.XxcsoPvDefSortColumnVL"
      SrcViewUsageName="itoen.oracle.apps.xxcso.xxcso012001j.server.XxcsoPvRegistAM.XxcsoPvDefCopyVO"
      DstViewUsageName="itoen.oracle.apps.xxcso.xxcso012001j.server.XxcsoPvRegistAM.XxcsoPvSortColumnCopyVO" >
      <DesignTime>
         <Attr Name="_isCodegen" Value="true" />
         <Attr Name="_version" Value="9.0.3.14.00" />
      </DesignTime>
   </ViewLinkUsage>
   <ViewLinkUsage
      Name="XxcsoPvDefExtractTermVL2"
      ViewLinkObjectName="itoen.oracle.apps.xxcso.xxcso012001j.server.XxcsoPvDefExtractTermVL"
      SrcViewUsageName="itoen.oracle.apps.xxcso.xxcso012001j.server.XxcsoPvRegistAM.XxcsoPvDefCopyVO"
      DstViewUsageName="itoen.oracle.apps.xxcso.xxcso012001j.server.XxcsoPvRegistAM.XxcsoPvExtractTermCopyVO" >
      <DesignTime>
         <Attr Name="_isCodegen" Value="true" />
         <Attr Name="_version" Value="9.0.3.14.00" />
      </DesignTime>
   </ViewLinkUsage>
   <ViewLinkUsage
      Name="XxcsoPvDefViewColumnVL2"
      ViewLinkObjectName="itoen.oracle.apps.xxcso.xxcso012001j.server.XxcsoPvDefViewColumnVL"
      SrcViewUsageName="itoen.oracle.apps.xxcso.xxcso012001j.server.XxcsoPvRegistAM.XxcsoPvDefCopyVO"
      DstViewUsageName="itoen.oracle.apps.xxcso.xxcso012001j.server.XxcsoPvRegistAM.XxcsoPvViewColumnCopyVO" >
      <DesignTime>
         <Attr Name="_isCodegen" Value="true" />
         <Attr Name="_version" Value="9.0.3.14.00" />
      </DesignTime>
   </ViewLinkUsage>
</AppModule>
