<?xml version="1.0" encoding='Windows-31J'?>
<!DOCTYPE ViewObject SYSTEM "jbo_03_01.dtd">

<ViewObject
   Name="XxcsoAccountStoreLovVO"
   OrderBy="account_number"
   BindingStyle="Oracle"
   CustomQuery="true"
   RowClass="itoen.oracle.apps.xxcso.xxcso017002j.lov.server.XxcsoAccountStoreLovVORowImpl"
   ComponentClass="itoen.oracle.apps.xxcso.xxcso017002j.lov.server.XxcsoAccountStoreLovVOImpl"
   MsgBundleClass="oracle.jbo.common.JboResourceBundle"
   UseGlueCode="false" >
   <SQLQuery><![CDATA[
SELECT  xcav.account_number
       ,xcav.party_name
       ,xcav.customer_class_name
FROM    xxcso_employees_v2       xev
       ,xxcso_resource_custs_V2  xrcv
       ,xxcso_cust_accounts_v    xcav
WHERE   xev.user_id = fnd_global.user_id
AND     xrcv.employee_number = xev.employee_number
AND     xcav.account_number  = xrcv.account_number
AND     (
          (
              xcav.customer_status IN ('20','25','30','40','50')
          AND xcav.customer_class_code = '10'
          )
        OR
          (
              xcav.customer_status IN ('90','99')
          AND xcav.customer_class_code = '16'
          )
        )
   ]]></SQLQuery>
   <DesignTime>
      <Attr Name="_isCodegen" Value="true" />
      <Attr Name="_version" Value="9.0.3.14.00" />
      <Attr Name="_CodeGenFlagNew" Value="36" />
   </DesignTime>
   <ViewAttribute
      Name="AccountNumber"
      IsPersistent="false"
      IsNotNull="true"
      Precision="30"
      Type="java.lang.String"
      ColumnType="VARCHAR2"
      AliasName="ACCOUNT_NUMBER"
      Expression="ACCOUNT_NUMBER"
      SQLType="VARCHAR" >
      <DesignTime>
         <Attr Name="_DisplaySize" Value="30" />
      </DesignTime>
   </ViewAttribute>
   <ViewAttribute
      Name="PartyName"
      IsPersistent="false"
      IsNotNull="true"
      Precision="360"
      Type="java.lang.String"
      ColumnType="VARCHAR2"
      AliasName="PARTY_NAME"
      Expression="PARTY_NAME"
      SQLType="VARCHAR" >
      <DesignTime>
         <Attr Name="_DisplaySize" Value="360" />
      </DesignTime>
   </ViewAttribute>
   <ViewAttribute
      Name="CustomerClassName"
      IsPersistent="false"
      Precision="4000"
      Type="java.lang.String"
      ColumnType="VARCHAR2"
      AliasName="CUSTOMER_CLASS_NAME"
      Expression="CUSTOMER_CLASS_NAME"
      SQLType="VARCHAR" >
      <DesignTime>
         <Attr Name="_DisplaySize" Value="4000" />
      </DesignTime>
   </ViewAttribute>
</ViewObject>
