<?xml version="1.0" encoding='windows-31j'?>
<!DOCTYPE JboPackage SYSTEM "jbo_03_01.dtd">

<JboPackage
   Name="server"
   SeparateXMLFiles="true"
   PackageName="oracle.apps.xx03.ar.confirm.server" >
   <DesignTime>
      <Attr Name="_version" Value="9.0.3.13.75" />
      <Attr Name="_ejbPackage" Value="false" />
   </DesignTime>
   <Containee
      Name="Xx03ConfirmDispSlipsLineVO"
      FullName="oracle.apps.xx03.ar.confirm.server.Xx03ConfirmDispSlipsLineVO"
      ObjectType="ViewObject" >
   </Containee>
   <Containee
      Name="Xx03ConfirmDispSlipsToLinesVL"
      FullName="oracle.apps.xx03.ar.confirm.server.Xx03ConfirmDispSlipsToLinesVL"
      ObjectType="ViewLink" >
   </Containee>
   <Containee
      Name="Xx03ConfirmDispSlipsVO"
      FullName="oracle.apps.xx03.ar.confirm.server.Xx03ConfirmDispSlipsVO"
      ObjectType="ViewObject" >
   </Containee>
   <Containee
      Name="Xx03ConfirmUpdSlipsVO"
      FullName="oracle.apps.xx03.ar.confirm.server.Xx03ConfirmUpdSlipsVO"
      ObjectType="ViewObject" >
   </Containee>
   <Containee
      Name="Xx03GetDefaultApproverVO"
      FullName="oracle.apps.xx03.ar.confirm.server.Xx03GetDefaultApproverVO"
      ObjectType="ViewObject" >
   </Containee>
</JboPackage>
