<?xml version="1.0" encoding='windows-31j'?>
<!DOCTYPE ViewObject SYSTEM "jbo_03_01.dtd">

<ViewObject
   Name="Xx03ConfirmUpdSlipsVO"
   SelectList="Xx03ReceivableSlipsEO.RECEIVABLE_ID, 
       Xx03ReceivableSlipsEO.ROWID, 

       Xx03ReceivableSlipsEO.APPROVER_COMMENTS, 
       Xx03ReceivableSlipsEO.APPROVER_PERSON_ID, 

       Xx03ReceivableSlipsEO.APPROVER_PERSON_NAME, 
       Xx03ReceivableSlipsEO.ACCOUNT_APPROVAL_FLAG"
   FromList="XX03_RECEIVABLE_SLIPS Xx03ReceivableSlipsEO"
   Where="RECEIVABLE_ID = :1"
   BindingStyle="Oracle"
   CustomQuery="false"
   RowClass="oracle.apps.xx03.ar.confirm.server.Xx03ConfirmUpdSlipsVORowImpl"
   ComponentClass="oracle.apps.xx03.ar.confirm.server.Xx03ConfirmUpdSlipsVOImpl"
   MsgBundleClass="oracle.jbo.common.JboResourceBundle"
   FetchMode="FETCH_AS_NEEDED"
   UseGlueCode="false" >
   <DesignTime>
      <Attr Name="_isCodegen" Value="true" />
      <Attr Name="_version" Value="9.0.3.13.75" />
      <Attr Name="_CodeGenFlagNew" Value="36" />
   </DesignTime>
   <EntityUsage
      Name="Xx03ReceivableSlipsEO"
      Entity="oracle.apps.xx03.schema.server.Xx03ReceivableSlipsEO" >
      <DesignTime>
         <Attr Name="_EntireObjectTable" Value="false" />
         <Attr Name="_queryClause" Value="true" />
         <Attr Name="_queryWhere" Value="RECEIVABLE_ID = :1" />
      </DesignTime>
   </EntityUsage>
   <ViewAttribute
      Name="ReceivableId"
      IsNotNull="true"
      EntityAttrName="ReceivableId"
      EntityUsage="Xx03ReceivableSlipsEO"
      AliasName="RECEIVABLE_ID"
      ColumnType="VARCHAR2" >
   </ViewAttribute>
   <ViewAttribute
      Name="RowID"
      IsUpdateable="false"
      EntityAttrName="RowID"
      EntityUsage="Xx03ReceivableSlipsEO"
      AliasName="ROWID"
      ColumnType="VARCHAR2" >
   </ViewAttribute>
   <ViewAttribute
      Name="ApproverComments"
      EntityAttrName="ApproverComments"
      EntityUsage="Xx03ReceivableSlipsEO"
      AliasName="APPROVER_COMMENTS"
      ColumnType="VARCHAR2" >
   </ViewAttribute>
   <ViewAttribute
      Name="ApproverPersonId"
      EntityAttrName="ApproverPersonId"
      EntityUsage="Xx03ReceivableSlipsEO"
      AliasName="APPROVER_PERSON_ID"
      ColumnType="VARCHAR2" >
   </ViewAttribute>
   <ViewAttribute
      Name="ApproverPersonName"
      EntityAttrName="ApproverPersonName"
      EntityUsage="Xx03ReceivableSlipsEO"
      AliasName="APPROVER_PERSON_NAME"
      ColumnType="VARCHAR2" >
   </ViewAttribute>
   <ViewAttribute
      Name="AccountApprovalFlag"
      EntityAttrName="AccountApprovalFlag"
      EntityUsage="Xx03ReceivableSlipsEO"
      AliasName="ACCOUNT_APPROVAL_FLAG"
      ColumnType="VARCHAR2" >
   </ViewAttribute>
</ViewObject>
