<?xml version="1.0" encoding='Shift_JIS'?>
<!DOCTYPE ViewObject SYSTEM "jbo_03_01.dtd">

<ViewObject
   Name="Xx03ConfirmDispSlipsLineVO"
   OrderBy="LINE_NUMBER"
   BindingStyle="Oracle"
   CustomQuery="true"
   RowClass="oracle.apps.xx03.ar.confirm.server.Xx03ConfirmDispSlipsLineVORowImpl"
   ComponentClass="oracle.apps.xx03.ar.confirm.server.Xx03ConfirmDispSlipsLineVOImpl"
   MsgBundleClass="oracle.jbo.common.JboResourceBundle"
   UseGlueCode="false" >
   <SQLQuery><![CDATA[
SELECT
   XRSL.RECEIVABLE_LINE_ID
  ,XRSL.RECEIVABLE_ID
  ,XRSL.LINE_NUMBER
  ,XRSL.SLIP_LINE_TYPE
  ,XRSL.SLIP_LINE_TYPE_NAME
  ,XRSL.SLIP_LINE_UOM
  ,XRSL.SLIP_LINE_UNIT_PRICE
  ,XRSL.SLIP_LINE_QUANTITY
  ,XRSL.SLIP_LINE_ENTERED_AMOUNT
  ,XRSL.TAX_CODE
  ,XRSL.TAX_NAME
  ,XRSL.AMOUNT_INCLUDES_TAX_FLAG
  ,XRSL.ENTERED_ITEM_AMOUNT
  ,XRSL.ENTERED_TAX_AMOUNT
  ,XRSL.ACCOUNTED_AMOUNT
  ,XRSL.SLIP_LINE_RECIEPT_NO
  ,XRSL.SLIP_DESCRIPTION
  ,XRSL.SEGMENT1
  ,XRSL.SEGMENT2
  ,XRSL.SEGMENT3
  ,XRSL.SEGMENT4
  ,XRSL.SEGMENT5
  ,XRSL.SEGMENT6
  ,XRSL.SEGMENT7
  ,XRSL.SEGMENT8
  ,XRSL.SEGMENT9
  ,XRSL.SEGMENT10
  ,XRSL.SEGMENT11
  ,XRSL.SEGMENT12
  ,XRSL.SEGMENT13
  ,XRSL.SEGMENT14
  ,XRSL.SEGMENT15
  ,XRSL.SEGMENT16
  ,XRSL.SEGMENT17
  ,XRSL.SEGMENT18
  ,XRSL.SEGMENT19
  ,XRSL.SEGMENT20
  ,XRSL.SEGMENT1_NAME
  ,XRSL.SEGMENT2_NAME
  ,XRSL.SEGMENT3_NAME
  ,XRSL.SEGMENT4_NAME
  ,XRSL.SEGMENT5_NAME
  ,XRSL.SEGMENT6_NAME
  ,XRSL.SEGMENT7_NAME
  ,XRSL.SEGMENT8_NAME
  ,XRSL.INCR_DECR_REASON_CODE
  ,XRSL.INCR_DECR_REASON_NAME
  ,XRSL.RECON_REFERENCE
  ,XRSL.JOURNAL_DESCRIPTION
  ,XRSL.ORG_ID
  ,XRSL.ATTRIBUTE_CATEGORY
  ,XRSL.ATTRIBUTE1
  ,XRSL.ATTRIBUTE2
  ,XRSL.ATTRIBUTE3
  ,XRSL.ATTRIBUTE4
  ,XRSL.ATTRIBUTE5
  ,XRSL.ATTRIBUTE6
  ,XRSL.ATTRIBUTE7
  ,XRSL.ATTRIBUTE8
  ,XRSL.ATTRIBUTE9
  ,XRSL.ATTRIBUTE10
  ,XRSL.ATTRIBUTE11
  ,XRSL.ATTRIBUTE12
  ,XRSL.ATTRIBUTE13
  ,XRSL.ATTRIBUTE14
  ,XRSL.ATTRIBUTE15
  ,XRSL.CREATED_BY
  ,XRSL.CREATION_DATE
  ,XRSL.LAST_UPDATED_BY
  ,XRSL.LAST_UPDATE_DATE
  ,XRSL.LAST_UPDATE_LOGIN
  ,XRSL.REQUEST_ID
  ,XRSL.PROGRAM_APPLICATION_ID
  ,XRSL.PROGRAM_ID
  ,XRSL.PROGRAM_UPDATE_DATE
  ,XRSL.TAX_ID
  ,XRSL.SLIP_LINE_UOM_NAME
FROM
   XX03_RECEIVABLE_SLIPS_LINE XRSL
   ]]></SQLQuery>
   <DesignTime>
      <Attr Name="_isCodegen" Value="true" />
      <Attr Name="_version" Value="9.0.3.12.53" />
      <Attr Name="_CodeGenFlagNew" Value="36" />
   </DesignTime>
   <ViewAttribute
      Name="ReceivableLineId"
      IsPersistent="false"
      IsNotNull="true"
      Precision="15"
      Scale="0"
      Type="oracle.jbo.domain.Number"
      AliasName="RECEIVABLE_LINE_ID"
      ColumnType="VARCHAR2"
      Expression="RECEIVABLE_LINE_ID"
      SQLType="NUMERIC" >
      <DesignTime>
         <Attr Name="_DisplaySize" Value="22" />
      </DesignTime>
   </ViewAttribute>
   <ViewAttribute
      Name="ReceivableId"
      IsPersistent="false"
      IsNotNull="true"
      Precision="15"
      Scale="0"
      Type="oracle.jbo.domain.Number"
      AliasName="RECEIVABLE_ID"
      ColumnType="VARCHAR2"
      Expression="RECEIVABLE_ID"
      SQLType="NUMERIC" >
      <DesignTime>
         <Attr Name="_DisplaySize" Value="22" />
      </DesignTime>
   </ViewAttribute>
   <ViewAttribute
      Name="LineNumber"
      IsPersistent="false"
      IsNotNull="true"
      Precision="15"
      Scale="0"
      Type="oracle.jbo.domain.Number"
      AliasName="LINE_NUMBER"
      ColumnType="VARCHAR2"
      Expression="LINE_NUMBER"
      SQLType="NUMERIC" >
      <DesignTime>
         <Attr Name="_DisplaySize" Value="22" />
      </DesignTime>
   </ViewAttribute>
   <ViewAttribute
      Name="SlipLineType"
      IsPersistent="false"
      Type="oracle.jbo.domain.Number"
      AliasName="SLIP_LINE_TYPE"
      ColumnType="VARCHAR2"
      Expression="SLIP_LINE_TYPE"
      SQLType="NUMERIC" >
      <DesignTime>
         <Attr Name="_DisplaySize" Value="22" />
      </DesignTime>
   </ViewAttribute>
   <ViewAttribute
      Name="SlipLineTypeName"
      IsPersistent="false"
      Precision="500"
      Type="java.lang.String"
      AliasName="SLIP_LINE_TYPE_NAME"
      ColumnType="VARCHAR2"
      Expression="SLIP_LINE_TYPE_NAME"
      SQLType="VARCHAR" >
      <DesignTime>
         <Attr Name="_DisplaySize" Value="500" />
      </DesignTime>
   </ViewAttribute>
   <ViewAttribute
      Name="SlipLineUom"
      IsPersistent="false"
      Precision="25"
      Type="java.lang.String"
      AliasName="SLIP_LINE_UOM"
      ColumnType="VARCHAR2"
      Expression="SLIP_LINE_UOM"
      SQLType="VARCHAR" >
      <DesignTime>
         <Attr Name="_DisplaySize" Value="25" />
      </DesignTime>
   </ViewAttribute>
   <ViewAttribute
      Name="SlipLineUnitPrice"
      IsPersistent="false"
      IsNotNull="true"
      Type="oracle.jbo.domain.Number"
      AliasName="SLIP_LINE_UNIT_PRICE"
      ColumnType="VARCHAR2"
      Expression="SLIP_LINE_UNIT_PRICE"
      SQLType="NUMERIC" >
      <DesignTime>
         <Attr Name="_DisplaySize" Value="22" />
      </DesignTime>
   </ViewAttribute>
   <ViewAttribute
      Name="SlipLineQuantity"
      IsPersistent="false"
      IsNotNull="true"
      Type="oracle.jbo.domain.Number"
      AliasName="SLIP_LINE_QUANTITY"
      ColumnType="VARCHAR2"
      Expression="SLIP_LINE_QUANTITY"
      SQLType="NUMERIC" >
      <DesignTime>
         <Attr Name="_DisplaySize" Value="22" />
      </DesignTime>
   </ViewAttribute>
   <ViewAttribute
      Name="SlipLineEnteredAmount"
      IsPersistent="false"
      IsNotNull="true"
      Type="oracle.jbo.domain.Number"
      AliasName="SLIP_LINE_ENTERED_AMOUNT"
      ColumnType="VARCHAR2"
      Expression="SLIP_LINE_ENTERED_AMOUNT"
      SQLType="NUMERIC" >
      <DesignTime>
         <Attr Name="_DisplaySize" Value="22" />
      </DesignTime>
   </ViewAttribute>
   <ViewAttribute
      Name="TaxCode"
      IsPersistent="false"
      IsNotNull="true"
      Precision="15"
      Type="java.lang.String"
      AliasName="TAX_CODE"
      ColumnType="VARCHAR2"
      Expression="TAX_CODE"
      SQLType="VARCHAR" >
      <DesignTime>
         <Attr Name="_DisplaySize" Value="15" />
      </DesignTime>
   </ViewAttribute>
   <ViewAttribute
      Name="TaxName"
      IsPersistent="false"
      IsNotNull="true"
      Precision="500"
      Type="java.lang.String"
      AliasName="TAX_NAME"
      ColumnType="VARCHAR2"
      Expression="TAX_NAME"
      SQLType="VARCHAR" >
      <DesignTime>
         <Attr Name="_DisplaySize" Value="500" />
      </DesignTime>
   </ViewAttribute>
   <ViewAttribute
      Name="AmountIncludesTaxFlag"
      IsPersistent="false"
      Precision="1"
      Type="java.lang.String"
      AliasName="AMOUNT_INCLUDES_TAX_FLAG"
      ColumnType="VARCHAR2"
      Expression="AMOUNT_INCLUDES_TAX_FLAG"
      SQLType="VARCHAR" >
      <DesignTime>
         <Attr Name="_DisplaySize" Value="1" />
      </DesignTime>
   </ViewAttribute>
   <ViewAttribute
      Name="EnteredItemAmount"
      IsPersistent="false"
      IsNotNull="true"
      Type="oracle.jbo.domain.Number"
      AliasName="ENTERED_ITEM_AMOUNT"
      ColumnType="VARCHAR2"
      Expression="ENTERED_ITEM_AMOUNT"
      SQLType="NUMERIC" >
      <DesignTime>
         <Attr Name="_DisplaySize" Value="22" />
      </DesignTime>
   </ViewAttribute>
   <ViewAttribute
      Name="EnteredTaxAmount"
      IsPersistent="false"
      IsNotNull="true"
      Type="oracle.jbo.domain.Number"
      AliasName="ENTERED_TAX_AMOUNT"
      ColumnType="VARCHAR2"
      Expression="ENTERED_TAX_AMOUNT"
      SQLType="NUMERIC" >
      <DesignTime>
         <Attr Name="_DisplaySize" Value="22" />
      </DesignTime>
   </ViewAttribute>
   <ViewAttribute
      Name="AccountedAmount"
      IsPersistent="false"
      Type="oracle.jbo.domain.Number"
      AliasName="ACCOUNTED_AMOUNT"
      ColumnType="VARCHAR2"
      Expression="ACCOUNTED_AMOUNT"
      SQLType="NUMERIC" >
      <DesignTime>
         <Attr Name="_DisplaySize" Value="22" />
      </DesignTime>
   </ViewAttribute>
   <ViewAttribute
      Name="SlipLineRecieptNo"
      IsPersistent="false"
      Precision="50"
      Type="java.lang.String"
      AliasName="SLIP_LINE_RECIEPT_NO"
      ColumnType="VARCHAR2"
      Expression="SLIP_LINE_RECIEPT_NO"
      SQLType="VARCHAR" >
      <DesignTime>
         <Attr Name="_DisplaySize" Value="50" />
      </DesignTime>
   </ViewAttribute>
   <ViewAttribute
      Name="SlipDescription"
      IsPersistent="false"
      Precision="240"
      Type="java.lang.String"
      AliasName="SLIP_DESCRIPTION"
      ColumnType="VARCHAR2"
      Expression="SLIP_DESCRIPTION"
      SQLType="VARCHAR" >
      <DesignTime>
         <Attr Name="_DisplaySize" Value="240" />
      </DesignTime>
   </ViewAttribute>
   <ViewAttribute
      Name="Segment1"
      IsPersistent="false"
      IsNotNull="true"
      Precision="150"
      Type="java.lang.String"
      AliasName="SEGMENT1"
      ColumnType="VARCHAR2"
      Expression="SEGMENT1"
      SQLType="VARCHAR" >
      <DesignTime>
         <Attr Name="_DisplaySize" Value="150" />
      </DesignTime>
   </ViewAttribute>
   <ViewAttribute
      Name="Segment2"
      IsPersistent="false"
      IsNotNull="true"
      Precision="150"
      Type="java.lang.String"
      AliasName="SEGMENT2"
      ColumnType="VARCHAR2"
      Expression="SEGMENT2"
      SQLType="VARCHAR" >
      <DesignTime>
         <Attr Name="_DisplaySize" Value="150" />
      </DesignTime>
   </ViewAttribute>
   <ViewAttribute
      Name="Segment3"
      IsPersistent="false"
      IsNotNull="true"
      Precision="150"
      Type="java.lang.String"
      AliasName="SEGMENT3"
      ColumnType="VARCHAR2"
      Expression="SEGMENT3"
      SQLType="VARCHAR" >
      <DesignTime>
         <Attr Name="_DisplaySize" Value="150" />
      </DesignTime>
   </ViewAttribute>
   <ViewAttribute
      Name="Segment4"
      IsPersistent="false"
      IsNotNull="true"
      Precision="150"
      Type="java.lang.String"
      AliasName="SEGMENT4"
      ColumnType="VARCHAR2"
      Expression="SEGMENT4"
      SQLType="VARCHAR" >
      <DesignTime>
         <Attr Name="_DisplaySize" Value="150" />
      </DesignTime>
   </ViewAttribute>
   <ViewAttribute
      Name="Segment5"
      IsPersistent="false"
      IsNotNull="true"
      Precision="150"
      Type="java.lang.String"
      AliasName="SEGMENT5"
      ColumnType="VARCHAR2"
      Expression="SEGMENT5"
      SQLType="VARCHAR" >
      <DesignTime>
         <Attr Name="_DisplaySize" Value="150" />
      </DesignTime>
   </ViewAttribute>
   <ViewAttribute
      Name="Segment6"
      IsPersistent="false"
      IsNotNull="true"
      Precision="150"
      Type="java.lang.String"
      AliasName="SEGMENT6"
      ColumnType="VARCHAR2"
      Expression="SEGMENT6"
      SQLType="VARCHAR" >
      <DesignTime>
         <Attr Name="_DisplaySize" Value="150" />
      </DesignTime>
   </ViewAttribute>
   <ViewAttribute
      Name="Segment7"
      IsPersistent="false"
      IsNotNull="true"
      Precision="150"
      Type="java.lang.String"
      AliasName="SEGMENT7"
      ColumnType="VARCHAR2"
      Expression="SEGMENT7"
      SQLType="VARCHAR" >
      <DesignTime>
         <Attr Name="_DisplaySize" Value="150" />
      </DesignTime>
   </ViewAttribute>
   <ViewAttribute
      Name="Segment8"
      IsPersistent="false"
      IsNotNull="true"
      Precision="150"
      Type="java.lang.String"
      AliasName="SEGMENT8"
      ColumnType="VARCHAR2"
      Expression="SEGMENT8"
      SQLType="VARCHAR" >
      <DesignTime>
         <Attr Name="_DisplaySize" Value="150" />
      </DesignTime>
   </ViewAttribute>
   <ViewAttribute
      Name="Segment9"
      IsPersistent="false"
      Precision="150"
      Type="java.lang.String"
      AliasName="SEGMENT9"
      ColumnType="VARCHAR2"
      Expression="SEGMENT9"
      SQLType="VARCHAR" >
      <DesignTime>
         <Attr Name="_DisplaySize" Value="150" />
      </DesignTime>
   </ViewAttribute>
   <ViewAttribute
      Name="Segment10"
      IsPersistent="false"
      Precision="150"
      Type="java.lang.String"
      AliasName="SEGMENT10"
      ColumnType="VARCHAR2"
      Expression="SEGMENT10"
      SQLType="VARCHAR" >
      <DesignTime>
         <Attr Name="_DisplaySize" Value="150" />
      </DesignTime>
   </ViewAttribute>
   <ViewAttribute
      Name="Segment11"
      IsPersistent="false"
      Precision="150"
      Type="java.lang.String"
      AliasName="SEGMENT11"
      ColumnType="VARCHAR2"
      Expression="SEGMENT11"
      SQLType="VARCHAR" >
      <DesignTime>
         <Attr Name="_DisplaySize" Value="150" />
      </DesignTime>
   </ViewAttribute>
   <ViewAttribute
      Name="Segment12"
      IsPersistent="false"
      Precision="150"
      Type="java.lang.String"
      AliasName="SEGMENT12"
      ColumnType="VARCHAR2"
      Expression="SEGMENT12"
      SQLType="VARCHAR" >
      <DesignTime>
         <Attr Name="_DisplaySize" Value="150" />
      </DesignTime>
   </ViewAttribute>
   <ViewAttribute
      Name="Segment13"
      IsPersistent="false"
      Precision="150"
      Type="java.lang.String"
      AliasName="SEGMENT13"
      ColumnType="VARCHAR2"
      Expression="SEGMENT13"
      SQLType="VARCHAR" >
      <DesignTime>
         <Attr Name="_DisplaySize" Value="150" />
      </DesignTime>
   </ViewAttribute>
   <ViewAttribute
      Name="Segment14"
      IsPersistent="false"
      Precision="150"
      Type="java.lang.String"
      AliasName="SEGMENT14"
      ColumnType="VARCHAR2"
      Expression="SEGMENT14"
      SQLType="VARCHAR" >
      <DesignTime>
         <Attr Name="_DisplaySize" Value="150" />
      </DesignTime>
   </ViewAttribute>
   <ViewAttribute
      Name="Segment15"
      IsPersistent="false"
      Precision="150"
      Type="java.lang.String"
      AliasName="SEGMENT15"
      ColumnType="VARCHAR2"
      Expression="SEGMENT15"
      SQLType="VARCHAR" >
      <DesignTime>
         <Attr Name="_DisplaySize" Value="150" />
      </DesignTime>
   </ViewAttribute>
   <ViewAttribute
      Name="Segment16"
      IsPersistent="false"
      Precision="150"
      Type="java.lang.String"
      AliasName="SEGMENT16"
      ColumnType="VARCHAR2"
      Expression="SEGMENT16"
      SQLType="VARCHAR" >
      <DesignTime>
         <Attr Name="_DisplaySize" Value="150" />
      </DesignTime>
   </ViewAttribute>
   <ViewAttribute
      Name="Segment17"
      IsPersistent="false"
      Precision="150"
      Type="java.lang.String"
      AliasName="SEGMENT17"
      ColumnType="VARCHAR2"
      Expression="SEGMENT17"
      SQLType="VARCHAR" >
      <DesignTime>
         <Attr Name="_DisplaySize" Value="150" />
      </DesignTime>
   </ViewAttribute>
   <ViewAttribute
      Name="Segment18"
      IsPersistent="false"
      Precision="150"
      Type="java.lang.String"
      AliasName="SEGMENT18"
      ColumnType="VARCHAR2"
      Expression="SEGMENT18"
      SQLType="VARCHAR" >
      <DesignTime>
         <Attr Name="_DisplaySize" Value="150" />
      </DesignTime>
   </ViewAttribute>
   <ViewAttribute
      Name="Segment19"
      IsPersistent="false"
      Precision="150"
      Type="java.lang.String"
      AliasName="SEGMENT19"
      ColumnType="VARCHAR2"
      Expression="SEGMENT19"
      SQLType="VARCHAR" >
      <DesignTime>
         <Attr Name="_DisplaySize" Value="150" />
      </DesignTime>
   </ViewAttribute>
   <ViewAttribute
      Name="Segment20"
      IsPersistent="false"
      Precision="150"
      Type="java.lang.String"
      AliasName="SEGMENT20"
      ColumnType="VARCHAR2"
      Expression="SEGMENT20"
      SQLType="VARCHAR" >
      <DesignTime>
         <Attr Name="_DisplaySize" Value="150" />
      </DesignTime>
   </ViewAttribute>
   <ViewAttribute
      Name="Segment1Name"
      IsPersistent="false"
      Precision="500"
      Type="java.lang.String"
      AliasName="SEGMENT1_NAME"
      ColumnType="VARCHAR2"
      Expression="SEGMENT1_NAME"
      SQLType="VARCHAR" >
      <DesignTime>
         <Attr Name="_DisplaySize" Value="500" />
      </DesignTime>
   </ViewAttribute>
   <ViewAttribute
      Name="Segment2Name"
      IsPersistent="false"
      Precision="500"
      Type="java.lang.String"
      AliasName="SEGMENT2_NAME"
      ColumnType="VARCHAR2"
      Expression="SEGMENT2_NAME"
      SQLType="VARCHAR" >
      <DesignTime>
         <Attr Name="_DisplaySize" Value="500" />
      </DesignTime>
   </ViewAttribute>
   <ViewAttribute
      Name="Segment3Name"
      IsPersistent="false"
      Precision="500"
      Type="java.lang.String"
      AliasName="SEGMENT3_NAME"
      ColumnType="VARCHAR2"
      Expression="SEGMENT3_NAME"
      SQLType="VARCHAR" >
      <DesignTime>
         <Attr Name="_DisplaySize" Value="500" />
      </DesignTime>
   </ViewAttribute>
   <ViewAttribute
      Name="Segment4Name"
      IsPersistent="false"
      Precision="500"
      Type="java.lang.String"
      AliasName="SEGMENT4_NAME"
      ColumnType="VARCHAR2"
      Expression="SEGMENT4_NAME"
      SQLType="VARCHAR" >
      <DesignTime>
         <Attr Name="_DisplaySize" Value="500" />
      </DesignTime>
   </ViewAttribute>
   <ViewAttribute
      Name="Segment5Name"
      IsPersistent="false"
      Precision="500"
      Type="java.lang.String"
      AliasName="SEGMENT5_NAME"
      ColumnType="VARCHAR2"
      Expression="SEGMENT5_NAME"
      SQLType="VARCHAR" >
      <DesignTime>
         <Attr Name="_DisplaySize" Value="500" />
      </DesignTime>
   </ViewAttribute>
   <ViewAttribute
      Name="Segment6Name"
      IsPersistent="false"
      Precision="500"
      Type="java.lang.String"
      AliasName="SEGMENT6_NAME"
      ColumnType="VARCHAR2"
      Expression="SEGMENT6_NAME"
      SQLType="VARCHAR" >
      <DesignTime>
         <Attr Name="_DisplaySize" Value="500" />
      </DesignTime>
   </ViewAttribute>
   <ViewAttribute
      Name="Segment7Name"
      IsPersistent="false"
      Precision="500"
      Type="java.lang.String"
      AliasName="SEGMENT7_NAME"
      ColumnType="VARCHAR2"
      Expression="SEGMENT7_NAME"
      SQLType="VARCHAR" >
      <DesignTime>
         <Attr Name="_DisplaySize" Value="500" />
      </DesignTime>
   </ViewAttribute>
   <ViewAttribute
      Name="Segment8Name"
      IsPersistent="false"
      Precision="500"
      Type="java.lang.String"
      AliasName="SEGMENT8_NAME"
      ColumnType="VARCHAR2"
      Expression="SEGMENT8_NAME"
      SQLType="VARCHAR" >
      <DesignTime>
         <Attr Name="_DisplaySize" Value="500" />
      </DesignTime>
   </ViewAttribute>
   <ViewAttribute
      Name="IncrDecrReasonCode"
      IsPersistent="false"
      Precision="150"
      Type="java.lang.String"
      AliasName="INCR_DECR_REASON_CODE"
      ColumnType="VARCHAR2"
      Expression="INCR_DECR_REASON_CODE"
      SQLType="VARCHAR" >
      <DesignTime>
         <Attr Name="_DisplaySize" Value="150" />
      </DesignTime>
   </ViewAttribute>
   <ViewAttribute
      Name="IncrDecrReasonName"
      IsPersistent="false"
      Precision="500"
      Type="java.lang.String"
      AliasName="INCR_DECR_REASON_NAME"
      ColumnType="VARCHAR2"
      Expression="INCR_DECR_REASON_NAME"
      SQLType="VARCHAR" >
      <DesignTime>
         <Attr Name="_DisplaySize" Value="500" />
      </DesignTime>
   </ViewAttribute>
   <ViewAttribute
      Name="ReconReference"
      IsPersistent="false"
      Precision="150"
      Type="java.lang.String"
      AliasName="RECON_REFERENCE"
      ColumnType="VARCHAR2"
      Expression="RECON_REFERENCE"
      SQLType="VARCHAR" >
      <DesignTime>
         <Attr Name="_DisplaySize" Value="150" />
      </DesignTime>
   </ViewAttribute>
   <ViewAttribute
      Name="JournalDescription"
      IsPersistent="false"
      Precision="240"
      Type="java.lang.String"
      AliasName="JOURNAL_DESCRIPTION"
      ColumnType="VARCHAR2"
      Expression="JOURNAL_DESCRIPTION"
      SQLType="VARCHAR" >
      <DesignTime>
         <Attr Name="_DisplaySize" Value="240" />
      </DesignTime>
   </ViewAttribute>
   <ViewAttribute
      Name="OrgId"
      IsPersistent="false"
      IsNotNull="true"
      Precision="15"
      Scale="0"
      Type="oracle.jbo.domain.Number"
      AliasName="ORG_ID"
      ColumnType="VARCHAR2"
      Expression="ORG_ID"
      SQLType="NUMERIC" >
      <DesignTime>
         <Attr Name="_DisplaySize" Value="22" />
      </DesignTime>
   </ViewAttribute>
   <ViewAttribute
      Name="AttributeCategory"
      IsPersistent="false"
      Precision="150"
      Type="java.lang.String"
      AliasName="ATTRIBUTE_CATEGORY"
      ColumnType="VARCHAR2"
      Expression="ATTRIBUTE_CATEGORY"
      SQLType="VARCHAR" >
      <DesignTime>
         <Attr Name="_DisplaySize" Value="150" />
      </DesignTime>
   </ViewAttribute>
   <ViewAttribute
      Name="Attribute1"
      IsPersistent="false"
      Precision="150"
      Type="java.lang.String"
      AliasName="ATTRIBUTE1"
      ColumnType="VARCHAR2"
      Expression="ATTRIBUTE1"
      SQLType="VARCHAR" >
      <DesignTime>
         <Attr Name="_DisplaySize" Value="150" />
      </DesignTime>
   </ViewAttribute>
   <ViewAttribute
      Name="Attribute2"
      IsPersistent="false"
      Precision="150"
      Type="java.lang.String"
      AliasName="ATTRIBUTE2"
      ColumnType="VARCHAR2"
      Expression="ATTRIBUTE2"
      SQLType="VARCHAR" >
      <DesignTime>
         <Attr Name="_DisplaySize" Value="150" />
      </DesignTime>
   </ViewAttribute>
   <ViewAttribute
      Name="Attribute3"
      IsPersistent="false"
      Precision="150"
      Type="java.lang.String"
      AliasName="ATTRIBUTE3"
      ColumnType="VARCHAR2"
      Expression="ATTRIBUTE3"
      SQLType="VARCHAR" >
      <DesignTime>
         <Attr Name="_DisplaySize" Value="150" />
      </DesignTime>
   </ViewAttribute>
   <ViewAttribute
      Name="Attribute4"
      IsPersistent="false"
      Precision="150"
      Type="java.lang.String"
      AliasName="ATTRIBUTE4"
      ColumnType="VARCHAR2"
      Expression="ATTRIBUTE4"
      SQLType="VARCHAR" >
      <DesignTime>
         <Attr Name="_DisplaySize" Value="150" />
      </DesignTime>
   </ViewAttribute>
   <ViewAttribute
      Name="Attribute5"
      IsPersistent="false"
      Precision="150"
      Type="java.lang.String"
      AliasName="ATTRIBUTE5"
      ColumnType="VARCHAR2"
      Expression="ATTRIBUTE5"
      SQLType="VARCHAR" >
      <DesignTime>
         <Attr Name="_DisplaySize" Value="150" />
      </DesignTime>
   </ViewAttribute>
   <ViewAttribute
      Name="Attribute6"
      IsPersistent="false"
      Precision="150"
      Type="java.lang.String"
      AliasName="ATTRIBUTE6"
      ColumnType="VARCHAR2"
      Expression="ATTRIBUTE6"
      SQLType="VARCHAR" >
      <DesignTime>
         <Attr Name="_DisplaySize" Value="150" />
      </DesignTime>
   </ViewAttribute>
   <ViewAttribute
      Name="Attribute7"
      IsPersistent="false"
      Precision="150"
      Type="java.lang.String"
      AliasName="ATTRIBUTE7"
      ColumnType="VARCHAR2"
      Expression="ATTRIBUTE7"
      SQLType="VARCHAR" >
      <DesignTime>
         <Attr Name="_DisplaySize" Value="150" />
      </DesignTime>
   </ViewAttribute>
   <ViewAttribute
      Name="Attribute8"
      IsPersistent="false"
      Precision="150"
      Type="java.lang.String"
      AliasName="ATTRIBUTE8"
      ColumnType="VARCHAR2"
      Expression="ATTRIBUTE8"
      SQLType="VARCHAR" >
      <DesignTime>
         <Attr Name="_DisplaySize" Value="150" />
      </DesignTime>
   </ViewAttribute>
   <ViewAttribute
      Name="Attribute9"
      IsPersistent="false"
      Precision="150"
      Type="java.lang.String"
      AliasName="ATTRIBUTE9"
      ColumnType="VARCHAR2"
      Expression="ATTRIBUTE9"
      SQLType="VARCHAR" >
      <DesignTime>
         <Attr Name="_DisplaySize" Value="150" />
      </DesignTime>
   </ViewAttribute>
   <ViewAttribute
      Name="Attribute10"
      IsPersistent="false"
      Precision="150"
      Type="java.lang.String"
      AliasName="ATTRIBUTE10"
      ColumnType="VARCHAR2"
      Expression="ATTRIBUTE10"
      SQLType="VARCHAR" >
      <DesignTime>
         <Attr Name="_DisplaySize" Value="150" />
      </DesignTime>
   </ViewAttribute>
   <ViewAttribute
      Name="Attribute11"
      IsPersistent="false"
      Precision="150"
      Type="java.lang.String"
      AliasName="ATTRIBUTE11"
      ColumnType="VARCHAR2"
      Expression="ATTRIBUTE11"
      SQLType="VARCHAR" >
      <DesignTime>
         <Attr Name="_DisplaySize" Value="150" />
      </DesignTime>
   </ViewAttribute>
   <ViewAttribute
      Name="Attribute12"
      IsPersistent="false"
      Precision="150"
      Type="java.lang.String"
      AliasName="ATTRIBUTE12"
      ColumnType="VARCHAR2"
      Expression="ATTRIBUTE12"
      SQLType="VARCHAR" >
      <DesignTime>
         <Attr Name="_DisplaySize" Value="150" />
      </DesignTime>
   </ViewAttribute>
   <ViewAttribute
      Name="Attribute13"
      IsPersistent="false"
      Precision="150"
      Type="java.lang.String"
      AliasName="ATTRIBUTE13"
      ColumnType="VARCHAR2"
      Expression="ATTRIBUTE13"
      SQLType="VARCHAR" >
      <DesignTime>
         <Attr Name="_DisplaySize" Value="150" />
      </DesignTime>
   </ViewAttribute>
   <ViewAttribute
      Name="Attribute14"
      IsPersistent="false"
      Precision="150"
      Type="java.lang.String"
      AliasName="ATTRIBUTE14"
      ColumnType="VARCHAR2"
      Expression="ATTRIBUTE14"
      SQLType="VARCHAR" >
      <DesignTime>
         <Attr Name="_DisplaySize" Value="150" />
      </DesignTime>
   </ViewAttribute>
   <ViewAttribute
      Name="Attribute15"
      IsPersistent="false"
      Precision="150"
      Type="java.lang.String"
      AliasName="ATTRIBUTE15"
      ColumnType="VARCHAR2"
      Expression="ATTRIBUTE15"
      SQLType="VARCHAR" >
      <DesignTime>
         <Attr Name="_DisplaySize" Value="150" />
      </DesignTime>
   </ViewAttribute>
   <ViewAttribute
      Name="CreatedBy"
      IsPersistent="false"
      IsNotNull="true"
      Precision="15"
      Scale="0"
      Type="oracle.jbo.domain.Number"
      AliasName="CREATED_BY"
      ColumnType="VARCHAR2"
      Expression="CREATED_BY"
      SQLType="NUMERIC" >
      <DesignTime>
         <Attr Name="_DisplaySize" Value="22" />
      </DesignTime>
   </ViewAttribute>
   <ViewAttribute
      Name="CreationDate"
      IsPersistent="false"
      IsNotNull="true"
      Type="oracle.jbo.domain.Date"
      AliasName="CREATION_DATE"
      ColumnType="VARCHAR2"
      Expression="CREATION_DATE"
      SQLType="DATE" >
      <DesignTime>
         <Attr Name="_DisplaySize" Value="7" />
      </DesignTime>
   </ViewAttribute>
   <ViewAttribute
      Name="LastUpdatedBy"
      IsPersistent="false"
      IsNotNull="true"
      Precision="15"
      Scale="0"
      Type="oracle.jbo.domain.Number"
      AliasName="LAST_UPDATED_BY"
      ColumnType="VARCHAR2"
      Expression="LAST_UPDATED_BY"
      SQLType="NUMERIC" >
      <DesignTime>
         <Attr Name="_DisplaySize" Value="22" />
      </DesignTime>
   </ViewAttribute>
   <ViewAttribute
      Name="LastUpdateDate"
      IsPersistent="false"
      IsNotNull="true"
      Type="oracle.jbo.domain.Date"
      AliasName="LAST_UPDATE_DATE"
      ColumnType="VARCHAR2"
      Expression="LAST_UPDATE_DATE"
      SQLType="DATE" >
      <DesignTime>
         <Attr Name="_DisplaySize" Value="7" />
      </DesignTime>
   </ViewAttribute>
   <ViewAttribute
      Name="LastUpdateLogin"
      IsPersistent="false"
      Precision="15"
      Scale="0"
      Type="oracle.jbo.domain.Number"
      AliasName="LAST_UPDATE_LOGIN"
      ColumnType="VARCHAR2"
      Expression="LAST_UPDATE_LOGIN"
      SQLType="NUMERIC" >
      <DesignTime>
         <Attr Name="_DisplaySize" Value="22" />
      </DesignTime>
   </ViewAttribute>
   <ViewAttribute
      Name="RequestId"
      IsPersistent="false"
      Precision="15"
      Scale="0"
      Type="oracle.jbo.domain.Number"
      AliasName="REQUEST_ID"
      ColumnType="VARCHAR2"
      Expression="REQUEST_ID"
      SQLType="NUMERIC" >
      <DesignTime>
         <Attr Name="_DisplaySize" Value="22" />
      </DesignTime>
   </ViewAttribute>
   <ViewAttribute
      Name="ProgramApplicationId"
      IsPersistent="false"
      Precision="15"
      Scale="0"
      Type="oracle.jbo.domain.Number"
      AliasName="PROGRAM_APPLICATION_ID"
      ColumnType="VARCHAR2"
      Expression="PROGRAM_APPLICATION_ID"
      SQLType="NUMERIC" >
      <DesignTime>
         <Attr Name="_DisplaySize" Value="22" />
      </DesignTime>
   </ViewAttribute>
   <ViewAttribute
      Name="ProgramId"
      IsPersistent="false"
      Precision="15"
      Scale="0"
      Type="oracle.jbo.domain.Number"
      AliasName="PROGRAM_ID"
      ColumnType="VARCHAR2"
      Expression="PROGRAM_ID"
      SQLType="NUMERIC" >
      <DesignTime>
         <Attr Name="_DisplaySize" Value="22" />
      </DesignTime>
   </ViewAttribute>
   <ViewAttribute
      Name="ProgramUpdateDate"
      IsPersistent="false"
      Type="oracle.jbo.domain.Date"
      AliasName="PROGRAM_UPDATE_DATE"
      ColumnType="VARCHAR2"
      Expression="PROGRAM_UPDATE_DATE"
      SQLType="DATE" >
      <DesignTime>
         <Attr Name="_DisplaySize" Value="7" />
      </DesignTime>
   </ViewAttribute>
   <ViewAttribute
      Name="TaxId"
      IsPersistent="false"
      Precision="15"
      Scale="0"
      Type="oracle.jbo.domain.Number"
      AliasName="TAX_ID"
      ColumnType="VARCHAR2"
      Expression="TAX_ID"
      SQLType="NUMERIC" >
      <DesignTime>
         <Attr Name="_DisplaySize" Value="22" />
      </DesignTime>
   </ViewAttribute>
   <ViewAttribute
      Name="SlipLineUomName"
      IsPersistent="false"
      Precision="25"
      Type="java.lang.String"
      AliasName="SLIP_LINE_UOM_NAME"
      ColumnType="VARCHAR2"
      Expression="SLIP_LINE_UOM_NAME"
      SQLType="VARCHAR" >
      <DesignTime>
         <Attr Name="_DisplaySize" Value="25" />
      </DesignTime>
   </ViewAttribute>
   <ViewLinkAccessor
      Name="Xx03ConfirmDispSlipsVO"
      ViewLink="oracle.apps.xx03.ar.confirm.server.Xx03ConfirmDispSlipsToLinesVL"
      Type="oracle.jbo.Row"
      Reversed="true"
      IsUpdateable="false" >
   </ViewLinkAccessor>
</ViewObject>
