<?xml version="1.0" encoding='Windows-31J'?>
<!DOCTYPE ViewLink SYSTEM "jbo_03_01.dtd">

<ViewLink
   Name="Xx03ConfirmDispSlipsToLinesVL" >
   <DesignTime>
      <Attr Name="_isCodegen" Value="true" />
      <Attr Name="_version" Value="9.0.3.14.00" />
   </DesignTime>
   <ViewLinkDefEnd
      Name="Xx03ConfirmDispSlipsVO"
      Cardinality="1"
      Owner="oracle.apps.xx03.ar.confirm.server.Xx03ConfirmDispSlipsVO"
      Source="true" >
      <AttrArray Name="Attributes">
         <Item Value="oracle.apps.xx03.ar.confirm.server.Xx03ConfirmDispSlipsVO.ReceivableId" />
      </AttrArray>
      <DesignTime>
         <Attr Name="_minCardinality" Value="1" />
         <Attr Name="_isUpdateable" Value="true" />
         <Attr Name="_finderName" Value="Xx03ConfirmDispSlipsVO" />
         <Attr Name="_accessor" Value="true" />
      </DesignTime>
   </ViewLinkDefEnd>
   <ViewLinkDefEnd
      Name="Xx03ConfirmDispSlipsLineVO"
      Cardinality="-1"
      Owner="oracle.apps.xx03.ar.confirm.server.Xx03ConfirmDispSlipsLineVO" >
      <AttrArray Name="Attributes">
         <Item Value="oracle.apps.xx03.ar.confirm.server.Xx03ConfirmDispSlipsLineVO.ReceivableId" />
      </AttrArray>
      <DesignTime>
         <Attr Name="_isUpdateable" Value="true" />
         <Attr Name="_finderName" Value="Xx03ConfirmDispSlipsLineVO" />
         <Attr Name="_accessor" Value="true" />
      </DesignTime>
   </ViewLinkDefEnd>
</ViewLink>
