<?xml version = '1.0' encoding = 'UTF-8'?>
<!-- dbdrv: exec java oracle/jrad/tools/xml/importer XMLImporter.class java &phase=dat+24 checkfile:~PROD:~PATH:~FILE &fullpath:~PROD:~PATH:~FILE -username &un_apps -password &pw_apps -dbconnection &jdbc_db_addr  -userId "1" -rootPackage /oracle/apps/~PROD  -rootdir &fullpath:~PROD:mds:directory  -->
<!--**注意
* KROWN:124532により、1ファイルが32Kバイトを超えないようにしてください。
* 超えてしまう場合は、ファイルを分割してください。

詳細
自動販売機設置契約情報登録／更新画面の属性セットファイルです。

修正履歴
2009/01/27  小川浩        新規作成-->
<package version="9.0.3.8.13_1566" xml:lang="en-US" xmlns:oa="http://xmlns.oracle.com/oa" xmlns:jrad="http://xmlns.oracle.com/jrad" xmlns:ui="http://xmlns.oracle.com/uix/ui" xmlns:user="http://xmlns.oracle.com/jrad/user" xmlns="http://xmlns.oracle.com/jrad" file-version="$Header$">
   <attributeSet docName="PageLayoutRN" windowTitle="自販機設置契約情報登録" title="自販機設置契約情報登録"/>
   <attributeSet docName="CancelButton" prompt="取消"/>
   <attributeSet docName="ApplyButton" prompt="適用"/>
   <attributeSet docName="SubmitButton" prompt="確定"/>
   <attributeSet docName="PrintPdfButton" prompt="PDF作成"/>
   <attributeSet docName="BaseInfoHdrRN" text="&lt;基本情報>"/>
   <attributeSet docName="ContractFormat" prompt="契約書フォーマット"/>
   <attributeSet docName="ContractNumber" prompt="自動販売機設置契約書番号"/>
   <attributeSet docName="Status" prompt="ステータス"/>
   <attributeSet docName="InputUserLayout" prompt="入力者"/>
   <attributeSet docName="CreateEmployeeNumber" shortDesc="入力者コード"/>
   <attributeSet docName="CreateEmployeeName" shortDesc="入力者氏名"/>
   <attributeSet docName="CreateBaseName" shortDesc="入力者部署"/>
   <attributeSet docName="SpDecisionNumber" prompt="参照SP専決書番号"/>
   <attributeSet docName="ContractInfoHdrRN" text="&lt;契約者(甲)情報>"/>
   <attributeSet docName="ContractorNumber" prompt="契約者"/>
   <attributeSet docName="ContractName" prompt="契約者名"/>
   <attributeSet docName="DelegateName" prompt="代表者名"/>
   <attributeSet docName="ContractPostalCode" prompt="契約者住所(郵便番号)"/>
   <attributeSet docName="ContractState" prompt="契約者住所(都道府県)"/>
   <attributeSet docName="ContractCity" prompt="契約者住所(市・区)"/>
   <attributeSet docName="ContractAddress1" prompt="契約者住所(住所1)"/>
   <attributeSet docName="ContractAddress2" prompt="契約者住所(住所2)"/>
   <attributeSet docName="ContractEffectDate" prompt="契約書発効日"/>
   <attributeSet docName="PayCondInfoHdrRN" text="&lt;第3条：販売手数料の支払い>"/>
   <attributeSet docName="SalesCondLabel" prompt="売価別条件"/>
   <attributeSet docName="FixedPriceColHdr" prompt="定価"/>
   <attributeSet docName="SalesPriceColHdr" prompt="売価"/>
   <attributeSet docName="ScBmTotalGrpHdr" prompt="売価1本当り BM(総額)"/>
   <attributeSet docName="ScBmTotalRateColHdr" prompt="率(％)"/>
   <attributeSet docName="ScBmTotalAmtColHdr" prompt="金額"/>
   <attributeSet docName="ScBmTotalCalcRateColHdr" prompt="定価換算率(％)"/>
   <attributeSet docName="ScBm1GrpHdr" prompt="BM1"/>
   <attributeSet docName="ScBm1RateColHdr" prompt="率(％)"/>
   <attributeSet docName="ScBm1AmtColHdr" prompt="金額"/>
   <attributeSet docName="ScBm2GrpHdr" prompt="BM2／寄付金"/>
   <attributeSet docName="ScBm2RateColHdr" prompt="率(％)"/>
   <attributeSet docName="ScBm2AmtColHdr" prompt="金額"/>
   <attributeSet docName="ScBm3RateColHdr" prompt="率(％)"/>
   <attributeSet docName="ScBm3AmtColHdr" prompt="金額"/>
   <attributeSet docName="ScBm3GrpHdr" prompt="BM3"/>
   <attributeSet docName="ContainerCondLabel" prompt="一律条件・容器別条件"/>
   <attributeSet docName="SpContainerNameColHdr" prompt="容器"/>
   <attributeSet docName="DiscountAmtColHdr" prompt="定価からの値引額"/>
   <attributeSet docName="CcBmTotalGrpHdr" prompt="売価1本当り BM(総額)"/>
   <attributeSet docName="CcBmTotalRateColHdr" prompt="率(％)"/>
   <attributeSet docName="CcBmTotalAmtColHdr" prompt="金額"/>
   <attributeSet docName="CcBmTotalCalcRateColHdr" prompt="定価換算率(％)"/>
   <attributeSet docName="CcBm1GrpHdr" prompt="BM1"/>
   <attributeSet docName="CcBm1RateColHdr" prompt="率(％)"/>
   <attributeSet docName="CcBm1AmtColHdr" prompt="金額"/>
   <attributeSet docName="CcBm2GrpHdr" prompt="BM2／寄付金"/>
   <attributeSet docName="CcBm2RateColHdr" prompt="率(％)"/>
   <attributeSet docName="CcBm2AmtColHdr" prompt="金額"/>
   <attributeSet docName="CcBm3GrpHdr" prompt="BM3"/>
   <attributeSet docName="CcBm3RateColHdr" prompt="率(％)"/>
   <attributeSet docName="CcBm3AmtColHdr" prompt="金額"/>
   <attributeSet docName="CloseDayLayout" prompt="締め日"/>
   <attributeSet docName="CloseDayCode" shortDesc="締め日"/>
   <attributeSet docName="CloseDayLabel" prompt="日"/>
   <attributeSet docName="TransferDayLayout" prompt="振込日"/>
   <attributeSet docName="TransferDayLabel" prompt="日"/>
   <attributeSet docName="PeriodInfoHdrRN" text="&lt;第4条：契約期間・途中解除>"/>
   <attributeSet docName="ContractPeriodLayout" prompt="契約期間"/>
   <attributeSet docName="ContractPeriodStartLabel" prompt="本契約成立日より"/>
   <attributeSet docName="ContractYearDate" shortDesc="契約年数"/>
   <attributeSet docName="ContractPeriodEndLabel" prompt="年間"/>
   <attributeSet docName="CancellationOfferLayout" prompt="契約解除申し出"/>
   <attributeSet docName="CancellationOfferStartLabel" prompt="契約期間満了"/>
   <attributeSet docName="CancellationOfferEndLabel" prompt="ヵ月前まで"/>
   <attributeSet docName="TransferMonthCode" shortDesc="振込月"/>
   <attributeSet docName="TransferDayCode" shortDesc="振込日"/>
   <attributeSet docName="CancellationOfferCode" shortDesc="契約解除申し出"/>
   <attributeSet docName="Bm1DestHdrRN" text="&lt;BM1情報>"/>
   <attributeSet docName="Bm1PaymentName" prompt="BM1送付先名"/>
   <attributeSet docName="Bm1PaymentNameAlt" prompt="BM1送付先名カナ"/>
   <attributeSet docName="Bm1BankTransferFeeDiv" shortDesc="BM1振込手数料負担"/>
   <attributeSet docName="Bm1BellingDetailsDivLayout" prompt="BM1支払方法、明細書"/>
   <attributeSet docName="Bm1InqueryChargeHubCd" shortDesc="BM1問合せ担当拠点"/>
   <attributeSet docName="Bm1BellingDetailsDiv" shortDesc="BM1支払方法、明細書"/>
   <attributeSet docName="Bm1InqueryBaseLayout" prompt="BM1問合せ担当拠点"/>
   <attributeSet docName="Bm1InqueryChargeHubName" shortDesc="問合せ担当拠点名"/>
   <attributeSet docName="Bm1PostalCode" prompt="BM1送付先住所(郵便番号)"/>
   <attributeSet docName="Bm1State" prompt="BM1送付先住所(都道府県)"/>
   <attributeSet docName="Bm1City" prompt="BM1送付先住所(市・区)"/>
   <attributeSet docName="Bm1Address1" prompt="BM1送付先住所(住所1)"/>
   <attributeSet docName="Bm1Address2" prompt="BM1送付先住所(住所2)"/>
   <attributeSet docName="Bm1AddressLinesPhonetic" prompt="BM1送付先電話番号"/>
   <attributeSet docName="Bm1ExistFlag" prompt="BM1指定"/>
   <attributeSet docName="Bm1BankNameLayout" prompt="BM1金融機関名"/>
   <attributeSet docName="Bm1BankNumber" shortDesc="BM1金融機関番号"/>
   <attributeSet docName="Bm1BankName" shortDesc="BM1金融機関名"/>
   <attributeSet docName="Bm1BranchNameLayout" prompt="BM1支店名"/>
   <attributeSet docName="Bm1BranchNumber" shortDesc="BM1支店番号"/>
   <attributeSet docName="Bm1BranchName" shortDesc="BM1支店名"/>
   <attributeSet docName="Bm1BankAccountType" shortDesc="BM1口座種別"/>
   <attributeSet docName="Bm1BankAccountNumber" prompt="BM1口座番号"/>
   <attributeSet docName="Bm1BankAccountNameKana" prompt="BM1口座名義カナ"/>
   <attributeSet docName="Bm1BankAccountNameKanji" prompt="BM1口座名義漢字"/>
   <attributeSet docName="Bm2DestHdrRN" text="&lt;BM2／寄付金情報>"/>
   <attributeSet docName="Bm2PaymentName" prompt="BM2送付先名"/>
   <attributeSet docName="Bm2PaymentNameAlt" prompt="BM2送付先名カナ"/>
   <attributeSet docName="Bm2BankTransferFeeDiv" shortDesc="BM2振込手数料負担"/>
   <attributeSet docName="Bm2BellingDetailsDivLayout" prompt="BM2支払方法、明細書"/>
   <attributeSet docName="Bm2InqueryChargeHubCd" shortDesc="BM2問合せ担当拠点"/>
   <attributeSet docName="Bm2BellingDetailsDiv" shortDesc="BM2支払方法、明細書"/>
   <attributeSet docName="Bm2InqueryBaseLayout" prompt="BM2問合せ担当拠点"/>
   <attributeSet docName="Bm2InqueryChargeHubName" shortDesc="問合せ担当拠点名"/>
   <attributeSet docName="Bm2PostalCode" prompt="BM2送付先住所(郵便番号)"/>
   <attributeSet docName="Bm2State" prompt="BM2送付先住所(都道府県)"/>
   <attributeSet docName="Bm2City" prompt="BM2送付先住所(市・区)"/>
   <attributeSet docName="Bm2Address1" prompt="BM2送付先住所(住所1)"/>
   <attributeSet docName="Bm2Address2" prompt="BM2送付先住所(住所2)"/>
   <attributeSet docName="Bm2AddressLinesPhonetic" prompt="BM2送付先電話番号"/>
   <attributeSet docName="Bm2ExistFlag" prompt="BM2指定"/>
   <attributeSet docName="Bm2BankNameLayout" prompt="BM2金融機関名"/>
   <attributeSet docName="Bm2BankNumber" shortDesc="BM2金融機関番号"/>
   <attributeSet docName="Bm2BankName" shortDesc="BM2金融機関名"/>
   <attributeSet docName="Bm2BranchNameLayout" prompt="BM2支店名"/>
   <attributeSet docName="Bm2BranchNumber" shortDesc="BM2支店番号"/>
   <attributeSet docName="Bm2BranchName" shortDesc="BM2支店名"/>
   <attributeSet docName="Bm2BankAccountType" shortDesc="BM2口座種別"/>
   <attributeSet docName="Bm2BankAccountNumber" prompt="BM2口座番号"/>
   <attributeSet docName="Bm2BankAccountNameKana" prompt="BM2口座名義カナ"/>
   <attributeSet docName="Bm2BankAccountNameKanji" prompt="BM2口座名義漢字"/>
   <attributeSet docName="Bm3DestHdrRN" text="&lt;BM3情報>"/>
   <attributeSet docName="Bm3PaymentName" prompt="BM3送付先名"/>
   <attributeSet docName="Bm3PaymentNameAlt" prompt="BM3送付先名カナ"/>
   <attributeSet docName="Bm3BankTransferFeeDiv" shortDesc="BM3振込手数料負担"/>
   <attributeSet docName="Bm3BellingDetailsDivLayout" prompt="BM3支払方法、明細書"/>
   <attributeSet docName="Bm3InqueryChargeHubCd" shortDesc="BM3問合せ担当拠点"/>
   <attributeSet docName="Bm3BellingDetailsDiv" shortDesc="BM3支払方法、明細書"/>
   <attributeSet docName="Bm3InqueryBaseLayout" prompt="BM3問合せ担当拠点"/>
   <attributeSet docName="Bm3InqueryChargeHubName" shortDesc="問合せ担当拠点名"/>
   <attributeSet docName="Bm3PostalCode" prompt="BM3送付先住所(郵便番号)"/>
   <attributeSet docName="Bm3State" prompt="BM3送付先住所(都道府県)"/>
   <attributeSet docName="Bm3City" prompt="BM3送付先住所(市・区)"/>
   <attributeSet docName="Bm3Address1" prompt="BM3送付先住所(住所1)"/>
   <attributeSet docName="Bm3Address2" prompt="BM3送付先住所(住所2)"/>
   <attributeSet docName="Bm3AddressLinesPhonetic" prompt="BM3送付先電話番号"/>
   <attributeSet docName="Bm3ExistFlag" prompt="BM3指定"/>
   <attributeSet docName="Bm3BankNameLayout" prompt="BM3金融機関名"/>
   <attributeSet docName="Bm3BankNumber" shortDesc="BM3金融機関番号"/>
   <attributeSet docName="Bm3BankName" shortDesc="BM3金融機関名"/>
   <attributeSet docName="Bm3BranchNameLayout" prompt="BM3支店名"/>
   <attributeSet docName="Bm3BranchNumber" shortDesc="BM3支店番号"/>
   <attributeSet docName="Bm3BranchName" shortDesc="BM3支店名"/>
   <attributeSet docName="Bm3BankAccountType" shortDesc="BM3口座種別"/>
   <attributeSet docName="Bm3BankAccountNumber" prompt="BM3口座番号"/>
   <attributeSet docName="Bm3BankAccountNameKana" prompt="BM3口座名義カナ"/>
   <attributeSet docName="Bm3BankAccountNameKanji" prompt="BM3口座名義漢字"/>
   <attributeSet docName="InstallInfoHdrRN" text="設置先情報"/>
   <attributeSet docName="InstallAccountNumber" prompt="顧客コード"/>
   <attributeSet docName="InstallPartyName" prompt="設置先名"/>
   <attributeSet docName="InstallPostalCode" prompt="設置先住所(郵便番号)"/>
   <attributeSet docName="InstallState" prompt="設置先住所(都道府県)"/>
   <attributeSet docName="InstallCity" prompt="設置先住所(市・区)"/>
   <attributeSet docName="InstallAddress1" prompt="設置先住所(住所1)"/>
   <attributeSet docName="InstallAddress2" prompt="設置先住所(住所2)"/>
   <attributeSet docName="InstallDate" prompt="設置日"/>
   <attributeSet docName="OwnerChangeLayout" prompt="オーナー変更"/>
   <attributeSet docName="OwnerChangeFlag" shortDesc="オーナー変更"/>
   <attributeSet docName="InstallCode" shortDesc="物件コード"/>
   <attributeSet docName="PublishBaseLayout" prompt="担当拠点"/>
   <attributeSet docName="PublishDeptCode" shortDesc="担当拠点コード"/>
   <attributeSet docName="PublishDeptName" shortDesc="担当拠点名"/>
   <attributeSet docName="LocationAddress" prompt="発行元所属住所(乙)"/>
   <attributeSet docName="IssueBaseName" prompt="発行元所属名(乙)"/>
   <attributeSet docName="BaseLeaderLayout" prompt="発行元所属長(乙)"/>
   <attributeSet docName="BaseLeaderPositionName" shortDesc="職位名"/>
   <attributeSet docName="BaseLeaderName" shortDesc="氏名"/>
   <attributeSet docName="Bm1VendorCode" prompt="BM1送付先コード"/>
   <attributeSet docName="Bm2VendorCode" prompt="BM2送付先コード"/>
   <attributeSet docName="Bm3VendorCode" prompt="BM3送付先コード"/>
   <attributeSet docName="Bm1BankTransferFeeDivLayout" prompt="BM1振込手数料負担"/>
   <attributeSet docName="Bm2BankTransferFeeDivLayout" prompt="BM2振込手数料負担"/>
   <attributeSet docName="Bm3BankTransferFeeDivLayout" prompt="BM3振込手数料負担"/>
   <attributeSet docName="OtherContent" prompt="特約事項"/>
   <attributeSet docName="InqueryBaseCode" prompt="拠点コード"/>
   <attributeSet docName="InqueryBaseName" prompt="拠点名"/>
   <attributeSet docName="VendorNumber" prompt="送付先コード"/>
   <attributeSet docName="VendorName" prompt="送付先名"/>
   <attributeSet docName="BankNumber" prompt="銀行番号"/>
   <attributeSet docName="BankName" prompt="銀行名"/>
   <attributeSet docName="BankNum" prompt="支店番号"/>
   <attributeSet docName="BankBranchName" prompt="支店名"/>
   <attributeSet docName="BankTblRN" shortDesc="銀行選択"/>
   <attributeSet docName="InqueryBaseTblRN" shortDesc="拠点選択"/>
   <attributeSet docName="ContractVendorTblRN" shortDesc="送付先選択"/>
   <attributeSet docName="VendorModel" prompt="機種"/>
   <attributeSet docName="PartyName" prompt="顧客名"/>
   <attributeSet docName="PostalCode" prompt="郵便番号"/>
   <attributeSet docName="State" prompt="都道府県"/>
   <attributeSet docName="City" prompt="市・区"/>
   <attributeSet docName="Address1" prompt="住所1"/>
   <attributeSet docName="Address2" prompt="住所2"/>
   <attributeSet docName="StatusName" prompt="ステータス"/>
   <attributeSet docName="InstallCodeTblRN" shortDesc="物件コード選択"/>
   <attributeSet docName="BaseCode" prompt="拠点コード"/>
   <attributeSet docName="BaseName" prompt="拠点名"/>
   <attributeSet docName="PublishBaseTblRN" shortDesc="拠点選択"/>
   <attributeSet docName="PayCondInfoDisabled" prompt="－"/>
   <attributeSet docName="Bm2BankAccountTypeLayout" prompt="BM2口座種別"/>
   <attributeSet docName="Bm3BankAccountTypeLayout" prompt="BM3口座種別"/>
   <attributeSet docName="Bm1BankAccountTypeLayout" prompt="BM1口座種別"/>
   <attributeSet docName="InstallCodeLayout" prompt="物件コード"/>
   <attributeSet docName="InstallCodeLov" prompt="物件コード"/>
   <attributeSet docName="Bm1BankAccountTypeBlank" prompt="BM1口座種別"/>
   <attributeSet docName="Bm2BankAccountTypeBlank" prompt="BM2口座種別"/>
   <attributeSet docName="Bm3BankAccountTypeBlank" prompt="BM3口座種別"/>
</package>
