<?xml version="1.0" encoding='Windows-31J'?>
<!DOCTYPE ViewObject SYSTEM "jbo_03_01.dtd">

<ViewObject
   Name="XxcsoAccountNumberLovVO"
   BindingStyle="Oracle"
   CustomQuery="true"
   RowClass="itoen.oracle.apps.xxcso.xxcso019001j.lov.server.XxcsoAccountNumberLovVORowImpl"
   ComponentClass="itoen.oracle.apps.xxcso.xxcso019001j.lov.server.XxcsoAccountNumberLovVOImpl"
   MsgBundleClass="oracle.jbo.common.JboResourceBundle"
   FetchMode="FETCH_AS_NEEDED"
   UseGlueCode="false" >
   <SQLQuery><![CDATA[
SELECT  DISTINCT
        xcav.account_number
       ,xcav.party_name
FROM    xxcso_resources_v2  xrv
       ,xxcso_resource_custs_v xrcv
       ,xxcso_cust_accounts_v xcav
WHERE   xrv.user_id         = fnd_global.user_id
  AND   xrv.employee_number = xrcv.employee_number
  AND   xrcv.account_number = xcav.account_number
  AND   TRUNC(
          NVL(
            xrcv.end_date_active
           ,TRUNC(xxcso_util_common_pkg.get_online_sysdate, 'DD')
          )
         ,'DD'
        ) >= TRUNC(xxcso_util_common_pkg.get_online_sysdate, 'DD')
  AND   NVL(xcav.customer_class_code, '  ') || '-' || NVL(xcav.customer_status, '  ') IN
         ('10-25', '10-30', '10-40', '10-50', '16-99', '17-99')
   ]]></SQLQuery>
   <DesignTime>
      <Attr Name="_isCodegen" Value="true" />
      <Attr Name="_version" Value="9.0.3.14.00" />
      <Attr Name="_CodeGenFlagNew" Value="36" />
   </DesignTime>
   <ViewAttribute
      Name="AccountNumber"
      IsPersistent="false"
      IsNotNull="true"
      Precision="30"
      Type="java.lang.String"
      ColumnType="VARCHAR2"
      AliasName="ACCOUNT_NUMBER"
      Expression="ACCOUNT_NUMBER"
      SQLType="VARCHAR" >
      <DesignTime>
         <Attr Name="_DisplaySize" Value="30" />
      </DesignTime>
   </ViewAttribute>
   <ViewAttribute
      Name="PartyName"
      IsPersistent="false"
      IsNotNull="true"
      Precision="360"
      Type="java.lang.String"
      ColumnType="VARCHAR2"
      AliasName="PARTY_NAME"
      Expression="PARTY_NAME"
      SQLType="VARCHAR" >
      <DesignTime>
         <Attr Name="_DisplaySize" Value="360" />
      </DesignTime>
   </ViewAttribute>
</ViewObject>
