<?xml version="1.0" encoding='Shift_JIS'?>
<!DOCTYPE ViewObject SYSTEM "jbo_03_01.dtd">

<ViewObject
   Name="Xx03CustTaxOptionVO"
   BindingStyle="Oracle"
   CustomQuery="true"
   RowClass="oracle.apps.xx03.ar.input.server.Xx03CustTaxOptionVORowImpl"
   ComponentClass="oracle.apps.xx03.ar.input.server.Xx03CustTaxOptionVOImpl"
   MsgBundleClass="oracle.jbo.common.JboResourceBundle"
   UseGlueCode="false" >
   <SQLQuery><![CDATA[
SELECT xacslv.TAX_HEADER_LEVEL_FLAG
       ,SUBSTRB(xacslv.TAX_ROUNDING_RULE, 1, 1) as TAX_ROUNDING_RULE
       ,xacslv.TAX_HEADER_LEVEL_FLAG_C
       ,SUBSTRB(xacslv.TAX_ROUNDING_RULE_C, 1, 1) as TAX_ROUNDING_RULE_C
  FROM XX03_AR_CUST_SITE_LOV_V xacslv
 WHERE xacslv.CUSTOMER_ID = :1
   AND xacslv.ADDRESS_ID = :2
   ]]></SQLQuery>
   <DesignTime>
      <Attr Name="_isCodegen" Value="true" />
      <Attr Name="_version" Value="9.0.3.12.53" />
      <Attr Name="_CodeGenFlagNew" Value="36" />
   </DesignTime>
   <ViewAttribute
      Name="TaxHeaderLevelFlag"
      IsPersistent="false"
      Precision="1"
      Type="java.lang.String"
      AliasName="TAX_HEADER_LEVEL_FLAG"
      ColumnType="VARCHAR2"
      Expression="TAX_HEADER_LEVEL_FLAG"
      SQLType="VARCHAR" >
      <DesignTime>
         <Attr Name="_DisplaySize" Value="1" />
      </DesignTime>
   </ViewAttribute>
   <ViewAttribute
      Name="TaxRoundingRule"
      IsPersistent="false"
      Precision="30"
      Type="java.lang.String"
      AliasName="TAX_ROUNDING_RULE"
      ColumnType="VARCHAR2"
      Expression="TAX_ROUNDING_RULE"
      SQLType="VARCHAR" >
      <DesignTime>
         <Attr Name="_DisplaySize" Value="30" />
      </DesignTime>
   </ViewAttribute>
   <ViewAttribute
      Name="TaxHeaderLevelFlagC"
      IsPersistent="false"
      Precision="1"
      Type="java.lang.String"
      AliasName="TAX_HEADER_LEVEL_FLAG_C"
      ColumnType="VARCHAR2"
      Expression="TAX_HEADER_LEVEL_FLAG_C"
      SQLType="VARCHAR" >
      <DesignTime>
         <Attr Name="_DisplaySize" Value="1" />
      </DesignTime>
   </ViewAttribute>
   <ViewAttribute
      Name="TaxRoundingRuleC"
      IsPersistent="false"
      Precision="30"
      Type="java.lang.String"
      AliasName="TAX_ROUNDING_RULE_C"
      ColumnType="VARCHAR2"
      Expression="TAX_ROUNDING_RULE_C"
      SQLType="VARCHAR" >
      <DesignTime>
         <Attr Name="_DisplaySize" Value="30" />
      </DesignTime>
   </ViewAttribute>
</ViewObject>
