<?xml version="1.0" encoding='Shift_JIS'?>
<!DOCTYPE ViewObject SYSTEM "jbo_03_01.dtd">

<ViewObject
   Name="Xx03EntryPersonLovVO"
   BindingStyle="Oracle"
   CustomQuery="true"
   RowClass="oracle.apps.xx03.ar.input.server.Xx03EntryPersonLovVORowImpl"
   ComponentClass="oracle.apps.xx03.ar.input.server.Xx03EntryPersonLovVOImpl"
   MsgBundleClass="oracle.jbo.common.JboResourceBundle"
   UseGlueCode="false" >
   <SQLQuery><![CDATA[
SELECT employee_disp
      ,departments_col
      ,person_id
FROM   xx03_entry_person_lov_v
   ]]></SQLQuery>
   <DesignTime>
      <Attr Name="_isCodegen" Value="true" />
      <Attr Name="_version" Value="9.0.3.12.53" />
      <Attr Name="_CodeGenFlagNew" Value="36" />
   </DesignTime>
   <ViewAttribute
      Name="EmployeeDisp"
      IsPersistent="false"
      Precision="4000"
      Type="java.lang.String"
      AliasName="EMPLOYEE_DISP"
      ColumnType="VARCHAR2"
      Expression="EMPLOYEE_DISP"
      SQLType="VARCHAR" >
      <DesignTime>
         <Attr Name="_DisplaySize" Value="4000" />
      </DesignTime>
   </ViewAttribute>
   <ViewAttribute
      Name="DepartmentsCol"
      IsPersistent="false"
      Precision="4000"
      Type="java.lang.String"
      AliasName="DEPARTMENTS_COL"
      ColumnType="VARCHAR2"
      Expression="DEPARTMENTS_COL"
      SQLType="VARCHAR" >
      <DesignTime>
         <Attr Name="_DisplaySize" Value="4000" />
      </DesignTime>
   </ViewAttribute>
   <ViewAttribute
      Name="PersonId"
      IsPersistent="false"
      IsNotNull="true"
      Precision="10"
      Scale="0"
      Type="oracle.jbo.domain.Number"
      AliasName="PERSON_ID"
      ColumnType="VARCHAR2"
      Expression="PERSON_ID"
      SQLType="NUMERIC" >
      <DesignTime>
         <Attr Name="_DisplaySize" Value="22" />
      </DesignTime>
   </ViewAttribute>
   <ViewLinkAccessor
      Name="Xx03ReceivableSlipsVO"
      ViewLink="oracle.apps.xx03.ar.input.server.Xx03ReceivableSlipsToEntryPersonVL"
      Type="oracle.jbo.RowIterator"
      IsUpdateable="false" >
   </ViewLinkAccessor>
</ViewObject>
