<?xml version = '1.0' encoding = 'UTF-8'?>
<!-- dbdrv: exec java oracle/jrad/tools/xml/importer XMLImporter.class java &phase=dat+24 checkfile:~PROD:~PATH:~FILE &fullpath:~PROD:~PATH:~FILE -username &un_apps -password &pw_apps -dbconnection &jdbc_db_addr  -userId "1" -rootPackage /oracle/apps/~PROD  -rootdir &fullpath:~PROD:mds:directory  -->
<package version="9.0.3.8.13_1566" xml:lang="en-US" xmlns:oa="http://xmlns.oracle.com/oa" xmlns:jrad="http://xmlns.oracle.com/jrad" xmlns:ui="http://xmlns.oracle.com/uix/ui" xmlns:user="http://xmlns.oracle.com/jrad/user" xmlns="http://xmlns.oracle.com/jrad" file-version="$Header$">
   <attributeSet docName="CancelButton" prompt="取消"/>
   <attributeSet docName="SubmitButton" prompt="適用"/>
   <attributeSet docName="CurrentDate" prompt="現在日"/>
   <attributeSet docName="ResourceLayout" prompt="担当営業員"/>
   <attributeSet docName="EmployeeNumber" shortDesc="従業員番号"/>
   <attributeSet docName="RouteNo" prompt="ルートNo"/>
   <attributeSet docName="SearchButton" prompt="進む"/>
   <attributeSet docName="ClearButton" prompt="消去"/>
   <attributeSet docName="AddCustomerButton" prompt="追加"/>
   <attributeSet docName="AccountNumberColHdr" prompt="顧客コード"/>
   <attributeSet docName="PartyNameColHdr" prompt="顧客名"/>
   <attributeSet docName="TrgtResourceColHdr" prompt="現担当"/>
   <attributeSet docName="TrgtRouteNoColHdr" prompt="現ルートNo"/>
   <attributeSet docName="NextResourceColHdr" prompt="新担当"/>
   <attributeSet docName="NextRouteNoColHdr" prompt="新ルートNo"/>
   <attributeSet docName="ReflectMethodLabel" prompt="反映方法"/>
   <attributeSet docName="SelectHdr" text="選択"/>
   <attributeSet docName="ResultHdr" text="結果"/>
   <attributeSet docName="DirectReflect" prompt="即時反映"/>
   <attributeSet docName="ReserveReflect" prompt="予約反映"/>
   <attributeSet docName="PageLayoutRN" windowTitle="ルートNo／営業員一括更新" title="ルートNo／営業員一括更新"/>
   <attributeSet docName="AccountNumber" prompt="顧客コード"/>
   <attributeSet docName="PartyName" prompt="顧客名"/>
   <attributeSet docName="ResultTblRN" shortDesc="顧客選択"/>
   <attributeSet docName="RscRtnRsrcLovTlRN" shortDesc="担当営業員選択"/>
   <attributeSet docName="ReflectMethod" prompt="反映方法"/>
</package>
