<?xml version="1.0" encoding='Windows-31J'?>
<!DOCTYPE Association SYSTEM "jbo_03_01.dtd">

<Association
   Name="XxcsoPvSortColumnDefAO" >
   <DesignTime>
      <Attr Name="_isCodegen" Value="true" />
      <Attr Name="_version" Value="9.0.3.14.00" />
   </DesignTime>
   <AssociationEnd
      Name="XxcsoPvDefEO"
      Cardinality="1"
      Source="true"
      Owner="itoen.oracle.apps.xxcso.common.schema.server.XxcsoPvDefEO"
      LockTopContainer="false" >
      <AttrArray Name="Attributes">
         <Item Value="itoen.oracle.apps.xxcso.common.schema.server.XxcsoPvDefEO.ViewId" />
      </AttrArray>
      <DesignTime>
         <Attr Name="_minCardinality" Value="1" />
         <Attr Name="_aggregation" Value="0" />
         <Attr Name="_isUpdateable" Value="true" />
         <Attr Name="_finderName" Value="XxcsoPvDefEO" />
      </DesignTime>
   </AssociationEnd>
   <AssociationEnd
      Name="XxcsoPvSortColumnDefEO"
      Cardinality="-1"
      Owner="itoen.oracle.apps.xxcso.common.schema.server.XxcsoPvSortColumnDefEO"
      HasOwner="true"
      UpdateHistoryColumn="true" >
      <AttrArray Name="Attributes">
         <Item Value="itoen.oracle.apps.xxcso.common.schema.server.XxcsoPvSortColumnDefEO.ViewId" />
      </AttrArray>
      <DesignTime>
         <Attr Name="_aggregation" Value="0" />
         <Attr Name="_isUpdateable" Value="true" />
         <Attr Name="_finderName" Value="XxcsoPvSortColumnDefEO" />
      </DesignTime>
   </AssociationEnd>
</Association>
