<?xml version="1.0" encoding='Windows-31J'?>
<!DOCTYPE Entity SYSTEM "jbo_03_01.dtd">

<Entity
   Name="XxcsoAcctMonthlyPlansVEO"
   DBObjectType="view"
   DBObjectName="XXCSO_ACCT_MONTHLY_PLANS_V"
   AliasName="XxcsoAcctMonthlyPlansVEO"
   BindingStyle="Oracle"
   UseGlueCode="false"
   CodeGenFlag="5"
   RowClass="itoen.oracle.apps.xxcso.common.schema.server.XxcsoAcctMonthlyPlansVEOImpl"
   DefClass="oracle.apps.fnd.framework.server.OAEntityDefImpl"
   CollClass="oracle.apps.fnd.framework.server.OAEntityCache" >
   <DesignTime>
      <Attr Name="_isCodegen" Value="true" />
      <Attr Name="_version" Value="9.0.3.14.00" />
      <Attr Name="_superClass" Value="oracle.apps.fnd.framework.server.OAPlsqlEntityImpl" />
      <AttrArray Name="_publishEvents">
      </AttrArray>
   </DesignTime>
   <Attribute
      Name="BaseCode"
      Precision="4"
      Type="java.lang.String"
      ColumnName="BASE_CODE"
      ColumnType="VARCHAR2"
      SQLType="VARCHAR"
      TableName="XXCSO_ACCT_MONTHLY_PLANS_V"
      PrimaryKey="true" >
      <DesignTime>
         <Attr Name="_DisplaySize" Value="4" />
      </DesignTime>
   </Attribute>
   <Attribute
      Name="AccountNumber"
      Precision="9"
      Type="java.lang.String"
      ColumnName="ACCOUNT_NUMBER"
      ColumnType="VARCHAR2"
      SQLType="VARCHAR"
      TableName="XXCSO_ACCT_MONTHLY_PLANS_V"
      PrimaryKey="true" >
      <DesignTime>
         <Attr Name="_DisplaySize" Value="9" />
      </DesignTime>
   </Attribute>
   <Attribute
      Name="YearMonth"
      Precision="6"
      Type="java.lang.String"
      ColumnName="YEAR_MONTH"
      ColumnType="VARCHAR2"
      SQLType="VARCHAR"
      TableName="XXCSO_ACCT_MONTHLY_PLANS_V"
      PrimaryKey="true" >
      <DesignTime>
         <Attr Name="_DisplaySize" Value="6" />
      </DesignTime>
   </Attribute>
   <Attribute
      Name="PartyId"
      Precision="15"
      Type="java.lang.String"
      ColumnName="PARTY_ID"
      ColumnType="VARCHAR2"
      SQLType="VARCHAR"
      TableName="XXCSO_ACCT_MONTHLY_PLANS_V" >
   </Attribute>
   <Attribute
      Name="VistTargetDiv"
      Precision="1"
      Type="java.lang.String"
      ColumnName="VIST_TARGET_DIV"
      ColumnType="VARCHAR2"
      SQLType="VARCHAR"
      TableName="XXCSO_ACCT_MONTHLY_PLANS_V" >
   </Attribute>
   <Attribute
      Name="TargetAccountSalesPlanId"
      Type="oracle.jbo.domain.Number"
      ColumnName="TARGET_ACCOUNT_SALES_PLAN_ID"
      ColumnType="NUMBER"
      SQLType="NUMERIC"
      TableName="XXCSO_ACCT_MONTHLY_PLANS_V" >
      <DesignTime>
         <Attr Name="_DisplaySize" Value="22" />
      </DesignTime>
   </Attribute>
   <Attribute
      Name="TargetMonthSalesPlanAmt"
      Precision="10"
      Type="java.lang.String"
      ColumnName="TARGET_MONTH_SALES_PLAN_AMT"
      ColumnType="VARCHAR2"
      SQLType="VARCHAR"
      TableName="XXCSO_ACCT_MONTHLY_PLANS_V" >
      <DesignTime>
         <Attr Name="_DisplaySize" Value="8" />
      </DesignTime>
   </Attribute>
   <Attribute
      Name="TargetYearMonth"
      Precision="6"
      Type="java.lang.String"
      ColumnName="TARGET_YEAR_MONTH"
      ColumnType="VARCHAR2"
      SQLType="VARCHAR"
      TableName="XXCSO_ACCT_MONTHLY_PLANS_V" >
      <DesignTime>
         <Attr Name="_DisplaySize" Value="6" />
      </DesignTime>
   </Attribute>
   <Attribute
      Name="TargetMonthLastUpdDate"
      Type="oracle.jbo.domain.Date"
      ColumnName="TARGET_MONTH_LAST_UPD_DATE"
      ColumnType="DATE"
      SQLType="TIMESTAMP"
      TableName="XXCSO_ACCT_MONTHLY_PLANS_V" >
      <DesignTime>
         <Attr Name="_DisplaySize" Value="7" />
      </DesignTime>
   </Attribute>
   <Attribute
      Name="TargetRouteNumber"
      Precision="7"
      Type="java.lang.String"
      ColumnName="TARGET_ROUTE_NUMBER"
      ColumnType="VARCHAR2"
      SQLType="VARCHAR"
      TableName="XXCSO_ACCT_MONTHLY_PLANS_V" >
   </Attribute>
   <Attribute
      Name="NextAccountSalesPlanId"
      Type="oracle.jbo.domain.Number"
      ColumnName="NEXT_ACCOUNT_SALES_PLAN_ID"
      ColumnType="NUMBER"
      SQLType="NUMERIC"
      TableName="XXCSO_ACCT_MONTHLY_PLANS_V" >
      <DesignTime>
         <Attr Name="_DisplaySize" Value="22" />
      </DesignTime>
   </Attribute>
   <Attribute
      Name="NextYearMonth"
      Precision="6"
      Type="java.lang.String"
      ColumnName="NEXT_YEAR_MONTH"
      ColumnType="VARCHAR2"
      SQLType="VARCHAR"
      TableName="XXCSO_ACCT_MONTHLY_PLANS_V" >
      <DesignTime>
         <Attr Name="_DisplaySize" Value="6" />
      </DesignTime>
   </Attribute>
   <Attribute
      Name="NextMonthSalesPlanAmt"
      Precision="10"
      Type="java.lang.String"
      ColumnName="NEXT_MONTH_SALES_PLAN_AMT"
      ColumnType="VARCHAR2"
      SQLType="VARCHAR"
      TableName="XXCSO_ACCT_MONTHLY_PLANS_V" >
      <DesignTime>
         <Attr Name="_DisplaySize" Value="8" />
      </DesignTime>
   </Attribute>
   <Attribute
      Name="NextMonthLastUpdDate"
      Type="oracle.jbo.domain.Date"
      ColumnName="NEXT_MONTH_LAST_UPD_DATE"
      ColumnType="DATE"
      SQLType="TIMESTAMP"
      TableName="XXCSO_ACCT_MONTHLY_PLANS_V" >
      <DesignTime>
         <Attr Name="_DisplaySize" Value="7" />
      </DesignTime>
   </Attribute>
   <Attribute
      Name="NextRouteNumber"
      Precision="7"
      Type="java.lang.String"
      ColumnName="NEXT_ROUTE_NUMBER"
      ColumnType="VARCHAR2"
      SQLType="VARCHAR"
      TableName="XXCSO_ACCT_MONTHLY_PLANS_V" >
   </Attribute>
   <Attribute
      Name="CreatedBy"
      Type="oracle.jbo.domain.Number"
      ColumnName="CREATED_BY"
      ColumnType="NUMBER"
      SQLType="NUMERIC"
      TableName="XXCSO_ACCT_MONTHLY_PLANS_V" >
      <DesignTime>
         <Attr Name="_DisplaySize" Value="22" />
      </DesignTime>
   </Attribute>
   <Attribute
      Name="CreationDate"
      Type="oracle.jbo.domain.Date"
      ColumnName="CREATION_DATE"
      ColumnType="DATE"
      SQLType="TIMESTAMP"
      TableName="XXCSO_ACCT_MONTHLY_PLANS_V" >
      <DesignTime>
         <Attr Name="_DisplaySize" Value="7" />
      </DesignTime>
   </Attribute>
   <Attribute
      Name="LastUpdatedBy"
      Type="oracle.jbo.domain.Number"
      ColumnName="LAST_UPDATED_BY"
      ColumnType="NUMBER"
      SQLType="NUMERIC"
      TableName="XXCSO_ACCT_MONTHLY_PLANS_V" >
      <DesignTime>
         <Attr Name="_DisplaySize" Value="22" />
      </DesignTime>
   </Attribute>
   <Attribute
      Name="LastUpdateDate"
      Type="oracle.jbo.domain.Date"
      ColumnName="LAST_UPDATE_DATE"
      ColumnType="DATE"
      SQLType="TIMESTAMP"
      TableName="XXCSO_ACCT_MONTHLY_PLANS_V" >
      <DesignTime>
         <Attr Name="_DisplaySize" Value="7" />
      </DesignTime>
   </Attribute>
   <Attribute
      Name="LastUpdateLogin"
      Type="oracle.jbo.domain.Number"
      ColumnName="LAST_UPDATE_LOGIN"
      ColumnType="NUMBER"
      SQLType="NUMERIC"
      TableName="XXCSO_ACCT_MONTHLY_PLANS_V" >
      <DesignTime>
         <Attr Name="_DisplaySize" Value="22" />
      </DesignTime>
   </Attribute>
   <Attribute
      Name="DistributeFlg"
      Precision="1"
      Type="java.lang.String"
      ColumnName="DISTRIBUTE_FLG"
      ColumnType="VARCHAR2"
      SQLType="VARCHAR"
      TableName="XXCSO_ACCT_MONTHLY_PLANS_V" >
   </Attribute>
   <Key
      Name="XxcsoacctmonthlyplansveoPrimaryKey" >
      <AttrArray Name="Attributes">
         <Item Value="itoen.oracle.apps.xxcso.common.schema.server.XxcsoAcctMonthlyPlansVEO.BaseCode" />
         <Item Value="itoen.oracle.apps.xxcso.common.schema.server.XxcsoAcctMonthlyPlansVEO.AccountNumber" />
         <Item Value="itoen.oracle.apps.xxcso.common.schema.server.XxcsoAcctMonthlyPlansVEO.YearMonth" />
      </AttrArray>
      <DesignTime>
         <Attr Name="_DBObjectName" Value="XXCSOACCTMONTHLYPLANSVEO_PRIMA" />
         <Attr Name="_isPrimary" Value="true" />
      </DesignTime>
   </Key>
</Entity>
