<?xml version="1.0" encoding='Windows-31J'?>
<!DOCTYPE Entity SYSTEM "jbo_03_01.dtd">

<Entity
   Name="XxcsoSalesLinesVEO"
   DBObjectType="view"
   DBObjectName="XXCSO_SALES_LINES_V"
   AliasName="XxcsoSalesLinesVEO"
   BindingStyle="Oracle"
   UseGlueCode="false"
   CodeGenFlag="4"
   RowClass="itoen.oracle.apps.xxcso.common.schema.server.XxcsoSalesLinesVEOImpl"
   DefClass="oracle.apps.fnd.framework.server.OAEntityDefImpl"
   CollClass="oracle.apps.fnd.framework.server.OAEntityCache" >
   <DesignTime>
      <Attr Name="_isCodegen" Value="true" />
      <Attr Name="_version" Value="9.0.3.14.00" />
      <Attr Name="_superClass" Value="oracle.apps.fnd.framework.server.OAPlsqlEntityImpl" />
      <AttrArray Name="_publishEvents">
      </AttrArray>
   </DesignTime>
   <Attribute
      Name="SalesLineId"
      IsNotNull="true"
      Type="oracle.jbo.domain.Number"
      ColumnName="SALES_LINE_ID"
      ColumnType="NUMBER"
      SQLType="NUMERIC"
      TableName="XXCSO_SALES_LINES_V"
      PrimaryKey="true" >
      <DesignTime>
         <Attr Name="_DisplaySize" Value="22" />
      </DesignTime>
   </Attribute>
   <Attribute
      Name="SalesHeaderId"
      IsNotNull="true"
      Type="oracle.jbo.domain.Number"
      ColumnName="SALES_HEADER_ID"
      ColumnType="NUMBER"
      SQLType="NUMERIC"
      TableName="XXCSO_SALES_LINES_V" >
      <DesignTime>
         <Attr Name="_DisplaySize" Value="22" />
      </DesignTime>
   </Attribute>
   <Attribute
      Name="QuoteNumber"
      Precision="12"
      Type="java.lang.String"
      ColumnName="QUOTE_NUMBER"
      ColumnType="VARCHAR2"
      SQLType="VARCHAR"
      TableName="XXCSO_SALES_LINES_V" >
      <DesignTime>
         <Attr Name="_DisplaySize" Value="12" />
      </DesignTime>
   </Attribute>
   <Attribute
      Name="QuoteRevisionNumber"
      Precision="2"
      Scale="0"
      Type="oracle.jbo.domain.Number"
      ColumnName="QUOTE_REVISION_NUMBER"
      ColumnType="NUMBER"
      SQLType="NUMERIC"
      TableName="XXCSO_SALES_LINES_V" >
      <DesignTime>
         <Attr Name="_DisplaySize" Value="22" />
      </DesignTime>
   </Attribute>
   <Attribute
      Name="InventoryItemId"
      Type="oracle.jbo.domain.Number"
      ColumnName="INVENTORY_ITEM_ID"
      ColumnType="NUMBER"
      SQLType="NUMERIC"
      TableName="XXCSO_SALES_LINES_V" >
      <DesignTime>
         <Attr Name="_DisplaySize" Value="22" />
      </DesignTime>
   </Attribute>
   <Attribute
      Name="SalesClassCode"
      Precision="30"
      Type="java.lang.String"
      ColumnName="SALES_CLASS_CODE"
      ColumnType="VARCHAR2"
      SQLType="VARCHAR"
      TableName="XXCSO_SALES_LINES_V" >
      <DesignTime>
         <Attr Name="_DisplaySize" Value="30" />
      </DesignTime>
   </Attribute>
   <Attribute
      Name="SalesAdoptClassCode"
      Precision="30"
      Type="java.lang.String"
      ColumnName="SALES_ADOPT_CLASS_CODE"
      ColumnType="VARCHAR2"
      SQLType="VARCHAR"
      TableName="XXCSO_SALES_LINES_V" >
      <DesignTime>
         <Attr Name="_DisplaySize" Value="30" />
      </DesignTime>
   </Attribute>
   <Attribute
      Name="SalesAreaCode"
      Precision="30"
      Type="java.lang.String"
      ColumnName="SALES_AREA_CODE"
      ColumnType="VARCHAR2"
      SQLType="VARCHAR"
      TableName="XXCSO_SALES_LINES_V" >
      <DesignTime>
         <Attr Name="_DisplaySize" Value="30" />
      </DesignTime>
   </Attribute>
   <Attribute
      Name="SalesScheduleDate"
      Type="oracle.jbo.domain.Date"
      ColumnName="SALES_SCHEDULE_DATE"
      ColumnType="DATE"
      SQLType="TIMESTAMP"
      TableName="XXCSO_SALES_LINES_V" >
      <DesignTime>
         <Attr Name="_DisplaySize" Value="7" />
      </DesignTime>
   </Attribute>
   <Attribute
      Name="DelivPrice"
      Precision="9"
      Type="java.lang.String"
      ColumnName="DELIV_PRICE"
      ColumnType="VARCHAR2"
      SQLType="VARCHAR"
      TableName="XXCSO_SALES_LINES_V" >
      <DesignTime>
         <Attr Name="_DisplaySize" Value="10" />
      </DesignTime>
   </Attribute>
   <Attribute
      Name="StoreSalesPrice"
      Precision="10"
      Type="java.lang.String"
      ColumnName="STORE_SALES_PRICE"
      ColumnType="VARCHAR2"
      SQLType="VARCHAR"
      TableName="XXCSO_SALES_LINES_V" >
      <DesignTime>
         <Attr Name="_DisplaySize" Value="11" />
      </DesignTime>
   </Attribute>
   <Attribute
      Name="StoreSalesPriceIncTax"
      Precision="10"
      Type="java.lang.String"
      ColumnName="STORE_SALES_PRICE_INC_TAX"
      ColumnType="VARCHAR2"
      SQLType="VARCHAR"
      TableName="XXCSO_SALES_LINES_V" >
      <DesignTime>
         <Attr Name="_DisplaySize" Value="11" />
      </DesignTime>
   </Attribute>
   <Attribute
      Name="QuotationPrice"
      Precision="9"
      Type="java.lang.String"
      ColumnName="QUOTATION_PRICE"
      ColumnType="VARCHAR2"
      SQLType="VARCHAR"
      TableName="XXCSO_SALES_LINES_V" >
      <DesignTime>
         <Attr Name="_DisplaySize" Value="10" />
      </DesignTime>
   </Attribute>
   <Attribute
      Name="IntroduceTerms"
      Precision="60"
      Type="java.lang.String"
      ColumnName="INTRODUCE_TERMS"
      ColumnType="VARCHAR2"
      SQLType="VARCHAR"
      TableName="XXCSO_SALES_LINES_V" >
      <DesignTime>
         <Attr Name="_DisplaySize" Value="60" />
      </DesignTime>
   </Attribute>
   <Attribute
      Name="NotifyFlag"
      Precision="1"
      Type="java.lang.String"
      ColumnName="NOTIFY_FLAG"
      ColumnType="VARCHAR2"
      SQLType="VARCHAR"
      TableName="XXCSO_SALES_LINES_V" >
      <DesignTime>
         <Attr Name="_DisplaySize" Value="1" />
      </DesignTime>
   </Attribute>
   <Attribute
      Name="CreatedBy"
      IsNotNull="true"
      Precision="15"
      Scale="0"
      Type="oracle.jbo.domain.Number"
      ColumnName="CREATED_BY"
      ColumnType="NUMBER"
      SQLType="NUMERIC"
      TableName="XXCSO_SALES_LINES_V" >
      <DesignTime>
         <Attr Name="_DisplaySize" Value="22" />
      </DesignTime>
   </Attribute>
   <Attribute
      Name="CreationDate"
      IsNotNull="true"
      Type="oracle.jbo.domain.Date"
      ColumnName="CREATION_DATE"
      ColumnType="DATE"
      SQLType="TIMESTAMP"
      TableName="XXCSO_SALES_LINES_V" >
      <DesignTime>
         <Attr Name="_DisplaySize" Value="7" />
      </DesignTime>
   </Attribute>
   <Attribute
      Name="LastUpdatedBy"
      IsNotNull="true"
      Precision="15"
      Scale="0"
      Type="oracle.jbo.domain.Number"
      ColumnName="LAST_UPDATED_BY"
      ColumnType="NUMBER"
      SQLType="NUMERIC"
      TableName="XXCSO_SALES_LINES_V" >
      <DesignTime>
         <Attr Name="_DisplaySize" Value="22" />
      </DesignTime>
   </Attribute>
   <Attribute
      Name="LastUpdateDate"
      IsNotNull="true"
      Type="oracle.jbo.domain.Date"
      ColumnName="LAST_UPDATE_DATE"
      ColumnType="DATE"
      SQLType="TIMESTAMP"
      TableName="XXCSO_SALES_LINES_V" >
      <DesignTime>
         <Attr Name="_DisplaySize" Value="7" />
      </DesignTime>
   </Attribute>
   <Attribute
      Name="LastUpdateLogin"
      Precision="15"
      Scale="0"
      Type="oracle.jbo.domain.Number"
      ColumnName="LAST_UPDATE_LOGIN"
      ColumnType="NUMBER"
      SQLType="NUMERIC"
      TableName="XXCSO_SALES_LINES_V" >
      <DesignTime>
         <Attr Name="_DisplaySize" Value="22" />
      </DesignTime>
   </Attribute>
   <Attribute
      Name="RequestId"
      Precision="15"
      Scale="0"
      Type="oracle.jbo.domain.Number"
      ColumnName="REQUEST_ID"
      ColumnType="NUMBER"
      SQLType="NUMERIC"
      TableName="XXCSO_SALES_LINES_V" >
      <DesignTime>
         <Attr Name="_DisplaySize" Value="22" />
      </DesignTime>
   </Attribute>
   <Attribute
      Name="ProgramApplicationId"
      Precision="15"
      Scale="0"
      Type="oracle.jbo.domain.Number"
      ColumnName="PROGRAM_APPLICATION_ID"
      ColumnType="NUMBER"
      SQLType="NUMERIC"
      TableName="XXCSO_SALES_LINES_V" >
      <DesignTime>
         <Attr Name="_DisplaySize" Value="22" />
      </DesignTime>
   </Attribute>
   <Attribute
      Name="ProgramId"
      Precision="15"
      Scale="0"
      Type="oracle.jbo.domain.Number"
      ColumnName="PROGRAM_ID"
      ColumnType="NUMBER"
      SQLType="NUMERIC"
      TableName="XXCSO_SALES_LINES_V" >
      <DesignTime>
         <Attr Name="_DisplaySize" Value="22" />
      </DesignTime>
   </Attribute>
   <Attribute
      Name="ProgramUpdateDate"
      Type="oracle.jbo.domain.Date"
      ColumnName="PROGRAM_UPDATE_DATE"
      ColumnType="DATE"
      SQLType="TIMESTAMP"
      TableName="XXCSO_SALES_LINES_V" >
      <DesignTime>
         <Attr Name="_DisplaySize" Value="7" />
      </DesignTime>
   </Attribute>
   <AccessorAttribute
      Name="XxcsoSalesHeadersEO"
      Association="itoen.oracle.apps.xxcso.common.schema.server.XxcsoSalesHeaderLineAO"
      AssociationEnd="itoen.oracle.apps.xxcso.common.schema.server.XxcsoSalesHeaderLineAO.XxcsoSalesHeadersEO"
      AssociationOtherEnd="itoen.oracle.apps.xxcso.common.schema.server.XxcsoSalesHeaderLineAO.XxcsoSalesLinesVEO"
      Type="itoen.oracle.apps.xxcso.common.schema.server.XxcsoSalesHeadersEOImpl" >
   </AccessorAttribute>
   <Key
      Name="XxcsosaleslinesveoPrimaryKey" >
      <AttrArray Name="Attributes">
         <Item Value="itoen.oracle.apps.xxcso.common.schema.server.XxcsoSalesLinesVEO.SalesLineId" />
      </AttrArray>
      <DesignTime>
         <Attr Name="_DBObjectName" Value="XXCSOSALESLINESVEO_PRIMARY_KEY" />
         <Attr Name="_isPrimary" Value="true" />
      </DesignTime>
   </Key>
</Entity>
