<?xml version="1.0" encoding='Windows-31J'?>
<!DOCTYPE Entity SYSTEM "jbo_03_01.dtd">

<Entity
   Name="XxcsoContractSpCustsEO"
   DBObjectType="synonym"
   DBObjectName="XXCSO_SP_DECISION_CUSTS"
   AliasName="XxcsoContractSpCustsEO"
   BindingStyle="Oracle"
   UseGlueCode="false"
   CodeGenFlag="4"
   RowClass="itoen.oracle.apps.xxcso.common.schema.server.XxcsoContractSpCustsEOImpl"
   DefClass="oracle.apps.fnd.framework.server.OAEntityDefImpl"
   CollClass="oracle.apps.fnd.framework.server.OAEntityCache" >
   <Properties>
      <Property Name ="ExpertClass" Value ="itoen.oracle.apps.xxcso.common.schema.server.XxcsoCommonEntityExpert" />
      <Property Name ="VAMDef" Value ="itoen.oracle.apps.xxcso.common.schema.server.XxcsoCommonVAM" />
   </Properties>
   <DesignTime>
      <Attr Name="_isCodegen" Value="true" />
      <Attr Name="_version" Value="9.0.3.14.00" />
      <Attr Name="_superClass" Value="oracle.apps.fnd.framework.server.OAPlsqlEntityImpl" />
      <AttrArray Name="_publishEvents">
      </AttrArray>
   </DesignTime>
   <Attribute
      Name="SpDecisionCustomerId"
      IsNotNull="true"
      Type="oracle.jbo.domain.Number"
      ColumnName="SP_DECISION_CUSTOMER_ID"
      ColumnType="NUMBER"
      SQLType="NUMERIC"
      TableName="XXCSO_SP_DECISION_CUSTS"
      PrimaryKey="true" >
      <DesignTime>
         <Attr Name="_DisplaySize" Value="22" />
      </DesignTime>
   </Attribute>
   <Attribute
      Name="SpDecisionHeaderId"
      IsNotNull="true"
      Type="oracle.jbo.domain.Number"
      ColumnName="SP_DECISION_HEADER_ID"
      ColumnType="NUMBER"
      SQLType="NUMERIC"
      TableName="XXCSO_SP_DECISION_CUSTS" >
      <DesignTime>
         <Attr Name="_DisplaySize" Value="22" />
      </DesignTime>
   </Attribute>
   <Attribute
      Name="SpDecisionCustomerClass"
      IsNotNull="true"
      Precision="1"
      Type="java.lang.String"
      ColumnName="SP_DECISION_CUSTOMER_CLASS"
      ColumnType="VARCHAR2"
      SQLType="VARCHAR"
      TableName="XXCSO_SP_DECISION_CUSTS" >
      <DesignTime>
         <Attr Name="_DisplaySize" Value="1" />
      </DesignTime>
   </Attribute>
   <Attribute
      Name="PartyName"
      Precision="360"
      Type="java.lang.String"
      ColumnName="PARTY_NAME"
      ColumnType="VARCHAR2"
      SQLType="VARCHAR"
      TableName="XXCSO_SP_DECISION_CUSTS" >
      <DesignTime>
         <Attr Name="_DisplaySize" Value="360" />
      </DesignTime>
   </Attribute>
   <Attribute
      Name="PartyNameAlt"
      Precision="320"
      Type="java.lang.String"
      ColumnName="PARTY_NAME_ALT"
      ColumnType="VARCHAR2"
      SQLType="VARCHAR"
      TableName="XXCSO_SP_DECISION_CUSTS" >
      <DesignTime>
         <Attr Name="_DisplaySize" Value="320" />
      </DesignTime>
   </Attribute>
   <Attribute
      Name="PostalCodeFirst"
      Precision="3"
      Type="java.lang.String"
      ColumnName="POSTAL_CODE_FIRST"
      ColumnType="VARCHAR2"
      SQLType="VARCHAR"
      TableName="XXCSO_SP_DECISION_CUSTS" >
      <DesignTime>
         <Attr Name="_DisplaySize" Value="3" />
      </DesignTime>
   </Attribute>
   <Attribute
      Name="PostalCodeSecond"
      Precision="4"
      Type="java.lang.String"
      ColumnName="POSTAL_CODE_SECOND"
      ColumnType="VARCHAR2"
      SQLType="VARCHAR"
      TableName="XXCSO_SP_DECISION_CUSTS" >
      <DesignTime>
         <Attr Name="_DisplaySize" Value="4" />
      </DesignTime>
   </Attribute>
   <Attribute
      Name="PostalCode"
      Precision="7"
      Type="java.lang.String"
      ColumnName="POSTAL_CODE"
      ColumnType="VARCHAR2"
      SQLType="VARCHAR"
      TableName="XXCSO_SP_DECISION_CUSTS" >
      <DesignTime>
         <Attr Name="_DisplaySize" Value="7" />
      </DesignTime>
   </Attribute>
   <Attribute
      Name="State"
      Precision="60"
      Type="java.lang.String"
      ColumnName="STATE"
      ColumnType="VARCHAR2"
      SQLType="VARCHAR"
      TableName="XXCSO_SP_DECISION_CUSTS" >
      <DesignTime>
         <Attr Name="_DisplaySize" Value="30" />
      </DesignTime>
   </Attribute>
   <Attribute
      Name="City"
      Precision="60"
      Type="java.lang.String"
      ColumnName="CITY"
      ColumnType="VARCHAR2"
      SQLType="VARCHAR"
      TableName="XXCSO_SP_DECISION_CUSTS" >
      <DesignTime>
         <Attr Name="_DisplaySize" Value="30" />
      </DesignTime>
   </Attribute>
   <Attribute
      Name="Address1"
      Precision="240"
      Type="java.lang.String"
      ColumnName="ADDRESS1"
      ColumnType="VARCHAR2"
      SQLType="VARCHAR"
      TableName="XXCSO_SP_DECISION_CUSTS" >
      <DesignTime>
         <Attr Name="_DisplaySize" Value="240" />
      </DesignTime>
   </Attribute>
   <Attribute
      Name="Address2"
      Precision="240"
      Type="java.lang.String"
      ColumnName="ADDRESS2"
      ColumnType="VARCHAR2"
      SQLType="VARCHAR"
      TableName="XXCSO_SP_DECISION_CUSTS" >
      <DesignTime>
         <Attr Name="_DisplaySize" Value="240" />
      </DesignTime>
   </Attribute>
   <Attribute
      Name="AddressLinesPhonetic"
      Precision="30"
      Type="java.lang.String"
      ColumnName="ADDRESS_LINES_PHONETIC"
      ColumnType="VARCHAR2"
      SQLType="VARCHAR"
      TableName="XXCSO_SP_DECISION_CUSTS" >
      <DesignTime>
         <Attr Name="_DisplaySize" Value="30" />
      </DesignTime>
   </Attribute>
   <Attribute
      Name="InstallName"
      Precision="30"
      Type="java.lang.String"
      ColumnName="INSTALL_NAME"
      ColumnType="VARCHAR2"
      SQLType="VARCHAR"
      TableName="XXCSO_SP_DECISION_CUSTS" >
      <DesignTime>
         <Attr Name="_DisplaySize" Value="30" />
      </DesignTime>
   </Attribute>
   <Attribute
      Name="BusinessConditionType"
      Precision="2"
      Type="java.lang.String"
      ColumnName="BUSINESS_CONDITION_TYPE"
      ColumnType="VARCHAR2"
      SQLType="VARCHAR"
      TableName="XXCSO_SP_DECISION_CUSTS" >
      <DesignTime>
         <Attr Name="_DisplaySize" Value="2" />
      </DesignTime>
   </Attribute>
   <Attribute
      Name="BusinessType"
      Precision="2"
      Type="java.lang.String"
      ColumnName="BUSINESS_TYPE"
      ColumnType="VARCHAR2"
      SQLType="VARCHAR"
      TableName="XXCSO_SP_DECISION_CUSTS" >
      <DesignTime>
         <Attr Name="_DisplaySize" Value="2" />
      </DesignTime>
   </Attribute>
   <Attribute
      Name="InstallLocation"
      Precision="2"
      Type="java.lang.String"
      ColumnName="INSTALL_LOCATION"
      ColumnType="VARCHAR2"
      SQLType="VARCHAR"
      TableName="XXCSO_SP_DECISION_CUSTS" >
      <DesignTime>
         <Attr Name="_DisplaySize" Value="2" />
      </DesignTime>
   </Attribute>
   <Attribute
      Name="ExternalReferenceOpclType"
      Precision="1"
      Type="java.lang.String"
      ColumnName="EXTERNAL_REFERENCE_OPCL_TYPE"
      ColumnType="VARCHAR2"
      SQLType="VARCHAR"
      TableName="XXCSO_SP_DECISION_CUSTS" >
      <DesignTime>
         <Attr Name="_DisplaySize" Value="1" />
      </DesignTime>
   </Attribute>
   <Attribute
      Name="EmployeeNumber"
      Precision="7"
      Scale="0"
      Type="oracle.jbo.domain.Number"
      ColumnName="EMPLOYEE_NUMBER"
      ColumnType="NUMBER"
      SQLType="NUMERIC"
      TableName="XXCSO_SP_DECISION_CUSTS" >
      <DesignTime>
         <Attr Name="_DisplaySize" Value="22" />
      </DesignTime>
   </Attribute>
   <Attribute
      Name="PublishBaseCode"
      Precision="4"
      Type="java.lang.String"
      ColumnName="PUBLISH_BASE_CODE"
      ColumnType="VARCHAR2"
      SQLType="VARCHAR"
      TableName="XXCSO_SP_DECISION_CUSTS" >
      <DesignTime>
         <Attr Name="_DisplaySize" Value="4" />
      </DesignTime>
   </Attribute>
   <Attribute
      Name="RepresentativeName"
      Precision="20"
      Type="java.lang.String"
      ColumnName="REPRESENTATIVE_NAME"
      ColumnType="VARCHAR2"
      SQLType="VARCHAR"
      TableName="XXCSO_SP_DECISION_CUSTS" >
      <DesignTime>
         <Attr Name="_DisplaySize" Value="20" />
      </DesignTime>
   </Attribute>
   <Attribute
      Name="TransferCommissionType"
      Precision="1"
      Type="java.lang.String"
      ColumnName="TRANSFER_COMMISSION_TYPE"
      ColumnType="VARCHAR2"
      SQLType="VARCHAR"
      TableName="XXCSO_SP_DECISION_CUSTS" >
      <DesignTime>
         <Attr Name="_DisplaySize" Value="1" />
      </DesignTime>
   </Attribute>
   <Attribute
      Name="BmPaymentType"
      Precision="1"
      Type="java.lang.String"
      ColumnName="BM_PAYMENT_TYPE"
      ColumnType="VARCHAR2"
      SQLType="VARCHAR"
      TableName="XXCSO_SP_DECISION_CUSTS" >
      <DesignTime>
         <Attr Name="_DisplaySize" Value="1" />
      </DesignTime>
   </Attribute>
   <Attribute
      Name="InquiryBaseCode"
      Precision="4"
      Type="java.lang.String"
      ColumnName="INQUIRY_BASE_CODE"
      ColumnType="VARCHAR2"
      SQLType="VARCHAR"
      TableName="XXCSO_SP_DECISION_CUSTS" >
      <DesignTime>
         <Attr Name="_DisplaySize" Value="4" />
      </DesignTime>
   </Attribute>
   <Attribute
      Name="NewCustomerFlag"
      Precision="1"
      Type="java.lang.String"
      ColumnName="NEW_CUSTOMER_FLAG"
      ColumnType="VARCHAR2"
      SQLType="VARCHAR"
      TableName="XXCSO_SP_DECISION_CUSTS" >
      <DesignTime>
         <Attr Name="_DisplaySize" Value="1" />
      </DesignTime>
   </Attribute>
   <Attribute
      Name="CustomerId"
      Type="oracle.jbo.domain.Number"
      ColumnName="CUSTOMER_ID"
      ColumnType="NUMBER"
      SQLType="NUMERIC"
      TableName="XXCSO_SP_DECISION_CUSTS" >
      <DesignTime>
         <Attr Name="_DisplaySize" Value="22" />
      </DesignTime>
   </Attribute>
   <Attribute
      Name="SameInstallAccountFlag"
      Precision="1"
      Type="java.lang.String"
      ColumnName="SAME_INSTALL_ACCOUNT_FLAG"
      ColumnType="VARCHAR2"
      SQLType="VARCHAR"
      TableName="XXCSO_SP_DECISION_CUSTS" >
      <DesignTime>
         <Attr Name="_DisplaySize" Value="1" />
      </DesignTime>
   </Attribute>
   <Attribute
      Name="CreatedBy"
      IsNotNull="true"
      Precision="15"
      Scale="0"
      Type="oracle.jbo.domain.Number"
      ColumnName="CREATED_BY"
      ColumnType="NUMBER"
      SQLType="NUMERIC"
      TableName="XXCSO_SP_DECISION_CUSTS" >
      <DesignTime>
         <Attr Name="_DisplaySize" Value="22" />
      </DesignTime>
   </Attribute>
   <Attribute
      Name="CreationDate"
      IsNotNull="true"
      Type="oracle.jbo.domain.Date"
      ColumnName="CREATION_DATE"
      ColumnType="DATE"
      SQLType="TIMESTAMP"
      TableName="XXCSO_SP_DECISION_CUSTS" >
      <DesignTime>
         <Attr Name="_DisplaySize" Value="7" />
      </DesignTime>
   </Attribute>
   <Attribute
      Name="LastUpdatedBy"
      IsNotNull="true"
      Precision="15"
      Scale="0"
      Type="oracle.jbo.domain.Number"
      ColumnName="LAST_UPDATED_BY"
      ColumnType="NUMBER"
      SQLType="NUMERIC"
      TableName="XXCSO_SP_DECISION_CUSTS" >
      <DesignTime>
         <Attr Name="_DisplaySize" Value="22" />
      </DesignTime>
   </Attribute>
   <Attribute
      Name="LastUpdateDate"
      IsNotNull="true"
      Type="oracle.jbo.domain.Date"
      ColumnName="LAST_UPDATE_DATE"
      ColumnType="DATE"
      SQLType="TIMESTAMP"
      TableName="XXCSO_SP_DECISION_CUSTS" >
      <DesignTime>
         <Attr Name="_DisplaySize" Value="7" />
      </DesignTime>
   </Attribute>
   <Attribute
      Name="LastUpdateLogin"
      Precision="15"
      Scale="0"
      Type="oracle.jbo.domain.Number"
      ColumnName="LAST_UPDATE_LOGIN"
      ColumnType="NUMBER"
      SQLType="NUMERIC"
      TableName="XXCSO_SP_DECISION_CUSTS" >
      <DesignTime>
         <Attr Name="_DisplaySize" Value="22" />
      </DesignTime>
   </Attribute>
   <Attribute
      Name="RequestId"
      Precision="15"
      Scale="0"
      Type="oracle.jbo.domain.Number"
      ColumnName="REQUEST_ID"
      ColumnType="NUMBER"
      SQLType="NUMERIC"
      TableName="XXCSO_SP_DECISION_CUSTS" >
      <DesignTime>
         <Attr Name="_DisplaySize" Value="22" />
      </DesignTime>
   </Attribute>
   <Attribute
      Name="ProgramApplicationId"
      Precision="15"
      Scale="0"
      Type="oracle.jbo.domain.Number"
      ColumnName="PROGRAM_APPLICATION_ID"
      ColumnType="NUMBER"
      SQLType="NUMERIC"
      TableName="XXCSO_SP_DECISION_CUSTS" >
      <DesignTime>
         <Attr Name="_DisplaySize" Value="22" />
      </DesignTime>
   </Attribute>
   <Attribute
      Name="ProgramId"
      Precision="15"
      Scale="0"
      Type="oracle.jbo.domain.Number"
      ColumnName="PROGRAM_ID"
      ColumnType="NUMBER"
      SQLType="NUMERIC"
      TableName="XXCSO_SP_DECISION_CUSTS" >
      <DesignTime>
         <Attr Name="_DisplaySize" Value="22" />
      </DesignTime>
   </Attribute>
   <Attribute
      Name="ProgramUpdateDate"
      Type="oracle.jbo.domain.Date"
      ColumnName="PROGRAM_UPDATE_DATE"
      ColumnType="DATE"
      SQLType="TIMESTAMP"
      TableName="XXCSO_SP_DECISION_CUSTS" >
      <DesignTime>
         <Attr Name="_DisplaySize" Value="7" />
      </DesignTime>
   </Attribute>
   <Key
      Name="SysC00179774" >
      <AttrArray Name="Attributes">
         <Item Value="itoen.oracle.apps.xxcso.common.schema.server.XxcsoContractSpCustsEO.SpDecisionCustomerId" />
      </AttrArray>
      <DesignTime>
         <Attr Name="_DBObjectName" Value="SYS_C00179774" />
         <Attr Name="_checkCondition" Value="&#34;SP_DECISION_CUSTOMER_ID&#34; IS NOT NULL" />
         <Attr Name="_isCheck" Value="true" />
      </DesignTime>
   </Key>
   <Key
      Name="SysC00179775" >
      <AttrArray Name="Attributes">
         <Item Value="itoen.oracle.apps.xxcso.common.schema.server.XxcsoContractSpCustsEO.SpDecisionHeaderId" />
      </AttrArray>
      <DesignTime>
         <Attr Name="_DBObjectName" Value="SYS_C00179775" />
         <Attr Name="_checkCondition" Value="&#34;SP_DECISION_HEADER_ID&#34; IS NOT NULL" />
         <Attr Name="_isCheck" Value="true" />
      </DesignTime>
   </Key>
   <Key
      Name="SysC00179776" >
      <AttrArray Name="Attributes">
         <Item Value="itoen.oracle.apps.xxcso.common.schema.server.XxcsoContractSpCustsEO.SpDecisionCustomerClass" />
      </AttrArray>
      <DesignTime>
         <Attr Name="_DBObjectName" Value="SYS_C00179776" />
         <Attr Name="_checkCondition" Value="&#34;SP_DECISION_CUSTOMER_CLASS&#34; IS NOT NULL" />
         <Attr Name="_isCheck" Value="true" />
      </DesignTime>
   </Key>
   <Key
      Name="SysC00179777" >
      <AttrArray Name="Attributes">
         <Item Value="itoen.oracle.apps.xxcso.common.schema.server.XxcsoContractSpCustsEO.CreatedBy" />
      </AttrArray>
      <DesignTime>
         <Attr Name="_DBObjectName" Value="SYS_C00179777" />
         <Attr Name="_checkCondition" Value="&#34;CREATED_BY&#34; IS NOT NULL" />
         <Attr Name="_isCheck" Value="true" />
      </DesignTime>
   </Key>
   <Key
      Name="SysC00179778" >
      <AttrArray Name="Attributes">
         <Item Value="itoen.oracle.apps.xxcso.common.schema.server.XxcsoContractSpCustsEO.CreationDate" />
      </AttrArray>
      <DesignTime>
         <Attr Name="_DBObjectName" Value="SYS_C00179778" />
         <Attr Name="_checkCondition" Value="&#34;CREATION_DATE&#34; IS NOT NULL" />
         <Attr Name="_isCheck" Value="true" />
      </DesignTime>
   </Key>
   <Key
      Name="SysC00179779" >
      <AttrArray Name="Attributes">
         <Item Value="itoen.oracle.apps.xxcso.common.schema.server.XxcsoContractSpCustsEO.LastUpdatedBy" />
      </AttrArray>
      <DesignTime>
         <Attr Name="_DBObjectName" Value="SYS_C00179779" />
         <Attr Name="_checkCondition" Value="&#34;LAST_UPDATED_BY&#34; IS NOT NULL" />
         <Attr Name="_isCheck" Value="true" />
      </DesignTime>
   </Key>
   <Key
      Name="SysC00179780" >
      <AttrArray Name="Attributes">
         <Item Value="itoen.oracle.apps.xxcso.common.schema.server.XxcsoContractSpCustsEO.LastUpdateDate" />
      </AttrArray>
      <DesignTime>
         <Attr Name="_DBObjectName" Value="SYS_C00179780" />
         <Attr Name="_checkCondition" Value="&#34;LAST_UPDATE_DATE&#34; IS NOT NULL" />
         <Attr Name="_isCheck" Value="true" />
      </DesignTime>
   </Key>
   <Key
      Name="XxcsoSpDecisionCustsPk" >
      <AttrArray Name="Attributes">
         <Item Value="itoen.oracle.apps.xxcso.common.schema.server.XxcsoContractSpCustsEO.SpDecisionCustomerId" />
      </AttrArray>
      <DesignTime>
         <Attr Name="_DBObjectName" Value="XXCSO_SP_DECISION_CUSTS_PK" />
         <Attr Name="_isPrimary" Value="true" />
      </DesignTime>
   </Key>
</Entity>
