<?xml version="1.0" encoding='Windows-31J'?>
<!DOCTYPE Entity SYSTEM "jbo_03_01.dtd">

<Entity
   Name="XxcsoSalesNotifiesEO"
   DBObjectType="synonym"
   DBObjectName="XXCSO_SALES_NOTIFIES"
   AliasName="XxcsoSalesNotifiesEO"
   BindingStyle="Oracle"
   UseGlueCode="false"
   CodeGenFlag="4"
   RowClass="itoen.oracle.apps.xxcso.common.schema.server.XxcsoSalesNotifiesEOImpl"
   DefClass="oracle.apps.fnd.framework.server.OAEntityDefImpl"
   CollClass="oracle.apps.fnd.framework.server.OAEntityCache" >
   <DesignTime>
      <Attr Name="_isCodegen" Value="true" />
      <Attr Name="_version" Value="9.0.3.14.00" />
      <Attr Name="_superClass" Value="oracle.apps.fnd.framework.server.OAPlsqlEntityImpl" />
      <AttrArray Name="_publishEvents">
      </AttrArray>
   </DesignTime>
   <Attribute
      Name="SalesNoticeId"
      IsNotNull="true"
      Type="oracle.jbo.domain.Number"
      ColumnName="SALES_NOTICE_ID"
      ColumnType="NUMBER"
      SQLType="NUMERIC"
      TableName="XXCSO_SALES_NOTIFIES"
      PrimaryKey="true" >
      <DesignTime>
         <Attr Name="_DisplaySize" Value="22" />
      </DesignTime>
   </Attribute>
   <Attribute
      Name="HeaderHistoryId"
      IsNotNull="true"
      Type="oracle.jbo.domain.Number"
      ColumnName="HEADER_HISTORY_ID"
      ColumnType="NUMBER"
      SQLType="NUMERIC"
      TableName="XXCSO_SALES_NOTIFIES" >
      <DesignTime>
         <Attr Name="_DisplaySize" Value="22" />
      </DesignTime>
   </Attribute>
   <Attribute
      Name="UserName"
      IsNotNull="true"
      Precision="100"
      Type="java.lang.String"
      ColumnName="USER_NAME"
      ColumnType="VARCHAR2"
      SQLType="VARCHAR"
      TableName="XXCSO_SALES_NOTIFIES" >
      <DesignTime>
         <Attr Name="_DisplaySize" Value="100" />
      </DesignTime>
   </Attribute>
   <Attribute
      Name="EmployeeNumber"
      Precision="30"
      Type="java.lang.String"
      ColumnName="EMPLOYEE_NUMBER"
      ColumnType="VARCHAR2"
      SQLType="VARCHAR"
      TableName="XXCSO_SALES_NOTIFIES" >
      <DesignTime>
         <Attr Name="_DisplaySize" Value="30" />
      </DesignTime>
   </Attribute>
   <Attribute
      Name="FullName"
      Precision="301"
      Type="java.lang.String"
      ColumnName="FULL_NAME"
      ColumnType="VARCHAR2"
      SQLType="VARCHAR"
      TableName="XXCSO_SALES_NOTIFIES" >
      <DesignTime>
         <Attr Name="_DisplaySize" Value="301" />
      </DesignTime>
   </Attribute>
   <Attribute
      Name="PositionName"
      Precision="150"
      Type="java.lang.String"
      ColumnName="POSITION_NAME"
      ColumnType="VARCHAR2"
      SQLType="VARCHAR"
      TableName="XXCSO_SALES_NOTIFIES" >
      <DesignTime>
         <Attr Name="_DisplaySize" Value="150" />
      </DesignTime>
   </Attribute>
   <Attribute
      Name="PositionSortCode"
      Precision="150"
      Type="java.lang.String"
      ColumnName="POSITION_SORT_CODE"
      ColumnType="VARCHAR2"
      SQLType="VARCHAR"
      TableName="XXCSO_SALES_NOTIFIES" >
      <DesignTime>
         <Attr Name="_DisplaySize" Value="150" />
      </DesignTime>
   </Attribute>
   <Attribute
      Name="BaseCode"
      Precision="4"
      Type="java.lang.String"
      ColumnName="BASE_CODE"
      ColumnType="VARCHAR2"
      SQLType="VARCHAR"
      TableName="XXCSO_SALES_NOTIFIES" >
      <DesignTime>
         <Attr Name="_DisplaySize" Value="4" />
      </DesignTime>
   </Attribute>
   <Attribute
      Name="BaseName"
      Precision="150"
      Type="java.lang.String"
      ColumnName="BASE_NAME"
      ColumnType="VARCHAR2"
      SQLType="VARCHAR"
      TableName="XXCSO_SALES_NOTIFIES" >
      <DesignTime>
         <Attr Name="_DisplaySize" Value="150" />
      </DesignTime>
   </Attribute>
   <Attribute
      Name="NotifiedFlag"
      Precision="1"
      Type="java.lang.String"
      ColumnName="NOTIFIED_FLAG"
      ColumnType="VARCHAR2"
      SQLType="VARCHAR"
      TableName="XXCSO_SALES_NOTIFIES" >
      <DesignTime>
         <Attr Name="_DisplaySize" Value="1" />
      </DesignTime>
   </Attribute>
   <Attribute
      Name="CreatedBy"
      IsNotNull="true"
      Precision="15"
      Scale="0"
      Type="oracle.jbo.domain.Number"
      ColumnName="CREATED_BY"
      ColumnType="NUMBER"
      SQLType="NUMERIC"
      TableName="XXCSO_SALES_NOTIFIES" >
      <DesignTime>
         <Attr Name="_DisplaySize" Value="22" />
      </DesignTime>
   </Attribute>
   <Attribute
      Name="CreationDate"
      IsNotNull="true"
      Type="oracle.jbo.domain.Date"
      ColumnName="CREATION_DATE"
      ColumnType="DATE"
      SQLType="TIMESTAMP"
      TableName="XXCSO_SALES_NOTIFIES" >
      <DesignTime>
         <Attr Name="_DisplaySize" Value="7" />
      </DesignTime>
   </Attribute>
   <Attribute
      Name="LastUpdatedBy"
      IsNotNull="true"
      Precision="15"
      Scale="0"
      Type="oracle.jbo.domain.Number"
      ColumnName="LAST_UPDATED_BY"
      ColumnType="NUMBER"
      SQLType="NUMERIC"
      TableName="XXCSO_SALES_NOTIFIES" >
      <DesignTime>
         <Attr Name="_DisplaySize" Value="22" />
      </DesignTime>
   </Attribute>
   <Attribute
      Name="LastUpdateDate"
      IsNotNull="true"
      Type="oracle.jbo.domain.Date"
      ColumnName="LAST_UPDATE_DATE"
      ColumnType="DATE"
      SQLType="TIMESTAMP"
      TableName="XXCSO_SALES_NOTIFIES" >
      <DesignTime>
         <Attr Name="_DisplaySize" Value="7" />
      </DesignTime>
   </Attribute>
   <Attribute
      Name="LastUpdateLogin"
      Precision="15"
      Scale="0"
      Type="oracle.jbo.domain.Number"
      ColumnName="LAST_UPDATE_LOGIN"
      ColumnType="NUMBER"
      SQLType="NUMERIC"
      TableName="XXCSO_SALES_NOTIFIES" >
      <DesignTime>
         <Attr Name="_DisplaySize" Value="22" />
      </DesignTime>
   </Attribute>
   <Attribute
      Name="RequestId"
      Precision="15"
      Scale="0"
      Type="oracle.jbo.domain.Number"
      ColumnName="REQUEST_ID"
      ColumnType="NUMBER"
      SQLType="NUMERIC"
      TableName="XXCSO_SALES_NOTIFIES" >
      <DesignTime>
         <Attr Name="_DisplaySize" Value="22" />
      </DesignTime>
   </Attribute>
   <Attribute
      Name="ProgramApplicationId"
      Precision="15"
      Scale="0"
      Type="oracle.jbo.domain.Number"
      ColumnName="PROGRAM_APPLICATION_ID"
      ColumnType="NUMBER"
      SQLType="NUMERIC"
      TableName="XXCSO_SALES_NOTIFIES" >
      <DesignTime>
         <Attr Name="_DisplaySize" Value="22" />
      </DesignTime>
   </Attribute>
   <Attribute
      Name="ProgramId"
      Precision="15"
      Scale="0"
      Type="oracle.jbo.domain.Number"
      ColumnName="PROGRAM_ID"
      ColumnType="NUMBER"
      SQLType="NUMERIC"
      TableName="XXCSO_SALES_NOTIFIES" >
      <DesignTime>
         <Attr Name="_DisplaySize" Value="22" />
      </DesignTime>
   </Attribute>
   <Attribute
      Name="ProgramUpdateDate"
      Type="oracle.jbo.domain.Date"
      ColumnName="PROGRAM_UPDATE_DATE"
      ColumnType="DATE"
      SQLType="TIMESTAMP"
      TableName="XXCSO_SALES_NOTIFIES" >
      <DesignTime>
         <Attr Name="_DisplaySize" Value="7" />
      </DesignTime>
   </Attribute>
   <AccessorAttribute
      Name="XxcsoSalesRequestEO"
      Association="itoen.oracle.apps.xxcso.common.schema.server.XxcsoSalesRequestNotifyAO"
      AssociationEnd="itoen.oracle.apps.xxcso.common.schema.server.XxcsoSalesRequestNotifyAO.XxcsoSalesRequestEO"
      AssociationOtherEnd="itoen.oracle.apps.xxcso.common.schema.server.XxcsoSalesRequestNotifyAO.XxcsoSalesNotifiesEO"
      Type="itoen.oracle.apps.xxcso.common.schema.server.XxcsoSalesRequestEOImpl" >
   </AccessorAttribute>
   <Key
      Name="SysC00179086" >
      <AttrArray Name="Attributes">
         <Item Value="itoen.oracle.apps.xxcso.common.schema.server.XxcsoSalesNotifiesEO.HeaderHistoryId" />
      </AttrArray>
      <DesignTime>
         <Attr Name="_DBObjectName" Value="SYS_C00179086" />
         <Attr Name="_checkCondition" Value="&#34;HEADER_HISTORY_ID&#34; IS NOT NULL" />
         <Attr Name="_isCheck" Value="true" />
      </DesignTime>
   </Key>
   <Key
      Name="SysC00179088" >
      <AttrArray Name="Attributes">
         <Item Value="itoen.oracle.apps.xxcso.common.schema.server.XxcsoSalesNotifiesEO.CreatedBy" />
      </AttrArray>
      <DesignTime>
         <Attr Name="_DBObjectName" Value="SYS_C00179088" />
         <Attr Name="_checkCondition" Value="&#34;CREATED_BY&#34; IS NOT NULL" />
         <Attr Name="_isCheck" Value="true" />
      </DesignTime>
   </Key>
   <Key
      Name="SysC00179090" >
      <AttrArray Name="Attributes">
         <Item Value="itoen.oracle.apps.xxcso.common.schema.server.XxcsoSalesNotifiesEO.LastUpdatedBy" />
      </AttrArray>
      <DesignTime>
         <Attr Name="_DBObjectName" Value="SYS_C00179090" />
         <Attr Name="_checkCondition" Value="&#34;LAST_UPDATED_BY&#34; IS NOT NULL" />
         <Attr Name="_isCheck" Value="true" />
      </DesignTime>
   </Key>
   <Key
      Name="XxcsoSalesNotifiesPk" >
      <AttrArray Name="Attributes">
         <Item Value="itoen.oracle.apps.xxcso.common.schema.server.XxcsoSalesNotifiesEO.SalesNoticeId" />
      </AttrArray>
      <DesignTime>
         <Attr Name="_DBObjectName" Value="XXCSO_SALES_NOTIFIES_PK" />
         <Attr Name="_isPrimary" Value="true" />
      </DesignTime>
   </Key>
   <Key
      Name="SysC00179087" >
      <AttrArray Name="Attributes">
         <Item Value="itoen.oracle.apps.xxcso.common.schema.server.XxcsoSalesNotifiesEO.UserName" />
      </AttrArray>
      <DesignTime>
         <Attr Name="_DBObjectName" Value="SYS_C00179087" />
         <Attr Name="_checkCondition" Value="&#34;USER_NAME&#34; IS NOT NULL" />
         <Attr Name="_isCheck" Value="true" />
      </DesignTime>
   </Key>
   <Key
      Name="SysC00179091" >
      <AttrArray Name="Attributes">
         <Item Value="itoen.oracle.apps.xxcso.common.schema.server.XxcsoSalesNotifiesEO.LastUpdateDate" />
      </AttrArray>
      <DesignTime>
         <Attr Name="_DBObjectName" Value="SYS_C00179091" />
         <Attr Name="_checkCondition" Value="&#34;LAST_UPDATE_DATE&#34; IS NOT NULL" />
         <Attr Name="_isCheck" Value="true" />
      </DesignTime>
   </Key>
   <Key
      Name="SysC00179089" >
      <AttrArray Name="Attributes">
         <Item Value="itoen.oracle.apps.xxcso.common.schema.server.XxcsoSalesNotifiesEO.CreationDate" />
      </AttrArray>
      <DesignTime>
         <Attr Name="_DBObjectName" Value="SYS_C00179089" />
         <Attr Name="_checkCondition" Value="&#34;CREATION_DATE&#34; IS NOT NULL" />
         <Attr Name="_isCheck" Value="true" />
      </DesignTime>
   </Key>
   <Key
      Name="SysC00179085" >
      <AttrArray Name="Attributes">
         <Item Value="itoen.oracle.apps.xxcso.common.schema.server.XxcsoSalesNotifiesEO.SalesNoticeId" />
      </AttrArray>
      <DesignTime>
         <Attr Name="_DBObjectName" Value="SYS_C00179085" />
         <Attr Name="_checkCondition" Value="&#34;SALES_NOTICE_ID&#34; IS NOT NULL" />
         <Attr Name="_isCheck" Value="true" />
      </DesignTime>
   </Key>
</Entity>
