<?xml version="1.0" encoding='Windows-31J'?>
<!DOCTYPE Entity SYSTEM "jbo_03_01.dtd">

<Entity
   Name="XxcsoPvExtractTermDefVEO"
   DBObjectType="view"
   DBObjectName="XXCSO_PV_EXTRACT_TERM_DEF_V"
   AliasName="XxcsoPvExtractTermDefVEO"
   BindingStyle="Oracle"
   UseGlueCode="false"
   CodeGenFlag="4"
   RowClass="itoen.oracle.apps.xxcso.common.schema.server.XxcsoPvExtractTermDefVEOImpl"
   DefClass="oracle.apps.fnd.framework.server.OAEntityDefImpl"
   CollClass="oracle.apps.fnd.framework.server.OAEntityCache" >
   <DesignTime>
      <Attr Name="_isCodegen" Value="true" />
      <Attr Name="_version" Value="9.0.3.14.00" />
      <Attr Name="_superClass" Value="oracle.apps.fnd.framework.server.OAPlsqlEntityImpl" />
      <AttrArray Name="_publishEvents">
      </AttrArray>
   </DesignTime>
   <Attribute
      Name="ExtractTermDefId"
      IsNotNull="true"
      Type="oracle.jbo.domain.Number"
      ColumnName="EXTRACT_TERM_DEF_ID"
      ColumnType="NUMBER"
      SQLType="NUMERIC"
      TableName="XXCSO_PV_EXTRACT_TERM_DEF_V"
      PrimaryKey="true" >
      <DesignTime>
         <Attr Name="_DisplaySize" Value="22" />
      </DesignTime>
   </Attribute>
   <Attribute
      Name="ViewId"
      IsNotNull="true"
      Type="oracle.jbo.domain.Number"
      ColumnName="VIEW_ID"
      ColumnType="NUMBER"
      SQLType="NUMERIC"
      TableName="XXCSO_PV_EXTRACT_TERM_DEF_V" >
      <DesignTime>
         <Attr Name="_DisplaySize" Value="22" />
      </DesignTime>
   </Attribute>
   <Attribute
      Name="SetupNumber"
      Precision="15"
      Scale="0"
      Type="oracle.jbo.domain.Number"
      ColumnName="SETUP_NUMBER"
      ColumnType="NUMBER"
      SQLType="NUMERIC"
      TableName="XXCSO_PV_EXTRACT_TERM_DEF_V" >
      <DesignTime>
         <Attr Name="_DisplaySize" Value="22" />
      </DesignTime>
   </Attribute>
   <Attribute
      Name="ColumnCode"
      Precision="30"
      Type="java.lang.String"
      ColumnName="COLUMN_CODE"
      ColumnType="VARCHAR2"
      SQLType="VARCHAR"
      TableName="XXCSO_PV_EXTRACT_TERM_DEF_V" >
      <DesignTime>
         <Attr Name="_DisplaySize" Value="30" />
      </DesignTime>
   </Attribute>
   <Attribute
      Name="ExtractMethodCode"
      Precision="30"
      Type="java.lang.String"
      ColumnName="EXTRACT_METHOD_CODE"
      ColumnType="VARCHAR2"
      SQLType="VARCHAR"
      TableName="XXCSO_PV_EXTRACT_TERM_DEF_V" >
      <DesignTime>
         <Attr Name="_DisplaySize" Value="30" />
      </DesignTime>
   </Attribute>
   <Attribute
      Name="ExtractTermText"
      Precision="1000"
      Type="java.lang.String"
      ColumnName="EXTRACT_TERM_TEXT"
      ColumnType="VARCHAR2"
      SQLType="VARCHAR"
      TableName="XXCSO_PV_EXTRACT_TERM_DEF_V" >
      <DesignTime>
         <Attr Name="_DisplaySize" Value="1000" />
      </DesignTime>
   </Attribute>
   <Attribute
      Name="ExtractTermNumber"
      Precision="40"
      Type="java.lang.String"
      ColumnName="EXTRACT_TERM_NUMBER"
      ColumnType="VARCHAR2"
      SQLType="VARCHAR"
      TableName="XXCSO_PV_EXTRACT_TERM_DEF_V" >
      <DesignTime>
         <Attr Name="_DisplaySize" Value="40" />
      </DesignTime>
   </Attribute>
   <Attribute
      Name="ExtractTermDate"
      Type="oracle.jbo.domain.Date"
      ColumnName="EXTRACT_TERM_DATE"
      ColumnType="DATE"
      SQLType="TIMESTAMP"
      TableName="XXCSO_PV_EXTRACT_TERM_DEF_V" >
      <DesignTime>
         <Attr Name="_DisplaySize" Value="7" />
      </DesignTime>
   </Attribute>
   <Attribute
      Name="CreatedBy"
      IsNotNull="true"
      Precision="15"
      Scale="0"
      Type="oracle.jbo.domain.Number"
      ColumnName="CREATED_BY"
      ColumnType="NUMBER"
      SQLType="NUMERIC"
      TableName="XXCSO_PV_EXTRACT_TERM_DEF_V" >
      <DesignTime>
         <Attr Name="_DisplaySize" Value="22" />
      </DesignTime>
   </Attribute>
   <Attribute
      Name="CreationDate"
      IsNotNull="true"
      Type="oracle.jbo.domain.Date"
      ColumnName="CREATION_DATE"
      ColumnType="DATE"
      SQLType="TIMESTAMP"
      TableName="XXCSO_PV_EXTRACT_TERM_DEF_V" >
      <DesignTime>
         <Attr Name="_DisplaySize" Value="7" />
      </DesignTime>
   </Attribute>
   <Attribute
      Name="LastUpdatedBy"
      IsNotNull="true"
      Precision="15"
      Scale="0"
      Type="oracle.jbo.domain.Number"
      ColumnName="LAST_UPDATED_BY"
      ColumnType="NUMBER"
      SQLType="NUMERIC"
      TableName="XXCSO_PV_EXTRACT_TERM_DEF_V" >
      <DesignTime>
         <Attr Name="_DisplaySize" Value="22" />
      </DesignTime>
   </Attribute>
   <Attribute
      Name="LastUpdateDate"
      IsNotNull="true"
      Type="oracle.jbo.domain.Date"
      ColumnName="LAST_UPDATE_DATE"
      ColumnType="DATE"
      SQLType="TIMESTAMP"
      TableName="XXCSO_PV_EXTRACT_TERM_DEF_V" >
      <DesignTime>
         <Attr Name="_DisplaySize" Value="7" />
      </DesignTime>
   </Attribute>
   <Attribute
      Name="LastUpdateLogin"
      Precision="15"
      Scale="0"
      Type="oracle.jbo.domain.Number"
      ColumnName="LAST_UPDATE_LOGIN"
      ColumnType="NUMBER"
      SQLType="NUMERIC"
      TableName="XXCSO_PV_EXTRACT_TERM_DEF_V" >
      <DesignTime>
         <Attr Name="_DisplaySize" Value="22" />
      </DesignTime>
   </Attribute>
   <Attribute
      Name="RequestId"
      Precision="15"
      Scale="0"
      Type="oracle.jbo.domain.Number"
      ColumnName="REQUEST_ID"
      ColumnType="NUMBER"
      SQLType="NUMERIC"
      TableName="XXCSO_PV_EXTRACT_TERM_DEF_V" >
      <DesignTime>
         <Attr Name="_DisplaySize" Value="22" />
      </DesignTime>
   </Attribute>
   <Attribute
      Name="ProgramApplicationId"
      Precision="15"
      Scale="0"
      Type="oracle.jbo.domain.Number"
      ColumnName="PROGRAM_APPLICATION_ID"
      ColumnType="NUMBER"
      SQLType="NUMERIC"
      TableName="XXCSO_PV_EXTRACT_TERM_DEF_V" >
      <DesignTime>
         <Attr Name="_DisplaySize" Value="22" />
      </DesignTime>
   </Attribute>
   <Attribute
      Name="ProgramId"
      Precision="15"
      Scale="0"
      Type="oracle.jbo.domain.Number"
      ColumnName="PROGRAM_ID"
      ColumnType="NUMBER"
      SQLType="NUMERIC"
      TableName="XXCSO_PV_EXTRACT_TERM_DEF_V" >
      <DesignTime>
         <Attr Name="_DisplaySize" Value="22" />
      </DesignTime>
   </Attribute>
   <Attribute
      Name="ProgramUpdateDate"
      Type="oracle.jbo.domain.Date"
      ColumnName="PROGRAM_UPDATE_DATE"
      ColumnType="DATE"
      SQLType="TIMESTAMP"
      TableName="XXCSO_PV_EXTRACT_TERM_DEF_V" >
      <DesignTime>
         <Attr Name="_DisplaySize" Value="7" />
      </DesignTime>
   </Attribute>
   <AccessorAttribute
      Name="XxcsoPvDefEO"
      Association="itoen.oracle.apps.xxcso.common.schema.server.XxcsoPvExtractTermDefAO"
      AssociationEnd="itoen.oracle.apps.xxcso.common.schema.server.XxcsoPvExtractTermDefAO.XxcsoPvDefEO"
      AssociationOtherEnd="itoen.oracle.apps.xxcso.common.schema.server.XxcsoPvExtractTermDefAO.XxcsoPvExtractTermDefVEO"
      Type="itoen.oracle.apps.xxcso.common.schema.server.XxcsoPvDefEOImpl" >
   </AccessorAttribute>
   <Key
      Name="XxcsopvextracttermdefveoPrimaryKey" >
      <AttrArray Name="Attributes">
         <Item Value="itoen.oracle.apps.xxcso.common.schema.server.XxcsoPvExtractTermDefVEO.ExtractTermDefId" />
      </AttrArray>
      <DesignTime>
         <Attr Name="_DBObjectName" Value="XXCSOPVEXTRACTTERMDEFVEO_PRIMA" />
         <Attr Name="_isPrimary" Value="true" />
      </DesignTime>
   </Key>
</Entity>
