<?xml version="1.0" encoding='Windows-31J'?>
<!DOCTYPE Entity SYSTEM "jbo_03_01.dtd">

<Entity
   Name="XxcsoPvViewColumnDefEO"
   DBObjectType="synonym"
   DBObjectName="XXCSO_PV_VIEW_COLUMN_DEF"
   AliasName="XxcsoPvViewColumnDefEO"
   BindingStyle="Oracle"
   UseGlueCode="false"
   CodeGenFlag="4"
   RowClass="itoen.oracle.apps.xxcso.common.schema.server.XxcsoPvViewColumnDefEOImpl"
   DefClass="oracle.apps.fnd.framework.server.OAEntityDefImpl"
   CollClass="oracle.apps.fnd.framework.server.OAEntityCache" >
   <DesignTime>
      <Attr Name="_isCodegen" Value="true" />
      <Attr Name="_version" Value="9.0.3.14.00" />
      <Attr Name="_superClass" Value="oracle.apps.fnd.framework.server.OAPlsqlEntityImpl" />
      <AttrArray Name="_publishEvents">
      </AttrArray>
   </DesignTime>
   <Attribute
      Name="ViewColumnDefId"
      IsNotNull="true"
      Type="oracle.jbo.domain.Number"
      ColumnName="VIEW_COLUMN_DEF_ID"
      ColumnType="NUMBER"
      SQLType="NUMERIC"
      TableName="XXCSO_PV_VIEW_COLUMN_DEF"
      PrimaryKey="true" >
      <DesignTime>
         <Attr Name="_DisplaySize" Value="22" />
      </DesignTime>
   </Attribute>
   <Attribute
      Name="ViewId"
      IsNotNull="true"
      Type="oracle.jbo.domain.Number"
      ColumnName="VIEW_ID"
      ColumnType="NUMBER"
      SQLType="NUMERIC"
      TableName="XXCSO_PV_VIEW_COLUMN_DEF" >
      <DesignTime>
         <Attr Name="_DisplaySize" Value="22" />
      </DesignTime>
   </Attribute>
   <Attribute
      Name="SetupNumber"
      Precision="15"
      Scale="0"
      Type="oracle.jbo.domain.Number"
      ColumnName="SETUP_NUMBER"
      ColumnType="NUMBER"
      SQLType="NUMERIC"
      TableName="XXCSO_PV_VIEW_COLUMN_DEF" >
      <DesignTime>
         <Attr Name="_DisplaySize" Value="22" />
      </DesignTime>
   </Attribute>
   <Attribute
      Name="ColumnCode"
      Precision="30"
      Type="java.lang.String"
      ColumnName="COLUMN_CODE"
      ColumnType="VARCHAR2"
      SQLType="VARCHAR"
      TableName="XXCSO_PV_VIEW_COLUMN_DEF" >
      <DesignTime>
         <Attr Name="_DisplaySize" Value="30" />
      </DesignTime>
   </Attribute>
   <Attribute
      Name="CreatedBy"
      IsNotNull="true"
      Precision="15"
      Scale="0"
      Type="oracle.jbo.domain.Number"
      ColumnName="CREATED_BY"
      ColumnType="NUMBER"
      SQLType="NUMERIC"
      TableName="XXCSO_PV_VIEW_COLUMN_DEF" >
      <DesignTime>
         <Attr Name="_DisplaySize" Value="22" />
      </DesignTime>
   </Attribute>
   <Attribute
      Name="CreationDate"
      IsNotNull="true"
      Type="oracle.jbo.domain.Date"
      ColumnName="CREATION_DATE"
      ColumnType="DATE"
      SQLType="TIMESTAMP"
      TableName="XXCSO_PV_VIEW_COLUMN_DEF" >
      <DesignTime>
         <Attr Name="_DisplaySize" Value="7" />
      </DesignTime>
   </Attribute>
   <Attribute
      Name="LastUpdatedBy"
      IsNotNull="true"
      Precision="15"
      Scale="0"
      Type="oracle.jbo.domain.Number"
      ColumnName="LAST_UPDATED_BY"
      ColumnType="NUMBER"
      SQLType="NUMERIC"
      TableName="XXCSO_PV_VIEW_COLUMN_DEF" >
      <DesignTime>
         <Attr Name="_DisplaySize" Value="22" />
      </DesignTime>
   </Attribute>
   <Attribute
      Name="LastUpdateDate"
      IsNotNull="true"
      Type="oracle.jbo.domain.Date"
      ColumnName="LAST_UPDATE_DATE"
      ColumnType="DATE"
      SQLType="TIMESTAMP"
      TableName="XXCSO_PV_VIEW_COLUMN_DEF" >
      <DesignTime>
         <Attr Name="_DisplaySize" Value="7" />
      </DesignTime>
   </Attribute>
   <Attribute
      Name="LastUpdateLogin"
      Precision="15"
      Scale="0"
      Type="oracle.jbo.domain.Number"
      ColumnName="LAST_UPDATE_LOGIN"
      ColumnType="NUMBER"
      SQLType="NUMERIC"
      TableName="XXCSO_PV_VIEW_COLUMN_DEF" >
      <DesignTime>
         <Attr Name="_DisplaySize" Value="22" />
      </DesignTime>
   </Attribute>
   <Attribute
      Name="RequestId"
      Precision="15"
      Scale="0"
      Type="oracle.jbo.domain.Number"
      ColumnName="REQUEST_ID"
      ColumnType="NUMBER"
      SQLType="NUMERIC"
      TableName="XXCSO_PV_VIEW_COLUMN_DEF" >
      <DesignTime>
         <Attr Name="_DisplaySize" Value="22" />
      </DesignTime>
   </Attribute>
   <Attribute
      Name="ProgramApplicationId"
      Precision="15"
      Scale="0"
      Type="oracle.jbo.domain.Number"
      ColumnName="PROGRAM_APPLICATION_ID"
      ColumnType="NUMBER"
      SQLType="NUMERIC"
      TableName="XXCSO_PV_VIEW_COLUMN_DEF" >
      <DesignTime>
         <Attr Name="_DisplaySize" Value="22" />
      </DesignTime>
   </Attribute>
   <Attribute
      Name="ProgramId"
      Precision="15"
      Scale="0"
      Type="oracle.jbo.domain.Number"
      ColumnName="PROGRAM_ID"
      ColumnType="NUMBER"
      SQLType="NUMERIC"
      TableName="XXCSO_PV_VIEW_COLUMN_DEF" >
      <DesignTime>
         <Attr Name="_DisplaySize" Value="22" />
      </DesignTime>
   </Attribute>
   <Attribute
      Name="ProgramUpdateDate"
      Type="oracle.jbo.domain.Date"
      ColumnName="PROGRAM_UPDATE_DATE"
      ColumnType="DATE"
      SQLType="TIMESTAMP"
      TableName="XXCSO_PV_VIEW_COLUMN_DEF" >
      <DesignTime>
         <Attr Name="_DisplaySize" Value="7" />
      </DesignTime>
   </Attribute>
   <AccessorAttribute
      Name="XxcsoPvDefEO"
      Association="itoen.oracle.apps.xxcso.common.schema.server.XxcsoPvViewColumnDefAO"
      AssociationEnd="itoen.oracle.apps.xxcso.common.schema.server.XxcsoPvViewColumnDefAO.XxcsoPvDefEO"
      AssociationOtherEnd="itoen.oracle.apps.xxcso.common.schema.server.XxcsoPvViewColumnDefAO.XxcsoPvViewColumnDefEO"
      Type="itoen.oracle.apps.xxcso.common.schema.server.XxcsoPvDefEOImpl" >
   </AccessorAttribute>
   <Key
      Name="SysC00179021" >
      <AttrArray Name="Attributes">
         <Item Value="itoen.oracle.apps.xxcso.common.schema.server.XxcsoPvViewColumnDefEO.ViewId" />
      </AttrArray>
      <DesignTime>
         <Attr Name="_DBObjectName" Value="SYS_C00179021" />
         <Attr Name="_checkCondition" Value="&#34;VIEW_ID&#34; IS NOT NULL" />
         <Attr Name="_isCheck" Value="true" />
      </DesignTime>
   </Key>
   <Key
      Name="SysC00179023" >
      <AttrArray Name="Attributes">
         <Item Value="itoen.oracle.apps.xxcso.common.schema.server.XxcsoPvViewColumnDefEO.CreationDate" />
      </AttrArray>
      <DesignTime>
         <Attr Name="_DBObjectName" Value="SYS_C00179023" />
         <Attr Name="_checkCondition" Value="&#34;CREATION_DATE&#34; IS NOT NULL" />
         <Attr Name="_isCheck" Value="true" />
      </DesignTime>
   </Key>
   <Key
      Name="SysC00179025" >
      <AttrArray Name="Attributes">
         <Item Value="itoen.oracle.apps.xxcso.common.schema.server.XxcsoPvViewColumnDefEO.LastUpdateDate" />
      </AttrArray>
      <DesignTime>
         <Attr Name="_DBObjectName" Value="SYS_C00179025" />
         <Attr Name="_checkCondition" Value="&#34;LAST_UPDATE_DATE&#34; IS NOT NULL" />
         <Attr Name="_isCheck" Value="true" />
      </DesignTime>
   </Key>
   <Key
      Name="SysC00179020" >
      <AttrArray Name="Attributes">
         <Item Value="itoen.oracle.apps.xxcso.common.schema.server.XxcsoPvViewColumnDefEO.ViewColumnDefId" />
      </AttrArray>
      <DesignTime>
         <Attr Name="_DBObjectName" Value="SYS_C00179020" />
         <Attr Name="_checkCondition" Value="&#34;VIEW_COLUMN_DEF_ID&#34; IS NOT NULL" />
         <Attr Name="_isCheck" Value="true" />
      </DesignTime>
   </Key>
   <Key
      Name="SysC00179024" >
      <AttrArray Name="Attributes">
         <Item Value="itoen.oracle.apps.xxcso.common.schema.server.XxcsoPvViewColumnDefEO.LastUpdatedBy" />
      </AttrArray>
      <DesignTime>
         <Attr Name="_DBObjectName" Value="SYS_C00179024" />
         <Attr Name="_checkCondition" Value="&#34;LAST_UPDATED_BY&#34; IS NOT NULL" />
         <Attr Name="_isCheck" Value="true" />
      </DesignTime>
   </Key>
   <Key
      Name="SysC00179022" >
      <AttrArray Name="Attributes">
         <Item Value="itoen.oracle.apps.xxcso.common.schema.server.XxcsoPvViewColumnDefEO.CreatedBy" />
      </AttrArray>
      <DesignTime>
         <Attr Name="_DBObjectName" Value="SYS_C00179022" />
         <Attr Name="_checkCondition" Value="&#34;CREATED_BY&#34; IS NOT NULL" />
         <Attr Name="_isCheck" Value="true" />
      </DesignTime>
   </Key>
   <Key
      Name="XxcsoPvViewColumnDefPk" >
      <AttrArray Name="Attributes">
         <Item Value="itoen.oracle.apps.xxcso.common.schema.server.XxcsoPvViewColumnDefEO.ViewColumnDefId" />
      </AttrArray>
      <DesignTime>
         <Attr Name="_DBObjectName" Value="XXCSO_PV_VIEW_COLUMN_DEF_PK" />
         <Attr Name="_isPrimary" Value="true" />
      </DesignTime>
   </Key>
</Entity>
