<?xml version="1.0" encoding='Windows-31J'?>
<!DOCTYPE ViewObject SYSTEM "jbo_03_01.dtd">

<ViewObject
   Name="XxcsoGetAutoAssignedCodeVVO"
   BindingStyle="Oracle"
   CustomQuery="true"
   RowClass="itoen.oracle.apps.xxcso.common.schema.server.XxcsoGetAutoAssignedCodeVVORowImpl"
   ComponentClass="itoen.oracle.apps.xxcso.common.schema.server.XxcsoGetAutoAssignedCodeVVOImpl"
   MsgBundleClass="oracle.jbo.common.JboResourceBundle"
   UseGlueCode="false" >
   <SQLQuery><![CDATA[
SELECT  xxcso_auto_code_assign_pkg.auto_code_assign(
          :1
         ,:2
         ,:3
        ) auto_assigned_code
FROM    DUAL
   ]]></SQLQuery>
   <DesignTime>
      <Attr Name="_isCodegen" Value="true" />
      <Attr Name="_version" Value="9.0.3.14.00" />
      <Attr Name="_CodeGenFlagNew" Value="36" />
   </DesignTime>
   <ViewAttribute
      Name="AutoAssignedCode"
      IsPersistent="false"
      Precision="4000"
      Type="java.lang.String"
      ColumnType="VARCHAR2"
      AliasName="AUTO_ASSIGNED_CODE"
      Expression="AUTO_ASSIGNED_CODE"
      SQLType="VARCHAR" >
      <DesignTime>
         <Attr Name="_DisplaySize" Value="4000" />
      </DesignTime>
   </ViewAttribute>
</ViewObject>
