<?xml version="1.0" encoding='Windows-31J'?>
<!DOCTYPE Entity SYSTEM "jbo_03_01.dtd">

<Entity
   Name="XxcsoDestinationsEO"
   DBObjectType="synonym"
   DBObjectName="XXCSO_DESTINATIONS"
   AliasName="XxcsoDestinationsEO"
   BindingStyle="Oracle"
   UseGlueCode="false"
   CodeGenFlag="4"
   RowClass="itoen.oracle.apps.xxcso.common.schema.server.XxcsoDestinationsEOImpl"
   DefClass="oracle.apps.fnd.framework.server.OAEntityDefImpl"
   CollClass="oracle.apps.fnd.framework.server.OAEntityCache" >
   <DesignTime>
      <Attr Name="_isCodegen" Value="true" />
      <Attr Name="_version" Value="9.0.3.14.00" />
      <Attr Name="_superClass" Value="oracle.apps.fnd.framework.server.OAPlsqlEntityImpl" />
      <AttrArray Name="_publishEvents">
      </AttrArray>
   </DesignTime>
   <Attribute
      Name="DeliveryId"
      IsNotNull="true"
      Type="oracle.jbo.domain.Number"
      ColumnName="DELIVERY_ID"
      ColumnType="NUMBER"
      SQLType="NUMERIC"
      TableName="XXCSO_DESTINATIONS"
      PrimaryKey="true" >
      <DesignTime>
         <Attr Name="_DisplaySize" Value="22" />
      </DesignTime>
   </Attribute>
   <Attribute
      Name="ContractManagementId"
      Type="oracle.jbo.domain.Number"
      ColumnName="CONTRACT_MANAGEMENT_ID"
      ColumnType="NUMBER"
      SQLType="NUMERIC"
      TableName="XXCSO_DESTINATIONS" >
      <DesignTime>
         <Attr Name="_DisplaySize" Value="22" />
      </DesignTime>
   </Attribute>
   <Attribute
      Name="SupplierId"
      Type="oracle.jbo.domain.Number"
      ColumnName="SUPPLIER_ID"
      ColumnType="NUMBER"
      SQLType="NUMERIC"
      TableName="XXCSO_DESTINATIONS" >
      <DesignTime>
         <Attr Name="_DisplaySize" Value="22" />
      </DesignTime>
   </Attribute>
   <Attribute
      Name="DeliveryDiv"
      Precision="1"
      Type="java.lang.String"
      ColumnName="DELIVERY_DIV"
      ColumnType="VARCHAR2"
      SQLType="VARCHAR"
      TableName="XXCSO_DESTINATIONS" >
      <DesignTime>
         <Attr Name="_DisplaySize" Value="1" />
      </DesignTime>
   </Attribute>
   <Attribute
      Name="PaymentName"
      Precision="240"
      Type="java.lang.String"
      ColumnName="PAYMENT_NAME"
      ColumnType="VARCHAR2"
      SQLType="VARCHAR"
      TableName="XXCSO_DESTINATIONS" >
      <DesignTime>
         <Attr Name="_DisplaySize" Value="240" />
      </DesignTime>
   </Attribute>
   <Attribute
      Name="PaymentNameAlt"
      Precision="320"
      Type="java.lang.String"
      ColumnName="PAYMENT_NAME_ALT"
      ColumnType="VARCHAR2"
      SQLType="VARCHAR"
      TableName="XXCSO_DESTINATIONS" >
      <DesignTime>
         <Attr Name="_DisplaySize" Value="320" />
      </DesignTime>
   </Attribute>
   <Attribute
      Name="BankTransferFeeChargeDiv"
      Precision="1"
      Type="java.lang.String"
      ColumnName="BANK_TRANSFER_FEE_CHARGE_DIV"
      ColumnType="VARCHAR2"
      SQLType="VARCHAR"
      TableName="XXCSO_DESTINATIONS" >
      <DesignTime>
         <Attr Name="_DisplaySize" Value="1" />
      </DesignTime>
   </Attribute>
   <Attribute
      Name="BellingDetailsDiv"
      Precision="25"
      Type="java.lang.String"
      ColumnName="BELLING_DETAILS_DIV"
      ColumnType="VARCHAR2"
      SQLType="VARCHAR"
      TableName="XXCSO_DESTINATIONS" >
      <DesignTime>
         <Attr Name="_DisplaySize" Value="25" />
      </DesignTime>
   </Attribute>
   <Attribute
      Name="InqueryChargeHubCd"
      Precision="4"
      Type="java.lang.String"
      ColumnName="INQUERY_CHARGE_HUB_CD"
      ColumnType="VARCHAR2"
      SQLType="VARCHAR"
      TableName="XXCSO_DESTINATIONS" >
      <DesignTime>
         <Attr Name="_DisplaySize" Value="4" />
      </DesignTime>
   </Attribute>
   <Attribute
      Name="PostCode"
      Precision="20"
      Type="java.lang.String"
      ColumnName="POST_CODE"
      ColumnType="VARCHAR2"
      SQLType="VARCHAR"
      TableName="XXCSO_DESTINATIONS" >
      <DesignTime>
         <Attr Name="_DisplaySize" Value="60" />
      </DesignTime>
   </Attribute>
   <Attribute
      Name="Prefectures"
      Precision="150"
      Type="java.lang.String"
      ColumnName="PREFECTURES"
      ColumnType="VARCHAR2"
      SQLType="VARCHAR"
      TableName="XXCSO_DESTINATIONS" >
      <DesignTime>
         <Attr Name="_DisplaySize" Value="60" />
      </DesignTime>
   </Attribute>
   <Attribute
      Name="CityWard"
      Precision="25"
      Type="java.lang.String"
      ColumnName="CITY_WARD"
      ColumnType="VARCHAR2"
      SQLType="VARCHAR"
      TableName="XXCSO_DESTINATIONS" >
      <DesignTime>
         <Attr Name="_DisplaySize" Value="60" />
      </DesignTime>
   </Attribute>
   <Attribute
      Name="Address1"
      Precision="240"
      Type="java.lang.String"
      ColumnName="ADDRESS_1"
      ColumnType="VARCHAR2"
      SQLType="VARCHAR"
      TableName="XXCSO_DESTINATIONS" >
      <DesignTime>
         <Attr Name="_DisplaySize" Value="240" />
      </DesignTime>
   </Attribute>
   <Attribute
      Name="Address2"
      Precision="240"
      Type="java.lang.String"
      ColumnName="ADDRESS_2"
      ColumnType="VARCHAR2"
      SQLType="VARCHAR"
      TableName="XXCSO_DESTINATIONS" >
      <DesignTime>
         <Attr Name="_DisplaySize" Value="240" />
      </DesignTime>
   </Attribute>
   <Attribute
      Name="AddressLinesPhonetic"
      Precision="30"
      Type="java.lang.String"
      ColumnName="ADDRESS_LINES_PHONETIC"
      ColumnType="VARCHAR2"
      SQLType="VARCHAR"
      TableName="XXCSO_DESTINATIONS" >
      <DesignTime>
         <Attr Name="_DisplaySize" Value="30" />
      </DesignTime>
   </Attribute>
   <Attribute
      Name="CreatedBy"
      IsNotNull="true"
      Precision="15"
      Scale="0"
      Type="oracle.jbo.domain.Number"
      ColumnName="CREATED_BY"
      ColumnType="NUMBER"
      SQLType="NUMERIC"
      TableName="XXCSO_DESTINATIONS" >
      <DesignTime>
         <Attr Name="_DisplaySize" Value="22" />
      </DesignTime>
   </Attribute>
   <Attribute
      Name="CreationDate"
      IsNotNull="true"
      Type="oracle.jbo.domain.Date"
      ColumnName="CREATION_DATE"
      ColumnType="DATE"
      SQLType="TIMESTAMP"
      TableName="XXCSO_DESTINATIONS" >
      <DesignTime>
         <Attr Name="_DisplaySize" Value="7" />
      </DesignTime>
   </Attribute>
   <Attribute
      Name="LastUpdatedBy"
      IsNotNull="true"
      Precision="15"
      Scale="0"
      Type="oracle.jbo.domain.Number"
      ColumnName="LAST_UPDATED_BY"
      ColumnType="NUMBER"
      SQLType="NUMERIC"
      TableName="XXCSO_DESTINATIONS" >
      <DesignTime>
         <Attr Name="_DisplaySize" Value="22" />
      </DesignTime>
   </Attribute>
   <Attribute
      Name="LastUpdateDate"
      IsNotNull="true"
      Type="oracle.jbo.domain.Date"
      ColumnName="LAST_UPDATE_DATE"
      ColumnType="DATE"
      SQLType="TIMESTAMP"
      TableName="XXCSO_DESTINATIONS" >
      <DesignTime>
         <Attr Name="_DisplaySize" Value="7" />
      </DesignTime>
   </Attribute>
   <Attribute
      Name="LastUpdateLogin"
      Precision="15"
      Scale="0"
      Type="oracle.jbo.domain.Number"
      ColumnName="LAST_UPDATE_LOGIN"
      ColumnType="NUMBER"
      SQLType="NUMERIC"
      TableName="XXCSO_DESTINATIONS" >
      <DesignTime>
         <Attr Name="_DisplaySize" Value="22" />
      </DesignTime>
   </Attribute>
   <Attribute
      Name="RequestId"
      Precision="15"
      Scale="0"
      Type="oracle.jbo.domain.Number"
      ColumnName="REQUEST_ID"
      ColumnType="NUMBER"
      SQLType="NUMERIC"
      TableName="XXCSO_DESTINATIONS" >
      <DesignTime>
         <Attr Name="_DisplaySize" Value="22" />
      </DesignTime>
   </Attribute>
   <Attribute
      Name="ProgramApplicationId"
      Precision="15"
      Scale="0"
      Type="oracle.jbo.domain.Number"
      ColumnName="PROGRAM_APPLICATION_ID"
      ColumnType="NUMBER"
      SQLType="NUMERIC"
      TableName="XXCSO_DESTINATIONS" >
      <DesignTime>
         <Attr Name="_DisplaySize" Value="22" />
      </DesignTime>
   </Attribute>
   <Attribute
      Name="ProgramId"
      Precision="15"
      Scale="0"
      Type="oracle.jbo.domain.Number"
      ColumnName="PROGRAM_ID"
      ColumnType="NUMBER"
      SQLType="NUMERIC"
      TableName="XXCSO_DESTINATIONS" >
      <DesignTime>
         <Attr Name="_DisplaySize" Value="22" />
      </DesignTime>
   </Attribute>
   <Attribute
      Name="ProgramUpdateDate"
      Type="oracle.jbo.domain.Date"
      ColumnName="PROGRAM_UPDATE_DATE"
      ColumnType="DATE"
      SQLType="TIMESTAMP"
      TableName="XXCSO_DESTINATIONS" >
      <DesignTime>
         <Attr Name="_DisplaySize" Value="7" />
      </DesignTime>
   </Attribute>
   <AccessorAttribute
      Name="XxcsoContractManagementsEO"
      Association="itoen.oracle.apps.xxcso.common.schema.server.XxcsoContractMngDestAO"
      AssociationEnd="itoen.oracle.apps.xxcso.common.schema.server.XxcsoContractMngDestAO.XxcsoContractManagementsEO"
      AssociationOtherEnd="itoen.oracle.apps.xxcso.common.schema.server.XxcsoContractMngDestAO.XxcsoDestinationsEO"
      Type="itoen.oracle.apps.xxcso.common.schema.server.XxcsoContractManagementsEOImpl" >
   </AccessorAttribute>
   <AccessorAttribute
      Name="XxcsoBankAccountsEO"
      Association="itoen.oracle.apps.xxcso.common.schema.server.XxcsoDestinationBankAO"
      AssociationEnd="itoen.oracle.apps.xxcso.common.schema.server.XxcsoDestinationBankAO.XxcsoBankAccountsEO"
      AssociationOtherEnd="itoen.oracle.apps.xxcso.common.schema.server.XxcsoDestinationBankAO.XxcsoDestinationsEO"
      Type="itoen.oracle.apps.xxcso.common.schema.server.XxcsoBankAccountsEOImpl" >
   </AccessorAttribute>
   <Key
      Name="SysC00180584" >
      <AttrArray Name="Attributes">
         <Item Value="itoen.oracle.apps.xxcso.common.schema.server.XxcsoDestinationsEO.LastUpdatedBy" />
      </AttrArray>
      <DesignTime>
         <Attr Name="_DBObjectName" Value="SYS_C00180584" />
         <Attr Name="_checkCondition" Value="&#34;LAST_UPDATED_BY&#34; IS NOT NULL" />
         <Attr Name="_isCheck" Value="true" />
      </DesignTime>
   </Key>
   <Key
      Name="XxcsoDestinationsPk" >
      <AttrArray Name="Attributes">
         <Item Value="itoen.oracle.apps.xxcso.common.schema.server.XxcsoDestinationsEO.DeliveryId" />
      </AttrArray>
      <DesignTime>
         <Attr Name="_DBObjectName" Value="XXCSO_DESTINATIONS_PK" />
         <Attr Name="_isPrimary" Value="true" />
      </DesignTime>
   </Key>
   <Key
      Name="SysC00180581" >
      <AttrArray Name="Attributes">
         <Item Value="itoen.oracle.apps.xxcso.common.schema.server.XxcsoDestinationsEO.DeliveryId" />
      </AttrArray>
      <DesignTime>
         <Attr Name="_DBObjectName" Value="SYS_C00180581" />
         <Attr Name="_checkCondition" Value="&#34;DELIVERY_ID&#34; IS NOT NULL" />
         <Attr Name="_isCheck" Value="true" />
      </DesignTime>
   </Key>
   <Key
      Name="SysC00180585" >
      <AttrArray Name="Attributes">
         <Item Value="itoen.oracle.apps.xxcso.common.schema.server.XxcsoDestinationsEO.LastUpdateDate" />
      </AttrArray>
      <DesignTime>
         <Attr Name="_DBObjectName" Value="SYS_C00180585" />
         <Attr Name="_checkCondition" Value="&#34;LAST_UPDATE_DATE&#34; IS NOT NULL" />
         <Attr Name="_isCheck" Value="true" />
      </DesignTime>
   </Key>
   <Key
      Name="SysC00180582" >
      <AttrArray Name="Attributes">
         <Item Value="itoen.oracle.apps.xxcso.common.schema.server.XxcsoDestinationsEO.CreatedBy" />
      </AttrArray>
      <DesignTime>
         <Attr Name="_DBObjectName" Value="SYS_C00180582" />
         <Attr Name="_checkCondition" Value="&#34;CREATED_BY&#34; IS NOT NULL" />
         <Attr Name="_isCheck" Value="true" />
      </DesignTime>
   </Key>
   <Key
      Name="SysC00180583" >
      <AttrArray Name="Attributes">
         <Item Value="itoen.oracle.apps.xxcso.common.schema.server.XxcsoDestinationsEO.CreationDate" />
      </AttrArray>
      <DesignTime>
         <Attr Name="_DBObjectName" Value="SYS_C00180583" />
         <Attr Name="_checkCondition" Value="&#34;CREATION_DATE&#34; IS NOT NULL" />
         <Attr Name="_isCheck" Value="true" />
      </DesignTime>
   </Key>
</Entity>
