<?xml version="1.0" encoding='Windows-31J'?>
<!DOCTYPE Entity SYSTEM "jbo_03_01.dtd">

<Entity
   Name="XxcsoContractManagementsEO"
   DBObjectType="synonym"
   DBObjectName="XXCSO_CONTRACT_MANAGEMENTS"
   AliasName="XxcsoContractManagementsEO"
   BindingStyle="Oracle"
   UseGlueCode="false"
   CodeGenFlag="4"
   RowClass="itoen.oracle.apps.xxcso.common.schema.server.XxcsoContractManagementsEOImpl"
   DefClass="oracle.apps.fnd.framework.server.OAEntityDefImpl"
   CollClass="oracle.apps.fnd.framework.server.OAEntityCache" >
   <Properties>
      <Property Name ="ExpertClass" Value ="itoen.oracle.apps.xxcso.common.schema.server.XxcsoCommonEntityExpert" />
      <Property Name ="VAMDef" Value ="itoen.oracle.apps.xxcso.common.schema.server.XxcsoCommonVAM" />
   </Properties>
   <DesignTime>
      <Attr Name="_isCodegen" Value="true" />
      <Attr Name="_version" Value="9.0.3.14.00" />
      <Attr Name="_superClass" Value="oracle.apps.fnd.framework.server.OAPlsqlEntityImpl" />
      <AttrArray Name="_publishEvents">
      </AttrArray>
   </DesignTime>
   <Attribute
      Name="ContractManagementId"
      IsNotNull="true"
      Type="oracle.jbo.domain.Number"
      ColumnName="CONTRACT_MANAGEMENT_ID"
      ColumnType="NUMBER"
      SQLType="NUMERIC"
      TableName="XXCSO_CONTRACT_MANAGEMENTS"
      PrimaryKey="true" >
      <DesignTime>
         <Attr Name="_DisplaySize" Value="22" />
      </DesignTime>
   </Attribute>
   <Attribute
      Name="ContractNumber"
      Precision="12"
      Type="java.lang.String"
      ColumnName="CONTRACT_NUMBER"
      ColumnType="VARCHAR2"
      SQLType="VARCHAR"
      TableName="XXCSO_CONTRACT_MANAGEMENTS" >
      <DesignTime>
         <Attr Name="_DisplaySize" Value="12" />
      </DesignTime>
   </Attribute>
   <Attribute
      Name="ContractFormat"
      Precision="1"
      Type="java.lang.String"
      ColumnName="CONTRACT_FORMAT"
      ColumnType="VARCHAR2"
      SQLType="VARCHAR"
      TableName="XXCSO_CONTRACT_MANAGEMENTS" >
      <DesignTime>
         <Attr Name="_DisplaySize" Value="1" />
      </DesignTime>
   </Attribute>
   <Attribute
      Name="Status"
      Precision="1"
      Type="java.lang.String"
      ColumnName="STATUS"
      ColumnType="VARCHAR2"
      SQLType="VARCHAR"
      TableName="XXCSO_CONTRACT_MANAGEMENTS" >
      <DesignTime>
         <Attr Name="_DisplaySize" Value="1" />
      </DesignTime>
   </Attribute>
   <Attribute
      Name="EmployeeNumber"
      Precision="5"
      Type="java.lang.String"
      ColumnName="EMPLOYEE_NUMBER"
      ColumnType="VARCHAR2"
      SQLType="VARCHAR"
      TableName="XXCSO_CONTRACT_MANAGEMENTS" >
      <DesignTime>
         <Attr Name="_DisplaySize" Value="5" />
      </DesignTime>
   </Attribute>
   <Attribute
      Name="SpDecisionHeaderId"
      IsNotNull="true"
      Type="oracle.jbo.domain.Number"
      ColumnName="SP_DECISION_HEADER_ID"
      ColumnType="NUMBER"
      SQLType="NUMERIC"
      TableName="XXCSO_CONTRACT_MANAGEMENTS" >
      <DesignTime>
         <Attr Name="_DisplaySize" Value="22" />
      </DesignTime>
   </Attribute>
   <Attribute
      Name="ContractEffectDate"
      Type="oracle.jbo.domain.Date"
      ColumnName="CONTRACT_EFFECT_DATE"
      ColumnType="DATE"
      SQLType="TIMESTAMP"
      TableName="XXCSO_CONTRACT_MANAGEMENTS" >
      <DesignTime>
         <Attr Name="_DisplaySize" Value="7" />
      </DesignTime>
   </Attribute>
   <Attribute
      Name="TransferMonthCode"
      Precision="2"
      Type="java.lang.String"
      ColumnName="TRANSFER_MONTH_CODE"
      ColumnType="VARCHAR2"
      SQLType="VARCHAR"
      TableName="XXCSO_CONTRACT_MANAGEMENTS" >
      <DesignTime>
         <Attr Name="_DisplaySize" Value="2" />
      </DesignTime>
   </Attribute>
   <Attribute
      Name="TransferDayCode"
      Precision="2"
      Type="java.lang.String"
      ColumnName="TRANSFER_DAY_CODE"
      ColumnType="VARCHAR2"
      SQLType="VARCHAR"
      TableName="XXCSO_CONTRACT_MANAGEMENTS" >
      <DesignTime>
         <Attr Name="_DisplaySize" Value="2" />
      </DesignTime>
   </Attribute>
   <Attribute
      Name="CloseDayCode"
      Precision="2"
      Type="java.lang.String"
      ColumnName="CLOSE_DAY_CODE"
      ColumnType="VARCHAR2"
      SQLType="VARCHAR"
      TableName="XXCSO_CONTRACT_MANAGEMENTS" >
      <DesignTime>
         <Attr Name="_DisplaySize" Value="2" />
      </DesignTime>
   </Attribute>
   <Attribute
      Name="ContractPeriod"
      Type="oracle.jbo.domain.Number"
      ColumnName="CONTRACT_PERIOD"
      ColumnType="NUMBER"
      SQLType="NUMERIC"
      TableName="XXCSO_CONTRACT_MANAGEMENTS" >
      <DesignTime>
         <Attr Name="_DisplaySize" Value="22" />
      </DesignTime>
   </Attribute>
   <Attribute
      Name="CancellationOfferCode"
      Precision="1"
      Type="java.lang.String"
      ColumnName="CANCELLATION_OFFER_CODE"
      ColumnType="VARCHAR2"
      SQLType="VARCHAR"
      TableName="XXCSO_CONTRACT_MANAGEMENTS" >
      <DesignTime>
         <Attr Name="_DisplaySize" Value="1" />
      </DesignTime>
   </Attribute>
   <Attribute
      Name="ContractCustomerId"
      Type="oracle.jbo.domain.Number"
      ColumnName="CONTRACT_CUSTOMER_ID"
      ColumnType="NUMBER"
      SQLType="NUMERIC"
      TableName="XXCSO_CONTRACT_MANAGEMENTS" >
      <DesignTime>
         <Attr Name="_DisplaySize" Value="22" />
      </DesignTime>
   </Attribute>
   <Attribute
      Name="InstallAccountId"
      Type="oracle.jbo.domain.Number"
      ColumnName="INSTALL_ACCOUNT_ID"
      ColumnType="NUMBER"
      SQLType="NUMERIC"
      TableName="XXCSO_CONTRACT_MANAGEMENTS" >
      <DesignTime>
         <Attr Name="_DisplaySize" Value="22" />
      </DesignTime>
   </Attribute>
   <Attribute
      Name="InstallAccountNumber"
      Precision="9"
      Type="java.lang.String"
      ColumnName="INSTALL_ACCOUNT_NUMBER"
      ColumnType="VARCHAR2"
      SQLType="VARCHAR"
      TableName="XXCSO_CONTRACT_MANAGEMENTS" >
      <DesignTime>
         <Attr Name="_DisplaySize" Value="9" />
      </DesignTime>
   </Attribute>
   <Attribute
      Name="InstallPartyName"
      Precision="360"
      Type="java.lang.String"
      ColumnName="INSTALL_PARTY_NAME"
      ColumnType="VARCHAR2"
      SQLType="VARCHAR"
      TableName="XXCSO_CONTRACT_MANAGEMENTS" >
      <DesignTime>
         <Attr Name="_DisplaySize" Value="240" />
      </DesignTime>
   </Attribute>
   <Attribute
      Name="InstallPostalCode"
      Precision="60"
      Type="java.lang.String"
      ColumnName="INSTALL_POSTAL_CODE"
      ColumnType="VARCHAR2"
      SQLType="VARCHAR"
      TableName="XXCSO_CONTRACT_MANAGEMENTS" >
      <DesignTime>
         <Attr Name="_DisplaySize" Value="60" />
      </DesignTime>
   </Attribute>
   <Attribute
      Name="InstallState"
      Precision="60"
      Type="java.lang.String"
      ColumnName="INSTALL_STATE"
      ColumnType="VARCHAR2"
      SQLType="VARCHAR"
      TableName="XXCSO_CONTRACT_MANAGEMENTS" >
      <DesignTime>
         <Attr Name="_DisplaySize" Value="60" />
      </DesignTime>
   </Attribute>
   <Attribute
      Name="InstallCity"
      Precision="60"
      Type="java.lang.String"
      ColumnName="INSTALL_CITY"
      ColumnType="VARCHAR2"
      SQLType="VARCHAR"
      TableName="XXCSO_CONTRACT_MANAGEMENTS" >
      <DesignTime>
         <Attr Name="_DisplaySize" Value="60" />
      </DesignTime>
   </Attribute>
   <Attribute
      Name="InstallAddress1"
      Precision="240"
      Type="java.lang.String"
      ColumnName="INSTALL_ADDRESS1"
      ColumnType="VARCHAR2"
      SQLType="VARCHAR"
      TableName="XXCSO_CONTRACT_MANAGEMENTS" >
      <DesignTime>
         <Attr Name="_DisplaySize" Value="240" />
      </DesignTime>
   </Attribute>
   <Attribute
      Name="InstallAddress2"
      Precision="240"
      Type="java.lang.String"
      ColumnName="INSTALL_ADDRESS2"
      ColumnType="VARCHAR2"
      SQLType="VARCHAR"
      TableName="XXCSO_CONTRACT_MANAGEMENTS" >
      <DesignTime>
         <Attr Name="_DisplaySize" Value="240" />
      </DesignTime>
   </Attribute>
   <Attribute
      Name="InstallDate"
      Type="oracle.jbo.domain.Date"
      ColumnName="INSTALL_DATE"
      ColumnType="DATE"
      SQLType="TIMESTAMP"
      TableName="XXCSO_CONTRACT_MANAGEMENTS" >
      <DesignTime>
         <Attr Name="_DisplaySize" Value="7" />
      </DesignTime>
   </Attribute>
   <Attribute
      Name="InstallLocation"
      Precision="1"
      Type="java.lang.String"
      ColumnName="INSTALL_LOCATION"
      ColumnType="VARCHAR2"
      SQLType="VARCHAR"
      TableName="XXCSO_CONTRACT_MANAGEMENTS" >
      <DesignTime>
         <Attr Name="_DisplaySize" Value="1" />
      </DesignTime>
   </Attribute>
   <Attribute
      Name="PublishDeptCode"
      Precision="4"
      Type="java.lang.String"
      ColumnName="PUBLISH_DEPT_CODE"
      ColumnType="VARCHAR2"
      SQLType="VARCHAR"
      TableName="XXCSO_CONTRACT_MANAGEMENTS" >
      <DesignTime>
         <Attr Name="_DisplaySize" Value="4" />
      </DesignTime>
   </Attribute>
   <Attribute
      Name="InstallCode"
      Precision="10"
      Type="java.lang.String"
      ColumnName="INSTALL_CODE"
      ColumnType="VARCHAR2"
      SQLType="VARCHAR"
      TableName="XXCSO_CONTRACT_MANAGEMENTS" >
      <DesignTime>
         <Attr Name="_DisplaySize" Value="10" />
      </DesignTime>
   </Attribute>
   <Attribute
      Name="CooperateFlag"
      Precision="1"
      Type="java.lang.String"
      ColumnName="COOPERATE_FLAG"
      ColumnType="VARCHAR2"
      SQLType="VARCHAR"
      TableName="XXCSO_CONTRACT_MANAGEMENTS" >
      <DesignTime>
         <Attr Name="_DisplaySize" Value="1" />
      </DesignTime>
   </Attribute>
   <Attribute
      Name="BatchProcStatus"
      Precision="1"
      Type="java.lang.String"
      ColumnName="BATCH_PROC_STATUS"
      ColumnType="VARCHAR2"
      SQLType="VARCHAR"
      TableName="XXCSO_CONTRACT_MANAGEMENTS" >
      <DesignTime>
         <Attr Name="_DisplaySize" Value="1" />
      </DesignTime>
   </Attribute>
   <Attribute
      Name="CreatedBy"
      IsNotNull="true"
      Precision="15"
      Scale="0"
      Type="oracle.jbo.domain.Number"
      ColumnName="CREATED_BY"
      ColumnType="NUMBER"
      SQLType="NUMERIC"
      TableName="XXCSO_CONTRACT_MANAGEMENTS" >
      <DesignTime>
         <Attr Name="_DisplaySize" Value="22" />
      </DesignTime>
   </Attribute>
   <Attribute
      Name="CreationDate"
      IsNotNull="true"
      Type="oracle.jbo.domain.Date"
      ColumnName="CREATION_DATE"
      ColumnType="DATE"
      SQLType="TIMESTAMP"
      TableName="XXCSO_CONTRACT_MANAGEMENTS" >
      <DesignTime>
         <Attr Name="_DisplaySize" Value="7" />
      </DesignTime>
   </Attribute>
   <Attribute
      Name="LastUpdatedBy"
      IsNotNull="true"
      Precision="15"
      Scale="0"
      Type="oracle.jbo.domain.Number"
      ColumnName="LAST_UPDATED_BY"
      ColumnType="NUMBER"
      SQLType="NUMERIC"
      TableName="XXCSO_CONTRACT_MANAGEMENTS" >
      <DesignTime>
         <Attr Name="_DisplaySize" Value="22" />
      </DesignTime>
   </Attribute>
   <Attribute
      Name="LastUpdateDate"
      IsNotNull="true"
      Type="oracle.jbo.domain.Date"
      ColumnName="LAST_UPDATE_DATE"
      ColumnType="DATE"
      SQLType="TIMESTAMP"
      TableName="XXCSO_CONTRACT_MANAGEMENTS" >
      <DesignTime>
         <Attr Name="_DisplaySize" Value="7" />
      </DesignTime>
   </Attribute>
   <Attribute
      Name="LastUpdateLogin"
      Precision="15"
      Scale="0"
      Type="oracle.jbo.domain.Number"
      ColumnName="LAST_UPDATE_LOGIN"
      ColumnType="NUMBER"
      SQLType="NUMERIC"
      TableName="XXCSO_CONTRACT_MANAGEMENTS" >
      <DesignTime>
         <Attr Name="_DisplaySize" Value="22" />
      </DesignTime>
   </Attribute>
   <Attribute
      Name="RequestId"
      Precision="15"
      Scale="0"
      Type="oracle.jbo.domain.Number"
      ColumnName="REQUEST_ID"
      ColumnType="NUMBER"
      SQLType="NUMERIC"
      TableName="XXCSO_CONTRACT_MANAGEMENTS" >
      <DesignTime>
         <Attr Name="_DisplaySize" Value="22" />
      </DesignTime>
   </Attribute>
   <Attribute
      Name="ProgramApplicationId"
      Precision="15"
      Scale="0"
      Type="oracle.jbo.domain.Number"
      ColumnName="PROGRAM_APPLICATION_ID"
      ColumnType="NUMBER"
      SQLType="NUMERIC"
      TableName="XXCSO_CONTRACT_MANAGEMENTS" >
      <DesignTime>
         <Attr Name="_DisplaySize" Value="22" />
      </DesignTime>
   </Attribute>
   <Attribute
      Name="ProgramId"
      Precision="15"
      Scale="0"
      Type="oracle.jbo.domain.Number"
      ColumnName="PROGRAM_ID"
      ColumnType="NUMBER"
      SQLType="NUMERIC"
      TableName="XXCSO_CONTRACT_MANAGEMENTS" >
      <DesignTime>
         <Attr Name="_DisplaySize" Value="22" />
      </DesignTime>
   </Attribute>
   <Attribute
      Name="ProgramUpdateDate"
      Type="oracle.jbo.domain.Date"
      ColumnName="PROGRAM_UPDATE_DATE"
      ColumnType="DATE"
      SQLType="TIMESTAMP"
      TableName="XXCSO_CONTRACT_MANAGEMENTS" >
      <DesignTime>
         <Attr Name="_DisplaySize" Value="7" />
      </DesignTime>
   </Attribute>
   <AccessorAttribute
      Name="XxcsoDestinationsEO"
      Association="itoen.oracle.apps.xxcso.common.schema.server.XxcsoContractMngDestAO"
      AssociationEnd="itoen.oracle.apps.xxcso.common.schema.server.XxcsoContractMngDestAO.XxcsoDestinationsEO"
      AssociationOtherEnd="itoen.oracle.apps.xxcso.common.schema.server.XxcsoContractMngDestAO.XxcsoContractManagementsEO"
      Type="oracle.jbo.RowIterator"
      IsUpdateable="false" >
   </AccessorAttribute>
   <Key
      Name="SysC00178626" >
      <AttrArray Name="Attributes">
         <Item Value="itoen.oracle.apps.xxcso.common.schema.server.XxcsoContractManagementsEO.CreationDate" />
      </AttrArray>
      <DesignTime>
         <Attr Name="_DBObjectName" Value="SYS_C00178626" />
         <Attr Name="_checkCondition" Value="&#34;CREATION_DATE&#34; IS NOT NULL" />
         <Attr Name="_isCheck" Value="true" />
      </DesignTime>
   </Key>
   <Key
      Name="SysC00178623" >
      <AttrArray Name="Attributes">
         <Item Value="itoen.oracle.apps.xxcso.common.schema.server.XxcsoContractManagementsEO.ContractNumber" />
      </AttrArray>
      <DesignTime>
         <Attr Name="_DBObjectName" Value="SYS_C00178623" />
         <Attr Name="_checkCondition" Value="&#34;CONTRACT_NUMBER&#34; IS NOT NULL" />
         <Attr Name="_isCheck" Value="true" />
      </DesignTime>
   </Key>
   <Key
      Name="XxcsoContractManagementsPk" >
      <AttrArray Name="Attributes">
         <Item Value="itoen.oracle.apps.xxcso.common.schema.server.XxcsoContractManagementsEO.ContractManagementId" />
      </AttrArray>
      <DesignTime>
         <Attr Name="_DBObjectName" Value="XXCSO_CONTRACT_MANAGEMENTS_PK" />
         <Attr Name="_isPrimary" Value="true" />
      </DesignTime>
   </Key>
   <Key
      Name="SysC00178622" >
      <AttrArray Name="Attributes">
         <Item Value="itoen.oracle.apps.xxcso.common.schema.server.XxcsoContractManagementsEO.ContractManagementId" />
      </AttrArray>
      <DesignTime>
         <Attr Name="_DBObjectName" Value="SYS_C00178622" />
         <Attr Name="_checkCondition" Value="&#34;CONTRACT_MANAGEMENT_ID&#34; IS NOT NULL" />
         <Attr Name="_isCheck" Value="true" />
      </DesignTime>
   </Key>
   <Key
      Name="SysC00178628" >
      <AttrArray Name="Attributes">
         <Item Value="itoen.oracle.apps.xxcso.common.schema.server.XxcsoContractManagementsEO.LastUpdateDate" />
      </AttrArray>
      <DesignTime>
         <Attr Name="_DBObjectName" Value="SYS_C00178628" />
         <Attr Name="_checkCondition" Value="&#34;LAST_UPDATE_DATE&#34; IS NOT NULL" />
         <Attr Name="_isCheck" Value="true" />
      </DesignTime>
   </Key>
   <Key
      Name="SysC00178627" >
      <AttrArray Name="Attributes">
         <Item Value="itoen.oracle.apps.xxcso.common.schema.server.XxcsoContractManagementsEO.LastUpdatedBy" />
      </AttrArray>
      <DesignTime>
         <Attr Name="_DBObjectName" Value="SYS_C00178627" />
         <Attr Name="_checkCondition" Value="&#34;LAST_UPDATED_BY&#34; IS NOT NULL" />
         <Attr Name="_isCheck" Value="true" />
      </DesignTime>
   </Key>
   <Key
      Name="SysC00178625" >
      <AttrArray Name="Attributes">
         <Item Value="itoen.oracle.apps.xxcso.common.schema.server.XxcsoContractManagementsEO.CreatedBy" />
      </AttrArray>
      <DesignTime>
         <Attr Name="_DBObjectName" Value="SYS_C00178625" />
         <Attr Name="_checkCondition" Value="&#34;CREATED_BY&#34; IS NOT NULL" />
         <Attr Name="_isCheck" Value="true" />
      </DesignTime>
   </Key>
   <Key
      Name="SysC00178624" >
      <AttrArray Name="Attributes">
         <Item Value="itoen.oracle.apps.xxcso.common.schema.server.XxcsoContractManagementsEO.SpDecisionHeaderId" />
      </AttrArray>
      <DesignTime>
         <Attr Name="_DBObjectName" Value="SYS_C00178624" />
         <Attr Name="_checkCondition" Value="&#34;SP_DECISION_HEADER_ID&#34; IS NOT NULL" />
         <Attr Name="_isCheck" Value="true" />
      </DesignTime>
   </Key>
</Entity>
