<?xml version="1.0" encoding='Windows-31J'?>
<!DOCTYPE Entity SYSTEM "jbo_03_01.dtd">

<Entity
   Name="XxcsoQuoteHeadersEO"
   DBObjectType="synonym"
   DBObjectName="XXCSO_QUOTE_HEADERS"
   AliasName="XxcsoQuoteHeadersEO"
   BindingStyle="Oracle"
   UseGlueCode="false"
   CodeGenFlag="4"
   RowClass="itoen.oracle.apps.xxcso.common.schema.server.XxcsoQuoteHeadersEOImpl"
   DefClass="oracle.apps.fnd.framework.server.OAEntityDefImpl"
   CollClass="oracle.apps.fnd.framework.server.OAEntityCache" >
   <Properties>
      <Property Name ="ExpertClass" Value ="itoen.oracle.apps.xxcso.common.schema.server.XxcsoCommonEntityExpert" />
      <Property Name ="VAMDef" Value ="itoen.oracle.apps.xxcso.common.schema.server.XxcsoCommonVAM" />
   </Properties>
   <DesignTime>
      <Attr Name="_isCodegen" Value="true" />
      <Attr Name="_version" Value="9.0.3.14.00" />
      <Attr Name="_superClass" Value="oracle.apps.fnd.framework.server.OAPlsqlEntityImpl" />
      <AttrArray Name="_publishEvents">
      </AttrArray>
   </DesignTime>
   <Attribute
      Name="QuoteHeaderId"
      IsNotNull="true"
      Precision="15"
      Scale="0"
      Type="oracle.jbo.domain.Number"
      ColumnName="QUOTE_HEADER_ID"
      ColumnType="NUMBER"
      SQLType="NUMERIC"
      TableName="XXCSO_QUOTE_HEADERS"
      PrimaryKey="true" >
      <DesignTime>
         <Attr Name="_DisplaySize" Value="22" />
      </DesignTime>
   </Attribute>
   <Attribute
      Name="QuoteType"
      Precision="1"
      Type="java.lang.String"
      ColumnName="QUOTE_TYPE"
      ColumnType="VARCHAR2"
      SQLType="VARCHAR"
      TableName="XXCSO_QUOTE_HEADERS" >
      <DesignTime>
         <Attr Name="_DisplaySize" Value="1" />
      </DesignTime>
   </Attribute>
   <Attribute
      Name="QuoteNumber"
      Precision="12"
      Type="java.lang.String"
      ColumnName="QUOTE_NUMBER"
      ColumnType="VARCHAR2"
      SQLType="VARCHAR"
      TableName="XXCSO_QUOTE_HEADERS" >
      <DesignTime>
         <Attr Name="_DisplaySize" Value="12" />
      </DesignTime>
   </Attribute>
   <Attribute
      Name="QuoteRevisionNumber"
      IsNotNull="true"
      Precision="2"
      Scale="0"
      Type="oracle.jbo.domain.Number"
      ColumnName="QUOTE_REVISION_NUMBER"
      ColumnType="NUMBER"
      SQLType="NUMERIC"
      TableName="XXCSO_QUOTE_HEADERS" >
      <DesignTime>
         <Attr Name="_DisplaySize" Value="22" />
      </DesignTime>
   </Attribute>
   <Attribute
      Name="ReferenceQuoteNumber"
      Precision="12"
      Type="java.lang.String"
      ColumnName="REFERENCE_QUOTE_NUMBER"
      ColumnType="VARCHAR2"
      SQLType="VARCHAR"
      TableName="XXCSO_QUOTE_HEADERS" >
      <DesignTime>
         <Attr Name="_DisplaySize" Value="12" />
      </DesignTime>
   </Attribute>
   <Attribute
      Name="ReferenceQuoteHeaderId"
      Precision="15"
      Scale="0"
      Type="oracle.jbo.domain.Number"
      ColumnName="REFERENCE_QUOTE_HEADER_ID"
      ColumnType="NUMBER"
      SQLType="NUMERIC"
      TableName="XXCSO_QUOTE_HEADERS" >
      <DesignTime>
         <Attr Name="_DisplaySize" Value="22" />
      </DesignTime>
   </Attribute>
   <Attribute
      Name="PublishDate"
      Type="oracle.jbo.domain.Date"
      ColumnName="PUBLISH_DATE"
      ColumnType="DATE"
      SQLType="TIMESTAMP"
      TableName="XXCSO_QUOTE_HEADERS" >
      <DesignTime>
         <Attr Name="_DisplaySize" Value="7" />
      </DesignTime>
   </Attribute>
   <Attribute
      Name="AccountNumber"
      Precision="9"
      Type="java.lang.String"
      ColumnName="ACCOUNT_NUMBER"
      ColumnType="VARCHAR2"
      SQLType="VARCHAR"
      TableName="XXCSO_QUOTE_HEADERS" >
      <DesignTime>
         <Attr Name="_DisplaySize" Value="9" />
      </DesignTime>
   </Attribute>
   <Attribute
      Name="EmployeeNumber"
      Precision="5"
      Type="java.lang.String"
      ColumnName="EMPLOYEE_NUMBER"
      ColumnType="VARCHAR2"
      SQLType="VARCHAR"
      TableName="XXCSO_QUOTE_HEADERS" >
      <DesignTime>
         <Attr Name="_DisplaySize" Value="5" />
      </DesignTime>
   </Attribute>
   <Attribute
      Name="BaseCode"
      Precision="4"
      Type="java.lang.String"
      ColumnName="BASE_CODE"
      ColumnType="VARCHAR2"
      SQLType="VARCHAR"
      TableName="XXCSO_QUOTE_HEADERS" >
      <DesignTime>
         <Attr Name="_DisplaySize" Value="4" />
      </DesignTime>
   </Attribute>
   <Attribute
      Name="DelivPlace"
      Precision="20"
      Type="java.lang.String"
      ColumnName="DELIV_PLACE"
      ColumnType="VARCHAR2"
      SQLType="VARCHAR"
      TableName="XXCSO_QUOTE_HEADERS" >
      <DesignTime>
         <Attr Name="_DisplaySize" Value="20" />
      </DesignTime>
   </Attribute>
   <Attribute
      Name="PaymentCondition"
      Precision="20"
      Type="java.lang.String"
      ColumnName="PAYMENT_CONDITION"
      ColumnType="VARCHAR2"
      SQLType="VARCHAR"
      TableName="XXCSO_QUOTE_HEADERS" >
      <DesignTime>
         <Attr Name="_DisplaySize" Value="20" />
      </DesignTime>
   </Attribute>
   <Attribute
      Name="QuoteSubmitName"
      Precision="40"
      Type="java.lang.String"
      ColumnName="QUOTE_SUBMIT_NAME"
      ColumnType="VARCHAR2"
      SQLType="VARCHAR"
      TableName="XXCSO_QUOTE_HEADERS" >
      <DesignTime>
         <Attr Name="_DisplaySize" Value="40" />
      </DesignTime>
   </Attribute>
   <Attribute
      Name="Status"
      Precision="1"
      Type="java.lang.String"
      ColumnName="STATUS"
      ColumnType="VARCHAR2"
      SQLType="VARCHAR"
      TableName="XXCSO_QUOTE_HEADERS" >
      <DesignTime>
         <Attr Name="_DisplaySize" Value="1" />
      </DesignTime>
   </Attribute>
   <Attribute
      Name="DelivPriceTaxType"
      Precision="1"
      Type="java.lang.String"
      ColumnName="DELIV_PRICE_TAX_TYPE"
      ColumnType="VARCHAR2"
      SQLType="VARCHAR"
      TableName="XXCSO_QUOTE_HEADERS" >
      <DesignTime>
         <Attr Name="_DisplaySize" Value="1" />
      </DesignTime>
   </Attribute>
   <Attribute
      Name="StorePriceTaxType"
      Precision="1"
      Type="java.lang.String"
      ColumnName="STORE_PRICE_TAX_TYPE"
      ColumnType="VARCHAR2"
      SQLType="VARCHAR"
      TableName="XXCSO_QUOTE_HEADERS" >
      <DesignTime>
         <Attr Name="_DisplaySize" Value="1" />
      </DesignTime>
   </Attribute>
   <Attribute
      Name="UnitType"
      Precision="1"
      Type="java.lang.String"
      ColumnName="UNIT_TYPE"
      ColumnType="VARCHAR2"
      SQLType="VARCHAR"
      TableName="XXCSO_QUOTE_HEADERS" >
      <DesignTime>
         <Attr Name="_DisplaySize" Value="1" />
      </DesignTime>
   </Attribute>
   <Attribute
      Name="SpecialNote"
      Precision="100"
      Type="java.lang.String"
      ColumnName="SPECIAL_NOTE"
      ColumnType="VARCHAR2"
      SQLType="VARCHAR"
      TableName="XXCSO_QUOTE_HEADERS" >
      <DesignTime>
         <Attr Name="_DisplaySize" Value="100" />
      </DesignTime>
   </Attribute>
   <Attribute
      Name="QuoteInfoStartDate"
      Type="oracle.jbo.domain.Date"
      ColumnName="QUOTE_INFO_START_DATE"
      ColumnType="DATE"
      SQLType="TIMESTAMP"
      TableName="XXCSO_QUOTE_HEADERS" >
      <DesignTime>
         <Attr Name="_DisplaySize" Value="7" />
      </DesignTime>
   </Attribute>
   <Attribute
      Name="QuoteInfoEndDate"
      Type="oracle.jbo.domain.Date"
      ColumnName="QUOTE_INFO_END_DATE"
      ColumnType="DATE"
      SQLType="TIMESTAMP"
      TableName="XXCSO_QUOTE_HEADERS" >
      <DesignTime>
         <Attr Name="_DisplaySize" Value="7" />
      </DesignTime>
   </Attribute>
   <Attribute
      Name="CreatedBy"
      IsNotNull="true"
      Precision="15"
      Scale="0"
      Type="oracle.jbo.domain.Number"
      ColumnName="CREATED_BY"
      ColumnType="NUMBER"
      SQLType="NUMERIC"
      TableName="XXCSO_QUOTE_HEADERS" >
      <DesignTime>
         <Attr Name="_DisplaySize" Value="22" />
      </DesignTime>
   </Attribute>
   <Attribute
      Name="CreationDate"
      IsNotNull="true"
      Type="oracle.jbo.domain.Date"
      ColumnName="CREATION_DATE"
      ColumnType="DATE"
      SQLType="TIMESTAMP"
      TableName="XXCSO_QUOTE_HEADERS" >
      <DesignTime>
         <Attr Name="_DisplaySize" Value="7" />
      </DesignTime>
   </Attribute>
   <Attribute
      Name="LastUpdatedBy"
      IsNotNull="true"
      Precision="15"
      Scale="0"
      Type="oracle.jbo.domain.Number"
      ColumnName="LAST_UPDATED_BY"
      ColumnType="NUMBER"
      SQLType="NUMERIC"
      TableName="XXCSO_QUOTE_HEADERS" >
      <DesignTime>
         <Attr Name="_DisplaySize" Value="22" />
      </DesignTime>
   </Attribute>
   <Attribute
      Name="LastUpdateDate"
      IsNotNull="true"
      Type="oracle.jbo.domain.Date"
      ColumnName="LAST_UPDATE_DATE"
      ColumnType="DATE"
      SQLType="TIMESTAMP"
      TableName="XXCSO_QUOTE_HEADERS" >
      <DesignTime>
         <Attr Name="_DisplaySize" Value="7" />
      </DesignTime>
   </Attribute>
   <Attribute
      Name="LastUpdateLogin"
      Precision="15"
      Scale="0"
      Type="oracle.jbo.domain.Number"
      ColumnName="LAST_UPDATE_LOGIN"
      ColumnType="NUMBER"
      SQLType="NUMERIC"
      TableName="XXCSO_QUOTE_HEADERS" >
      <DesignTime>
         <Attr Name="_DisplaySize" Value="22" />
      </DesignTime>
   </Attribute>
   <Attribute
      Name="RequestId"
      Precision="15"
      Scale="0"
      Type="oracle.jbo.domain.Number"
      ColumnName="REQUEST_ID"
      ColumnType="NUMBER"
      SQLType="NUMERIC"
      TableName="XXCSO_QUOTE_HEADERS" >
      <DesignTime>
         <Attr Name="_DisplaySize" Value="22" />
      </DesignTime>
   </Attribute>
   <Attribute
      Name="ProgramApplicationId"
      Precision="15"
      Scale="0"
      Type="oracle.jbo.domain.Number"
      ColumnName="PROGRAM_APPLICATION_ID"
      ColumnType="NUMBER"
      SQLType="NUMERIC"
      TableName="XXCSO_QUOTE_HEADERS" >
      <DesignTime>
         <Attr Name="_DisplaySize" Value="22" />
      </DesignTime>
   </Attribute>
   <Attribute
      Name="ProgramId"
      Precision="15"
      Scale="0"
      Type="oracle.jbo.domain.Number"
      ColumnName="PROGRAM_ID"
      ColumnType="NUMBER"
      SQLType="NUMERIC"
      TableName="XXCSO_QUOTE_HEADERS" >
      <DesignTime>
         <Attr Name="_DisplaySize" Value="22" />
      </DesignTime>
   </Attribute>
   <Attribute
      Name="ProgramUpdateDate"
      Type="oracle.jbo.domain.Date"
      ColumnName="PROGRAM_UPDATE_DATE"
      ColumnType="DATE"
      SQLType="TIMESTAMP"
      TableName="XXCSO_QUOTE_HEADERS" >
      <DesignTime>
         <Attr Name="_DisplaySize" Value="7" />
      </DesignTime>
   </Attribute>
   <AccessorAttribute
      Name="XxcsoQuoteLinesSalesVEO"
      Association="itoen.oracle.apps.xxcso.common.schema.server.XxcsoQuoteHeaderLineSalesAO"
      AssociationEnd="itoen.oracle.apps.xxcso.common.schema.server.XxcsoQuoteHeaderLineSalesAO.XxcsoQuoteLinesSalesVEO"
      AssociationOtherEnd="itoen.oracle.apps.xxcso.common.schema.server.XxcsoQuoteHeaderLineSalesAO.XxcsoQuoteHeadersEO"
      Type="oracle.jbo.RowIterator"
      IsUpdateable="false" >
   </AccessorAttribute>
   <AccessorAttribute
      Name="XxcsoQuoteLinesStoreVEO"
      Association="itoen.oracle.apps.xxcso.common.schema.server.XxcsoQuoteHeaderLineStoreAO"
      AssociationEnd="itoen.oracle.apps.xxcso.common.schema.server.XxcsoQuoteHeaderLineStoreAO.XxcsoQuoteLinesStoreVEO"
      AssociationOtherEnd="itoen.oracle.apps.xxcso.common.schema.server.XxcsoQuoteHeaderLineStoreAO.XxcsoQuoteHeadersEO"
      Type="oracle.jbo.RowIterator"
      IsUpdateable="false" >
   </AccessorAttribute>
   <Key
      Name="SysC00178531" >
      <AttrArray Name="Attributes">
         <Item Value="itoen.oracle.apps.xxcso.common.schema.server.XxcsoQuoteHeadersEO.QuoteType" />
      </AttrArray>
      <DesignTime>
         <Attr Name="_DBObjectName" Value="SYS_C00178531" />
         <Attr Name="_checkCondition" Value="&#34;QUOTE_TYPE&#34; IS NOT NULL" />
         <Attr Name="_isCheck" Value="true" />
      </DesignTime>
   </Key>
   <Key
      Name="SysC00178536" >
      <AttrArray Name="Attributes">
         <Item Value="itoen.oracle.apps.xxcso.common.schema.server.XxcsoQuoteHeadersEO.LastUpdatedBy" />
      </AttrArray>
      <DesignTime>
         <Attr Name="_DBObjectName" Value="SYS_C00178536" />
         <Attr Name="_checkCondition" Value="&#34;LAST_UPDATED_BY&#34; IS NOT NULL" />
         <Attr Name="_isCheck" Value="true" />
      </DesignTime>
   </Key>
   <Key
      Name="XxcsoQuoteHeadersPk" >
      <AttrArray Name="Attributes">
         <Item Value="itoen.oracle.apps.xxcso.common.schema.server.XxcsoQuoteHeadersEO.QuoteHeaderId" />
      </AttrArray>
      <DesignTime>
         <Attr Name="_DBObjectName" Value="XXCSO_QUOTE_HEADERS_PK" />
         <Attr Name="_isPrimary" Value="true" />
      </DesignTime>
   </Key>
   <Key
      Name="SysC00178446" >
      <AttrArray Name="Attributes">
         <Item Value="itoen.oracle.apps.xxcso.common.schema.server.XxcsoQuoteHeadersEO.CreationDate" />
      </AttrArray>
      <DesignTime>
         <Attr Name="_DBObjectName" Value="SYS_C00178446" />
         <Attr Name="_checkCondition" Value="&#34;CREATION_DATE&#34; IS NOT NULL" />
         <Attr Name="_isCheck" Value="true" />
      </DesignTime>
   </Key>
   <Key
      Name="SysC00178441" >
      <AttrArray Name="Attributes">
         <Item Value="itoen.oracle.apps.xxcso.common.schema.server.XxcsoQuoteHeadersEO.QuoteHeaderId" />
      </AttrArray>
      <DesignTime>
         <Attr Name="_DBObjectName" Value="SYS_C00178441" />
         <Attr Name="_checkCondition" Value="&#34;QUOTE_HEADER_ID&#34; IS NOT NULL" />
         <Attr Name="_isCheck" Value="true" />
      </DesignTime>
   </Key>
   <Key
      Name="SysC00178444" >
      <AttrArray Name="Attributes">
         <Item Value="itoen.oracle.apps.xxcso.common.schema.server.XxcsoQuoteHeadersEO.QuoteRevisionNumber" />
      </AttrArray>
      <DesignTime>
         <Attr Name="_DBObjectName" Value="SYS_C00178444" />
         <Attr Name="_checkCondition" Value="&#34;QUOTE_REVISION_NUMBER&#34; IS NOT NULL" />
         <Attr Name="_isCheck" Value="true" />
      </DesignTime>
   </Key>
   <Key
      Name="SysC00178533" >
      <AttrArray Name="Attributes">
         <Item Value="itoen.oracle.apps.xxcso.common.schema.server.XxcsoQuoteHeadersEO.QuoteRevisionNumber" />
      </AttrArray>
      <DesignTime>
         <Attr Name="_DBObjectName" Value="SYS_C00178533" />
         <Attr Name="_checkCondition" Value="&#34;QUOTE_REVISION_NUMBER&#34; IS NOT NULL" />
         <Attr Name="_isCheck" Value="true" />
      </DesignTime>
   </Key>
   <Key
      Name="SysC00178535" >
      <AttrArray Name="Attributes">
         <Item Value="itoen.oracle.apps.xxcso.common.schema.server.XxcsoQuoteHeadersEO.CreationDate" />
      </AttrArray>
      <DesignTime>
         <Attr Name="_DBObjectName" Value="SYS_C00178535" />
         <Attr Name="_checkCondition" Value="&#34;CREATION_DATE&#34; IS NOT NULL" />
         <Attr Name="_isCheck" Value="true" />
      </DesignTime>
   </Key>
   <Key
      Name="SysC00178447" >
      <AttrArray Name="Attributes">
         <Item Value="itoen.oracle.apps.xxcso.common.schema.server.XxcsoQuoteHeadersEO.LastUpdatedBy" />
      </AttrArray>
      <DesignTime>
         <Attr Name="_DBObjectName" Value="SYS_C00178447" />
         <Attr Name="_checkCondition" Value="&#34;LAST_UPDATED_BY&#34; IS NOT NULL" />
         <Attr Name="_isCheck" Value="true" />
      </DesignTime>
   </Key>
   <Key
      Name="SysC00178442" >
      <AttrArray Name="Attributes">
         <Item Value="itoen.oracle.apps.xxcso.common.schema.server.XxcsoQuoteHeadersEO.QuoteType" />
      </AttrArray>
      <DesignTime>
         <Attr Name="_DBObjectName" Value="SYS_C00178442" />
         <Attr Name="_checkCondition" Value="&#34;QUOTE_TYPE&#34; IS NOT NULL" />
         <Attr Name="_isCheck" Value="true" />
      </DesignTime>
   </Key>
   <Key
      Name="SysC00178445" >
      <AttrArray Name="Attributes">
         <Item Value="itoen.oracle.apps.xxcso.common.schema.server.XxcsoQuoteHeadersEO.CreatedBy" />
      </AttrArray>
      <DesignTime>
         <Attr Name="_DBObjectName" Value="SYS_C00178445" />
         <Attr Name="_checkCondition" Value="&#34;CREATED_BY&#34; IS NOT NULL" />
         <Attr Name="_isCheck" Value="true" />
      </DesignTime>
   </Key>
   <Key
      Name="SysC00178530" >
      <AttrArray Name="Attributes">
         <Item Value="itoen.oracle.apps.xxcso.common.schema.server.XxcsoQuoteHeadersEO.QuoteHeaderId" />
      </AttrArray>
      <DesignTime>
         <Attr Name="_DBObjectName" Value="SYS_C00178530" />
         <Attr Name="_checkCondition" Value="&#34;QUOTE_HEADER_ID&#34; IS NOT NULL" />
         <Attr Name="_isCheck" Value="true" />
      </DesignTime>
   </Key>
   <Key
      Name="SysC00178532" >
      <AttrArray Name="Attributes">
         <Item Value="itoen.oracle.apps.xxcso.common.schema.server.XxcsoQuoteHeadersEO.QuoteNumber" />
      </AttrArray>
      <DesignTime>
         <Attr Name="_DBObjectName" Value="SYS_C00178532" />
         <Attr Name="_checkCondition" Value="&#34;QUOTE_NUMBER&#34; IS NOT NULL" />
         <Attr Name="_isCheck" Value="true" />
      </DesignTime>
   </Key>
   <Key
      Name="SysC00178448" >
      <AttrArray Name="Attributes">
         <Item Value="itoen.oracle.apps.xxcso.common.schema.server.XxcsoQuoteHeadersEO.LastUpdateDate" />
      </AttrArray>
      <DesignTime>
         <Attr Name="_DBObjectName" Value="SYS_C00178448" />
         <Attr Name="_checkCondition" Value="&#34;LAST_UPDATE_DATE&#34; IS NOT NULL" />
         <Attr Name="_isCheck" Value="true" />
      </DesignTime>
   </Key>
   <Key
      Name="SysC00178534" >
      <AttrArray Name="Attributes">
         <Item Value="itoen.oracle.apps.xxcso.common.schema.server.XxcsoQuoteHeadersEO.CreatedBy" />
      </AttrArray>
      <DesignTime>
         <Attr Name="_DBObjectName" Value="SYS_C00178534" />
         <Attr Name="_checkCondition" Value="&#34;CREATED_BY&#34; IS NOT NULL" />
         <Attr Name="_isCheck" Value="true" />
      </DesignTime>
   </Key>
   <Key
      Name="SysC00178537" >
      <AttrArray Name="Attributes">
         <Item Value="itoen.oracle.apps.xxcso.common.schema.server.XxcsoQuoteHeadersEO.LastUpdateDate" />
      </AttrArray>
      <DesignTime>
         <Attr Name="_DBObjectName" Value="SYS_C00178537" />
         <Attr Name="_checkCondition" Value="&#34;LAST_UPDATE_DATE&#34; IS NOT NULL" />
         <Attr Name="_isCheck" Value="true" />
      </DesignTime>
   </Key>
</Entity>
