<?xml version="1.0" encoding='Windows-31J'?>
<!DOCTYPE Entity SYSTEM "jbo_03_01.dtd">

<Entity
   Name="XxcsoSlsPrsnMnthlyPlnsEO"
   DBObjectType="synonym"
   DBObjectName="XXCSO_SLS_PRSN_MNTHLY_PLNS"
   AliasName="XxcsoSlsPrsnMnthlyPlnsEO"
   BindingStyle="Oracle"
   UseGlueCode="false"
   CodeGenFlag="4"
   RowClass="itoen.oracle.apps.xxcso.common.schema.server.XxcsoSlsPrsnMnthlyPlnsEOImpl"
   DefClass="oracle.apps.fnd.framework.server.OAEntityDefImpl"
   CollClass="oracle.apps.fnd.framework.server.OAEntityCache" >
   <DesignTime>
      <Attr Name="_isCodegen" Value="true" />
      <Attr Name="_version" Value="9.0.3.14.00" />
      <Attr Name="_superClass" Value="oracle.apps.fnd.framework.server.OAPlsqlEntityImpl" />
      <AttrArray Name="_publishEvents">
      </AttrArray>
   </DesignTime>
   <Attribute
      Name="SlsPrsnMnthlyPlnId"
      IsNotNull="true"
      Type="oracle.jbo.domain.Number"
      ColumnName="SLS_PRSN_MNTHLY_PLN_ID"
      ColumnType="NUMBER"
      SQLType="NUMERIC"
      TableName="XXCSO_SLS_PRSN_MNTHLY_PLNS"
      PrimaryKey="true" >
      <DesignTime>
         <Attr Name="_DisplaySize" Value="22" />
      </DesignTime>
   </Attribute>
   <Attribute
      Name="BaseCode"
      IsNotNull="true"
      Precision="4"
      Scale="0"
      Type="oracle.jbo.domain.Number"
      ColumnName="BASE_CODE"
      ColumnType="NUMBER"
      SQLType="NUMERIC"
      TableName="XXCSO_SLS_PRSN_MNTHLY_PLNS" >
      <DesignTime>
         <Attr Name="_DisplaySize" Value="22" />
      </DesignTime>
   </Attribute>
   <Attribute
      Name="EmployeeNumber"
      IsNotNull="true"
      Precision="5"
      Type="java.lang.String"
      ColumnName="EMPLOYEE_NUMBER"
      ColumnType="VARCHAR2"
      SQLType="VARCHAR"
      TableName="XXCSO_SLS_PRSN_MNTHLY_PLNS" >
      <DesignTime>
         <Attr Name="_DisplaySize" Value="5" />
      </DesignTime>
   </Attribute>
   <Attribute
      Name="YearMonth"
      IsNotNull="true"
      Precision="6"
      Type="java.lang.String"
      ColumnName="YEAR_MONTH"
      ColumnType="VARCHAR2"
      SQLType="VARCHAR"
      TableName="XXCSO_SLS_PRSN_MNTHLY_PLNS" >
      <DesignTime>
         <Attr Name="_DisplaySize" Value="6" />
      </DesignTime>
   </Attribute>
   <Attribute
      Name="FiscalYear"
      IsNotNull="true"
      Precision="4"
      Type="java.lang.String"
      ColumnName="FISCAL_YEAR"
      ColumnType="VARCHAR2"
      SQLType="VARCHAR"
      TableName="XXCSO_SLS_PRSN_MNTHLY_PLNS" >
      <DesignTime>
         <Attr Name="_DisplaySize" Value="4" />
      </DesignTime>
   </Attribute>
   <Attribute
      Name="InputType"
      Precision="1"
      Type="java.lang.String"
      ColumnName="INPUT_TYPE"
      ColumnType="VARCHAR2"
      SQLType="VARCHAR"
      TableName="XXCSO_SLS_PRSN_MNTHLY_PLNS" >
      <DesignTime>
         <Attr Name="_DisplaySize" Value="1" />
      </DesignTime>
   </Attribute>
   <Attribute
      Name="GroupNumber"
      Precision="2"
      Type="java.lang.String"
      ColumnName="GROUP_NUMBER"
      ColumnType="VARCHAR2"
      SQLType="VARCHAR"
      TableName="XXCSO_SLS_PRSN_MNTHLY_PLNS" >
      <DesignTime>
         <Attr Name="_DisplaySize" Value="2" />
      </DesignTime>
   </Attribute>
   <Attribute
      Name="GroupLeaderFlag"
      Precision="1"
      Type="java.lang.String"
      ColumnName="GROUP_LEADER_FLAG"
      ColumnType="VARCHAR2"
      SQLType="VARCHAR"
      TableName="XXCSO_SLS_PRSN_MNTHLY_PLNS" >
      <DesignTime>
         <Attr Name="_DisplaySize" Value="1" />
      </DesignTime>
   </Attribute>
   <Attribute
      Name="GroupGrade"
      Precision="2"
      Type="java.lang.String"
      ColumnName="GROUP_GRADE"
      ColumnType="VARCHAR2"
      SQLType="VARCHAR"
      TableName="XXCSO_SLS_PRSN_MNTHLY_PLNS" >
      <DesignTime>
         <Attr Name="_DisplaySize" Value="2" />
      </DesignTime>
   </Attribute>
   <Attribute
      Name="PriRsltVdNewServAmt"
      Precision="9"
      Scale="0"
      Type="oracle.jbo.domain.Number"
      ColumnName="PRI_RSLT_VD__NEW_SERV_AMT"
      ColumnType="NUMBER"
      SQLType="NUMERIC"
      TableName="XXCSO_SLS_PRSN_MNTHLY_PLNS" >
      <DesignTime>
         <Attr Name="_DisplaySize" Value="22" />
      </DesignTime>
   </Attribute>
   <Attribute
      Name="PriRsltVdNextServAmt"
      Precision="9"
      Scale="0"
      Type="oracle.jbo.domain.Number"
      ColumnName="PRI_RSLT_VD__NEXT_SERV_AMT"
      ColumnType="NUMBER"
      SQLType="NUMERIC"
      TableName="XXCSO_SLS_PRSN_MNTHLY_PLNS" >
      <DesignTime>
         <Attr Name="_DisplaySize" Value="22" />
      </DesignTime>
   </Attribute>
   <Attribute
      Name="PriRsltVdExistServAmt"
      Precision="9"
      Scale="0"
      Type="oracle.jbo.domain.Number"
      ColumnName="PRI_RSLT_VD__EXIST_SERV_AMT"
      ColumnType="NUMBER"
      SQLType="NUMERIC"
      TableName="XXCSO_SLS_PRSN_MNTHLY_PLNS" >
      <DesignTime>
         <Attr Name="_DisplaySize" Value="22" />
      </DesignTime>
   </Attribute>
   <Attribute
      Name="PriRsltVdTotalAmt"
      Precision="9"
      Scale="0"
      Type="oracle.jbo.domain.Number"
      ColumnName="PRI_RSLT_VD_TOTAL_AMT"
      ColumnType="NUMBER"
      SQLType="NUMERIC"
      TableName="XXCSO_SLS_PRSN_MNTHLY_PLNS" >
      <DesignTime>
         <Attr Name="_DisplaySize" Value="22" />
      </DesignTime>
   </Attribute>
   <Attribute
      Name="PriRsltNewServAmt"
      Precision="9"
      Scale="0"
      Type="oracle.jbo.domain.Number"
      ColumnName="PRI_RSLT_NEW_SERV_AMT"
      ColumnType="NUMBER"
      SQLType="NUMERIC"
      TableName="XXCSO_SLS_PRSN_MNTHLY_PLNS" >
      <DesignTime>
         <Attr Name="_DisplaySize" Value="22" />
      </DesignTime>
   </Attribute>
   <Attribute
      Name="PriRsltNextServAmt"
      Precision="9"
      Scale="0"
      Type="oracle.jbo.domain.Number"
      ColumnName="PRI_RSLT_NEXT_SERV_AMT"
      ColumnType="NUMBER"
      SQLType="NUMERIC"
      TableName="XXCSO_SLS_PRSN_MNTHLY_PLNS" >
      <DesignTime>
         <Attr Name="_DisplaySize" Value="22" />
      </DesignTime>
   </Attribute>
   <Attribute
      Name="PriRsltExistServAmt"
      Precision="9"
      Scale="0"
      Type="oracle.jbo.domain.Number"
      ColumnName="PRI_RSLT_EXIST_SERV_AMT"
      ColumnType="NUMBER"
      SQLType="NUMERIC"
      TableName="XXCSO_SLS_PRSN_MNTHLY_PLNS" >
      <DesignTime>
         <Attr Name="_DisplaySize" Value="22" />
      </DesignTime>
   </Attribute>
   <Attribute
      Name="PriRsltTotalAmt"
      Precision="9"
      Scale="0"
      Type="oracle.jbo.domain.Number"
      ColumnName="PRI_RSLT_TOTAL_AMT"
      ColumnType="NUMBER"
      SQLType="NUMERIC"
      TableName="XXCSO_SLS_PRSN_MNTHLY_PLNS" >
      <DesignTime>
         <Attr Name="_DisplaySize" Value="22" />
      </DesignTime>
   </Attribute>
   <Attribute
      Name="PriRsltPrsnNewServAmt"
      Precision="9"
      Scale="0"
      Type="oracle.jbo.domain.Number"
      ColumnName="PRI_RSLT_PRSN_NEW_SERV_AMT"
      ColumnType="NUMBER"
      SQLType="NUMERIC"
      TableName="XXCSO_SLS_PRSN_MNTHLY_PLNS" >
      <DesignTime>
         <Attr Name="_DisplaySize" Value="22" />
      </DesignTime>
   </Attribute>
   <Attribute
      Name="PriRsltPrsnNextServAmt"
      Precision="9"
      Scale="0"
      Type="oracle.jbo.domain.Number"
      ColumnName="PRI_RSLT_PRSN_NEXT_SERV_AMT"
      ColumnType="NUMBER"
      SQLType="NUMERIC"
      TableName="XXCSO_SLS_PRSN_MNTHLY_PLNS" >
      <DesignTime>
         <Attr Name="_DisplaySize" Value="22" />
      </DesignTime>
   </Attribute>
   <Attribute
      Name="PriRsltPrsnExistServAmt"
      Precision="9"
      Scale="0"
      Type="oracle.jbo.domain.Number"
      ColumnName="PRI_RSLT_PRSN_EXIST_SERV_AMT"
      ColumnType="NUMBER"
      SQLType="NUMERIC"
      TableName="XXCSO_SLS_PRSN_MNTHLY_PLNS" >
      <DesignTime>
         <Attr Name="_DisplaySize" Value="22" />
      </DesignTime>
   </Attribute>
   <Attribute
      Name="PriRsltPrsnTotalAmt"
      Precision="9"
      Scale="0"
      Type="oracle.jbo.domain.Number"
      ColumnName="PRI_RSLT_PRSN_TOTAL_AMT"
      ColumnType="NUMBER"
      SQLType="NUMERIC"
      TableName="XXCSO_SLS_PRSN_MNTHLY_PLNS" >
      <DesignTime>
         <Attr Name="_DisplaySize" Value="22" />
      </DesignTime>
   </Attribute>
   <Attribute
      Name="BscSlsVdNewServAmt"
      Precision="9"
      Scale="0"
      Type="oracle.jbo.domain.Number"
      ColumnName="BSC_SLS_VD__NEW_SERV_AMT"
      ColumnType="NUMBER"
      SQLType="NUMERIC"
      TableName="XXCSO_SLS_PRSN_MNTHLY_PLNS" >
      <DesignTime>
         <Attr Name="_DisplaySize" Value="22" />
      </DesignTime>
   </Attribute>
   <Attribute
      Name="BscSlsVdNextServAmt"
      Precision="9"
      Scale="0"
      Type="oracle.jbo.domain.Number"
      ColumnName="BSC_SLS_VD__NEXT_SERV_AMT"
      ColumnType="NUMBER"
      SQLType="NUMERIC"
      TableName="XXCSO_SLS_PRSN_MNTHLY_PLNS" >
      <DesignTime>
         <Attr Name="_DisplaySize" Value="22" />
      </DesignTime>
   </Attribute>
   <Attribute
      Name="BscSlsVdExistServAmt"
      Precision="9"
      Scale="0"
      Type="oracle.jbo.domain.Number"
      ColumnName="BSC_SLS_VD__EXIST_SERV_AMT"
      ColumnType="NUMBER"
      SQLType="NUMERIC"
      TableName="XXCSO_SLS_PRSN_MNTHLY_PLNS" >
      <DesignTime>
         <Attr Name="_DisplaySize" Value="22" />
      </DesignTime>
   </Attribute>
   <Attribute
      Name="BscSlsVdTotalAmt"
      Precision="9"
      Scale="0"
      Type="oracle.jbo.domain.Number"
      ColumnName="BSC_SLS_VD_TOTAL_AMT"
      ColumnType="NUMBER"
      SQLType="NUMERIC"
      TableName="XXCSO_SLS_PRSN_MNTHLY_PLNS" >
      <DesignTime>
         <Attr Name="_DisplaySize" Value="22" />
      </DesignTime>
   </Attribute>
   <Attribute
      Name="BscSlsNewServAmt"
      Precision="9"
      Scale="0"
      Type="oracle.jbo.domain.Number"
      ColumnName="BSC_SLS_NEW_SERV_AMT"
      ColumnType="NUMBER"
      SQLType="NUMERIC"
      TableName="XXCSO_SLS_PRSN_MNTHLY_PLNS" >
      <DesignTime>
         <Attr Name="_DisplaySize" Value="22" />
      </DesignTime>
   </Attribute>
   <Attribute
      Name="BscSlsNextServAmt"
      Precision="9"
      Scale="0"
      Type="oracle.jbo.domain.Number"
      ColumnName="BSC_SLS_NEXT_SERV_AMT"
      ColumnType="NUMBER"
      SQLType="NUMERIC"
      TableName="XXCSO_SLS_PRSN_MNTHLY_PLNS" >
      <DesignTime>
         <Attr Name="_DisplaySize" Value="22" />
      </DesignTime>
   </Attribute>
   <Attribute
      Name="BscSlsExistServAmt"
      Precision="9"
      Scale="0"
      Type="oracle.jbo.domain.Number"
      ColumnName="BSC_SLS_EXIST_SERV_AMT"
      ColumnType="NUMBER"
      SQLType="NUMERIC"
      TableName="XXCSO_SLS_PRSN_MNTHLY_PLNS" >
      <DesignTime>
         <Attr Name="_DisplaySize" Value="22" />
      </DesignTime>
   </Attribute>
   <Attribute
      Name="BscSlsTotalAmt"
      Precision="9"
      Scale="0"
      Type="oracle.jbo.domain.Number"
      ColumnName="BSC_SLS_TOTAL_AMT"
      ColumnType="NUMBER"
      SQLType="NUMERIC"
      TableName="XXCSO_SLS_PRSN_MNTHLY_PLNS" >
      <DesignTime>
         <Attr Name="_DisplaySize" Value="22" />
      </DesignTime>
   </Attribute>
   <Attribute
      Name="BscSlsPrsnNewServAmt"
      Precision="9"
      Scale="0"
      Type="oracle.jbo.domain.Number"
      ColumnName="BSC_SLS_PRSN_NEW_SERV_AMT"
      ColumnType="NUMBER"
      SQLType="NUMERIC"
      TableName="XXCSO_SLS_PRSN_MNTHLY_PLNS" >
      <DesignTime>
         <Attr Name="_DisplaySize" Value="22" />
      </DesignTime>
   </Attribute>
   <Attribute
      Name="BscSlsPrsnNextServAmt"
      Precision="9"
      Scale="0"
      Type="oracle.jbo.domain.Number"
      ColumnName="BSC_SLS_PRSN_NEXT_SERV_AMT"
      ColumnType="NUMBER"
      SQLType="NUMERIC"
      TableName="XXCSO_SLS_PRSN_MNTHLY_PLNS" >
      <DesignTime>
         <Attr Name="_DisplaySize" Value="22" />
      </DesignTime>
   </Attribute>
   <Attribute
      Name="BscSlsPrsnExistServAmt"
      Precision="9"
      Scale="0"
      Type="oracle.jbo.domain.Number"
      ColumnName="BSC_SLS_PRSN_EXIST_SERV_AMT"
      ColumnType="NUMBER"
      SQLType="NUMERIC"
      TableName="XXCSO_SLS_PRSN_MNTHLY_PLNS" >
      <DesignTime>
         <Attr Name="_DisplaySize" Value="22" />
      </DesignTime>
   </Attribute>
   <Attribute
      Name="BscSlsPrsnTotalAmt"
      Precision="9"
      Scale="0"
      Type="oracle.jbo.domain.Number"
      ColumnName="BSC_SLS_PRSN_TOTAL_AMT"
      ColumnType="NUMBER"
      SQLType="NUMERIC"
      TableName="XXCSO_SLS_PRSN_MNTHLY_PLNS" >
      <DesignTime>
         <Attr Name="_DisplaySize" Value="22" />
      </DesignTime>
   </Attribute>
   <Attribute
      Name="TgtSalesVdNewServAmt"
      Precision="9"
      Scale="0"
      Type="oracle.jbo.domain.Number"
      ColumnName="TGT_SALES_VD__NEW_SERV_AMT"
      ColumnType="NUMBER"
      SQLType="NUMERIC"
      TableName="XXCSO_SLS_PRSN_MNTHLY_PLNS" >
      <DesignTime>
         <Attr Name="_DisplaySize" Value="22" />
      </DesignTime>
   </Attribute>
   <Attribute
      Name="TgtSalesVdNextServAmt"
      Precision="9"
      Scale="0"
      Type="oracle.jbo.domain.Number"
      ColumnName="TGT_SALES_VD__NEXT_SERV_AMT"
      ColumnType="NUMBER"
      SQLType="NUMERIC"
      TableName="XXCSO_SLS_PRSN_MNTHLY_PLNS" >
      <DesignTime>
         <Attr Name="_DisplaySize" Value="22" />
      </DesignTime>
   </Attribute>
   <Attribute
      Name="TgtSalesVdExistServAmt"
      Precision="9"
      Scale="0"
      Type="oracle.jbo.domain.Number"
      ColumnName="TGT_SALES_VD__EXIST_SERV_AMT"
      ColumnType="NUMBER"
      SQLType="NUMERIC"
      TableName="XXCSO_SLS_PRSN_MNTHLY_PLNS" >
      <DesignTime>
         <Attr Name="_DisplaySize" Value="22" />
      </DesignTime>
   </Attribute>
   <Attribute
      Name="TgtSalesVdTotalAmt"
      Precision="9"
      Scale="0"
      Type="oracle.jbo.domain.Number"
      ColumnName="TGT_SALES_VD_TOTAL_AMT"
      ColumnType="NUMBER"
      SQLType="NUMERIC"
      TableName="XXCSO_SLS_PRSN_MNTHLY_PLNS" >
      <DesignTime>
         <Attr Name="_DisplaySize" Value="22" />
      </DesignTime>
   </Attribute>
   <Attribute
      Name="TgtSalesNewServAmt"
      Precision="9"
      Scale="0"
      Type="oracle.jbo.domain.Number"
      ColumnName="TGT_SALES_NEW_SERV_AMT"
      ColumnType="NUMBER"
      SQLType="NUMERIC"
      TableName="XXCSO_SLS_PRSN_MNTHLY_PLNS" >
      <DesignTime>
         <Attr Name="_DisplaySize" Value="22" />
      </DesignTime>
   </Attribute>
   <Attribute
      Name="TgtSalesNextServAmt"
      Precision="9"
      Scale="0"
      Type="oracle.jbo.domain.Number"
      ColumnName="TGT_SALES_NEXT_SERV_AMT"
      ColumnType="NUMBER"
      SQLType="NUMERIC"
      TableName="XXCSO_SLS_PRSN_MNTHLY_PLNS" >
      <DesignTime>
         <Attr Name="_DisplaySize" Value="22" />
      </DesignTime>
   </Attribute>
   <Attribute
      Name="TgtSalesExistServAmt"
      Precision="9"
      Scale="0"
      Type="oracle.jbo.domain.Number"
      ColumnName="TGT_SALES_EXIST_SERV_AMT"
      ColumnType="NUMBER"
      SQLType="NUMERIC"
      TableName="XXCSO_SLS_PRSN_MNTHLY_PLNS" >
      <DesignTime>
         <Attr Name="_DisplaySize" Value="22" />
      </DesignTime>
   </Attribute>
   <Attribute
      Name="TgtSalesTotalAmt"
      Precision="9"
      Scale="0"
      Type="oracle.jbo.domain.Number"
      ColumnName="TGT_SALES_TOTAL_AMT"
      ColumnType="NUMBER"
      SQLType="NUMERIC"
      TableName="XXCSO_SLS_PRSN_MNTHLY_PLNS" >
      <DesignTime>
         <Attr Name="_DisplaySize" Value="22" />
      </DesignTime>
   </Attribute>
   <Attribute
      Name="TgtSalesPrsnNewServAmt"
      Precision="9"
      Scale="0"
      Type="oracle.jbo.domain.Number"
      ColumnName="TGT_SALES_PRSN_NEW_SERV_AMT"
      ColumnType="NUMBER"
      SQLType="NUMERIC"
      TableName="XXCSO_SLS_PRSN_MNTHLY_PLNS" >
      <DesignTime>
         <Attr Name="_DisplaySize" Value="22" />
      </DesignTime>
   </Attribute>
   <Attribute
      Name="TgtSalesPrsnNextServAmt"
      Precision="9"
      Scale="0"
      Type="oracle.jbo.domain.Number"
      ColumnName="TGT_SALES_PRSN_NEXT_SERV_AMT"
      ColumnType="NUMBER"
      SQLType="NUMERIC"
      TableName="XXCSO_SLS_PRSN_MNTHLY_PLNS" >
      <DesignTime>
         <Attr Name="_DisplaySize" Value="22" />
      </DesignTime>
   </Attribute>
   <Attribute
      Name="TgtSalesPrsnExistServAmt"
      Precision="9"
      Scale="0"
      Type="oracle.jbo.domain.Number"
      ColumnName="TGT_SALES_PRSN_EXIST_SERV_AMT"
      ColumnType="NUMBER"
      SQLType="NUMERIC"
      TableName="XXCSO_SLS_PRSN_MNTHLY_PLNS" >
      <DesignTime>
         <Attr Name="_DisplaySize" Value="22" />
      </DesignTime>
   </Attribute>
   <Attribute
      Name="TgtSalesPrsnTotalAmt"
      Precision="9"
      Scale="0"
      Type="oracle.jbo.domain.Number"
      ColumnName="TGT_SALES_PRSN_TOTAL_AMT"
      ColumnType="NUMBER"
      SQLType="NUMERIC"
      TableName="XXCSO_SLS_PRSN_MNTHLY_PLNS" >
      <DesignTime>
         <Attr Name="_DisplaySize" Value="22" />
      </DesignTime>
   </Attribute>
   <Attribute
      Name="RsltVdNewServAmt"
      Precision="9"
      Scale="0"
      Type="oracle.jbo.domain.Number"
      ColumnName="RSLT_VD__NEW_SERV_AMT"
      ColumnType="NUMBER"
      SQLType="NUMERIC"
      TableName="XXCSO_SLS_PRSN_MNTHLY_PLNS" >
      <DesignTime>
         <Attr Name="_DisplaySize" Value="22" />
      </DesignTime>
   </Attribute>
   <Attribute
      Name="RsltVdNextServAmt"
      Precision="9"
      Scale="0"
      Type="oracle.jbo.domain.Number"
      ColumnName="RSLT_VD__NEXT_SERV_AMT"
      ColumnType="NUMBER"
      SQLType="NUMERIC"
      TableName="XXCSO_SLS_PRSN_MNTHLY_PLNS" >
      <DesignTime>
         <Attr Name="_DisplaySize" Value="22" />
      </DesignTime>
   </Attribute>
   <Attribute
      Name="RsltVdExistServAmt"
      Precision="9"
      Scale="0"
      Type="oracle.jbo.domain.Number"
      ColumnName="RSLT_VD__EXIST_SERV_AMT"
      ColumnType="NUMBER"
      SQLType="NUMERIC"
      TableName="XXCSO_SLS_PRSN_MNTHLY_PLNS" >
      <DesignTime>
         <Attr Name="_DisplaySize" Value="22" />
      </DesignTime>
   </Attribute>
   <Attribute
      Name="RsltVdTotalAmt"
      Precision="9"
      Scale="0"
      Type="oracle.jbo.domain.Number"
      ColumnName="RSLT_VD_TOTAL_AMT"
      ColumnType="NUMBER"
      SQLType="NUMERIC"
      TableName="XXCSO_SLS_PRSN_MNTHLY_PLNS" >
      <DesignTime>
         <Attr Name="_DisplaySize" Value="22" />
      </DesignTime>
   </Attribute>
   <Attribute
      Name="RsltNewServAmt"
      Precision="9"
      Scale="0"
      Type="oracle.jbo.domain.Number"
      ColumnName="RSLT_NEW_SERV_AMT"
      ColumnType="NUMBER"
      SQLType="NUMERIC"
      TableName="XXCSO_SLS_PRSN_MNTHLY_PLNS" >
      <DesignTime>
         <Attr Name="_DisplaySize" Value="22" />
      </DesignTime>
   </Attribute>
   <Attribute
      Name="RsltNextServAmt"
      Precision="9"
      Scale="0"
      Type="oracle.jbo.domain.Number"
      ColumnName="RSLT_NEXT_SERV_AMT"
      ColumnType="NUMBER"
      SQLType="NUMERIC"
      TableName="XXCSO_SLS_PRSN_MNTHLY_PLNS" >
      <DesignTime>
         <Attr Name="_DisplaySize" Value="22" />
      </DesignTime>
   </Attribute>
   <Attribute
      Name="RsltExistServAmt"
      Precision="9"
      Scale="0"
      Type="oracle.jbo.domain.Number"
      ColumnName="RSLT_EXIST_SERV_AMT"
      ColumnType="NUMBER"
      SQLType="NUMERIC"
      TableName="XXCSO_SLS_PRSN_MNTHLY_PLNS" >
      <DesignTime>
         <Attr Name="_DisplaySize" Value="22" />
      </DesignTime>
   </Attribute>
   <Attribute
      Name="RsltTotalAmt"
      Precision="9"
      Scale="0"
      Type="oracle.jbo.domain.Number"
      ColumnName="RSLT_TOTAL_AMT"
      ColumnType="NUMBER"
      SQLType="NUMERIC"
      TableName="XXCSO_SLS_PRSN_MNTHLY_PLNS" >
      <DesignTime>
         <Attr Name="_DisplaySize" Value="22" />
      </DesignTime>
   </Attribute>
   <Attribute
      Name="RsltPrsnNewServAmt"
      Precision="9"
      Scale="0"
      Type="oracle.jbo.domain.Number"
      ColumnName="RSLT_PRSN_NEW_SERV_AMT"
      ColumnType="NUMBER"
      SQLType="NUMERIC"
      TableName="XXCSO_SLS_PRSN_MNTHLY_PLNS" >
      <DesignTime>
         <Attr Name="_DisplaySize" Value="22" />
      </DesignTime>
   </Attribute>
   <Attribute
      Name="RsltPrsnNextServAmt"
      Precision="9"
      Scale="0"
      Type="oracle.jbo.domain.Number"
      ColumnName="RSLT_PRSN_NEXT_SERV_AMT"
      ColumnType="NUMBER"
      SQLType="NUMERIC"
      TableName="XXCSO_SLS_PRSN_MNTHLY_PLNS" >
      <DesignTime>
         <Attr Name="_DisplaySize" Value="22" />
      </DesignTime>
   </Attribute>
   <Attribute
      Name="RsltPrsnExistServAmt"
      Precision="9"
      Scale="0"
      Type="oracle.jbo.domain.Number"
      ColumnName="RSLT_PRSN_EXIST_SERV_AMT"
      ColumnType="NUMBER"
      SQLType="NUMERIC"
      TableName="XXCSO_SLS_PRSN_MNTHLY_PLNS" >
      <DesignTime>
         <Attr Name="_DisplaySize" Value="22" />
      </DesignTime>
   </Attribute>
   <Attribute
      Name="RsltPrsnTotalAmt"
      Precision="9"
      Scale="0"
      Type="oracle.jbo.domain.Number"
      ColumnName="RSLT_PRSN_TOTAL_AMT"
      ColumnType="NUMBER"
      SQLType="NUMERIC"
      TableName="XXCSO_SLS_PRSN_MNTHLY_PLNS" >
      <DesignTime>
         <Attr Name="_DisplaySize" Value="22" />
      </DesignTime>
   </Attribute>
   <Attribute
      Name="VisVdNewServAmt"
      Precision="4"
      Scale="0"
      Type="oracle.jbo.domain.Number"
      ColumnName="VIS_VD__NEW_SERV_AMT"
      ColumnType="NUMBER"
      SQLType="NUMERIC"
      TableName="XXCSO_SLS_PRSN_MNTHLY_PLNS" >
      <DesignTime>
         <Attr Name="_DisplaySize" Value="22" />
      </DesignTime>
   </Attribute>
   <Attribute
      Name="VisVdNextServAmt"
      Precision="4"
      Scale="0"
      Type="oracle.jbo.domain.Number"
      ColumnName="VIS_VD__NEXT_SERV_AMT"
      ColumnType="NUMBER"
      SQLType="NUMERIC"
      TableName="XXCSO_SLS_PRSN_MNTHLY_PLNS" >
      <DesignTime>
         <Attr Name="_DisplaySize" Value="22" />
      </DesignTime>
   </Attribute>
   <Attribute
      Name="VisVdExistServAmt"
      Precision="4"
      Scale="0"
      Type="oracle.jbo.domain.Number"
      ColumnName="VIS_VD__EXIST_SERV_AMT"
      ColumnType="NUMBER"
      SQLType="NUMERIC"
      TableName="XXCSO_SLS_PRSN_MNTHLY_PLNS" >
      <DesignTime>
         <Attr Name="_DisplaySize" Value="22" />
      </DesignTime>
   </Attribute>
   <Attribute
      Name="VisVdTotalAmt"
      Precision="4"
      Scale="0"
      Type="oracle.jbo.domain.Number"
      ColumnName="VIS_VD_TOTAL_AMT"
      ColumnType="NUMBER"
      SQLType="NUMERIC"
      TableName="XXCSO_SLS_PRSN_MNTHLY_PLNS" >
      <DesignTime>
         <Attr Name="_DisplaySize" Value="22" />
      </DesignTime>
   </Attribute>
   <Attribute
      Name="VisNewServAmt"
      Precision="4"
      Scale="0"
      Type="oracle.jbo.domain.Number"
      ColumnName="VIS_NEW_SERV_AMT"
      ColumnType="NUMBER"
      SQLType="NUMERIC"
      TableName="XXCSO_SLS_PRSN_MNTHLY_PLNS" >
      <DesignTime>
         <Attr Name="_DisplaySize" Value="22" />
      </DesignTime>
   </Attribute>
   <Attribute
      Name="VisNextServAmt"
      Precision="4"
      Scale="0"
      Type="oracle.jbo.domain.Number"
      ColumnName="VIS_NEXT_SERV_AMT"
      ColumnType="NUMBER"
      SQLType="NUMERIC"
      TableName="XXCSO_SLS_PRSN_MNTHLY_PLNS" >
      <DesignTime>
         <Attr Name="_DisplaySize" Value="22" />
      </DesignTime>
   </Attribute>
   <Attribute
      Name="VisExistServAmt"
      Precision="4"
      Scale="0"
      Type="oracle.jbo.domain.Number"
      ColumnName="VIS_EXIST_SERV_AMT"
      ColumnType="NUMBER"
      SQLType="NUMERIC"
      TableName="XXCSO_SLS_PRSN_MNTHLY_PLNS" >
      <DesignTime>
         <Attr Name="_DisplaySize" Value="22" />
      </DesignTime>
   </Attribute>
   <Attribute
      Name="VisTotalAmt"
      Precision="4"
      Scale="0"
      Type="oracle.jbo.domain.Number"
      ColumnName="VIS_TOTAL_AMT"
      ColumnType="NUMBER"
      SQLType="NUMERIC"
      TableName="XXCSO_SLS_PRSN_MNTHLY_PLNS" >
      <DesignTime>
         <Attr Name="_DisplaySize" Value="22" />
      </DesignTime>
   </Attribute>
   <Attribute
      Name="VisPrsnNewServAmt"
      Precision="4"
      Scale="0"
      Type="oracle.jbo.domain.Number"
      ColumnName="VIS_PRSN_NEW_SERV_AMT"
      ColumnType="NUMBER"
      SQLType="NUMERIC"
      TableName="XXCSO_SLS_PRSN_MNTHLY_PLNS" >
      <DesignTime>
         <Attr Name="_DisplaySize" Value="22" />
      </DesignTime>
   </Attribute>
   <Attribute
      Name="VisPrsnNextServAmt"
      Precision="4"
      Scale="0"
      Type="oracle.jbo.domain.Number"
      ColumnName="VIS_PRSN_NEXT_SERV_AMT"
      ColumnType="NUMBER"
      SQLType="NUMERIC"
      TableName="XXCSO_SLS_PRSN_MNTHLY_PLNS" >
      <DesignTime>
         <Attr Name="_DisplaySize" Value="22" />
      </DesignTime>
   </Attribute>
   <Attribute
      Name="VisPrsnExistServAmt"
      Precision="4"
      Scale="0"
      Type="oracle.jbo.domain.Number"
      ColumnName="VIS_PRSN_EXIST_SERV_AMT"
      ColumnType="NUMBER"
      SQLType="NUMERIC"
      TableName="XXCSO_SLS_PRSN_MNTHLY_PLNS" >
      <DesignTime>
         <Attr Name="_DisplaySize" Value="22" />
      </DesignTime>
   </Attribute>
   <Attribute
      Name="VisPrsnTotalAmt"
      Precision="4"
      Scale="0"
      Type="oracle.jbo.domain.Number"
      ColumnName="VIS_PRSN_TOTAL_AMT"
      ColumnType="NUMBER"
      SQLType="NUMERIC"
      TableName="XXCSO_SLS_PRSN_MNTHLY_PLNS" >
      <DesignTime>
         <Attr Name="_DisplaySize" Value="22" />
      </DesignTime>
   </Attribute>
   <Attribute
      Name="DataLastUpdateFuncType"
      Precision="1"
      Type="java.lang.String"
      ColumnName="DATA_LAST_UPDATE_FUNC_TYPE"
      ColumnType="VARCHAR2"
      SQLType="VARCHAR"
      TableName="XXCSO_SLS_PRSN_MNTHLY_PLNS" >
      <DesignTime>
         <Attr Name="_DisplaySize" Value="1" />
      </DesignTime>
   </Attribute>
   <Attribute
      Name="CreatedBy"
      IsNotNull="true"
      Precision="15"
      Scale="0"
      Type="oracle.jbo.domain.Number"
      ColumnName="CREATED_BY"
      ColumnType="NUMBER"
      SQLType="NUMERIC"
      TableName="XXCSO_SLS_PRSN_MNTHLY_PLNS" >
      <DesignTime>
         <Attr Name="_DisplaySize" Value="22" />
      </DesignTime>
   </Attribute>
   <Attribute
      Name="CreationDate"
      IsNotNull="true"
      Type="oracle.jbo.domain.Date"
      ColumnName="CREATION_DATE"
      ColumnType="DATE"
      SQLType="TIMESTAMP"
      TableName="XXCSO_SLS_PRSN_MNTHLY_PLNS" >
      <DesignTime>
         <Attr Name="_DisplaySize" Value="7" />
      </DesignTime>
   </Attribute>
   <Attribute
      Name="LastUpdatedBy"
      IsNotNull="true"
      Precision="15"
      Scale="0"
      Type="oracle.jbo.domain.Number"
      ColumnName="LAST_UPDATED_BY"
      ColumnType="NUMBER"
      SQLType="NUMERIC"
      TableName="XXCSO_SLS_PRSN_MNTHLY_PLNS" >
      <DesignTime>
         <Attr Name="_DisplaySize" Value="22" />
      </DesignTime>
   </Attribute>
   <Attribute
      Name="LastUpdateDate"
      IsNotNull="true"
      Type="oracle.jbo.domain.Date"
      ColumnName="LAST_UPDATE_DATE"
      ColumnType="DATE"
      SQLType="TIMESTAMP"
      TableName="XXCSO_SLS_PRSN_MNTHLY_PLNS" >
      <DesignTime>
         <Attr Name="_DisplaySize" Value="7" />
      </DesignTime>
   </Attribute>
   <Attribute
      Name="LastUpdateLogin"
      Precision="15"
      Scale="0"
      Type="oracle.jbo.domain.Number"
      ColumnName="LAST_UPDATE_LOGIN"
      ColumnType="NUMBER"
      SQLType="NUMERIC"
      TableName="XXCSO_SLS_PRSN_MNTHLY_PLNS" >
      <DesignTime>
         <Attr Name="_DisplaySize" Value="22" />
      </DesignTime>
   </Attribute>
   <Attribute
      Name="RequestId"
      Precision="15"
      Scale="0"
      Type="oracle.jbo.domain.Number"
      ColumnName="REQUEST_ID"
      ColumnType="NUMBER"
      SQLType="NUMERIC"
      TableName="XXCSO_SLS_PRSN_MNTHLY_PLNS" >
      <DesignTime>
         <Attr Name="_DisplaySize" Value="22" />
      </DesignTime>
   </Attribute>
   <Attribute
      Name="ProgramApplicationId"
      Precision="15"
      Scale="0"
      Type="oracle.jbo.domain.Number"
      ColumnName="PROGRAM_APPLICATION_ID"
      ColumnType="NUMBER"
      SQLType="NUMERIC"
      TableName="XXCSO_SLS_PRSN_MNTHLY_PLNS" >
      <DesignTime>
         <Attr Name="_DisplaySize" Value="22" />
      </DesignTime>
   </Attribute>
   <Attribute
      Name="ProgramId"
      Precision="15"
      Scale="0"
      Type="oracle.jbo.domain.Number"
      ColumnName="PROGRAM_ID"
      ColumnType="NUMBER"
      SQLType="NUMERIC"
      TableName="XXCSO_SLS_PRSN_MNTHLY_PLNS" >
      <DesignTime>
         <Attr Name="_DisplaySize" Value="22" />
      </DesignTime>
   </Attribute>
   <Attribute
      Name="ProgramUpdateDate"
      Type="oracle.jbo.domain.Date"
      ColumnName="PROGRAM_UPDATE_DATE"
      ColumnType="DATE"
      SQLType="TIMESTAMP"
      TableName="XXCSO_SLS_PRSN_MNTHLY_PLNS" >
      <DesignTime>
         <Attr Name="_DisplaySize" Value="7" />
      </DesignTime>
   </Attribute>
   <Key
      Name="SysC00177596" >
      <AttrArray Name="Attributes">
         <Item Value="itoen.oracle.apps.xxcso.common.schema.server.XxcsoSlsPrsnMnthlyPlnsEO.BaseCode" />
      </AttrArray>
      <DesignTime>
         <Attr Name="_DBObjectName" Value="SYS_C00177596" />
         <Attr Name="_checkCondition" Value="&#34;BASE_CODE&#34; IS NOT NULL" />
         <Attr Name="_isCheck" Value="true" />
      </DesignTime>
   </Key>
   <Key
      Name="SysC00177598" >
      <AttrArray Name="Attributes">
         <Item Value="itoen.oracle.apps.xxcso.common.schema.server.XxcsoSlsPrsnMnthlyPlnsEO.YearMonth" />
      </AttrArray>
      <DesignTime>
         <Attr Name="_DBObjectName" Value="SYS_C00177598" />
         <Attr Name="_checkCondition" Value="&#34;YEAR_MONTH&#34; IS NOT NULL" />
         <Attr Name="_isCheck" Value="true" />
      </DesignTime>
   </Key>
   <Key
      Name="SysC00177600" >
      <AttrArray Name="Attributes">
         <Item Value="itoen.oracle.apps.xxcso.common.schema.server.XxcsoSlsPrsnMnthlyPlnsEO.CreatedBy" />
      </AttrArray>
      <DesignTime>
         <Attr Name="_DBObjectName" Value="SYS_C00177600" />
         <Attr Name="_checkCondition" Value="&#34;CREATED_BY&#34; IS NOT NULL" />
         <Attr Name="_isCheck" Value="true" />
      </DesignTime>
   </Key>
   <Key
      Name="SysC00177602" >
      <AttrArray Name="Attributes">
         <Item Value="itoen.oracle.apps.xxcso.common.schema.server.XxcsoSlsPrsnMnthlyPlnsEO.LastUpdatedBy" />
      </AttrArray>
      <DesignTime>
         <Attr Name="_DBObjectName" Value="SYS_C00177602" />
         <Attr Name="_checkCondition" Value="&#34;LAST_UPDATED_BY&#34; IS NOT NULL" />
         <Attr Name="_isCheck" Value="true" />
      </DesignTime>
   </Key>
   <Key
      Name="XxcsoSlsPrsnMnthlyPlnsPk" >
      <AttrArray Name="Attributes">
         <Item Value="itoen.oracle.apps.xxcso.common.schema.server.XxcsoSlsPrsnMnthlyPlnsEO.SlsPrsnMnthlyPlnId" />
      </AttrArray>
      <DesignTime>
         <Attr Name="_DBObjectName" Value="XXCSO_SLS_PRSN_MNTHLY_PLNS_PK" />
         <Attr Name="_isPrimary" Value="true" />
      </DesignTime>
   </Key>
   <Key
      Name="SysC00177597" >
      <AttrArray Name="Attributes">
         <Item Value="itoen.oracle.apps.xxcso.common.schema.server.XxcsoSlsPrsnMnthlyPlnsEO.EmployeeNumber" />
      </AttrArray>
      <DesignTime>
         <Attr Name="_DBObjectName" Value="SYS_C00177597" />
         <Attr Name="_checkCondition" Value="&#34;EMPLOYEE_NUMBER&#34; IS NOT NULL" />
         <Attr Name="_isCheck" Value="true" />
      </DesignTime>
   </Key>
   <Key
      Name="SysC00177601" >
      <AttrArray Name="Attributes">
         <Item Value="itoen.oracle.apps.xxcso.common.schema.server.XxcsoSlsPrsnMnthlyPlnsEO.CreationDate" />
      </AttrArray>
      <DesignTime>
         <Attr Name="_DBObjectName" Value="SYS_C00177601" />
         <Attr Name="_checkCondition" Value="&#34;CREATION_DATE&#34; IS NOT NULL" />
         <Attr Name="_isCheck" Value="true" />
      </DesignTime>
   </Key>
   <Key
      Name="SysC00177595" >
      <AttrArray Name="Attributes">
         <Item Value="itoen.oracle.apps.xxcso.common.schema.server.XxcsoSlsPrsnMnthlyPlnsEO.SlsPrsnMnthlyPlnId" />
      </AttrArray>
      <DesignTime>
         <Attr Name="_DBObjectName" Value="SYS_C00177595" />
         <Attr Name="_checkCondition" Value="&#34;SLS_PRSN_MNTHLY_PLN_ID&#34; IS NOT NULL" />
         <Attr Name="_isCheck" Value="true" />
      </DesignTime>
   </Key>
   <Key
      Name="SysC00177603" >
      <AttrArray Name="Attributes">
         <Item Value="itoen.oracle.apps.xxcso.common.schema.server.XxcsoSlsPrsnMnthlyPlnsEO.LastUpdateDate" />
      </AttrArray>
      <DesignTime>
         <Attr Name="_DBObjectName" Value="SYS_C00177603" />
         <Attr Name="_checkCondition" Value="&#34;LAST_UPDATE_DATE&#34; IS NOT NULL" />
         <Attr Name="_isCheck" Value="true" />
      </DesignTime>
   </Key>
   <Key
      Name="SysC00177599" >
      <AttrArray Name="Attributes">
         <Item Value="itoen.oracle.apps.xxcso.common.schema.server.XxcsoSlsPrsnMnthlyPlnsEO.FiscalYear" />
      </AttrArray>
      <DesignTime>
         <Attr Name="_DBObjectName" Value="SYS_C00177599" />
         <Attr Name="_checkCondition" Value="&#34;FISCAL_YEAR&#34; IS NOT NULL" />
         <Attr Name="_isCheck" Value="true" />
      </DesignTime>
   </Key>
</Entity>
