<?xml version="1.0" encoding='Windows-31J'?>
<!DOCTYPE Association SYSTEM "jbo_03_01.dtd">

<Association
   Name="XxcsoSalesRequestNotifyAO" >
   <DesignTime>
      <Attr Name="_isCodegen" Value="true" />
      <Attr Name="_version" Value="9.0.3.14.00" />
   </DesignTime>
   <AssociationEnd
      Name="XxcsoSalesRequestEO"
      Cardinality="1"
      Source="true"
      Owner="itoen.oracle.apps.xxcso.common.schema.server.XxcsoSalesRequestEO"
      CascadeDelete="true" >
      <AttrArray Name="Attributes">
         <Item Value="itoen.oracle.apps.xxcso.common.schema.server.XxcsoSalesRequestEO.HeaderHistoryId" />
      </AttrArray>
      <DesignTime>
         <Attr Name="_minCardinality" Value="1" />
         <Attr Name="_aggregation" Value="0" />
         <Attr Name="_isUpdateable" Value="true" />
         <Attr Name="_finderName" Value="XxcsoSalesRequestEO" />
      </DesignTime>
   </AssociationEnd>
   <AssociationEnd
      Name="XxcsoSalesNotifiesEO"
      Cardinality="-1"
      Owner="itoen.oracle.apps.xxcso.common.schema.server.XxcsoSalesNotifiesEO"
      HasOwner="true"
      UpdateHistoryColumn="true" >
      <AttrArray Name="Attributes">
         <Item Value="itoen.oracle.apps.xxcso.common.schema.server.XxcsoSalesNotifiesEO.HeaderHistoryId" />
      </AttrArray>
      <DesignTime>
         <Attr Name="_aggregation" Value="0" />
         <Attr Name="_isUpdateable" Value="true" />
         <Attr Name="_finderName" Value="XxcsoSalesNotifiesEO" />
      </DesignTime>
   </AssociationEnd>
</Association>
