<?xml version = '1.0' encoding = 'UTF-8'?>
<!-- dbdrv: exec java oracle/jrad/tools/xml/importer XMLImporter.class java &phase=dat+24 checkfile:~PROD:~PATH:~FILE &fullpath:~PROD:~PATH:~FILE -username &un_apps -password &pw_apps -dbconnection &jdbc_db_addr  -userId "1" -rootPackage /oracle/apps/~PROD  -rootdir &fullpath:~PROD:mds:directory  -->
<page xmlns:jrad="http://xmlns.oracle.com/jrad" xmlns:oa="http://xmlns.oracle.com/oa" xmlns:ui="http://xmlns.oracle.com/uix/ui" version="9.0.3.8.10_1080" xml:lang="en-US" xmlns:user="http://xmlns.oracle.com/jrad/user" xmlns="http://xmlns.oracle.com/jrad" file-version="$Header$">
   <content>
      <oa:pageLayout id="PageLayoutRN" windowTitle="伝票取消" title="売上請求" amDefName="oracle.apps.xx03.ar.cancel.server.Xx03InvoiceCancelAM" controllerClass="oracle.apps.xx03.ar.cancel.webui.Xx03InvoiceCancelCO">
         <ui:corporateBranding>
            <oa:image id="corporateBrandingImage" source="/OA_MEDIA/FNDSSCORP.gif"/>
         </ui:corporateBranding>
         <ui:productBranding>
            <oa:image id="ProdBrand" source="FNDHOMEBRAND.gif" shortDesc="Test"/>
         </ui:productBranding>
         <ui:contents>
            <oa:header id="SlipHeaderRN" text=""/>
            <oa:header id="HeaderRN" text="請求書取消">
               <ui:contents>
                  <oa:messageComponentLayout id="HeaderColmunRN">
                     <ui:contents>
                        <oa:messageLayout id="HeaderItemRN">
                           <ui:contents>
                              <oa:messageStyledText id="SlipNum" prompt="修正元伝票番号" viewName="Xx03ReceivableSlipsVO1" viewAttr="OrigInvoiceNum"/>
                              <oa:messageStyledText id="CustomerName" selectiveSearchCriteria="false" prompt="顧客" required="no" viewName="Xx03ReceivableSlipsVO1" viewAttr="CustomerName"/>
                              <oa:messageTextInput id="AccountDate" prompt="計上日" dataType="DATE" required="no" viewName="Xx03ReceivableSlipsVO1" viewAttr="GlDate"/>
                              <oa:messageTextInput id="Description" prompt="備考" columns="30" rows="3" viewName="Xx03ReceivableSlipsVO1" viewAttr="Description" maximumLength="240" translatableDefaultValue=""/>
                           </ui:contents>
                        </oa:messageLayout>
                     </ui:contents>
                  </oa:messageComponentLayout>
               </ui:contents>
            </oa:header>
            <oa:header id="AmountRN" text="合計金額">
               <ui:contents>
                  <oa:messageComponentLayout id="AmountColmunRN">
                     <ui:contents>
                        <oa:messageLayout id="AmountItemRN">
                           <ui:contents>
                              <oa:messageComponentLayout id="AmountDispRN" rows="4" columns="2">
                                 <ui:contents>
                                    <oa:messageStyledText id="AmountBill" prompt="請求金額" viewName="Xx03GetAmountFormatVO1" viewAttr="Invamount"/>
                                    <oa:messageStyledText id="AmountMain" prompt="本体金額" viewName="Xx03GetAmountFormatVO1" viewAttr="Invitemamount"/>
                                    <oa:messageStyledText id="AmountSalesTax" prompt="消費税額" viewName="Xx03GetAmountFormatVO1" viewAttr="Invtaxamount"/>
                                    <oa:messageStyledText id="AmountAssign" prompt="充当金額" viewName="Xx03GetAmountFormatVO1" viewAttr="Invprepayamount"/>
                                 </ui:contents>
                              </oa:messageComponentLayout>
                           </ui:contents>
                        </oa:messageLayout>
                     </ui:contents>
                  </oa:messageComponentLayout>
               </ui:contents>
            </oa:header>
            <oa:pageButtonBar id="PageButtonRN">
               <ui:contents>
                  <oa:submitButton id="Back" text="戻る" prompt="戻る"/>
                  <oa:submitButton id="Confirm" text="確認" prompt="確認" unvalidated="false"/>
               </ui:contents>
            </oa:pageButtonBar>
         </ui:contents>
      </oa:pageLayout>
   </content>
</page>
