<?xml version="1.0" encoding='Windows-31J'?>
<!DOCTYPE ViewObject SYSTEM "jbo_03_01.dtd">

<ViewObject
   Name="XxcsoSalesLineSummaryVO"
   OrderBy="sales_line_id"
   BindingStyle="Oracle"
   CustomQuery="true"
   RowClass="itoen.oracle.apps.xxcso.xxcso007001j.server.XxcsoSalesLineSummaryVORowImpl"
   ComponentClass="itoen.oracle.apps.xxcso.xxcso007001j.server.XxcsoSalesLineSummaryVOImpl"
   MsgBundleClass="oracle.jbo.common.JboResourceBundle"
   UseGlueCode="false" >
   <SQLQuery><![CDATA[
SELECT  xsl.sales_line_id
       ,xsl.quote_number
       ,xsl.quote_revision_number
       ,xiiv.inventory_item_code
       ,xiiv.item_short_name
       ,xiiv.case_inc_num
       ,xiiv.jan_code
       ,xiiv.itf_code
       ,xxcso_util_common_pkg.get_lookup_meaning(
          'XXCSO1_SALES_CLASS_TYPE'
         ,xsl.sales_class_code
         ,xxcso_util_common_pkg.get_online_sysdate
        ) sales_class_name
       ,xxcso_util_common_pkg.get_lookup_meaning(
          'XXCSO1_SALES_ADOPT_CLASS_TYPE'
         ,xsl.sales_adopt_class_code
         ,xxcso_util_common_pkg.get_online_sysdate
        ) sales_adopt_class_name
       ,xxcso_util_common_pkg.get_lookup_meaning(
          'XXCSO1_SALES_AREA_TYPE'
         ,xsl.sales_area_code
         ,xxcso_util_common_pkg.get_online_sysdate
        ) sales_area_name
       ,xsl.sales_schedule_date
       ,TO_CHAR(xsl.deliv_price, 'FM99G990D90') deliv_price
       ,TO_CHAR(xsl.store_sales_price, 'FM999G990D90') store_sales_price
       ,TO_CHAR(xsl.store_sales_price_inc_tax, 'FM999G990D90') store_sales_price_inc_tax
       ,TO_CHAR(xsl.quotation_price, 'FM99G990D90') quotation_price
       ,xsl.introduce_terms
       ,DECODE(
          (SELECT  COUNT('x')
           FROM    xxcso_sales_lines_hist  xslh
           WHERE   xslh.sales_line_id = xsl.sales_line_id
           AND     xslh.notified_flag = 'Y'
           AND     ROWNUM             = 1
          )
         ,0, 'N'
         ,'Y'
        ) notified_flag
       ,xsl.sales_class_code
FROM    xxcso_sales_headers        xsh
       ,xxcso_sales_lines          xsl
       ,xxcso_inventory_items_v2   xiiv
WHERE   xsh.lead_id            = :1
AND     xsl.sales_header_id    = xsh.sales_header_id
AND     xiiv.inventory_item_id = xsl.inventory_item_id
   ]]></SQLQuery>
   <DesignTime>
      <Attr Name="_isCodegen" Value="true" />
      <Attr Name="_version" Value="9.0.3.14.00" />
      <Attr Name="_CodeGenFlagNew" Value="36" />
   </DesignTime>
   <ViewAttribute
      Name="SalesLineId"
      IsPersistent="false"
      IsNotNull="true"
      Type="oracle.jbo.domain.Number"
      ColumnType="NUMBER"
      AliasName="SALES_LINE_ID"
      Expression="SALES_LINE_ID"
      SQLType="NUMERIC" >
      <DesignTime>
         <Attr Name="_DisplaySize" Value="22" />
      </DesignTime>
   </ViewAttribute>
   <ViewAttribute
      Name="QuoteNumber"
      IsPersistent="false"
      Precision="12"
      Type="java.lang.String"
      ColumnType="VARCHAR2"
      AliasName="QUOTE_NUMBER"
      Expression="QUOTE_NUMBER"
      SQLType="VARCHAR" >
      <DesignTime>
         <Attr Name="_DisplaySize" Value="12" />
      </DesignTime>
   </ViewAttribute>
   <ViewAttribute
      Name="QuoteRevisionNumber"
      IsPersistent="false"
      Precision="2"
      Scale="0"
      Type="oracle.jbo.domain.Number"
      ColumnType="NUMBER"
      AliasName="QUOTE_REVISION_NUMBER"
      Expression="QUOTE_REVISION_NUMBER"
      SQLType="NUMERIC" >
      <DesignTime>
         <Attr Name="_DisplaySize" Value="22" />
      </DesignTime>
   </ViewAttribute>
   <ViewAttribute
      Name="InventoryItemCode"
      IsPersistent="false"
      Precision="40"
      Type="java.lang.String"
      ColumnType="VARCHAR2"
      AliasName="INVENTORY_ITEM_CODE"
      Expression="INVENTORY_ITEM_CODE"
      SQLType="VARCHAR" >
      <DesignTime>
         <Attr Name="_DisplaySize" Value="40" />
      </DesignTime>
   </ViewAttribute>
   <ViewAttribute
      Name="ItemShortName"
      IsPersistent="false"
      Precision="20"
      Type="java.lang.String"
      ColumnType="VARCHAR2"
      AliasName="ITEM_SHORT_NAME"
      Expression="ITEM_SHORT_NAME"
      SQLType="VARCHAR" >
      <DesignTime>
         <Attr Name="_DisplaySize" Value="20" />
      </DesignTime>
   </ViewAttribute>
   <ViewAttribute
      Name="CaseIncNum"
      IsPersistent="false"
      Precision="240"
      Type="java.lang.String"
      ColumnType="VARCHAR2"
      AliasName="CASE_INC_NUM"
      Expression="CASE_INC_NUM"
      SQLType="VARCHAR" >
      <DesignTime>
         <Attr Name="_DisplaySize" Value="240" />
      </DesignTime>
   </ViewAttribute>
   <ViewAttribute
      Name="JanCode"
      IsPersistent="false"
      Precision="240"
      Type="java.lang.String"
      ColumnType="VARCHAR2"
      AliasName="JAN_CODE"
      Expression="JAN_CODE"
      SQLType="VARCHAR" >
      <DesignTime>
         <Attr Name="_DisplaySize" Value="240" />
      </DesignTime>
   </ViewAttribute>
   <ViewAttribute
      Name="ItfCode"
      IsPersistent="false"
      Precision="240"
      Type="java.lang.String"
      ColumnType="VARCHAR2"
      AliasName="ITF_CODE"
      Expression="ITF_CODE"
      SQLType="VARCHAR" >
      <DesignTime>
         <Attr Name="_DisplaySize" Value="240" />
      </DesignTime>
   </ViewAttribute>
   <ViewAttribute
      Name="SalesClassName"
      IsPersistent="false"
      Precision="4000"
      Type="java.lang.String"
      ColumnType="VARCHAR2"
      AliasName="SALES_CLASS_NAME"
      Expression="SALES_CLASS_NAME"
      SQLType="VARCHAR" >
      <DesignTime>
         <Attr Name="_DisplaySize" Value="4000" />
      </DesignTime>
   </ViewAttribute>
   <ViewAttribute
      Name="SalesAdoptClassName"
      IsPersistent="false"
      Precision="4000"
      Type="java.lang.String"
      ColumnType="VARCHAR2"
      AliasName="SALES_ADOPT_CLASS_NAME"
      Expression="SALES_ADOPT_CLASS_NAME"
      SQLType="VARCHAR" >
      <DesignTime>
         <Attr Name="_DisplaySize" Value="4000" />
      </DesignTime>
   </ViewAttribute>
   <ViewAttribute
      Name="SalesAreaName"
      IsPersistent="false"
      Precision="4000"
      Type="java.lang.String"
      ColumnType="VARCHAR2"
      AliasName="SALES_AREA_NAME"
      Expression="SALES_AREA_NAME"
      SQLType="VARCHAR" >
      <DesignTime>
         <Attr Name="_DisplaySize" Value="4000" />
      </DesignTime>
   </ViewAttribute>
   <ViewAttribute
      Name="SalesScheduleDate"
      IsPersistent="false"
      Type="oracle.jbo.domain.Date"
      ColumnType="DATE"
      AliasName="SALES_SCHEDULE_DATE"
      Expression="SALES_SCHEDULE_DATE"
      SQLType="DATE" >
      <DesignTime>
         <Attr Name="_DisplaySize" Value="7" />
      </DesignTime>
   </ViewAttribute>
   <ViewAttribute
      Name="DelivPrice"
      IsPersistent="false"
      Precision="10"
      Type="java.lang.String"
      ColumnType="VARCHAR2"
      AliasName="DELIV_PRICE"
      Expression="DELIV_PRICE"
      SQLType="VARCHAR" >
      <DesignTime>
         <Attr Name="_DisplaySize" Value="10" />
      </DesignTime>
   </ViewAttribute>
   <ViewAttribute
      Name="StoreSalesPrice"
      IsPersistent="false"
      Precision="11"
      Type="java.lang.String"
      ColumnType="VARCHAR2"
      AliasName="STORE_SALES_PRICE"
      Expression="STORE_SALES_PRICE"
      SQLType="VARCHAR" >
      <DesignTime>
         <Attr Name="_DisplaySize" Value="11" />
      </DesignTime>
   </ViewAttribute>
   <ViewAttribute
      Name="StoreSalesPriceIncTax"
      IsPersistent="false"
      Precision="11"
      Type="java.lang.String"
      ColumnType="VARCHAR2"
      AliasName="STORE_SALES_PRICE_INC_TAX"
      Expression="STORE_SALES_PRICE_INC_TAX"
      SQLType="VARCHAR" >
      <DesignTime>
         <Attr Name="_DisplaySize" Value="11" />
      </DesignTime>
   </ViewAttribute>
   <ViewAttribute
      Name="QuotationPrice"
      IsPersistent="false"
      Precision="10"
      Type="java.lang.String"
      ColumnType="VARCHAR2"
      AliasName="QUOTATION_PRICE"
      Expression="QUOTATION_PRICE"
      SQLType="VARCHAR" >
      <DesignTime>
         <Attr Name="_DisplaySize" Value="10" />
      </DesignTime>
   </ViewAttribute>
   <ViewAttribute
      Name="IntroduceTerms"
      IsPersistent="false"
      Precision="60"
      Type="java.lang.String"
      ColumnType="VARCHAR2"
      AliasName="INTRODUCE_TERMS"
      Expression="INTRODUCE_TERMS"
      SQLType="VARCHAR" >
      <DesignTime>
         <Attr Name="_DisplaySize" Value="60" />
      </DesignTime>
   </ViewAttribute>
   <ViewAttribute
      Name="NotifiedFlag"
      IsPersistent="false"
      Precision="1"
      Type="java.lang.String"
      ColumnType="VARCHAR2"
      AliasName="NOTIFIED_FLAG"
      Expression="NOTIFIED_FLAG"
      SQLType="VARCHAR" >
      <DesignTime>
         <Attr Name="_DisplaySize" Value="1" />
      </DesignTime>
   </ViewAttribute>
   <ViewAttribute
      Name="SalesClassCode"
      IsPersistent="false"
      Precision="30"
      Type="java.lang.String"
      ColumnType="VARCHAR2"
      AliasName="SALES_CLASS_CODE"
      Expression="SALES_CLASS_CODE"
      SQLType="VARCHAR" >
   </ViewAttribute>
   <ViewAttribute
      Name="SalesAdoptClassRender"
      IsQueriable="false"
      IsPersistent="false"
      Type="java.lang.Boolean"
      ColumnType="$none$"
      AliasName="VIEW_ATTR"
      Passivate="true"
      SQLType="BIT" >
   </ViewAttribute>
   <ViewAttribute
      Name="SalesAreaRender"
      IsQueriable="false"
      IsPersistent="false"
      Type="java.lang.Boolean"
      ColumnType="$none$"
      AliasName="VIEW_ATTR"
      Passivate="true"
      SQLType="BIT" >
   </ViewAttribute>
   <ViewAttribute
      Name="DelivPriceRender"
      IsQueriable="false"
      IsPersistent="false"
      Type="java.lang.Boolean"
      ColumnType="$none$"
      AliasName="VIEW_ATTR"
      Passivate="true"
      SQLType="BIT" >
   </ViewAttribute>
   <ViewAttribute
      Name="StoreSalesPriceRender"
      IsQueriable="false"
      IsPersistent="false"
      Type="java.lang.Boolean"
      ColumnType="$none$"
      AliasName="VIEW_ATTR"
      Passivate="true"
      SQLType="BIT" >
   </ViewAttribute>
   <ViewAttribute
      Name="StoreSalesPriceIncTaxRender"
      IsQueriable="false"
      IsPersistent="false"
      Type="java.lang.Boolean"
      ColumnType="$none$"
      AliasName="VIEW_ATTR"
      SQLType="BIT" >
   </ViewAttribute>
   <ViewAttribute
      Name="QuotationPriceRender"
      IsQueriable="false"
      IsPersistent="false"
      Type="java.lang.Boolean"
      ColumnType="$none$"
      AliasName="VIEW_ATTR"
      Passivate="true"
      SQLType="BIT" >
   </ViewAttribute>
</ViewObject>
