<?xml version="1.0" encoding='Windows-31J'?>
<!DOCTYPE ViewObject SYSTEM "jbo_03_01.dtd">

<ViewObject
   Name="XxcsoSalesHeaderSummaryVO"
   BindingStyle="Oracle"
   CustomQuery="true"
   RowClass="itoen.oracle.apps.xxcso.xxcso007001j.server.XxcsoSalesHeaderSummaryVORowImpl"
   ComponentClass="itoen.oracle.apps.xxcso.xxcso007001j.server.XxcsoSalesHeaderSummaryVOImpl"
   MsgBundleClass="oracle.jbo.common.JboResourceBundle"
   FetchMode="FETCH_AS_NEEDED"
   UseGlueCode="false" >
   <SQLQuery><![CDATA[
SELECT  xsh.other_content
       ,ala.lead_id
       ,xxcso_009002j_pkg.chk_lead_upd_enabled(
          ala.customer_id
        ) lead_upd_enabled
FROM    as_leads_all         ala
       ,xxcso_sales_headers  xsh
WHERE   ala.lead_id    = :1
AND     xsh.lead_id(+) = ala.lead_id
   ]]></SQLQuery>
   <DesignTime>
      <Attr Name="_isCodegen" Value="true" />
      <Attr Name="_version" Value="9.0.3.14.00" />
      <Attr Name="_CodeGenFlagNew" Value="36" />
   </DesignTime>
   <ViewAttribute
      Name="OtherContent"
      IsPersistent="false"
      Precision="1200"
      Type="java.lang.String"
      ColumnType="VARCHAR2"
      AliasName="OTHER_CONTENT"
      Expression="OTHER_CONTENT"
      SQLType="VARCHAR" >
      <DesignTime>
         <Attr Name="_DisplaySize" Value="2000" />
      </DesignTime>
   </ViewAttribute>
   <ViewAttribute
      Name="LeadId"
      IsPersistent="false"
      IsNotNull="true"
      Type="oracle.jbo.domain.Number"
      ColumnType="NUMBER"
      AliasName="LEAD_ID"
      Expression="LEAD_ID"
      SQLType="NUMERIC" >
      <DesignTime>
         <Attr Name="_DisplaySize" Value="22" />
      </DesignTime>
   </ViewAttribute>
   <ViewAttribute
      Name="LeadUpdEnabled"
      IsPersistent="false"
      Precision="4000"
      Type="java.lang.String"
      ColumnType="VARCHAR2"
      AliasName="LEAD_UPD_ENABLED"
      Expression="LEAD_UPD_ENABLED"
      SQLType="VARCHAR" >
      <DesignTime>
         <Attr Name="_DisplaySize" Value="4000" />
      </DesignTime>
   </ViewAttribute>
   <ViewAttribute
      Name="ForwardButtonRender"
      IsQueriable="false"
      IsPersistent="false"
      Type="java.lang.Boolean"
      ColumnType="$none$"
      AliasName="VIEW_ATTR"
      Passivate="true"
      SQLType="BIT" >
   </ViewAttribute>
</ViewObject>
