<?xml version = '1.0' encoding = 'UTF-8'?>
<!-- dbdrv: exec java oracle/jrad/tools/xml/importer XMLImporter.class java &phase=dat+24 checkfile:~PROD:~PATH:~FILE &fullpath:~PROD:~PATH:~FILE -username &un_apps -password &pw_apps -dbconnection &jdbc_db_addr  -userId "1" -rootPackage /oracle/apps/~PROD  -rootdir &fullpath:~PROD:mds:directory  -->
<!--**注意
* KROWN:124532により、1ファイルが32Kバイトを超えないようにしてください。
* 超えてしまう場合は、ファイルを分割してください。

詳細
パーソナライズ・ビュー作成画面LOV用の属性セットファイルです。

修正履歴
2008/12/27  柳平直人        新規作成-->
<package version="9.0.3.8.13_1566" xml:lang="en-US" xmlns:oa="http://xmlns.oracle.com/oa" xmlns:jrad="http://xmlns.oracle.com/jrad" xmlns:ui="http://xmlns.oracle.com/uix/ui" xmlns:user="http://xmlns.oracle.com/jrad/user" xmlns="http://xmlns.oracle.com/jrad" file-version="$Header$">
   <attributeSet docName="XxcsoEmployeeItemLovRN" shortDesc="顧客検索"/>
   <attributeSet docName="AccountNumber" prompt="顧客コード"/>
   <attributeSet docName="PartyName" prompt="顧客名"/>
   <attributeSet docName="XxcsoBaseItemLovRN" shortDesc="拠点検索"/>
   <attributeSet docName="BaseCode" prompt="拠点コード"/>
   <attributeSet docName="BaseName" prompt="拠点名"/>
   <attributeSet docName="XxcsoModelTypeSearchLovRN" shortDesc="機種／形式検索"/>
   <attributeSet docName="UnNumber" prompt="機種コード"/>
   <attributeSet docName="Meaning1" prompt="機器種別"/>
   <attributeSet docName="Meaning2" prompt="メーカーコード"/>
</package>
