<?xml version = '1.0' encoding = 'UTF-8'?>
<!-- dbdrv: exec java oracle/jrad/tools/xml/importer XMLImporter.class java &phase=dat+24 checkfile:~PROD:~PATH:~FILE &fullpath:~PROD:~PATH:~FILE -username &un_apps -password &pw_apps -dbconnection &jdbc_db_addr  -userId "1" -rootPackage /oracle/apps/~PROD  -rootdir &fullpath:~PROD:mds:directory  -->
<oa:listOfValues version="9.0.3.8.10_1080" xml:lang="en-US" xmlns:oa="http://xmlns.oracle.com/oa" xmlns:jrad="http://xmlns.oracle.com/jrad" xmlns:ui="http://xmlns.oracle.com/uix/ui" xmlns:user="http://xmlns.oracle.com/jrad/user" xmlns="http://xmlns.oracle.com/jrad" file-version="$Header$" amDefName="oracle.apps.xx03.common.lov.server.XX03ListOfValueAM" scope="/" controllerClass="oracle.apps.xx03.common.lov.webui.XX03IncrDecrReasonsLovCO">
   <ui:contents>
      <oa:table name="XX03IncrDecrReasonsLovRN" id="XX03IncrDecrReasonsLovVO1">
         <ui:contents>
            <oa:messageStyledText id="incrDecrReasonsCol" dataType="VARCHAR2" prompt="コード：名称" viewName="XX03IncrDecrReasonsLovVO1" viewAttr="IncrDecrReasonsCol" maximumLength="4000" queryable="true" sortState="yes"/>
            <oa:formValue id="flexValue" dataType="VARCHAR2" prompt="増減事由" viewName="XX03IncrDecrReasonsLovVO1" viewAttr="FlexValue"/>
            <oa:formValue id="ParentFlexValueLow" dataType="VARCHAR2" prompt="勘定科目" viewName="XX03IncrDecrReasonsLovVO1" viewAttr="ParentFlexValueLow"/>
         </ui:contents>
      </oa:table>
   </ui:contents>
</oa:listOfValues>
