<?xml version = '1.0' encoding = 'UTF-8'?>
<!-- dbdrv: exec java oracle/jrad/tools/xml/importer XMLImporter.class java &phase=dat+24 checkfile:~PROD:~PATH:~FILE &fullpath:~PROD:~PATH:~FILE -username &un_apps -password &pw_apps -dbconnection &jdbc_db_addr  -userId "1" -rootPackage /oracle/apps/~PROD  -rootdir &fullpath:~PROD:mds:directory  -->
<!--**Attention
* For KROWN:124532, You must not use multi-byte character in this file.
* If you use it example prompt, use attributesets.

DESCRIPTION
The code and the name are acquired.

@see itoen.oracle.apps.xxcso.xxcso008001j.lov.server.XxcsoBaseSearchLovAM.xml
@see itoen.oracle.apps.xxcso.xxcso008001j.lov.server.XxcsoBaseSearchLovAM.java

HISTORY 2008/11/06  N.Yanagitaira        Initialcode drop.-->
<oa:listOfValues version="9.0.3.8.13_1566" xml:lang="en-US" xmlns:oa="http://xmlns.oracle.com/oa" xmlns:jrad="http://xmlns.oracle.com/jrad" xmlns:ui="http://xmlns.oracle.com/uix/ui" xmlns:user="http://xmlns.oracle.com/jrad/user" xmlns="http://xmlns.oracle.com/jrad" file-version="$Header$" scope="/" amDefName="itoen.oracle.apps.xxcso.xxcso008001j.lov.server.XxcsoBaseSearchLovAM" advancedSearchAllowed="true">
   <ui:contents>
      <oa:table id="XxcsoBaseSearchTlRN" name="XxcsoBaseSearchLovRN" use="/itoen/oracle/apps/xxcso/xxcso008001j/attributesets/XxcsoWeeklyTaskViewLovAttrSets/BaseSearchTlRN">
         <ui:contents>
            <oa:messageStyledText id="BaseCode" queryable="true" viewName="XxcsoBaseSearchLovVO1" viewAttr="BaseCode" sortState="yes" use="/itoen/oracle/apps/xxcso/xxcso008001j/attributesets/XxcsoWeeklyTaskViewLovAttrSets/BaseCode"/>
            <oa:messageStyledText id="BaseName" queryable="true" viewName="XxcsoBaseSearchLovVO1" viewAttr="BaseName" sortState="yes" use="/itoen/oracle/apps/xxcso/xxcso008001j/attributesets/XxcsoWeeklyTaskViewLovAttrSets/BaseName"/>
         </ui:contents>
      </oa:table>
   </ui:contents>
</oa:listOfValues>
