<?xml version="1.0" encoding='windows-31j'?>
<!DOCTYPE JboPackage SYSTEM "jbo_03_01.dtd">

<JboPackage
   Name="server"
   SeparateXMLFiles="true"
   PackageName="oracle.apps.xx03.gl.confirm.server" >
   <DesignTime>
      <Attr Name="_version" Value="9.0.3.13.75" />
      <Attr Name="_ejbPackage" Value="false" />
   </DesignTime>
   <Containee
      Name="Xx03JournalConfirmLinesCrVO"
      FullName="oracle.apps.xx03.gl.confirm.server.Xx03JournalConfirmLinesCrVO"
      ObjectType="ViewObject" >
   </Containee>
   <Containee
      Name="Xx03JournalConfirmLinesDrVO"
      FullName="oracle.apps.xx03.gl.confirm.server.Xx03JournalConfirmLinesDrVO"
      ObjectType="ViewObject" >
   </Containee>
   <Containee
      Name="Xx03JournalConfirmSlipsVO"
      FullName="oracle.apps.xx03.gl.confirm.server.Xx03JournalConfirmSlipsVO"
      ObjectType="ViewObject" >
   </Containee>
   <Containee
      Name="Xx03JournalConfirmSTLCrVL"
      FullName="oracle.apps.xx03.gl.confirm.server.Xx03JournalConfirmSTLCrVL"
      ObjectType="ViewLink" >
   </Containee>
   <Containee
      Name="Xx03JournalConfirmSTLDrVL"
      FullName="oracle.apps.xx03.gl.confirm.server.Xx03JournalConfirmSTLDrVL"
      ObjectType="ViewLink" >
   </Containee>
   <Containee
      Name="Xx03JournalConfirmUpdSlipsVO"
      FullName="oracle.apps.xx03.gl.confirm.server.Xx03JournalConfirmUpdSlipsVO"
      ObjectType="ViewObject" >
   </Containee>
   <Containee
      Name="Xx03GetDefaultApproverVO"
      FullName="oracle.apps.xx03.gl.confirm.server.Xx03GetDefaultApproverVO"
      ObjectType="ViewObject" >
   </Containee>
</JboPackage>
