<?xml version="1.0" encoding='Windows-31J'?>
<!DOCTYPE ViewObject SYSTEM "jbo_03_01.dtd">

<ViewObject
   Name="XxcsoContractQueryTermsVO"
   BindingStyle="Oracle"
   CustomQuery="true"
   RowClass="itoen.oracle.apps.xxcso.xxcso010001j.server.XxcsoContractQueryTermsVORowImpl"
   ComponentClass="itoen.oracle.apps.xxcso.xxcso010001j.server.XxcsoContractQueryTermsVOImpl"
   MsgBundleClass="oracle.jbo.common.JboResourceBundle"
   UseGlueCode="false" >
   <SQLQuery><![CDATA[
SELECT NULL contract_number,
       NULL install_account_number,
       NULL install_party_name
FROM   DUAL
   ]]></SQLQuery>
   <DesignTime>
      <Attr Name="_isCodegen" Value="true" />
      <Attr Name="_version" Value="9.0.3.14.00" />
      <Attr Name="_CodeGenFlagNew" Value="36" />
   </DesignTime>
   <ViewAttribute
      Name="ContractNumber"
      IsPersistent="false"
      Precision="12"
      Type="java.lang.String"
      ColumnType="VARCHAR2"
      AliasName="CONTRACTNUMBER"
      Expression="CONTRACTNUMBER"
      SQLType="VARCHAR" >
   </ViewAttribute>
   <ViewAttribute
      Name="InstallAccountNumber"
      IsPersistent="false"
      Precision="30"
      Type="java.lang.String"
      ColumnType="VARCHAR2"
      AliasName="INSTALLACCOUNTNUMBER"
      Expression="INSTALLACCOUNTNUMBER"
      SQLType="VARCHAR" >
   </ViewAttribute>
   <ViewAttribute
      Name="InstallpartyName"
      IsPersistent="false"
      Precision="240"
      Type="java.lang.String"
      ColumnType="VARCHAR2"
      AliasName="INSTALLPARTYNAME"
      Expression="INSTALLPARTYNAME"
      SQLType="VARCHAR" >
   </ViewAttribute>
</ViewObject>
