<?xml version="1.0" encoding='Windows-31J'?>
<!DOCTYPE ViewObject SYSTEM "jbo_03_01.dtd">

<ViewObject
   Name="XxcsoContractNewVO"
   BindingStyle="Oracle"
   CustomQuery="true"
   RowClass="itoen.oracle.apps.xxcso.xxcso010001j.server.XxcsoContractNewVORowImpl"
   ComponentClass="itoen.oracle.apps.xxcso.xxcso010001j.server.XxcsoContractNewVOImpl"
   MsgBundleClass="oracle.jbo.common.JboResourceBundle"
   UseGlueCode="false" >
   <SQLQuery><![CDATA[
SELECT NULL sp_decision_number
      ,NULL sp_decision_header_id
FROM   DUAL
   ]]></SQLQuery>
   <DesignTime>
      <Attr Name="_isCodegen" Value="true" />
      <Attr Name="_version" Value="9.0.3.14.00" />
      <Attr Name="_CodeGenFlagNew" Value="36" />
   </DesignTime>
   <ViewAttribute
      Name="SpDecisionNumber"
      IsPersistent="false"
      Precision="30"
      Type="java.lang.String"
      ColumnType="VARCHAR2"
      AliasName="SPDECISIONNUMBER"
      Expression="SPDECISIONNUMBER"
      SQLType="VARCHAR" >
   </ViewAttribute>
   <ViewAttribute
      Name="SpDecisionHeaderId"
      IsPersistent="false"
      Type="oracle.jbo.domain.Number"
      ColumnType="NUMBER"
      AliasName="SP_DECISION_HEADER_ID"
      Expression="SP_DECISION_HEADER_ID"
      SQLType="NUMERIC" >
   </ViewAttribute>
</ViewObject>
