<?xml version="1.0" encoding='Windows-31J'?>
<!DOCTYPE ViewLink SYSTEM "jbo_03_01.dtd">

<ViewLink
   Name="XxcsoQuoteHeaderLineStoreSumVL"
   EntityAssociation="itoen.oracle.apps.xxcso.common.schema.server.XxcsoQuoteHeaderLineStoreAO" >
   <DesignTime>
      <Attr Name="_isCodegen" Value="true" />
      <Attr Name="_version" Value="9.0.3.14.00" />
   </DesignTime>
   <ViewLinkDefEnd
      Name="XxcsoQuoteHeaderStoreSumVO"
      Cardinality="0"
      Owner="itoen.oracle.apps.xxcso.xxcso017002j.server.XxcsoQuoteHeaderStoreSumVO"
      Source="true" >
      <AttrArray Name="Attributes">
         <Item Value="itoen.oracle.apps.xxcso.xxcso017002j.server.XxcsoQuoteHeaderStoreSumVO.QuoteHeaderId" />
      </AttrArray>
      <DesignTime>
         <Attr Name="_isUpdateable" Value="true" />
         <Attr Name="_finderName" Value="XxcsoQuoteHeaderStoreSumVO" />
         <Attr Name="_accessor" Value="false" />
      </DesignTime>
   </ViewLinkDefEnd>
   <ViewLinkDefEnd
      Name="XxcsoQuoteLineStoreSumVO"
      Cardinality="-1"
      Owner="itoen.oracle.apps.xxcso.xxcso017002j.server.XxcsoQuoteLineStoreSumVO" >
      <AttrArray Name="Attributes">
         <Item Value="itoen.oracle.apps.xxcso.xxcso017002j.server.XxcsoQuoteLineStoreSumVO.QuoteHeaderId" />
      </AttrArray>
      <DesignTime>
         <Attr Name="_isUpdateable" Value="true" />
         <Attr Name="_finderName" Value="XxcsoQuoteLineStoreSumVO" />
         <Attr Name="_accessor" Value="true" />
      </DesignTime>
   </ViewLinkDefEnd>
</ViewLink>
