<?xml version="1.0" encoding='Windows-31J'?>
<!DOCTYPE ViewObject SYSTEM "jbo_03_01.dtd">

<ViewObject
   Name="XxcsoQuoteHeaderSalesSumVO"
   BindingStyle="Oracle"
   CustomQuery="true"
   RowClass="itoen.oracle.apps.xxcso.xxcso017002j.server.XxcsoQuoteHeaderSalesSumVORowImpl"
   ComponentClass="itoen.oracle.apps.xxcso.xxcso017002j.server.XxcsoQuoteHeaderSalesSumVOImpl"
   MsgBundleClass="oracle.jbo.common.JboResourceBundle"
   UseGlueCode="false" >
   <SQLQuery><![CDATA[
SELECT  xqh.quote_header_id
       ,xqh.quote_number
       ,xcav.party_name  store_name
       ,xqh.account_number
       ,xcav.party_name
       ,xqh.deliv_place
       ,xqh.payment_condition
       ,xqh.quote_submit_name
       ,xqh.deliv_price_tax_type
       ,xqh.unit_type
       ,xqh.special_note
       ,xqh.store_price_tax_type
FROM    xxcso_quote_headers    xqh
       ,xxcso_cust_accounts_v  xcav
WHERE   xqh.quote_header_id = :1
AND     xcav.account_number = xqh.account_number
   ]]></SQLQuery>
   <DesignTime>
      <Attr Name="_isCodegen" Value="true" />
      <Attr Name="_version" Value="9.0.3.14.00" />
      <Attr Name="_CodeGenFlagNew" Value="36" />
   </DesignTime>
   <ViewAttribute
      Name="QuoteHeaderId"
      IsPersistent="false"
      IsNotNull="true"
      Precision="15"
      Scale="0"
      Type="oracle.jbo.domain.Number"
      ColumnType="NUMBER"
      AliasName="QUOTE_HEADER_ID"
      Expression="QUOTE_HEADER_ID"
      SQLType="NUMERIC" >
      <DesignTime>
         <Attr Name="_DisplaySize" Value="22" />
      </DesignTime>
   </ViewAttribute>
   <ViewAttribute
      Name="QuoteNumber"
      IsPersistent="false"
      IsNotNull="true"
      Precision="12"
      Type="java.lang.String"
      ColumnType="VARCHAR2"
      AliasName="QUOTE_NUMBER"
      Expression="QUOTE_NUMBER"
      SQLType="VARCHAR" >
      <DesignTime>
         <Attr Name="_DisplaySize" Value="12" />
      </DesignTime>
   </ViewAttribute>
   <ViewAttribute
      Name="StoreName"
      IsPersistent="false"
      IsNotNull="true"
      Precision="360"
      Type="java.lang.String"
      ColumnType="VARCHAR2"
      AliasName="STORE_NAME"
      Expression="STORE_NAME"
      SQLType="VARCHAR" >
      <DesignTime>
         <Attr Name="_DisplaySize" Value="360" />
      </DesignTime>
   </ViewAttribute>
   <ViewAttribute
      Name="AccountNumber"
      IsPersistent="false"
      Precision="9"
      Type="java.lang.String"
      ColumnType="VARCHAR2"
      AliasName="ACCOUNT_NUMBER"
      Expression="ACCOUNT_NUMBER"
      SQLType="VARCHAR" >
      <DesignTime>
         <Attr Name="_DisplaySize" Value="9" />
      </DesignTime>
   </ViewAttribute>
   <ViewAttribute
      Name="PartyName"
      IsPersistent="false"
      IsNotNull="true"
      Precision="360"
      Type="java.lang.String"
      ColumnType="VARCHAR2"
      AliasName="PARTY_NAME"
      Expression="PARTY_NAME"
      SQLType="VARCHAR" >
      <DesignTime>
         <Attr Name="_DisplaySize" Value="360" />
      </DesignTime>
   </ViewAttribute>
   <ViewAttribute
      Name="DelivPlace"
      IsPersistent="false"
      Precision="20"
      Type="java.lang.String"
      ColumnType="VARCHAR2"
      AliasName="DELIV_PLACE"
      Expression="DELIV_PLACE"
      SQLType="VARCHAR" >
      <DesignTime>
         <Attr Name="_DisplaySize" Value="20" />
      </DesignTime>
   </ViewAttribute>
   <ViewAttribute
      Name="PaymentCondition"
      IsPersistent="false"
      Precision="20"
      Type="java.lang.String"
      ColumnType="VARCHAR2"
      AliasName="PAYMENT_CONDITION"
      Expression="PAYMENT_CONDITION"
      SQLType="VARCHAR" >
      <DesignTime>
         <Attr Name="_DisplaySize" Value="20" />
      </DesignTime>
   </ViewAttribute>
   <ViewAttribute
      Name="QuoteSubmitName"
      IsPersistent="false"
      Precision="40"
      Type="java.lang.String"
      ColumnType="VARCHAR2"
      AliasName="QUOTE_SUBMIT_NAME"
      Expression="QUOTE_SUBMIT_NAME"
      SQLType="VARCHAR" >
      <DesignTime>
         <Attr Name="_DisplaySize" Value="40" />
      </DesignTime>
   </ViewAttribute>
   <ViewAttribute
      Name="DelivPriceTaxType"
      IsPersistent="false"
      Precision="1"
      Type="java.lang.String"
      ColumnType="VARCHAR2"
      AliasName="DELIV_PRICE_TAX_TYPE"
      Expression="DELIV_PRICE_TAX_TYPE"
      SQLType="VARCHAR" >
      <DesignTime>
         <Attr Name="_DisplaySize" Value="1" />
      </DesignTime>
   </ViewAttribute>
   <ViewAttribute
      Name="UnitType"
      IsPersistent="false"
      Precision="1"
      Type="java.lang.String"
      ColumnType="VARCHAR2"
      AliasName="UNIT_TYPE"
      Expression="UNIT_TYPE"
      SQLType="VARCHAR" >
      <DesignTime>
         <Attr Name="_DisplaySize" Value="1" />
      </DesignTime>
   </ViewAttribute>
   <ViewAttribute
      Name="SpecialNote"
      IsPersistent="false"
      Precision="100"
      Type="java.lang.String"
      ColumnType="VARCHAR2"
      AliasName="SPECIAL_NOTE"
      Expression="SPECIAL_NOTE"
      SQLType="VARCHAR" >
      <DesignTime>
         <Attr Name="_DisplaySize" Value="100" />
      </DesignTime>
   </ViewAttribute>
   <ViewAttribute
      Name="StorePriceTaxType"
      IsPersistent="false"
      Precision="1"
      Type="java.lang.String"
      ColumnType="VARCHAR2"
      AliasName="STORE_PRICE_TAX_TYPE"
      Expression="STORE_PRICE_TAX_TYPE"
      SQLType="VARCHAR" >
      <DesignTime>
         <Attr Name="_DisplaySize" Value="1" />
      </DesignTime>
   </ViewAttribute>
</ViewObject>
