<?xml version="1.0" encoding='Windows-31J'?>
<!DOCTYPE ViewObject SYSTEM "jbo_03_01.dtd">

<ViewObject
   Name="XxcsoDeptMonthlyPlansInitVO"
   BindingStyle="Oracle"
   CustomQuery="true"
   RowClass="itoen.oracle.apps.xxcso.xxcso019003j.server.XxcsoDeptMonthlyPlansInitVORowImpl"
   ComponentClass="itoen.oracle.apps.xxcso.xxcso019003j.server.XxcsoDeptMonthlyPlansInitVOImpl"
   MsgBundleClass="oracle.jbo.common.JboResourceBundle"
   UseGlueCode="false" >
   <SQLQuery><![CDATA[
SELECT  xxcso_util_common_pkg.get_emp_parameter(
          xev.work_base_code_new
         ,xev.work_base_code_old
         ,xev.issue_date
         ,TRUNC(xxcso_util_common_pkg.get_online_sysdate)
        ) Work_base_code
       ,xxcso_util_common_pkg.get_emp_parameter(
          xev.work_base_name_new
         ,xev.work_base_name_old
         ,xev.issue_date
         ,TRUNC(xxcso_util_common_pkg.get_online_sysdate)
        ) Work_base_name
       ,TRUNC(xxcso_util_common_pkg.get_online_sysdate) current_date
FROM    xxcso_employees_v2  xev
WHERE   xev.user_id = fnd_global.user_id
   ]]></SQLQuery>
   <DesignTime>
      <Attr Name="_isCodegen" Value="true" />
      <Attr Name="_version" Value="9.0.3.14.00" />
      <Attr Name="_CodeGenFlagNew" Value="36" />
   </DesignTime>
   <ViewAttribute
      Name="WorkBaseCode"
      IsPersistent="false"
      Precision="4000"
      Type="java.lang.String"
      ColumnType="VARCHAR2"
      AliasName="WORK_BASE_CODE"
      Expression="WORK_BASE_CODE"
      SQLType="VARCHAR" >
      <DesignTime>
         <Attr Name="_DisplaySize" Value="4000" />
      </DesignTime>
   </ViewAttribute>
   <ViewAttribute
      Name="WorkBaseName"
      IsPersistent="false"
      Precision="4000"
      Type="java.lang.String"
      ColumnType="VARCHAR2"
      AliasName="WORK_BASE_NAME"
      Expression="WORK_BASE_NAME"
      SQLType="VARCHAR" >
      <DesignTime>
         <Attr Name="_DisplaySize" Value="4000" />
      </DesignTime>
   </ViewAttribute>
   <ViewAttribute
      Name="CurrentDate"
      IsPersistent="false"
      Type="oracle.jbo.domain.Date"
      ColumnType="DATE"
      AliasName="CURRENT_DATE"
      Expression="CURRENT_DATE"
      SQLType="DATE" >
      <DesignTime>
         <Attr Name="_DisplaySize" Value="7" />
      </DesignTime>
   </ViewAttribute>
</ViewObject>
