<?xml version = '1.0' encoding = 'UTF-8'?>
<!-- dbdrv: exec java oracle/jrad/tools/xml/importer XMLImporter.class java &phase=dat+24 checkfile:~PROD:~PATH:~FILE &fullpath:~PROD:~PATH:~FILE -username &un_apps -password &pw_apps -dbconnection &jdbc_db_addr  -userId "1" -rootPackage /oracle/apps/~PROD  -rootdir &fullpath:~PROD:mds:directory  -->
<page xmlns:jrad="http://xmlns.oracle.com/jrad" xmlns:oa="http://xmlns.oracle.com/oa" xmlns:ui="http://xmlns.oracle.com/uix/ui" version="9.0.3.8.10_1080" xml:lang="en-US" xmlns:user="http://xmlns.oracle.com/jrad/user" xmlns="http://xmlns.oracle.com/jrad" file-version="$Header$">
   <content>
      <oa:pageLayout id="PageLayoutRN" amDefName="oracle.apps.xx03.ar.search.server.Xx03InvoiceSearchAM" windowTitle="検索" title="売上請求" controllerClass="oracle.apps.xx03.ar.search.webui.Xx03InvoiceSearchCO">
         <ui:corporateBranding>
            <oa:image id="corporateBrandingImage" source="/OA_MEDIA/FNDSSCORP.gif"/>
         </ui:corporateBranding>
         <ui:productBranding>
            <oa:image id="ProdBrand" source="FNDHOMEBRAND.gif" shortDesc="Test"/>
         </ui:productBranding>
         <ui:contents>
            <oa:rawText id="message"/>
            <oa:messageComponentLayout id="ConditionRN">
               <ui:contents>
                  <oa:messageLayout id="ConditionLayoutRN">
                     <ui:contents>
                        <oa:hideShow id="DefaultSearchRN" shortDesc="検索" disclosed="true" disclosedText="検索" undisclosedText="検索">
                           <ui:contents>
                              <oa:messageComponentLayout id="DefaultConditionRN" columns="2" rows="6">
                                 <ui:contents>
                                    <oa:messageLovInput id="EntryDepartment" dataType="VARCHAR2" prompt="起票部門" viewName="Xx03ReceivableSearchCondVO1" viewAttr="EntryDepartmentName" maximumLength="4000" externalListOfValues="/oracle/apps/xx03/lov/webui/Xx03DepartmentsSearchLovRN" unvalidated="false" columns="40" selectiveSearchCriteria="true" comment="">
                                       <lovMappings>
                                          <lovMap id="EntryDeptIdLovMap" lovItem="FlexValue" resultTo="EntryDepartmentId"/>
                                          <lovMap id="EntryDeptNameLovMap" lovItem="DepartmentsCol" resultTo="EntryDepartment" criteriaFrom="EntryDepartment"/>
                                       </lovMappings>
                                    </oa:messageLovInput>
                                    <oa:messageLovInput id="EntryPersonName" dataType="VARCHAR2" prompt="伝票入力者" viewName="Xx03ReceivableSearchCondVO1" viewAttr="EntryPersonName" maximumLength="4000" columns="40" externalListOfValues="/oracle/apps/xx03/lov/webui/Xx03EntryPersonSearchLovRN" unvalidated="false" selectiveSearchCriteria="true" comment="伝票入力者">
                                       <lovMappings>
                                          <lovMap id="EntryPersonIdLovMap" lovItem="PersonId" resultTo="EntryPersonId"/>
                                          <lovMap id="EntryPersonNameLovMap" lovItem="EmployeeDisp" resultTo="EntryPersonName" criteriaFrom="EntryPersonName"/>
                                       </lovMappings>
                                    </oa:messageLovInput>
                                    <oa:messageChoice id="WfStatus" dataType="VARCHAR2" prompt="ステータス" viewName="Xx03ReceivableSearchCondVO1" viewAttr="WfStatus" pickListViewDef="oracle.apps.xx03.poplist.server.Xx03WfStatusPoplistVO" pickListViewName="Xx03WfStatusPoplistVO1" pickListDispAttr="Meaning" pickListValAttr="LookupCode" selectiveSearchCriteria="true"/>
                                    <oa:messageLovInput id="SlipTypeKind" dataType="VARCHAR2" prompt="伝票種別" viewName="Xx03ReceivableSearchCondVO1" viewAttr="SlipTypeName" maximumLength="240" externalListOfValues="/oracle/apps/xx03/lov/webui/Xx03ArSlipTypesSearchLovRN" unvalidated="false" columns="40" selectiveSearchCriteria="true">
                                       <lovMappings>
                                          <lovMap id="SlipTypeLovMap" lovItem="LookupCode" resultTo="SlipTypeCodeId"/>
                                          <lovMap id="SlipTypeNameLovMap" lovItem="Description" resultTo="SlipTypeKind" criteriaFrom="SlipTypeKind"/>
                                       </lovMappings>
                                    </oa:messageLovInput>
                                    <oa:messageTextInput id="ReceivableNum" dataType="VARCHAR2" prompt="伝票番号" viewName="Xx03ReceivableSearchCondVO1" viewAttr="ReceivableNum" maximumLength="50" columns="25" selectiveSearchCriteria="true"/>
                                    <oa:messageLovInput id="Approver" dataType="VARCHAR2" prompt="承認者" viewName="Xx03ReceivableSearchCondVO1" viewAttr="ApproverPersonName" maximumLength="500" columns="40" externalListOfValues="/oracle/apps/xx03/lov/webui/Xx03EntryPersonSearchLovRN" unvalidated="false" selectiveSearchCriteria="true">
                                       <lovMappings>
                                          <lovMap id="ApproverIdLovMap" lovItem="PersonId" resultTo="ApproverPersonId"/>
                                          <lovMap id="ApproverNameLovMap" lovItem="EmployeeDisp" resultTo="Approver" criteriaFrom="Approver"/>
                                       </lovMappings>
                                    </oa:messageLovInput>
                                    <oa:messageLovInput id="CustomerName" dataType="VARCHAR2" prompt="顧客" viewName="Xx03ReceivableSearchCondVO1" viewAttr="CustomerName" maximumLength="500" columns="40" externalListOfValues="/oracle/apps/xx03/lov/webui/Xx03ArCustomerSearchLovRN" unvalidated="false" selectiveSearchCriteria="true">
                                       <lovMappings>
                                          <lovMap id="CustomerIdLovMap" lovItem="CustomerId" resultTo="CustomerId"/>
                                          <lovMap id="CustomerNameLovMap" resultTo="CustomerName" criteriaFrom="CustomerName" lovItem="CustomerName"/>
                                       </lovMappings>
                                    </oa:messageLovInput>
                                    <oa:messageTextInput id="InvoiceDateStart" dataType="DATE" prompt="請求書日付（自）" viewName="Xx03ReceivableSearchCondVO1" viewAttr="InvoiceDateStart" selectiveSearchCriteria="true"/>
                                    <oa:messageTextInput id="InvoiceDateEnd" dataType="DATE" prompt="請求書日付（至）" viewName="Xx03ReceivableSearchCondVO1" viewAttr="InvoiceDateEnd" selectiveSearchCriteria="true"/>
                                    <oa:messageTextInput id="EntryDateStart" dataType="DATE" prompt="起票日（自）" viewName="Xx03ReceivableSearchCondVO1" viewAttr="EntryDateStart" selectiveSearchCriteria="true"/>
                                    <oa:messageTextInput id="EntryDateEnd" dataType="DATE" prompt="起票日（至）" viewName="Xx03ReceivableSearchCondVO1" viewAttr="EntryDateEnd" selectiveSearchCriteria="true"/>
                                 </ui:contents>
                              </oa:messageComponentLayout>
                           </ui:contents>
                        </oa:hideShow>
                        <oa:hideShow id="DetailSearchRN" shortDesc="詳細" disclosedText="詳細" undisclosedText="詳細">
                           <ui:contents>
                              <oa:messageComponentLayout id="DetailConditionRN" rows="2" columns="2">
                                 <ui:contents>
                                    <oa:messageTextInput id="GlDateStart" dataType="DATE" prompt="計上日（自）" viewName="Xx03ReceivableSearchCondVO1" viewAttr="GlDateStart" selectiveSearchCriteria="true"/>
                                    <oa:messageTextInput id="GlDateEnd" dataType="DATE" prompt="計上日（至）" viewName="Xx03ReceivableSearchCondVO1" viewAttr="GlDateEnd" selectiveSearchCriteria="true"/>
                                    <oa:messageTextInput id="PaymentScheduledDateStart" prompt="入金予定日（自）" selectiveSearchCriteria="true" dataType="DATE" viewName="Xx03ReceivableSearchCondVO1" viewAttr="PaymentScheduledDateStart"/>
                                    <oa:messageTextInput id="PaymentScheduledDateEnd" prompt="入金予定日（至）" selectiveSearchCriteria="true" dataType="DATE" viewName="Xx03ReceivableSearchCondVO1" viewAttr="PaymentScheduledDateEnd"/>
                                    <oa:messageLovInput id="ReceiptMethodName" viewAttr="ReceiptMethodName" viewName="Xx03ReceivableSearchCondVO1" maximumLength="500" externalListOfValues="/oracle/apps/xx03/lov/webui/Xx03ReceiptMethodSearchLovRN" unvalidated="false" columns="40" prompt="支払方法" selectiveSearchCriteria="true">
                                       <lovMappings>
                                          <lovMap id="ReceiptMethodIdLovMap" lovItem="BatchSourceId" resultTo="ReceiptMethodId"/>
                                          <lovMap id="ReceiptMethodNameLovMap" lovItem="ReceiptName" resultTo="ReceiptMethodName" criteriaFrom="ReceiptMethodName"/>
                                       </lovMappings>
                                    </oa:messageLovInput>
                                    <oa:messageLovInput id="LinesDepartment" viewAttr="Segment2Name" viewName="Xx03ReceivableSearchCondVO1" maximumLength="500" externalListOfValues="/oracle/apps/xx03/lov/webui/Xx03DepartmentsSearchLovRN" unvalidated="false" columns="40" prompt="" selectiveSearchCriteria="true">
                                       <lovMappings>
                                          <lovMap id="LinesDeptIdLovMap" lovItem="FlexValue" resultTo="LinesDepartmentId"/>
                                          <lovMap id="LinesDeptNameLovMap" lovItem="DepartmentsCol" resultTo="LinesDepartment" criteriaFrom="LinesDepartment"/>
                                       </lovMappings>
                                    </oa:messageLovInput>
                                    <oa:messageLovInput id="LinesAccountCode" viewAttr="Segment3Name" viewName="Xx03ReceivableSearchCondVO1" maximumLength="500" prompt="" columns="40" externalListOfValues="/oracle/apps/xx03/lov/webui/Xx03AccountsSearchLovRN" unvalidated="false" selectiveSearchCriteria="true">
                                       <lovMappings>
                                          <lovMap id="LinesAcctCodeIdLovMap" lovItem="FlexValue" resultTo="LinesAccountCodeId"/>
                                          <lovMap id="LinesAcctCodeLovMap" lovItem="AccountsCol" resultTo="LinesAccountCode" criteriaFrom="LinesAccountCode"/>
                                       </lovMappings>
                                    </oa:messageLovInput>
                                    <oa:messageTextInput id="ReconReference" viewAttr="ReconReference" viewName="Xx03ReceivableSearchCondVO1" maximumLength="150" prompt="明細：消込参照" selectiveSearchCriteria="true"/>
                                 </ui:contents>
                              </oa:messageComponentLayout>
                           </ui:contents>
                        </oa:hideShow>
                        <oa:formValue id="EntryDepartmentId" viewName="Xx03ReceivableSearchCondVO1" viewAttr="EntryDepartment" userCustomizable="false" comment="起票部門コード"/>
                        <oa:formValue id="EntryPersonId" viewName="Xx03ReceivableSearchCondVO1" viewAttr="EntryPersonId" dataType="NUMBER" comment="伝票入力ＩＤ"/>
                        <oa:formValue id="SlipTypeCodeId" viewName="Xx03ReceivableSearchCondVO1" viewAttr="SlipType" comment="伝票種別コード"/>
                        <oa:formValue id="ApproverPersonId" viewName="Xx03ReceivableSearchCondVO1" viewAttr="ApproverPersonId" dataType="NUMBER" comment="承認者ＩＤ"/>
                        <oa:formValue id="CustomerId" viewName="Xx03ReceivableSearchCondVO1" viewAttr="CustomerId" comment="顧客ＩＤ" dataType="NUMBER"/>
                        <oa:formValue id="ReceiptMethodId" viewName="Xx03ReceivableSearchCondVO1" viewAttr="ReceiptMethodId" comment="支払方法ＩＤ" dataType="NUMBER"/>
                        <oa:formValue id="LinesDepartmentId" viewName="Xx03ReceivableSearchCondVO1" viewAttr="Segment2"/>
                        <oa:formValue id="LinesAccountCodeId" viewName="Xx03ReceivableSearchCondVO1" viewAttr="Segment3"/>
                     </ui:contents>
                  </oa:messageLayout>
               </ui:contents>
            </oa:messageComponentLayout>
            <oa:flowLayout id="SearchBtnRN">
               <ui:contents>
                  <oa:submitButton id="ClearBtn" text="クリア" prompt="クリア"/>
                  <oa:submitButton id="SearchBtn" text="検索" prompt="検索"/>
               </ui:contents>
            </oa:flowLayout>
            <oa:separator id="separator1"/>
            <oa:spacer id="spacer1" height="5"/>
            <oa:table id="ApproveConfirmRN" rendered="true" serverUnvalidated="false" unvalidated="false">
               <ui:contents>
                  <oa:formValue id="ReceivableIdConfirm" dataType="NUMBER" prompt="ReceivableId" viewName="Xx03ResultReceivableVO1" viewAttr="ReceivableId"/>
                  <oa:formValue id="WfStatusConfirm" dataType="VARCHAR2" prompt="ステータスコード" viewName="Xx03ResultReceivableVO1" viewAttr="WfStatus"/>
                  <oa:messageStyledText id="MeaningConfirm" dataType="VARCHAR2" prompt="ステータス" viewName="Xx03ResultReceivableVO1" viewAttr="Meaning" sortState="no"/>
                  <oa:messageStyledText id="ReceivableNumConfirm" dataType="VARCHAR2" prompt="伝票番号" viewName="Xx03ResultReceivableVO1" viewAttr="ReceivableNum" maximumLength="50" sortState="no"/>
                  <oa:messageStyledText id="SlipTypeConfirm" dataType="VARCHAR2" prompt="伝票種別" viewName="Xx03ResultReceivableVO1" viewAttr="Sliptypename" maximumLength="25" sortState="no"/>
                  <oa:formValue id="CustomerIdConfirm" dataType="NUMBER" prompt="顧客ID" viewName="Xx03ResultReceivableVO1" viewAttr="CustomerId"/>
                  <oa:messageStyledText id="CustmoerNameConfirm" dataType="VARCHAR2" prompt="顧客名" viewName="Xx03ResultReceivableVO1" viewAttr="CustomerName" maximumLength="15" sortState="no"/>
                  <oa:messageStyledText id="InvoiceDateConfirm" dataType="DATE" prompt="請求書日付" viewName="Xx03ResultReceivableVO1" viewAttr="InvoiceDate" sortState="no"/>
                  <oa:messageStyledText id="InvoiceAmountConfirm" dataType="VARCHAR2" prompt="合計金額" viewName="Xx03ResultReceivableVO1" viewAttr="InvAmount"/>
                  <oa:messageStyledText id="InvoiceCurrencyCodeConfirm" viewAttr="InvoiceCurrencyCode" viewName="Xx03ResultReceivableVO1" maximumLength="15" prompt="通貨"/>
               </ui:contents>
            </oa:table>
            <oa:table id="ApproverResultRN" rendered="true" serverUnvalidated="false" unvalidated="false">
               <ui:contents>
                  <oa:formValue id="ReceivableId" dataType="NUMBER" prompt="ReceivableId" viewName="Xx03ResultReceivableVO1" viewAttr="ReceivableId"/>
                  <oa:button id="ConfirmBtn" destination="" text="確認" prompt="確認">
                     <ui:primaryClientAction>
                        <ui:fireAction event="Confirm">
                           <ui:parameters>
                              <ui:parameter key="receivableId" value="${oa.Xx03ResultReceivableVO1.ReceivableId}"/>
                           </ui:parameters>
                        </ui:fireAction>
                     </ui:primaryClientAction>
                  </oa:button>
                  <oa:formValue id="WfStatus1" dataType="VARCHAR2" prompt="ステータスコード" viewName="Xx03ResultReceivableVO1" viewAttr="WfStatus"/>
                  <oa:messageStyledText id="Meaning" dataType="VARCHAR2" prompt="ステータス" viewName="Xx03ResultReceivableVO1" viewAttr="Meaning" sortState="yes"/>
                  <oa:messageStyledText id="ReceivableNumA" dataType="VARCHAR2" prompt="伝票番号" viewName="Xx03ResultReceivableVO1" viewAttr="ReceivableNum" maximumLength="50" sortState="yes"/>
                  <oa:messageStyledText id="SlipType" dataType="VARCHAR2" prompt="伝票種別" viewName="Xx03ResultReceivableVO1" viewAttr="Sliptypename" maximumLength="25" sortState="yes"/>
                  <oa:formValue id="CustomerIdA" dataType="NUMBER" prompt="顧客ID" viewName="Xx03ResultReceivableVO1" viewAttr="CustomerId"/>
                  <oa:messageStyledText id="CustomerNameA" dataType="VARCHAR2" prompt="仕入先" viewName="Xx03ResultReceivableVO1" viewAttr="CustomerName" maximumLength="15" sortState="yes"/>
                  <oa:messageStyledText id="InvoiceDate" dataType="DATE" prompt="請求書日付" viewName="Xx03ResultReceivableVO1" viewAttr="InvoiceDate" sortState="yes"/>
                  <oa:messageStyledText id="InvoiceAmount" dataType="VARCHAR2" prompt="合計金額" viewName="Xx03ResultReceivableVO1" viewAttr="InvAmount" sortState="no"/>
                  <oa:messageStyledText id="InvoiceCurrencyCode" viewAttr="InvoiceCurrencyCode" viewName="Xx03ResultReceivableVO1" maximumLength="15" prompt="通貨" sortState="no"/>
               </ui:contents>
               <ui:tableSelection>
                  <oa:multipleSelection id="multipleSelection1" viewAttr="FormSelectFlag">
                     <ui:contents>
                        <oa:selectionButton id="selectionButton1" rendered="false"/>
                     </ui:contents>
                  </oa:multipleSelection>
               </ui:tableSelection>
            </oa:table>
            <oa:table id="ResultRN" shortDesc="Search Result" userCustomizable="false" adminCustomizable="true">
               <ui:contents>
                  <oa:formValue id="ReceivaleIdResult" dataType="NUMBER" prompt="InterfaceId" viewName="Xx03ResultReceivableVO1" viewAttr="ReceivableId"/>
                  <oa:button id="ConfirmBtnResult" destination="" viewName="Xx03ResultReceivableVO1" text="確認" prompt="確認">
                     <ui:primaryClientAction>
                        <ui:fireAction event="Confirm">
                           <ui:parameters>
                              <ui:parameter key="receivableId" value="${oa.Xx03ResultReceivableVO1.ReceivableId}"/>
                           </ui:parameters>
                        </ui:fireAction>
                     </ui:primaryClientAction>
                  </oa:button>
                  <oa:formValue id="WfStatusResult" dataType="VARCHAR2" prompt="WfStatus" viewName="Xx03ResultReceivableVO1" viewAttr="WfStatus"/>
                  <oa:messageStyledText id="WfStatusMeaningResult" viewName="Xx03ResultReceivableVO1" viewAttr="Meaning" sortState="yes" prompt="ステータス"/>
                  <oa:messageStyledText id="ReceivableNumResult" dataType="VARCHAR2" prompt="伝票番号" viewName="Xx03ResultReceivableVO1" viewAttr="ReceivableNum" maximumLength="50" sortState="yes"/>
                  <oa:messageStyledText id="SlipTypeResult" dataType="VARCHAR2" prompt="伝票種別" viewName="Xx03ResultReceivableVO1" viewAttr="Sliptypename" maximumLength="25" sortState="yes"/>
                  <oa:messageStyledText id="CustmerResult" dataType="VARCHAR2" prompt="顧客" viewName="Xx03ResultReceivableVO1" viewAttr="CustomerName" maximumLength="25" sortState="yes"/>
                  <oa:messageStyledText id="InVoiceDateResult" dataType="DATE" prompt="請求書日付" viewName="Xx03ResultReceivableVO1" viewAttr="InvoiceDate" sortState="yes"/>
                  <oa:messageStyledText id="TotalEnteredDrResult" dataType="VARCHAR2" prompt="合計金額" viewName="Xx03ResultReceivableVO1" viewAttr="InvAmount" sortState="no"/>
                  <oa:messageStyledText id="CurrencyCodeResult" dataType="VARCHAR2" prompt="通貨" viewName="Xx03ResultReceivableVO1" viewAttr="InvoiceCurrencyCode" maximumLength="15" sortState="no"/>
                  <oa:image id="DeleteBtnResult" destination="{$DeleteUri}" viewName="Xx03ResultReceivableVO1" viewAttr="DeleteGif" prompt="削除" source="{$DeleteGif}" imageHeight="24" imageWidth="24"/>
               </ui:contents>
            </oa:table>
            <oa:flowLayout id="DeleteConfirmRN">
               <ui:contents>
                  <oa:submitButton id="DeleteYesBtn" text="はい" prompt="はい"/>
                  <oa:submitButton id="DeleteNoBtn" text="いいえ" prompt="いいえ" comment="一括承認"/>
               </ui:contents>
            </oa:flowLayout>
            <oa:flowLayout id="MassApprovalRN">
               <ui:contents>
                  <oa:submitButton id="MassApprovalBtn" text="一括承認" prompt="一括承認"/>
                  <oa:submitButton id="approveYes" prompt="承認" serverUnvalidated="true" unvalidated="true" text="承認"/>
                  <oa:submitButton id="approveNo" prompt="戻る" serverUnvalidated="true" unvalidated="true" text="戻る"/>
               </ui:contents>
            </oa:flowLayout>
            <oa:formValue id="searchKind"/>
            <oa:formValue id="delReceivableId" dataType="NUMBER"/>
            <oa:formValue id="delReceivableNum"/>
         </ui:contents>
      </oa:pageLayout>
   </content>
</page>
