<?xml version="1.0" encoding='Windows-31J'?>
<!DOCTYPE ViewObject SYSTEM "jbo_03_01.dtd">

<ViewObject
   Name="XxcsoAccountRtnRsrcLovVO"
   BindingStyle="Oracle"
   CustomQuery="true"
   RowClass="itoen.oracle.apps.xxcso.xxcso019009j.lov.server.XxcsoAccountRtnRsrcLovVORowImpl"
   ComponentClass="itoen.oracle.apps.xxcso.xxcso019009j.lov.server.XxcsoAccountRtnRsrcLovVOImpl"
   MsgBundleClass="oracle.jbo.common.JboResourceBundle"
   FetchMode="FETCH_AS_NEEDED"
   UseGlueCode="false" >
   <SQLQuery><![CDATA[
SELECT  xcav.account_number
       ,xcav.party_name
       ,xcav.rsv_sale_base_code rtn_base_code
       ,rsrc.employee_number
       ,rtn.route_number
       ,xcav.cust_account_id
       ,'Y' is_rsv
FROM    xxcso_cust_accounts_v   xcav
       ,xxcso_cust_resources_v2 rsrc
       ,xxcso_cust_routes_v2    rtn
WHERE   xcav.rsv_sale_base_code IS NOT NULL
AND     xcav.rsv_sale_base_act_date >= TRUNC(xxcso_util_common_pkg.get_online_sysdate + 1)
AND     xcav.rsv_sale_base_act_date <= TRUNC(LAST_DAY(ADD_MONTHS(xxcso_util_common_pkg.get_online_sysdate, 1)))
AND     NVL(xcav.customer_class_code, '  ') || '-' || NVL(xcav.customer_status, '  ') IN
          ('10-10', '10-20', '10-25', '10-30', '10-40', '10-50', '15-99', '17-99')
AND     rsrc.account_number(+)       = xcav.account_number
AND     rtn.account_number(+)        = xcav.account_number
UNION
SELECT  xcav.account_number
       ,xcav.party_name
       ,xcav.sale_base_code rtn_base_code
       ,rsrc.employee_number
       ,rtn.route_number
       ,xcav.cust_account_id
       ,'N' is_rsv
FROM    xxcso_cust_accounts_v   xcav
       ,xxcso_cust_resources_v2 rsrc
       ,xxcso_cust_routes_v2    rtn
WHERE   NVL(xcav.customer_class_code, '  ') || '-' || NVL(xcav.customer_status, '  ') IN
          ('10-10', '10-20', '10-25', '10-30', '10-40', '10-50', '15-99', '17-99')
AND     rsrc.account_number(+)       = xcav.account_number
AND     rtn.account_number(+)        = xcav.account_number
   ]]></SQLQuery>
   <DesignTime>
      <Attr Name="_isCodegen" Value="true" />
      <Attr Name="_version" Value="9.0.3.14.00" />
      <Attr Name="_CodeGenFlagNew" Value="36" />
   </DesignTime>
   <ViewAttribute
      Name="AccountNumber"
      IsPersistent="false"
      IsNotNull="true"
      Precision="30"
      Type="java.lang.String"
      ColumnType="VARCHAR2"
      AliasName="ACCOUNT_NUMBER"
      Expression="ACCOUNT_NUMBER"
      SQLType="VARCHAR" >
      <DesignTime>
         <Attr Name="_DisplaySize" Value="30" />
      </DesignTime>
   </ViewAttribute>
   <ViewAttribute
      Name="PartyName"
      IsPersistent="false"
      IsNotNull="true"
      Precision="360"
      Type="java.lang.String"
      ColumnType="VARCHAR2"
      AliasName="PARTY_NAME"
      Expression="PARTY_NAME"
      SQLType="VARCHAR" >
      <DesignTime>
         <Attr Name="_DisplaySize" Value="360" />
      </DesignTime>
   </ViewAttribute>
   <ViewAttribute
      Name="RtnBaseCode"
      IsPersistent="false"
      Precision="4"
      Type="java.lang.String"
      ColumnType="VARCHAR2"
      AliasName="RTN_BASE_CODE"
      Expression="RTN_BASE_CODE"
      SQLType="VARCHAR" >
   </ViewAttribute>
   <ViewAttribute
      Name="EmployeeNumber"
      IsPersistent="false"
      Precision="5"
      Type="java.lang.String"
      ColumnType="VARCHAR2"
      AliasName="EMPLOYEE_NUMBER"
      Expression="EMPLOYEE_NUMBER"
      SQLType="VARCHAR" >
      <DesignTime>
         <Attr Name="_DisplaySize" Value="150" />
      </DesignTime>
   </ViewAttribute>
   <ViewAttribute
      Name="RouteNumber"
      IsPersistent="false"
      Precision="7"
      Type="java.lang.String"
      ColumnType="VARCHAR2"
      AliasName="ROUTE_NUMBER"
      Expression="ROUTE_NUMBER"
      SQLType="VARCHAR" >
      <DesignTime>
         <Attr Name="_DisplaySize" Value="150" />
      </DesignTime>
   </ViewAttribute>
   <ViewAttribute
      Name="CustAccountId"
      IsPersistent="false"
      IsNotNull="true"
      Precision="15"
      Scale="0"
      Type="oracle.jbo.domain.Number"
      ColumnType="NUMBER"
      AliasName="CUST_ACCOUNT_ID"
      Expression="CUST_ACCOUNT_ID"
      SQLType="NUMERIC" >
      <DesignTime>
         <Attr Name="_DisplaySize" Value="22" />
      </DesignTime>
   </ViewAttribute>
   <ViewAttribute
      Name="IsRsv"
      IsPersistent="false"
      Precision="1"
      Type="java.lang.String"
      ColumnType="CHAR"
      AliasName="IS_RSV"
      Expression="IS_RSV"
      SQLType="VARCHAR" >
      <DesignTime>
         <Attr Name="_DisplaySize" Value="1" />
      </DesignTime>
   </ViewAttribute>
</ViewObject>
