<?xml version = '1.0' encoding = 'UTF-8'?>
<!-- dbdrv: exec java oracle/jrad/tools/xml/importer XMLImporter.class java &phase=dat+24 checkfile:~PROD:~PATH:~FILE &fullpath:~PROD:~PATH:~FILE -username &un_apps -password &pw_apps -dbconnection &jdbc_db_addr  -userId "1" -rootPackage /oracle/apps/~PROD  -rootdir &fullpath:~PROD:mds:directory  -->
<!--*Attention
* For KROWN:124532, You must not use multi-byte character in this file.
* If you use it example prompt, use attributesets.

DESCRIPTION
Search item information LOV region by shared for regist sales decision information.

@see itoen.oracle.apps.xxcso.xxcso007003j.lov.server.XxcsoSalesRegistLovAM.xml
@see itoen.oracle.apps.xxcso.xxcso007003j.lov.server.XxcsoSalesRegistLovAM.java

HISTORY
2009/01/07  H.Ogawa        new-->
<oa:listOfValues version="9.0.3.8.13_1566" xml:lang="en-US" xmlns:oa="http://xmlns.oracle.com/oa" xmlns:jrad="http://xmlns.oracle.com/jrad" xmlns:ui="http://xmlns.oracle.com/uix/ui" xmlns:user="http://xmlns.oracle.com/jrad/user" xmlns="http://xmlns.oracle.com/jrad" file-version="$Header$" amDefName="itoen.oracle.apps.xxcso.xxcso007003j.lov.server.XxcsoSalesRegistLovAM" advancedSearchAllowed="true" scope="/">
   <ui:contents>
      <oa:table name="XxcsoInventoryItemLovRN" id="XxcsoInventoryItemTblRN" use="/itoen/oracle/apps/xxcso/xxcso007003j/attributesets/XxcsoSalesRegistAttrSets/XxcsoInventoryItemTblRN">
         <ui:contents>
            <oa:formValue id="InventoryItemId" dataType="NUMBER" viewName="XxcsoInventoryItemLovVO1" viewAttr="InventoryItemId"/>
            <oa:messageStyledText id="InventoryItemCode" viewName="XxcsoInventoryItemLovVO1" viewAttr="InventoryItemCode" maximumLength="40" queryable="true" selectiveSearchCriteria="true" sortState="yes" initSortSeq="first" use="/itoen/oracle/apps/xxcso/xxcso007003j/attributesets/XxcsoSalesRegistAttrSets/LovInventoryItemCode"/>
            <oa:messageStyledText id="ItemShortName" viewName="XxcsoInventoryItemLovVO1" viewAttr="ItemShortName" maximumLength="20" queryable="true" selectiveSearchCriteria="true" sortState="yes" use="/itoen/oracle/apps/xxcso/xxcso007003j/attributesets/XxcsoSalesRegistAttrSets/LovItemShortName"/>
            <oa:formValue id="CaseIncNum" viewName="XxcsoInventoryItemLovVO1" viewAttr="CaseIncNum"/>
            <oa:formValue id="JanCode" viewName="XxcsoInventoryItemLovVO1" viewAttr="JanCode"/>
            <oa:formValue id="ItfCode" viewName="XxcsoInventoryItemLovVO1" viewAttr="ItfCode"/>
         </ui:contents>
      </oa:table>
   </ui:contents>
</oa:listOfValues>
