<?xml version="1.0" encoding='Shift_JIS'?>
<!DOCTYPE ViewObject SYSTEM "jbo_03_01.dtd">

<ViewObject
   Name="Xx03GetDffPromptVO"
   BindingStyle="Oracle"
   CustomQuery="true"
   RowClass="oracle.apps.xx03.ar.search.server.Xx03GetDffPromptVORowImpl"
   ComponentClass="oracle.apps.xx03.ar.search.server.Xx03GetDffPromptVOImpl"
   MsgBundleClass="oracle.jbo.common.JboResourceBundle"
   UseGlueCode="false" >
   <SQLQuery><![CDATA[
SELECT xx03_get_prompt_pkg.dff_attribute(:1, :2, :3) as attribute1_prompt
      ,xx03_get_prompt_pkg.dff_attribute(:4, :5, :6) as attribute2_prompt
  FROM DUAL
   ]]></SQLQuery>
   <DesignTime>
      <Attr Name="_isCodegen" Value="true" />
      <Attr Name="_version" Value="9.0.3.12.53" />
      <Attr Name="_CodeGenFlagNew" Value="36" />
   </DesignTime>
   <ViewAttribute
      Name="Attribute1Prompt"
      IsPersistent="false"
      Precision="4000"
      Type="java.lang.String"
      AliasName="ATTRIBUTE1_PROMPT"
      ColumnType="VARCHAR2"
      Expression="ATTRIBUTE1_PROMPT"
      SQLType="VARCHAR" >
      <DesignTime>
         <Attr Name="_DisplaySize" Value="4000" />
      </DesignTime>
   </ViewAttribute>
   <ViewAttribute
      Name="Attribute2Prompt"
      IsPersistent="false"
      Precision="4000"
      Type="java.lang.String"
      AliasName="ATTRIBUTE2_PROMPT"
      ColumnType="VARCHAR2"
      Expression="ATTRIBUTE2_PROMPT"
      SQLType="VARCHAR" >
      <DesignTime>
         <Attr Name="_DisplaySize" Value="4000" />
      </DesignTime>
   </ViewAttribute>
</ViewObject>
