<?xml version = '1.0' encoding = 'UTF-8'?>
<!-- dbdrv: exec java oracle/jrad/tools/xml/importer XMLImporter.class java &phase=dat+24 checkfile:~PROD:~PATH:~FILE &fullpath:~PROD:~PATH:~FILE -username &un_apps -password &pw_apps -dbconnection &jdbc_db_addr  -userId "1" -rootPackage /oracle/apps/~PROD  -rootdir &fullpath:~PROD:mds:directory  -->
<page xmlns:jrad="http://xmlns.oracle.com/jrad" xmlns:oa="http://xmlns.oracle.com/oa" xmlns:ui="http://xmlns.oracle.com/uix/ui" version="9.0.3.8.12_1330" xml:lang="en-US" xmlns:user="http://xmlns.oracle.com/jrad/user" xmlns="http://xmlns.oracle.com/jrad" file-version="$Header$">
   <content>
      <oa:pageLayout id="PageLayotutRN" amDefName="oracle.apps.xx03.gl.input.server.Xx03GlJournalSlipInputAM" windowTitle="経理修正" title="仕訳" warnAboutChanges="true" controllerClass="oracle.apps.xx03.gl.acctmodify.webui.Xx03JournalAcctModifyCO">
         <ui:corporateBranding>
            <oa:image id="corporateBrandingImage" source="/OA_MEDIA/FNDSSCORP.gif"/>
         </ui:corporateBranding>
         <ui:productBranding>
            <oa:image id="ProdBrand" source="FNDHOMEBRAND.gif" shortDesc="Test"/>
         </ui:productBranding>
         <ui:contents>
            <oa:pageButtonBar id="PageButton">
               <ui:contents>
                  <oa:submitButton id="Confirm" text="修正確認" prompt="修正確認" unvalidated="true"/>
                  <oa:submitButton id="Back" text="戻る" prompt="戻る" unvalidated="true" serverUnvalidated="true"/>
               </ui:contents>
            </oa:pageButtonBar>
            <oa:hideShowHeader id="SlipInfoHydeShowRN" text="申請情報" serverUnvalidated="true" unvalidated="true" styleClass="OraDataText">
               <ui:contents>
                  <oa:messageComponentLayout id="SlipInfoRN" rows="2" width="70%">
                     <ui:contents>
                        <oa:messageStyledText id="ApproverPersonName" dataType="VARCHAR2" prompt="承認者" viewName="Xx03JournalSlipsVO1" viewAttr="ApproverPersonName" maximumLength="500" styleClass="OraDataText"/>
                        <oa:messageStyledText id="EntryDate" dataType="DATE" prompt="起票日" viewName="Xx03JournalSlipsVO1" viewAttr="EntryDate" styleClass="OraDataText"/>
                        <oa:messageStyledText id="EntryDepartmentName" prompt="起票部門" styleClass="OraDataText" viewName="Xx03JournalSlipsVO1" viewAttr="EntryDepartmentName"/>
                        <oa:messageStyledText id="EntryPersonName" prompt="伝票入力者" styleClass="OraDataText" viewName="Xx03JournalSlipsVO1" viewAttr="EntryPersonName"/>
                     </ui:contents>
                  </oa:messageComponentLayout>
               </ui:contents>
            </oa:hideShowHeader>
            <oa:header id="SlipHeaderTitleRN" styleClass="OraDataText"/>
            <oa:messageComponentLayout id="SlipHeaderRN" columns="2" width="70%" rows="4">
               <ui:contents>
                  <oa:messageStyledText id="JournalNum" dataType="VARCHAR2" prompt="伝票番号" viewName="Xx03JournalSlipsVO1" viewAttr="JournalNum" maximumLength="50" styleClass="OraDataText"/>
                  <oa:messageLovInput id="PeriodName" dataType="VARCHAR2" prompt="会計期間" viewName="Xx03JournalSlipsVO1" viewAttr="PeriodName" maximumLength="15" externalListOfValues="/oracle/apps/xx03/lov/webui/Xx03GlPeriodOpenLovRN" styleClass="OraFieldText" required="yes" disabled="true">
                     <lovMappings>
                        <lovMap id="lovMap3" lovItem="PeriodName" resultTo="PeriodName" criteriaFrom="PeriodName"/>
                     </lovMappings>
                  </oa:messageLovInput>
                  <oa:messageTextInput id="GlDate" dataType="DATE" prompt="計上日" viewName="Xx03JournalSlipsVO1" viewAttr="GlDate" styleClass="OraFieldText" required="yes" disabled="true"/>
                  <oa:messageTextInput id="Description" dataType="VARCHAR2" prompt="備考" viewName="Xx03JournalSlipsVO1" viewAttr="Description" maximumLength="240" styleClass="OraFieldText" rows="4" disabled="true"/>
                  <oa:messageStyledText id="OrigJournalNum" dataType="VARCHAR2" prompt="修正元伝票番号" viewName="Xx03JournalSlipsVO1" viewAttr="OrigJournalNum" maximumLength="150" styleClass="OraDataText"/>
                  <oa:messageStyledText id="InvoiceCurrencyCode" dataType="VARCHAR2" prompt="通貨" viewName="Xx03JournalSlipsVO1" viewAttr="InvoiceCurrencyCode" maximumLength="15" styleClass="OraDataText"/>
                  <oa:messageStyledText id="ExchangeRate" dataType="NUMBER" prompt="レート" viewName="Xx03JournalSlipsVO1" viewAttr="ExchangeRate" styleClass="OraDataText"/>
                  <oa:messageStyledText id="ExchangeRateTypeName" dataType="VARCHAR2" prompt="レートタイプ" viewName="Xx03JournalSlipsVO1" viewAttr="ExchangeRateTypeName" maximumLength="500" styleClass="OraDataText"/>
                  <oa:messageCheckBox id="IgnoreRateFlag" dataType="VARCHAR2" text="自動計算" prompt="自動計算" viewName="Xx03JournalSlipsVO1" viewAttr="IgnoreRateFlag" styleClass="OraFieldText" readOnly="true" disabled="true"/>
                  <oa:messageLayout id="messageLayout9">
                     <ui:contents>
                        <oa:formValue id="ExchangeRateType" dataType="VARCHAR2" prompt="レートタイプコード" viewName="Xx03JournalSlipsVO1" viewAttr="ExchangeRateType"/>
                        <oa:formValue id="SlipType" dataType="VARCHAR2" prompt="伝票種別コード" viewName="Xx03JournalSlipsVO1" viewAttr="SlipType"/>
                        <oa:formValue id="AutoTaxCalcFlag" dataType="VARCHAR2" prompt="消費税自動計算レベル" viewName="Xx03JournalSlipsVO1" viewAttr="AutoTaxCalcFlag"/>
                        <oa:formValue id="ApTaxRoundingRule" dataType="VARCHAR2" prompt="消費税端数処理" viewName="Xx03JournalSlipsVO1" viewAttr="ApTaxRoundingRule"/>
                     </ui:contents>
                  </oa:messageLayout>
               </ui:contents>
            </oa:messageComponentLayout>
            <oa:header id="SlipSummaryTitleRN" text="合計金額" styleClass="OraDataText"/>
            <oa:messageComponentLayout id="SlipSummaryRN" columns="2" rows="4" width="80%">
               <ui:contents>
                  <oa:messageStyledText id="DispTotalEnteredDr" dataType="VARCHAR2" prompt="借方合計金額" viewName="Xx03JournalSlipsVO1" viewAttr="DispTotalEnteredDr" styleClass="OraDataText"/>
                  <oa:messageStyledText id="DispTotalAccountedDr" dataType="VARCHAR2" prompt="借方換算済合計金額" viewName="Xx03JournalSlipsVO1" viewAttr="DispTotalAccountedDr" styleClass="OraDataText"/>
                  <oa:messageStyledText id="DispTotalItemEnteredDr" dataType="VARCHAR2" prompt="借方本体合計金額" viewName="Xx03JournalSlipsVO1" viewAttr="DispTotalItemEnteredDr" styleClass="OraDataText"/>
                  <oa:messageStyledText id="DispTotalTaxEnteredDr" dataType="VARCHAR2" prompt="借方消費税合計金額" viewName="Xx03JournalSlipsVO1" viewAttr="DispTotalTaxEnteredDr" styleClass="OraDataText"/>
                  <oa:messageStyledText id="DispTotalEnteredCr" dataType="VARCHAR2" prompt="貸方合計金額" viewName="Xx03JournalSlipsVO1" viewAttr="DispTotalEnteredCr" styleClass="OraDataText"/>
                  <oa:messageStyledText id="DispTotalAccountedCr" dataType="VARCHAR2" prompt="貸方換算済合計金額" viewName="Xx03JournalSlipsVO1" viewAttr="DispTotalAccountedCr" styleClass="OraDataText"/>
                  <oa:messageStyledText id="DispTotalItemEnteredCr" dataType="VARCHAR2" prompt="貸方本体合計金額" viewName="Xx03JournalSlipsVO1" viewAttr="DispTotalItemEnteredCr" styleClass="OraDataText"/>
                  <oa:messageStyledText id="DispTotalTaxEnteredCr" dataType="VARCHAR2" prompt="貸方消費税合計金額" viewName="Xx03JournalSlipsVO1" viewAttr="DispTotalTaxEnteredCr" styleClass="OraDataText"/>
               </ui:contents>
            </oa:messageComponentLayout>
            <oa:header id="SlipLineTitleRN" text="仕訳明細" styleClass="OraDataText"/>
            <oa:subTabLayout id="SlipLineRN">
               <ui:contents>
                  <oa:advancedTable id="SlipLinesDrRN" viewName="Xx03JournalSlipLinesDrVO1" blockSize="5" unvalidated="true">
                     <ui:contents>
                        <oa:column id="ColumnDr1">
                           <ui:columnHeader>
                              <oa:sortableHeader id="ColumnHdrDr1" prompt="No" initSortSeq="first"/>
                           </ui:columnHeader>
                           <ui:contents>
                              <oa:messageStyledText id="LineNumber" dataType="NUMBER" viewAttr="LineNumber" maximumLength="15" selectiveSearchCriteria="true" serverUnvalidated="true" styleClass="OraDataText" vAlign="middle"/>
                           </ui:contents>
                        </oa:column>
                        <oa:column id="ColumnDr2">
                           <ui:columnHeader>
                              <oa:sortableHeader id="ColumnHdrDr2" prompt="会計フレックス・フィールド"/>
                           </ui:columnHeader>
                           <ui:contents>
                              <oa:messageComponentLayout id="ColumnDr2RN">
                                 <ui:contents>
                                    <oa:messageStyledText id="SlipLineTypeNameDr" dataType="VARCHAR2" prompt="摘要コード" viewAttr="SlipLineTypeNameDr" maximumLength="500" styleClass="OraFieldText"/>
                                    <oa:messageLovInput id="Segment1Name" dataType="VARCHAR2" prompt="会社" maximumLength="150" externalListOfValues="/oracle/apps/xx03/lov/webui/Xx03CompaniesLovRN" viewAttr="Segment1Name" vAlign="top" styleClass="OraFieldText" required="yes">
                                       <lovMappings>
                                          <lovMap id="lovMap10" lovItem="CompaniesCol" resultTo="Segment1Name" criteriaFrom="Segment1Name"/>
                                          <lovMap id="lovMap11" lovItem="FlexValue" resultTo="Segment1"/>
                                       </lovMappings>
                                    </oa:messageLovInput>
                                    <oa:messageLovInput id="Segment2Name" dataType="VARCHAR2" prompt="部門" viewAttr="Segment2Name" maximumLength="150" externalListOfValues="/oracle/apps/xx03/lov/webui/Xx03DepartmentsLovRN" vAlign="top" styleClass="OraFieldText" required="yes">
                                       <lovMappings>
                                          <lovMap id="lovMap12" lovItem="DepartmentsCol" resultTo="Segment2Name" criteriaFrom="Segment2Name"/>
                                          <lovMap id="lovMap13" lovItem="FlexValue" resultTo="Segment2"/>
                                       </lovMappings>
                                    </oa:messageLovInput>
                                    <oa:messageLovInput id="Segment3Name" dataType="VARCHAR2" prompt="勘定科目" viewAttr="Segment3Name" maximumLength="150" externalListOfValues="/oracle/apps/xx03/lov/webui/Xx03AccountsAllLovRN" vAlign="top" styleClass="OraFieldText" required="yes">
                                       <lovMappings>
                                          <lovMap id="lovMap14" lovItem="AccountsCol" resultTo="Segment3Name" criteriaFrom="Segment3Name"/>
                                          <lovMap id="lovMap15" lovItem="FlexValue" resultTo="Segment3"/>
                                       </lovMappings>
                                    </oa:messageLovInput>
                                    <oa:messageLovInput id="Segment4Name" dataType="VARCHAR2" prompt="補助科目" viewAttr="Segment4Name" maximumLength="150" externalListOfValues="/oracle/apps/xx03/lov/webui/Xx03SubAccountsLovRN" vAlign="top" styleClass="OraFieldText" required="yes">
                                       <lovMappings>
                                          <lovMap id="lovMap16" lovItem="SubAccountsCol" resultTo="Segment4Name" criteriaFrom="Segment4Name"/>
                                          <lovMap id="lovMap17" lovItem="FlexValue" resultTo="Segment4"/>
                                          <lovMap id="lovMap18" lovItem="ParentFlexValueLow" criteriaFrom="Segment3" requiredForLOV="true" programmaticQuery="true"/>
                                          <lovMap id="lovMap402" lovItem="ParentFlexValueLow" criteriaFrom="Segment31"/>
                                       </lovMappings>
                                    </oa:messageLovInput>
                                    <oa:messageLovInput id="Segment5Name" dataType="VARCHAR2" prompt="相手先" viewAttr="Segment5Name" maximumLength="150" externalListOfValues="/oracle/apps/xx03/lov/webui/Xx03PartnersLovRN" vAlign="top" styleClass="OraFieldText" required="yes">
                                       <lovMappings>
                                          <lovMap id="lovMap19" lovItem="PartnersCol" resultTo="Segment5Name" criteriaFrom="Segment5Name"/>
                                          <lovMap id="lovMap20" lovItem="FlexValue" resultTo="Segment5"/>
                                       </lovMappings>
                                    </oa:messageLovInput>
                                    <oa:messageLovInput id="Segment6Name" dataType="VARCHAR2" prompt="事業区分" viewAttr="Segment6Name" maximumLength="150" externalListOfValues="/oracle/apps/xx03/lov/webui/Xx03BusinessTypesLovRN" vAlign="top" styleClass="OraFieldText" required="yes">
                                       <lovMappings>
                                          <lovMap id="lovMap21" lovItem="BusinessTypesCol" resultTo="Segment6Name" criteriaFrom="Segment6Name"/>
                                          <lovMap id="lovMap22" lovItem="FlexValue" resultTo="Segment6"/>
                                       </lovMappings>
                                    </oa:messageLovInput>
                                 </ui:contents>
                              </oa:messageComponentLayout>
                           </ui:contents>
                        </oa:column>
                        <oa:column id="ColumnDr3">
                           <ui:columnHeader>
                              <oa:sortableHeader id="ColumnHdrDr3"/>
                           </ui:columnHeader>
                           <ui:contents>
                              <oa:messageComponentLayout id="ColumnDr3RN">
                                 <ui:contents>
                                    <oa:messageLovInput id="Segment7Name" dataType="VARCHAR2" prompt="プロジェクト" viewAttr="Segment7Name" maximumLength="150" externalListOfValues="/oracle/apps/xx03/lov/webui/Xx03ProjectsLovRN" vAlign="top" styleClass="OraFieldText" required="yes">
                                       <lovMappings>
                                          <lovMap id="lovMap23" lovItem="ProjectsCol" resultTo="Segment7Name" criteriaFrom="Segment7Name"/>
                                          <lovMap id="lovMap24" lovItem="FlexValue" resultTo="Segment7"/>
                                       </lovMappings>
                                    </oa:messageLovInput>
                                    <oa:messageLovInput id="Segment8Name" dataType="VARCHAR2" prompt="予備" viewAttr="Segment8Name" maximumLength="150" externalListOfValues="/oracle/apps/xx03/lov/webui/Xx03FuturesLovRN" vAlign="top" styleClass="OraFieldText" required="yes">
                                       <lovMappings>
                                          <lovMap id="lovMap25" lovItem="FuturesCol" resultTo="Segment8Name" criteriaFrom="Segment8Name"/>
                                          <lovMap id="lovMap26" lovItem="FlexValue" resultTo="Segment8"/>
                                       </lovMappings>
                                    </oa:messageLovInput>
                                    <oa:messageLovInput id="IncrDecrReasonName" dataType="VARCHAR2" prompt="増減事由" viewAttr="IncrDecrReasonName" maximumLength="150" externalListOfValues="/oracle/apps/xx03/lov/webui/Xx03IncrDecrReasonsLovRN" vAlign="top" styleClass="OraFieldText">
                                       <lovMappings>
                                          <lovMap id="lovMap27" lovItem="IncrDecrReasonsCol" resultTo="IncrDecrReasonName" criteriaFrom="IncrDecrReasonName"/>
                                          <lovMap id="lovMap28" lovItem="FlexValue" resultTo="IncrDecrReasonCode"/>
                                          <lovMap id="lovMap29" lovItem="ParentFlexValueLow" criteriaFrom="Segment3"/>
                                       </lovMappings>
                                    </oa:messageLovInput>
                                    <oa:messageTextInput id="ReconReference" dataType="VARCHAR2" prompt="消込参照" viewAttr="ReconReference" maximumLength="150" vAlign="top" styleClass="OraFieldText"/>
                                    <oa:messageTextInput id="DescriptionLineDr" viewAttr="Description" prompt="備考" maximumLength="240" rows="4" disabled="true"/>
                                 </ui:contents>
                              </oa:messageComponentLayout>
                           </ui:contents>
                        </oa:column>
                        <oa:column id="ColumnDr4">
                           <ui:columnHeader>
                              <oa:sortableHeader id="ColumnHdrDr4"/>
                           </ui:columnHeader>
                           <ui:contents>
                              <oa:messageComponentLayout id="ColumnDr4RN">
                                 <ui:contents>
                                    <oa:messageStyledText id="EnteredAmountDr" dataType="NUMBER" prompt="入力金額" viewAttr="EnteredAmountDr" styleClass="OraFieldText"/>
                                    <oa:messageStyledText id="EnteredItemAmountDr" dataType="NUMBER" prompt="本体金額" viewAttr="EnteredItemAmountDr" styleClass="OraFieldText"/>
                                    <oa:messageCheckBox id="AmountIncludesTaxFlagDr" dataType="VARCHAR2" prompt="内税" viewAttr="AmountIncludesTaxFlagDr" styleClass="OraFieldText" readOnly="true" disabled="true"/>
                                    <oa:messageStyledText id="TaxNameDr" dataType="VARCHAR2" prompt="税区分" viewAttr="TaxNameDr" maximumLength="500" styleClass="OraFieldText"/>
                                    <oa:messageStyledText id="EnteredTaxAmountDr" dataType="NUMBER" prompt="消費税額" viewAttr="EnteredTaxAmountDr" styleClass="OraFieldText"/>
                                    <oa:messageStyledText id="AccountedAmountDr" dataType="NUMBER" prompt="換算済金額" viewAttr="AccountedAmountDr" styleClass="OraFieldText"/>
                                 </ui:contents>
                              </oa:messageComponentLayout>
                           </ui:contents>
                        </oa:column>
                        <oa:formValue id="JournalLineId" dataType="NUMBER" prompt="伝票明細ID" viewAttr="JournalLineId"/>
                        <oa:formValue id="JournalId1" dataType="NUMBER" prompt="伝票ID" viewAttr="JournalId"/>
                        <oa:formValue id="OrgId1" dataType="NUMBER" prompt="オルグID" viewAttr="OrgId"/>
                        <oa:formValue id="CreatedBy1" dataType="NUMBER" prompt="CreatedBy" viewAttr="CreatedBy"/>
                        <oa:formValue id="CreationDate1" dataType="DATE" prompt="CreationDate" viewAttr="CreationDate"/>
                        <oa:formValue id="LastUpdatedBy1" dataType="NUMBER" prompt="LastUpdatedBy" viewAttr="LastUpdatedBy"/>
                        <oa:formValue id="LastUpdateDate1" dataType="DATE" prompt="LastUpdateDate" viewAttr="LastUpdateDate"/>
                        <oa:formValue id="LastUpdateLogin1" dataType="NUMBER" prompt="LastUpdateLogin" viewAttr="LastUpdateLogin"/>
                        <oa:formValue id="Segment1" dataType="VARCHAR2" prompt="会社" viewAttr="Segment1"/>
                        <oa:formValue id="Segment2" dataType="VARCHAR2" prompt="部門" viewAttr="Segment2"/>
                        <oa:formValue id="Segment3" dataType="VARCHAR2" prompt="勘定科目" viewAttr="Segment3"/>
                        <oa:formValue id="Segment4" dataType="VARCHAR2" prompt="補助科目" viewAttr="Segment4"/>
                        <oa:formValue id="Segment5" dataType="VARCHAR2" prompt="相手先" viewAttr="Segment5"/>
                        <oa:formValue id="Segment6" dataType="VARCHAR2" prompt="事業区分" viewAttr="Segment6"/>
                        <oa:formValue id="Segment7" dataType="VARCHAR2" prompt="プロジェクト" viewAttr="Segment7"/>
                        <oa:formValue id="Segment8" dataType="VARCHAR2" prompt="予備" viewAttr="Segment8"/>
                        <oa:formValue id="IncrDecrReasonCode" dataType="VARCHAR2" prompt="IncrDecrReasonCode" viewAttr="IncrDecrReasonCode"/>
                        <oa:formValue id="SlipLineTypeDr" dataType="VARCHAR2" prompt="SlipLineTypeDr" viewAttr="SlipLineTypeDr"/>
                        <oa:formValue id="TaxCodeDr" dataType="VARCHAR2" prompt="TaxCodeDr" viewAttr="TaxCodeDr"/>
                     </ui:contents>
                  </oa:advancedTable>
                  <oa:advancedTable id="SlipLinesCrRN" blockSize="5" viewName="Xx03JournalSlipLinesCrVO1" unvalidated="true">
                     <ui:contents>
                        <oa:column id="ColumnCr1">
                           <ui:columnHeader>
                              <oa:sortableHeader id="ColumnHdrCr1" prompt="No"/>
                           </ui:columnHeader>
                           <ui:contents>
                              <oa:messageComponentLayout id="ColumnCr1RN">
                                 <ui:contents>
                                    <oa:messageStyledText id="LineNumber1" dataType="NUMBER" viewAttr="LineNumber" maximumLength="15" styleClass="OraDataText"/>
                                 </ui:contents>
                              </oa:messageComponentLayout>
                           </ui:contents>
                        </oa:column>
                        <oa:column id="ColumnCr2">
                           <ui:columnHeader>
                              <oa:sortableHeader id="ColumnHdrCr2" prompt="会計フレックス・フィールド"/>
                           </ui:columnHeader>
                           <ui:contents>
                              <oa:messageComponentLayout id="ColumnCr2RN">
                                 <ui:contents>
                                    <oa:messageStyledText id="SlipLineTypeNameCr" dataType="VARCHAR2" prompt="摘要コード" viewAttr="SlipLineTypeNameCr" maximumLength="500" styleClass="OraFieldText"/>
                                    <oa:messageLovInput id="Segment1Name1" dataType="VARCHAR2" prompt="会社" viewAttr="Segment1Name" maximumLength="150" externalListOfValues="/oracle/apps/xx03/lov/webui/Xx03CompaniesLovRN" styleClass="OraFieldText" required="yes">
                                       <lovMappings>
                                          <lovMap id="lovMap32" lovItem="CompaniesCol" resultTo="Segment1Name1" criteriaFrom="Segment1Name1"/>
                                          <lovMap id="lovMap33" lovItem="FlexValue" resultTo="Segment11"/>
                                       </lovMappings>
                                    </oa:messageLovInput>
                                    <oa:messageLovInput id="Segment2Name1" dataType="VARCHAR2" prompt="部門" viewAttr="Segment2Name" maximumLength="150" externalListOfValues="/oracle/apps/xx03/lov/webui/Xx03DepartmentsLovRN" styleClass="OraFieldText" required="yes">
                                       <lovMappings>
                                          <lovMap id="lovMap34" lovItem="DepartmentsCol" resultTo="Segment2Name1" criteriaFrom="Segment2Name1"/>
                                          <lovMap id="lovMap35" lovItem="FlexValue" resultTo="Segment21"/>
                                       </lovMappings>
                                    </oa:messageLovInput>
                                    <oa:messageLovInput id="Segment3Name1" dataType="VARCHAR2" prompt="勘定科目" viewAttr="Segment3Name" maximumLength="150" externalListOfValues="/oracle/apps/xx03/lov/webui/Xx03AccountsAllLovRN" styleClass="OraFieldText" required="yes">
                                       <lovMappings>
                                          <lovMap id="lovMap36" lovItem="AccountsCol" resultTo="Segment3Name1" criteriaFrom="Segment3Name1"/>
                                          <lovMap id="lovMap37" lovItem="FlexValue" resultTo="Segment31"/>
                                       </lovMappings>
                                    </oa:messageLovInput>
                                    <oa:messageLovInput id="Segment4Name1" dataType="VARCHAR2" prompt="補助科目" viewAttr="Segment4Name" maximumLength="150" externalListOfValues="/oracle/apps/xx03/lov/webui/Xx03SubAccountsLovRN" styleClass="OraFieldText" required="yes">
                                       <lovMappings>
                                          <lovMap id="lovMap38" lovItem="SubAccountsCol" resultTo="Segment4Name1" criteriaFrom="Segment4Name1"/>
                                          <lovMap id="lovMap39" lovItem="FlexValue" resultTo="Segment41"/>
                                          <lovMap id="lovMap40" lovItem="ParentFlexValueLow" criteriaFrom="Segment31" requiredForLOV="true" programmaticQuery="true"/>
                                          <lovMap id="lovMap401" lovItem="ParentFlexValueLow" criteriaFrom="Segment31"/>
                                       </lovMappings>
                                    </oa:messageLovInput>
                                    <oa:messageLovInput id="Segment5Name1" dataType="VARCHAR2" prompt="相手先" viewAttr="Segment5Name" maximumLength="150" externalListOfValues="/oracle/apps/xx03/lov/webui/Xx03PartnersLovRN" styleClass="OraFieldText" required="yes">
                                       <lovMappings>
                                          <lovMap id="lovMap41" lovItem="PartnersCol" resultTo="Segment5Name1" criteriaFrom="Segment5Name1"/>
                                          <lovMap id="lovMap42" lovItem="FlexValue" resultTo="Segment51"/>
                                       </lovMappings>
                                    </oa:messageLovInput>
                                    <oa:messageLovInput id="Segment6Name1" dataType="VARCHAR2" prompt="事業区分" viewAttr="Segment6Name" maximumLength="150" externalListOfValues="/oracle/apps/xx03/lov/webui/Xx03BusinessTypesLovRN" styleClass="OraFieldText" required="yes">
                                       <lovMappings>
                                          <lovMap id="lovMap43" lovItem="BusinessTypesCol" resultTo="Segment6Name1" criteriaFrom="Segment6Name1"/>
                                          <lovMap id="lovMap44" lovItem="FlexValue" resultTo="Segment61"/>
                                       </lovMappings>
                                    </oa:messageLovInput>
                                 </ui:contents>
                              </oa:messageComponentLayout>
                           </ui:contents>
                        </oa:column>
                        <oa:column id="ColumnCr3">
                           <ui:columnHeader>
                              <oa:sortableHeader id="ColumnHdrCr3"/>
                           </ui:columnHeader>
                           <ui:contents>
                              <oa:messageComponentLayout id="ColumnCr3RN">
                                 <ui:contents>
                                    <oa:messageLovInput id="Segment7Name1" dataType="VARCHAR2" prompt="プロジェクト" viewAttr="Segment7Name" maximumLength="150" externalListOfValues="/oracle/apps/xx03/lov/webui/Xx03ProjectsLovRN" styleClass="OraFieldText" required="yes">
                                       <lovMappings>
                                          <lovMap id="lovMap45" lovItem="ProjectsCol" resultTo="Segment7Name1" criteriaFrom="Segment7Name1"/>
                                          <lovMap id="lovMap46" lovItem="FlexValue" resultTo="Segment71"/>
                                       </lovMappings>
                                    </oa:messageLovInput>
                                    <oa:messageLovInput id="Segment8Name1" dataType="VARCHAR2" prompt="予備" viewAttr="Segment8Name" maximumLength="150" externalListOfValues="/oracle/apps/xx03/lov/webui/Xx03FuturesLovRN" styleClass="OraFieldText" required="yes">
                                       <lovMappings>
                                          <lovMap id="lovMap47" lovItem="FuturesCol" resultTo="Segment8Name1" criteriaFrom="Segment8Name1"/>
                                          <lovMap id="lovMap48" lovItem="FlexValue" resultTo="Segment81"/>
                                       </lovMappings>
                                    </oa:messageLovInput>
                                    <oa:messageLovInput id="IncrDecrReasonName1" dataType="VARCHAR2" prompt="増減事由" viewAttr="IncrDecrReasonName" maximumLength="150" externalListOfValues="/oracle/apps/xx03/lov/webui/Xx03IncrDecrReasonsLovRN" styleClass="OraFieldText">
                                       <lovMappings>
                                          <lovMap id="lovMap49" lovItem="IncrDecrReasonsCol" resultTo="IncrDecrReasonName1" criteriaFrom="IncrDecrReasonName1"/>
                                          <lovMap id="lovMap50" lovItem="FlexValue" resultTo="IncrDecrReasonCode1"/>
                                          <lovMap id="lovMap51" lovItem="ParentFlexValueLow" criteriaFrom="Segment31"/>
                                       </lovMappings>
                                    </oa:messageLovInput>
                                    <oa:messageTextInput id="ReconReference1" dataType="VARCHAR2" prompt="消込参照" viewAttr="ReconReference" maximumLength="150" styleClass="OraFieldText"/>
                                    <oa:messageTextInput id="DescriptionLineCr" viewAttr="Description" prompt="備考" maximumLength="240" rows="4" disabled="true"/>
                                 </ui:contents>
                              </oa:messageComponentLayout>
                           </ui:contents>
                        </oa:column>
                        <oa:column id="ColumnCr4">
                           <ui:columnHeader>
                              <oa:sortableHeader id="ColumnHdrCr4"/>
                           </ui:columnHeader>
                           <ui:contents>
                              <oa:messageComponentLayout id="ColumnCr4RN">
                                 <ui:contents>
                                    <oa:messageStyledText id="EnteredAmountCr" dataType="NUMBER" prompt="入力金額" viewAttr="EnteredAmountCr" styleClass="OraFieldText"/>
                                    <oa:messageStyledText id="EnteredItemAmountCr" dataType="NUMBER" prompt="本体金額" viewAttr="EnteredItemAmountCr" styleClass="OraFieldText"/>
                                    <oa:messageCheckBox id="AmountIncludesTaxFlagCr" dataType="VARCHAR2" prompt="内税" viewAttr="AmountIncludesTaxFlagCr" styleClass="OraFieldText" readOnly="true" disabled="true"/>
                                    <oa:messageStyledText id="TaxNameCr" dataType="VARCHAR2" prompt="税区分" viewAttr="TaxNameCr" maximumLength="500" styleClass="OraFieldText"/>
                                    <oa:messageStyledText id="EnteredTaxAmountCr" dataType="NUMBER" prompt="消費税金額" viewAttr="EnteredTaxAmountCr" styleClass="OraFieldText"/>
                                    <oa:messageStyledText id="AccountedAmountCr" dataType="NUMBER" prompt="換算済金額" viewAttr="AccountedAmountCr" styleClass="OraFieldText"/>
                                 </ui:contents>
                              </oa:messageComponentLayout>
                           </ui:contents>
                        </oa:column>
                        <oa:formValue id="JournalLineId1" dataType="NUMBER" prompt="伝票明細ID" viewAttr="JournalLineId"/>
                        <oa:formValue id="JournalId2" dataType="NUMBER" prompt="伝票ID" viewAttr="JournalId"/>
                        <oa:formValue id="OrgId2" dataType="NUMBER" prompt="オルグID" viewAttr="OrgId"/>
                        <oa:formValue id="CreatedBy2" dataType="NUMBER" prompt="CreatedBy" viewAttr="CreatedBy"/>
                        <oa:formValue id="CreationDate2" dataType="DATE" prompt="CreationDate" viewAttr="CreationDate"/>
                        <oa:formValue id="LastUpdatedBy2" dataType="NUMBER" prompt="LastUpdatedBy" viewAttr="LastUpdatedBy"/>
                        <oa:formValue id="LastUpdateDate2" dataType="DATE" prompt="LastUpdateDate" viewAttr="LastUpdateDate"/>
                        <oa:formValue id="LastUpdateLogin2" dataType="NUMBER" prompt="LastUpdateLogin" viewAttr="LastUpdateLogin"/>
                        <oa:formValue id="Segment11" dataType="VARCHAR2" prompt="会社" viewAttr="Segment1"/>
                        <oa:formValue id="Segment21" dataType="VARCHAR2" prompt="部門" viewAttr="Segment2"/>
                        <oa:formValue id="Segment31" dataType="VARCHAR2" prompt="勘定科目" viewAttr="Segment3"/>
                        <oa:formValue id="Segment41" dataType="VARCHAR2" prompt="補助科目" viewAttr="Segment4"/>
                        <oa:formValue id="Segment51" dataType="VARCHAR2" prompt="相手先" viewAttr="Segment5"/>
                        <oa:formValue id="Segment61" dataType="VARCHAR2" prompt="事業区分" viewAttr="Segment6"/>
                        <oa:formValue id="Segment71" dataType="VARCHAR2" prompt="プロジェクト" viewAttr="Segment7"/>
                        <oa:formValue id="Segment81" dataType="VARCHAR2" prompt="予備" viewAttr="Segment8"/>
                        <oa:formValue id="IncrDecrReasonCode1" dataType="VARCHAR2" prompt="IncrDecrReasonCode" viewAttr="IncrDecrReasonCode"/>
                        <oa:formValue id="TaxCodeCr" dataType="VARCHAR2" prompt="TaxCodeCr" viewAttr="TaxCodeCr"/>
                        <oa:formValue id="SlipLineTypeCr" dataType="VARCHAR2" prompt="SlipLineTypeCr" viewAttr="SlipLineTypeCr"/>
                     </ui:contents>
                  </oa:advancedTable>
               </ui:contents>
               <ui:subTabs>
                  <oa:subTabBar id="SlipLineTabBar">
                     <ui:contents>
                        <oa:link id="SlipLinesDrLink" text="借方" serverUnvalidated="true"/>
                        <oa:link id="SlipLinesCrLink" text="貸方" serverUnvalidated="true"/>
                     </ui:contents>
                  </oa:subTabBar>
               </ui:subTabs>
            </oa:subTabLayout>
            <oa:formValue id="JournalId" dataType="NUMBER" prompt="伝票ID" viewName="Xx03JournalSlipsVO1" viewAttr="JournalId"/>
            <oa:formValue id="WfStatus" dataType="VARCHAR2" prompt="ステータス" viewName="Xx03JournalSlipsVO1" viewAttr="WfStatus"/>
            <oa:formValue id="RequestKey" dataType="VARCHAR2" prompt="申請キー" viewName="Xx03JournalSlipsVO1" viewAttr="RequestKey"/>
            <oa:formValue id="RequestorPersonId" dataType="NUMBER" prompt="申請者" viewName="Xx03JournalSlipsVO1" viewAttr="RequestorPersonId"/>
            <oa:formValue id="RequestorPersonName" dataType="VARCHAR2" prompt="申請者名" viewName="Xx03JournalSlipsVO1" viewAttr="RequestorPersonName"/>
            <oa:formValue id="ApproverPersonId" dataType="NUMBER" prompt="承認者" viewName="Xx03JournalSlipsVO1" viewAttr="ApproverPersonId"/>
            <oa:formValue id="RequestDate" dataType="DATE" prompt="申請日" viewName="Xx03JournalSlipsVO1" viewAttr="RequestDate"/>
            <oa:formValue id="ApprovalDate" dataType="DATE" prompt="承認日" viewName="Xx03JournalSlipsVO1" viewAttr="ApprovalDate"/>
            <oa:formValue id="RejectionDate" dataType="DATE" prompt="却下日" viewName="Xx03JournalSlipsVO1" viewAttr="RejectionDate"/>
            <oa:formValue id="AccountApproverPersonId" dataType="NUMBER" prompt="経理承認者" viewName="Xx03JournalSlipsVO1" viewAttr="AccountApproverPersonId"/>
            <oa:formValue id="AccountApprovalDate" dataType="DATE" prompt="経理承認日" viewName="Xx03JournalSlipsVO1" viewAttr="AccountApprovalDate"/>
            <oa:formValue id="GlForwordDate" dataType="DATE" prompt="GL転送日" viewName="Xx03JournalSlipsVO1" viewAttr="GlForwordDate"/>
            <oa:formValue id="RecognitionClass" dataType="NUMBER" prompt="承認回数" viewName="Xx03JournalSlipsVO1" viewAttr="RecognitionClass"/>
            <oa:formValue id="ApproverComments" dataType="VARCHAR2" prompt="承認コメント" viewName="Xx03JournalSlipsVO1" viewAttr="ApproverComments"/>
            <oa:formValue id="RequestEnableFlag" dataType="VARCHAR2" prompt="申請可能フラグ" viewName="Xx03JournalSlipsVO1" viewAttr="RequestEnableFlag"/>
            <oa:formValue id="AccountRevisionFlag" dataType="VARCHAR2" prompt="経理修正フラグ" viewName="Xx03JournalSlipsVO1" viewAttr="AccountRevisionFlag"/>
            <oa:formValue id="EntryDepartment" dataType="VARCHAR2" prompt="起票部門" viewName="Xx03JournalSlipsVO1" viewAttr="EntryDepartment"/>
            <oa:formValue id="EntryPersonId" dataType="NUMBER" prompt="伝票入力者" viewName="Xx03JournalSlipsVO1" viewAttr="EntryPersonId"/>
            <oa:formValue id="AccountApprovalFlag" dataType="VARCHAR2" prompt="重点管理フラグ" viewName="Xx03JournalSlipsVO1" viewAttr="AccountApprovalFlag"/>
            <oa:formValue id="FormSelectFlag" dataType="VARCHAR2" prompt="一括承認予備" viewName="Xx03JournalSlipsVO1" viewAttr="FormSelectFlag"/>
            <oa:formValue id="OrgId" dataType="NUMBER" prompt="オルグID" viewName="Xx03JournalSlipsVO1" viewAttr="OrgId"/>
            <oa:formValue id="SetOfBooksId" dataType="NUMBER" prompt="会計帳簿ID" viewName="Xx03JournalSlipsVO1" viewAttr="SetOfBooksId"/>
            <oa:formValue id="RecurringHeaderName" dataType="VARCHAR2" prompt="仕訳パターン" viewName="Xx03JournalSlipsVO1" viewAttr="RecurringHeaderName"/>
            <oa:formValue id="CreatedBy" prompt="CreatedBy" viewName="Xx03JournalSlipsVO1" viewAttr="CreatedBy" dataType="NUMBER"/>
            <oa:formValue id="CreationDate" dataType="DATE" prompt="CreationDate" viewName="Xx03JournalSlipsVO1" viewAttr="CreationDate"/>
            <oa:formValue id="LastUpdatedBy" dataType="NUMBER" prompt="LastUpdatedBy" viewName="Xx03JournalSlipsVO1" viewAttr="LastUpdatedBy"/>
            <oa:formValue id="LastUpdateDate" dataType="DATE" prompt="LastUpdateDate" viewName="Xx03JournalSlipsVO1" viewAttr="LastUpdateDate"/>
            <oa:formValue id="LastUpdateLogin" dataType="NUMBER" prompt="LastUpdateLogin" viewName="Xx03JournalSlipsVO1" viewAttr="LastUpdateLogin"/>
         </ui:contents>
      </oa:pageLayout>
   </content>
</page>
