<?xml version = '1.0' encoding = 'UTF-8'?>
<!-- dbdrv: exec java oracle/jrad/tools/xml/importer XMLImporter.class java &phase=dat+24 checkfile:~PROD:~PATH:~FILE &fullpath:~PROD:~PATH:~FILE -username &un_apps -password &pw_apps -dbconnection &jdbc_db_addr  -userId "1" -rootPackage /oracle/apps/~PROD  -rootdir &fullpath:~PROD:mds:directory  -->
<!--**Attention
* For KROWN:124532, You must not use multi-byte character in this file.
* If you use it example prompt, use attributesets.

DESCRIPTION
Search PublishBase information LOV region by shared for regist CONTRACT_MANAGEMENTS information.

@see itoen.oracle.apps.xxcso.xxcso010003j.lov.server.XxcsoContractRegistLovAM.xml
@see itoen.oracle.apps.xxcso.xxcso010003j.lov.server.XxcsoContractRegistLovAMImpl.java

HISTORY
2009/01/27  H.Ogawa                Initialcode drop.-->
<oa:listOfValues version="9.0.3.8.13_1566" xml:lang="en-US" xmlns:oa="http://xmlns.oracle.com/oa" xmlns:jrad="http://xmlns.oracle.com/jrad" xmlns:ui="http://xmlns.oracle.com/uix/ui" xmlns:user="http://xmlns.oracle.com/jrad/user" xmlns="http://xmlns.oracle.com/jrad" file-version="$Header$" scope="/" advancedSearchAllowed="true" amDefName="itoen.oracle.apps.xxcso.xxcso010003j.lov.server.XxcsoContractRegistLovAM">
   <ui:contents>
      <oa:table name="XxcsoContractPubBaseLovRN" id="PublishBaseTblRN" use="/itoen/oracle/apps/xxcso/xxcso010003j/attributesets/XxcsoContractRegistAttrSets/PublishBaseTblRN">
         <ui:contents>
            <oa:messageStyledText id="BaseCode" dataType="VARCHAR2" viewName="XxcsoContractPubBaseLovVO1" viewAttr="BaseCode" maximumLength="150" queryable="true" sortState="yes" initSortSeq="first" use="/itoen/oracle/apps/xxcso/xxcso010003j/attributesets/XxcsoContractRegistAttrSets/BaseCode" selectiveSearchCriteria="true"/>
            <oa:messageStyledText id="BaseName" dataType="VARCHAR2" viewName="XxcsoContractPubBaseLovVO1" viewAttr="BaseName" maximumLength="240" use="/itoen/oracle/apps/xxcso/xxcso010003j/attributesets/XxcsoContractRegistAttrSets/BaseName" queryable="true" sortState="yes" selectiveSearchCriteria="true"/>
            <oa:formValue id="LocationAddress" dataType="VARCHAR2" viewName="XxcsoContractPubBaseLovVO1" viewAttr="LocationAddress"/>
            <oa:formValue id="BaseLeaderName" dataType="VARCHAR2" viewName="XxcsoContractPubBaseLovVO1" viewAttr="BaseLeaderName"/>
            <oa:formValue id="BaseLeaderPosName" dataType="VARCHAR2" viewName="XxcsoContractPubBaseLovVO1" viewAttr="BaseLeaderPosName"/>
         </ui:contents>
      </oa:table>
   </ui:contents>
</oa:listOfValues>
