<?xml version = '1.0' encoding = 'UTF-8'?>
<!-- dbdrv: exec java oracle/jrad/tools/xml/importer XMLImporter.class java &phase=dat+24 checkfile:~PROD:~PATH:~FILE &fullpath:~PROD:~PATH:~FILE -username &un_apps -password &pw_apps -dbconnection &jdbc_db_addr  -userId "1" -rootPackage /oracle/apps/~PROD  -rootdir &fullpath:~PROD:mds:directory  -->
<page xmlns:jrad="http://xmlns.oracle.com/jrad" xmlns:oa="http://xmlns.oracle.com/oa" xmlns:ui="http://xmlns.oracle.com/uix/ui" version="9.0.3.8.4_826" xml:lang="en-US" xmlns:user="http://xmlns.oracle.com/jrad/user" xmlns="http://xmlns.oracle.com/jrad" file-version="$Header$">
   <content>
      <oa:pageLayout id="PageLayoutRN" amDefName="oracle.apps.xx03.ap.server.XX03ApInvoiceInputAM" windowTitle="請求書取消" title="仕入先請求書" controllerClass="oracle.apps.xx03.ap.webui.XX03ApInvoiceCancelCO">
         <ui:corporateBranding>
            <oa:image id="corporateBrandingImage" source="/OA_MEDIA/FNDSSCORP.gif"/>
         </ui:corporateBranding>
         <ui:contents>
            <oa:header id="SlipHeaderRN"/>
            <oa:defaultSingleColumn id="HeaderColumnRN" text="請求書取消">
               <ui:contents>
                  <oa:messageStyledText id="origInvoiceNum" dataType="VARCHAR2" prompt="修正元伝票番号" viewName="XX03PaymentSlipsVO1" viewAttr="OrigInvoiceNum" maximumLength="150"/>
                  <oa:messageStyledText id="vendorName" dataType="VARCHAR2" prompt="仕入先" viewName="XX03PaymentSlipsVO1" viewAttr="VendorName" maximumLength="500"/>
                  <oa:messageTextInput id="glDate" dataType="DATE" prompt="計上日" viewName="XX03PaymentSlipsVO1" viewAttr="GlDate" required="yes"/>
                  <oa:messageTextInput id="description" dataType="VARCHAR2" prompt="備考" viewName="XX03PaymentSlipsVO1" viewAttr="Description" maximumLength="240" rows="3" columns="30"/>
                  <oa:formValue id="invoiceId" dataType="NUMBER" prompt="索引番号" viewName="XX03PaymentSlipsVO1" viewAttr="InvoiceId"/>
                  <oa:formValue id="vendorId" dataType="NUMBER" prompt="仕入先" viewName="XX03PaymentSlipsVO1" viewAttr="VendorId"/>
               </ui:contents>
            </oa:defaultSingleColumn>
            <oa:defaultSingleColumn id="HeaderFlowRN" text="合計金額">
               <ui:contents>
                  <oa:tableLayout id="HeaderTableRN" width="100%">
                     <ui:contents>
                        <oa:rowLayout id="HeaderAmountRowRN" width="100%" prompt="合計金額">
                           <ui:contents>
                              <oa:cellFormat id="SpaceCell1RN" width="10%" vAlign="top" hAlign="left">
                                 <ui:contents>
                                    <oa:flowLayout id="SpaceFlow1RN">
                                       <ui:contents>
                                          <oa:spacer id="spacer5" width="10%"/>
                                       </ui:contents>
                                    </oa:flowLayout>
                                 </ui:contents>
                              </oa:cellFormat>
                              <oa:cellFormat id="HeaderAmoutLeftCellRN" width="20%" hAlign="left" vAlign="top">
                                 <ui:contents>
                                    <oa:flowLayout id="HeaderAmountLeftRN">
                                       <ui:contents>
                                          <oa:messageStyledText id="invAmountDisp" prompt="支払金額" viewName="XX03GetAmountFormatVO1" viewAttr="InvAmountDisp" maximumLength="50" columns="100" cellNoWrapFormat="true"/>
                                          <oa:messageStyledText id="invItemAmountDisp" prompt="本体金額" viewName="XX03GetAmountFormatVO1" viewAttr="InvItemAmountDisp" maximumLength="50" columns="100" cellNoWrapFormat="true"/>
                                          <oa:messageStyledText id="invTaxAmountDisp" prompt="消費税額" viewName="XX03GetAmountFormatVO1" viewAttr="InvTaxAmountDisp" maximumLength="50" columns="100" cellNoWrapFormat="true"/>
                                          <oa:formValue id="invAmount" dataType="NUMBER" prompt="支払金額" viewName="XX03PaymentSlipsVO1" viewAttr="InvAmount"/>
                                          <oa:formValue id="invItemAmount" dataType="NUMBER" prompt="本体金額" viewName="XX03PaymentSlipsVO1" viewAttr="InvItemAmount"/>
                                          <oa:formValue id="invTaxAmount" dataType="NUMBER" prompt="消費税額" viewName="XX03PaymentSlipsVO1" viewAttr="InvTaxAmount"/>
                                       </ui:contents>
                                    </oa:flowLayout>
                                 </ui:contents>
                              </oa:cellFormat>
                              <oa:cellFormat id="SpaceCell3RN" width="5%">
                                 <ui:contents>
                                    <oa:flowLayout id="SpaceFlow3RN">
                                       <ui:contents>
                                          <oa:spacer id="spacer9" width="5%"/>
                                       </ui:contents>
                                    </oa:flowLayout>
                                 </ui:contents>
                              </oa:cellFormat>
                              <oa:cellFormat id="HeaderAmountRightCellRN" width="20%" vAlign="top" hAlign="left">
                                 <ui:contents>
                                    <oa:flowLayout id="HeaderAmountRightRN">
                                       <ui:contents>
                                          <oa:messageStyledText id="invPrepayAmountDisp" prompt="充当金額" viewName="XX03GetAmountFormatVO1" viewAttr="InvPrepayAmountDisp" maximumLength="50" cellNoWrapFormat="true"/>
                                          <oa:spacer id="spacer3"/>
                                          <oa:spacer id="spacer4"/>
                                          <oa:formValue id="invPrepayAmount" dataType="NUMBER" prompt="充当金額" viewName="XX03PaymentSlipsVO1" viewAttr="InvPrepayAmount"/>
                                       </ui:contents>
                                    </oa:flowLayout>
                                 </ui:contents>
                              </oa:cellFormat>
                              <oa:cellFormat id="SpaceCell2RN" width="45%" vAlign="top" hAlign="left">
                                 <ui:contents>
                                    <oa:flowLayout id="SpaceFlow2RN">
                                       <ui:contents>
                                          <oa:spacer id="spacer6" width="10%"/>
                                       </ui:contents>
                                    </oa:flowLayout>
                                 </ui:contents>
                              </oa:cellFormat>
                           </ui:contents>
                        </oa:rowLayout>
                     </ui:contents>
                  </oa:tableLayout>
               </ui:contents>
            </oa:defaultSingleColumn>
            <oa:pageButtonBar id="PageControlRN">
               <ui:contents>
                  <oa:submitButton id="backButton" text="戻る" prompt="戻る"/>
                  <oa:submitButton id="confirmButton" text="確認" prompt="確認"/>
               </ui:contents>
            </oa:pageButtonBar>
         </ui:contents>
      </oa:pageLayout>
   </content>
</page>
