<?xml version = '1.0' encoding = 'UTF-8'?>
<!-- dbdrv: exec java oracle/jrad/tools/xml/importer XMLImporter.class java &phase=dat+24 checkfile:~PROD:~PATH:~FILE &fullpath:~PROD:~PATH:~FILE -username &un_apps -password &pw_apps -dbconnection &jdbc_db_addr  -userId "1" -rootPackage /oracle/apps/~PROD  -rootdir &fullpath:~PROD:mds:directory  -->
<page xmlns:jrad="http://xmlns.oracle.com/jrad" xmlns:oa="http://xmlns.oracle.com/oa" xmlns:ui="http://xmlns.oracle.com/uix/ui" version="9.0.3.8.13_1579" xml:lang="en-US" xmlns:user="http://xmlns.oracle.com/jrad/user" xmlns="http://xmlns.oracle.com/jrad" file-version="$Header$">
   <content>
      <oa:pageLayout id="PageLayoutRN" windowTitle="部門入力確認" amDefName="oracle.apps.xx03.ap.server.XX03ApInvoiceConfirmAM" controllerClass="oracle.apps.xx03.ap.webui.XX03ApInvoiceConfirmCO" title="仕入先請求書">
         <ui:corporateBranding>
            <oa:image id="corporateBrandingImage" source="/OA_MEDIA/FNDSSCORP.gif"/>
         </ui:corporateBranding>
         <ui:contents>
            <oa:button id="printPage" use="/oracle/apps/fnd/attributesets/Buttons/PrintablePage" destination="OA.jsp?page=/oracle/apps/xx03/ap/webui/XX03ApInvoiceConfirmPG&amp;retainAM=Y&amp;OARF=printable" text="証憑台紙" prompt="証憑台紙" targetFrame="_blank"/>
            <oa:rowLayout id="HeaderRowRN" width="100%">
               <ui:contents>
                  <oa:defaultDoubleColumn id="HeaderDoubleColumnRN" text="申請">
                     <ui:contents>
                        <oa:messageStyledText id="approverPersonNameDisp" dataType="VARCHAR2" prompt="承認者" viewName="XX03PaymentSlipsVO1" viewAttr="ApproverPersonName" maximumLength="500" required="uiOnly" rendered="false"/>
                        <oa:spacer id="spacer1" rendered="false"/>
                        <oa:messageLovInput id="approverPersonNameInput" externalListOfValues="/oracle/apps/xx03/common/lov/webui/XX03ApproverPersonLovRN" viewName="XX03PaymentSlipsVO1" viewAttr="ApproverPersonName" prompt="承認者" columns="40" maximumLength="500" required="yes">
                           <lovMappings>
                              <lovMap id="approverPersonNameInputMap1" lovItem="employeeDisp" resultTo="approverPersonNameInput" criteriaFrom="approverPersonNameInput" requiredForLOV="false"/>
                              <lovMap id="approverPersonNameInputMap2" lovItem="personId" resultTo="approverPersonId" requiredForLOV="false"/>
                              <lovMap id="approverPersonNameInputMap3" lovItem="appCode" requiredForLOV="false" criteriaFrom="slipTypeApp" programmaticQuery="true"/>
                           </lovMappings>
                        </oa:messageLovInput>
                        <oa:messageStyledText id="EntryDepartment" dataType="VARCHAR2" prompt="起票部門" viewName="XX03ConfirmPaymentSlipsVO1" viewAttr="EntryDepartmentName" maximumLength="150"/>
                        <oa:spacer id="spacer2"/>
                        <oa:messageStyledText id="EmployeeDisp" dataType="VARCHAR2" prompt="伝票入力者" viewName="XX03ConfirmPaymentSlipsVO1" viewAttr="EmployeeDisp" maximumLength="4000"/>
                        <oa:spacer id="spacer3"/>
                        <oa:messageStyledText id="EntryDate" dataType="DATE" prompt="起票日" viewName="XX03ConfirmPaymentSlipsVO1" viewAttr="EntryDate"/>
                        <oa:spacer id="spacer4"/>
                        <oa:formValue id="wfStatus" dataType="VARCHAR2" prompt="ステータス" viewName="XX03ConfirmPaymentSlipsVO1" viewAttr="WfStatus"/>
                        <oa:formValue id="entryPersonId" dataType="NUMBER" prompt="伝票入力者" viewName="XX03ConfirmPaymentSlipsVO1" viewAttr="EntryPersonId"/>
                        <oa:formValue id="approverPersonId" dataType="NUMBER" prompt="承認者" viewName="XX03PaymentSlipsVO1" viewAttr="ApproverPersonId"/>
                        <oa:formValue id="requestEnableFlag" dataType="VARCHAR2" prompt="申請可能フラグ" viewName="XX03ConfirmPaymentSlipsVO1" viewAttr="RequestEnableFlag"/>
                        <oa:formValue id="lastUpdateDate" dataType="DATE" prompt="最終更新日付" viewName="XX03ConfirmPaymentSlipsVO1" viewAttr="LastUpdateDate"/>
                        <oa:formValue id="invoiceId" dataType="NUMBER" prompt="索引番号" viewName="XX03ConfirmPaymentSlipsVO1" viewAttr="InvoiceId"/>
                        <oa:formValue id="accountApprovalFlag" dataType="VARCHAR2" prompt="重点管理フラグ" viewName="XX03PaymentSlipsVO1" viewAttr="AccountApprovalFlag"/>
                        <oa:formValue id="accountRevisionFlag" viewName="XX03ConfirmPaymentSlipsVO1" prompt="経理修正フラグ" viewAttr="AccountRevisionFlag"/>
                        <oa:formValue id="requestKey" dataType="VARCHAR2" prompt="申請キー" viewName="XX03ConfirmPaymentSlipsVO1" viewAttr="RequestKey"/>
                        <oa:formValue id="pageStatus"/>
                        <oa:pageButtonBar id="approverControlRN">
                           <ui:contents>
                              <oa:submitButton id="approveButton" text="承認" prompt="承認"/>
                              <oa:submitButton id="rejectButton" text="否認" prompt="否認"/>
                              <oa:messageTextInput id="approverComment"/>
                           </ui:contents>
                        </oa:pageButtonBar>
                     </ui:contents>
                  </oa:defaultDoubleColumn>
               </ui:contents>
            </oa:rowLayout>
            <oa:rowLayout id="SlipHeaderCellRN" width="100%">
               <ui:contents>
                  <oa:defaultDoubleColumn id="SlipHeaderRN">
                     <ui:contents>
                        <oa:messageStyledText id="invoiceNum" dataType="VARCHAR2" prompt="伝票番号" viewName="XX03ConfirmPaymentSlipsVO1" viewAttr="InvoiceNum" maximumLength="50"/>
                        <oa:messageStyledText id="origInvoiceNum" dataType="VARCHAR2" prompt="修正元伝票番号" viewName="XX03ConfirmPaymentSlipsVO1" viewAttr="OrigInvoiceNum" maximumLength="150"/>
                        <oa:messageStyledText id="vendorName" dataType="VARCHAR2" prompt="仕入先" viewName="XX03ConfirmPaymentSlipsVO1" viewAttr="VendorName" maximumLength="500" columns="40" required="no"/>
                        <oa:messageStyledText id="glDate" dataType="DATE" prompt="計上日" viewName="XX03ConfirmPaymentSlipsVO1" viewAttr="GlDate" required="no"/>
                        <oa:messageStyledText id="vendorSiteName" dataType="VARCHAR2" prompt="仕入先サイト" viewName="XX03ConfirmPaymentSlipsVO1" viewAttr="VendorSiteName" maximumLength="500" columns="20" required="no"/>
                        <oa:messageStyledText id="payGroupLookupName" dataType="VARCHAR2" prompt="支払グループ" viewName="XX03ConfirmPaymentSlipsVO1" viewAttr="PayGroupLookupName" maximumLength="500" columns="30" required="no" queryable="false" sortState="no"/>
                        <oa:messageStyledText id="bankFullName" prompt="振込先口座" viewName="XX03ConfirmPaymentSlipsVO1" viewAttr="BankFullName"/>
                        <oa:messageStyledText id="termsName" dataType="VARCHAR2" prompt="支払条件" viewName="XX03ConfirmPaymentSlipsVO1" viewAttr="TermsName" maximumLength="500" columns="30" required="no" vAlign="middle"/>
                        <oa:messageStyledText id="vendorInvoiceNum" dataType="VARCHAR2" prompt="請求書番号" viewName="XX03ConfirmPaymentSlipsVO1" viewAttr="VendorInvoiceNum" maximumLength="150" columns="25"/>
                        <oa:messageStyledText id="termsDate" viewName="XX03ConfirmPaymentSlipsVO1" viewAttr="TermsDate" dataType="DATE" prompt="支払予定日"/>
                        <oa:messageStyledText id="invoiceDate" dataType="DATE" prompt="請求書日付" viewName="XX03ConfirmPaymentSlipsVO1" viewAttr="InvoiceDate" required="no"/>
                        <oa:messageStyledText id="invoiceCurrencyCode" dataType="VARCHAR2" prompt="通貨" viewName="XX03ConfirmPaymentSlipsVO1" viewAttr="InvoiceCurrencyCode" maximumLength="15" columns="10" required="no"/>
                        <oa:messageStyledText id="description" dataType="VARCHAR2" prompt="備考" viewName="XX03ConfirmPaymentSlipsVO1" viewAttr="Description" maximumLength="240" columns="30" rows="3"/>
                        <oa:messageStyledText id="exchangeRateTypeName" dataType="VARCHAR2" prompt="レートタイプ" viewName="XX03ConfirmPaymentSlipsVO1" viewAttr="ExchangeRateTypeName"/>
                        <oa:spacer id="spacer5"/>
                        <oa:messageStyledText id="exchangeRate" dataType="NUMBER" prompt="レート" viewName="XX03ConfirmPaymentSlipsVO1" viewAttr="ExchangeRate"/>
                        <oa:spacer id="spacer6"/>
                        <oa:messageStyledText id="prepayNum" dataType="VARCHAR2" prompt="前払伝票番号" viewName="XX03ConfirmPaymentSlipsVO1" viewAttr="PrepayNum" maximumLength="50" columns="25"/>
                        <oa:formValue id="vendorId" dataType="NUMBER" prompt="仕入先" viewName="XX03ConfirmPaymentSlipsVO1" viewAttr="VendorId"/>
                        <oa:formValue id="vendorSiteId" dataType="NUMBER" prompt="仕入先サイト" viewName="XX03ConfirmPaymentSlipsVO1" viewAttr="VendorSiteId"/>
                        <oa:formValue id="termsId" dataType="NUMBER" prompt="支払条件" viewName="XX03ConfirmPaymentSlipsVO1" viewAttr="TermsId"/>
                        <oa:formValue id="payGroupLookupCode" dataType="VARCHAR2" prompt="支払グループ" viewName="XX03ConfirmPaymentSlipsVO1" viewAttr="PayGroupLookupCode"/>
                        <oa:formValue id="exchangeRateType" dataType="VARCHAR2" prompt="レートタイプ" viewName="XX03ConfirmPaymentSlipsVO1" viewAttr="ExchangeRateType"/>
                        <oa:formValue id="attributeCategory" dataType="VARCHAR2" prompt="AttributeCategory" viewName="XX03ConfirmPaymentSlipsVO1" viewAttr="AttributeCategory"/>
                        <oa:formValue id="orgId" dataType="NUMBER" prompt="OrgId" viewName="XX03ConfirmPaymentSlipsVO1" viewAttr="OrgId"/>
                        <oa:formValue id="slipType" dataType="VARCHAR2" prompt="伝票種別" viewName="XX03ConfirmPaymentSlipsVO1" viewAttr="SlipType"/>
                        <oa:formValue id="slipTypeApp" dataType="VARCHAR2" prompt="伝票種別アプリ" viewName="XX03ConfirmPaymentSlipsVO1" viewAttr="SlipTypeApp"/>
                        <oa:formValue id="autoTaxCalcFlag" dataType="VARCHAR2" prompt="仕入先計算レベル" viewName="XX03ConfirmPaymentSlipsVO1" viewAttr="AutoTaxCalcFlag"/>
                        <oa:formValue id="apTaxRoundingRule" dataType="VARCHAR2" prompt="仕入先端数処理" viewName="XX03ConfirmPaymentSlipsVO1" viewAttr="ApTaxRoundingRule"/>
                     </ui:contents>
                  </oa:defaultDoubleColumn>
               </ui:contents>
            </oa:rowLayout>
            <oa:defaultSingleColumn id="HeaderFlowRN" text="合計金額">
               <ui:contents>
                  <oa:tableLayout id="HeaderTableRN" width="100%">
                     <ui:contents>
                        <oa:rowLayout id="HeaderAmountRowRN" width="100%" prompt="合計金額">
                           <ui:contents>
                              <oa:cellFormat id="SpaceCell1RN" width="10%" vAlign="top" hAlign="left">
                                 <ui:contents>
                                    <oa:flowLayout id="SpaceFlow1RN">
                                       <ui:contents>
                                          <oa:spacer id="spacer7" width="10%"/>
                                       </ui:contents>
                                    </oa:flowLayout>
                                 </ui:contents>
                              </oa:cellFormat>
                              <oa:cellFormat id="HeaderAmoutLeftCellRN" width="20%" hAlign="left" vAlign="top">
                                 <ui:contents>
                                    <oa:flowLayout id="HeaderAmountLeftRN">
                                       <ui:contents>
                                          <oa:messageStyledText id="invAmount" dataType="VARCHAR2" prompt="支払金額" viewName="XX03ConfirmPaymentSlipsVO1" viewAttr="InvAmount" vAlign="middle" maximumLength="50" cellNoWrapFormat="true"/>
                                          <oa:messageStyledText id="invItemAmount" dataType="VARCHAR2" prompt="本体金額" viewName="XX03ConfirmPaymentSlipsVO1" viewAttr="InvItemAmount" vAlign="middle" maximumLength="50" cellNoWrapFormat="true"/>
                                          <oa:messageStyledText id="invTaxAmount" dataType="VARCHAR2" prompt="消費税額" viewName="XX03ConfirmPaymentSlipsVO1" viewAttr="InvTaxAmount" maximumLength="50" cellNoWrapFormat="true"/>
                                       </ui:contents>
                                    </oa:flowLayout>
                                 </ui:contents>
                              </oa:cellFormat>
                              <oa:cellFormat id="SpaceCell3RN" width="5%">
                                 <ui:contents>
                                    <oa:flowLayout id="SpaceFlow3RN">
                                       <ui:contents>
                                          <oa:spacer id="spacer9" width="5%"/>
                                       </ui:contents>
                                    </oa:flowLayout>
                                 </ui:contents>
                              </oa:cellFormat>
                              <oa:cellFormat id="HeaderAmountRightCellRN" width="20%" vAlign="top" hAlign="left">
                                 <ui:contents>
                                    <oa:flowLayout id="HeaderAmountRight">
                                       <ui:contents>
                                          <oa:messageStyledText id="invPrepayAmount" dataType="VARCHAR2" prompt="充当金額" viewName="XX03ConfirmPaymentSlipsVO1" viewAttr="InvPrepayAmount" vAlign="middle" maximumLength="50" cellNoWrapFormat="true"/>
                                          <oa:messageStyledText id="invAccountedAmount" viewName="XX03ConfirmPaymentSlipsVO1" viewAttr="InvAccountedAmount" dataType="VARCHAR2" prompt="換算金額" maximumLength="50" cellNoWrapFormat="true"/>
                                          <oa:spacer id="spacer41"/>
                                       </ui:contents>
                                    </oa:flowLayout>
                                 </ui:contents>
                              </oa:cellFormat>
                              <oa:cellFormat id="SpaceCell2RN" width="45%" vAlign="top" hAlign="left">
                                 <ui:contents>
                                    <oa:flowLayout id="SpaceFlow2RN">
                                       <ui:contents>
                                          <oa:spacer id="spacer8" width="10%"/>
                                       </ui:contents>
                                    </oa:flowLayout>
                                 </ui:contents>
                              </oa:cellFormat>
                           </ui:contents>
                        </oa:rowLayout>
                     </ui:contents>
                  </oa:tableLayout>
               </ui:contents>
            </oa:defaultSingleColumn>
            <oa:spacer id="headerLineSpacer" height="3"/>
            <oa:advancedTable id="linesTableRN" viewName="XX03ConfirmPaymentSlipLinesVO1" width="100%" rendered="true">
               <ui:contents>
                  <oa:column id="LineNumberH" columnDataFormat="numberFormat" width="4%">
                     <ui:columnHeader>
                        <oa:sortableHeader id="LineNumberS" prompt="No"/>
                     </ui:columnHeader>
                     <ui:contents>
                        <oa:messageStyledText id="LineNumber" viewAttr="LineNumber" vAlign="top"/>
                     </ui:contents>
                  </oa:column>
                  <oa:columnGroup id="SlipLineTypeH">
                     <ui:columnHeader>
                        <oa:sortableHeader id="SlipLineTypeS" prompt="摘要コード"/>
                     </ui:columnHeader>
                     <ui:contents>
                        <oa:columnGroup id="EnteredAmountH">
                           <ui:columnHeader>
                              <oa:sortableHeader id="EnteredAmountS" prompt="入力金額"/>
                           </ui:columnHeader>
                           <ui:contents>
                              <oa:columnGroup id="TaxKbnH">
                                 <ui:columnHeader>
                                    <oa:sortableHeader id="TaxKbnS" prompt="税区分"/>
                                 </ui:columnHeader>
                                 <ui:contents>
                                    <oa:columnGroup id="AmountIncludesTaxFlagH">
                                       <ui:columnHeader>
                                          <oa:sortableHeader id="AmountIncludesTaxFlagS" prompt="内税"/>
                                       </ui:columnHeader>
                                       <ui:contents>
                                          <oa:columnGroup id="EnteredItemAmountH">
                                             <ui:columnHeader>
                                                <oa:sortableHeader id="EnteredItemAmountS" prompt="本体金額"/>
                                             </ui:columnHeader>
                                             <ui:contents>
                                                <oa:column id="EnteredTaxAmountH" width="32%" columnDataFormat="iconButtonFormat">
                                                   <ui:columnHeader>
                                                      <oa:sortableHeader id="EnteredTaxAmountS" prompt="消費税額"/>
                                                   </ui:columnHeader>
                                                   <ui:contents>
                                                      <oa:tableLayout id="EnteredTaxAmountHTable" hAlign="left">
                                                         <ui:contents>
                                                            <oa:rowLayout id="EnteredTaxAmountHRow" hAlign="left">
                                                               <ui:contents>
                                                                  <oa:cellFormat id="EnteredTaxAmountHCell" hAlign="left" vAlign="top">
                                                                     <ui:contents>
                                                                        <oa:messageStyledText id="slipLineTypeName" viewAttr="SlipLineTypeName" styleClass="OraInstructionText" vAlign="top"/>
                                                                        <oa:messageStyledText id="enteredAmount" viewAttr="EnteredAmount" styleClass="OraInstructionText" vAlign="top"/>
                                                                        <oa:messageStyledText id="taxName" viewAttr="TaxName" styleClass="OraInstructionText" vAlign="top"/>
                                                                        <oa:messageCheckBox id="amountIncludesTaxFlag" viewAttr="AmountIncludesTaxFlag" readOnly="true" checkedValue="Y" unCheckedValue="N" styleClass="OraInstructionText" vAlign="top"/>
                                                                        <oa:messageStyledText id="enteredItemAmount" viewAttr="EnteredItemAmount" styleClass="OraInstructionText" vAlign="top"/>
                                                                        <oa:messageStyledText id="enteredTaxAmount" viewAttr="EnteredTaxAmount" prompt="" styleClass="OraInstructionText" vAlign="top"/>
                                                                     </ui:contents>
                                                                  </oa:cellFormat>
                                                               </ui:contents>
                                                            </oa:rowLayout>
                                                         </ui:contents>
                                                      </oa:tableLayout>
                                                   </ui:contents>
                                                </oa:column>
                                             </ui:contents>
                                          </oa:columnGroup>
                                       </ui:contents>
                                    </oa:columnGroup>
                                 </ui:contents>
                              </oa:columnGroup>
                           </ui:contents>
                        </oa:columnGroup>
                     </ui:contents>
                  </oa:columnGroup>
                  <oa:columnGroup id="Segment1H">
                     <ui:columnHeader>
                        <oa:sortableHeader id="Segment1S" prompt=""/>
                     </ui:columnHeader>
                     <ui:contents>
                        <oa:columnGroup id="Segment2H">
                           <ui:columnHeader>
                              <oa:sortableHeader id="Segment2S" prompt=""/>
                           </ui:columnHeader>
                           <ui:contents>
                              <oa:columnGroup id="Segment3H">
                                 <ui:columnHeader>
                                    <oa:sortableHeader id="Segment3S" prompt=""/>
                                 </ui:columnHeader>
                                 <ui:contents>
                                    <oa:columnGroup id="Segment4H">
                                       <ui:columnHeader>
                                          <oa:sortableHeader id="Segment4S" prompt=""/>
                                       </ui:columnHeader>
                                       <ui:contents>
                                          <oa:columnGroup id="Segment5H">
                                             <ui:columnHeader>
                                                <oa:sortableHeader id="Segment5S" prompt=""/>
                                             </ui:columnHeader>
                                             <ui:contents>
                                                <oa:column id="Segment6H" columnDataFormat="iconButtonFormat">
                                                   <ui:columnHeader>
                                                      <oa:sortableHeader id="Segment6S" prompt=""/>
                                                   </ui:columnHeader>
                                                   <ui:contents>
                                                      <oa:tableLayout id="Segment6HTable" hAlign="left">
                                                         <ui:contents>
                                                            <oa:rowLayout id="Segment6HRow" hAlign="left">
                                                               <ui:contents>
                                                                  <oa:cellFormat id="Segment6HCell" hAlign="left" vAlign="top">
                                                                     <ui:contents>
                                                                        <oa:messageStyledText id="segment1" destination="" viewAttr="Segment1Name" styleClass="OraInstructionText"/>
                                                                        <oa:messageStyledText id="segment2" viewAttr="Segment2Name" styleClass="OraInstructionText"/>
                                                                        <oa:messageStyledText id="segment3" viewAttr="Segment3Name" styleClass="OraInstructionText"/>
                                                                        <oa:messageStyledText id="segment4" viewAttr="Segment4Name" styleClass="OraInstructionText"/>
                                                                        <oa:messageStyledText id="segment5" viewAttr="Segment5Name" styleClass="OraInstructionText"/>
                                                                        <oa:messageStyledText id="segment6" viewAttr="Segment6Name" styleClass="OraInstructionText"/>
                                                                     </ui:contents>
                                                                  </oa:cellFormat>
                                                               </ui:contents>
                                                            </oa:rowLayout>
                                                         </ui:contents>
                                                      </oa:tableLayout>
                                                   </ui:contents>
                                                </oa:column>
                                             </ui:contents>
                                          </oa:columnGroup>
                                       </ui:contents>
                                    </oa:columnGroup>
                                 </ui:contents>
                              </oa:columnGroup>
                           </ui:contents>
                        </oa:columnGroup>
                     </ui:contents>
                  </oa:columnGroup>
                  <oa:columnGroup id="Attribute7H">
                     <ui:columnHeader>
                        <oa:sortableHeader id="Attribute7S" prompt="稟議決裁番号"/>
                     </ui:columnHeader>
                     <ui:contents>
                        <oa:columnGroup id="DescriptionH">
                           <ui:columnHeader>
                              <oa:sortableHeader id="DescriptionS" prompt="備考"/>
                           </ui:columnHeader>
                           <ui:contents>
                              <oa:columnGroup id="Segment7H">
                                 <ui:columnHeader>
                                    <oa:sortableHeader id="Segment7S" prompt=""/>
                                 </ui:columnHeader>
                                 <ui:contents>
                                    <oa:columnGroup id="Segment8H">
                                       <ui:columnHeader>
                                          <oa:sortableHeader id="Segment8S" prompt=""/>
                                       </ui:columnHeader>
                                       <ui:contents>
                                          <oa:columnGroup id="IncrDecrReasonNameH">
                                             <ui:columnHeader>
                                                <oa:sortableHeader id="IncrDecrReasonNameS" prompt=""/>
                                             </ui:columnHeader>
                                             <ui:contents>
                                                <oa:column id="ReconReferenceH" width="32%" columnDataFormat="iconButtonFormat">
                                                   <ui:columnHeader>
                                                      <oa:sortableHeader id="ReconReferenceS" prompt=""/>
                                                   </ui:columnHeader>
                                                   <ui:contents>
                                                      <oa:tableLayout id="ReconReferenceHTable" hAlign="left">
                                                         <ui:contents>
                                                            <oa:rowLayout id="ReconReferenceHRow" hAlign="left">
                                                               <ui:contents>
                                                                  <oa:cellFormat id="ReconReferenceHCell" hAlign="left" vAlign="top">
                                                                     <ui:contents>
                                                                        <oa:messageStyledText id="arreibute7" viewAttr="Attribute7" styleClass="OraInstructionText" vAlign="top"/>
                                                                        <oa:messageStyledText id="descriptionL" viewAttr="Description" styleClass="OraInstructionText" vAlign="top"/>
                                                                        <oa:messageStyledText id="segment7" viewAttr="Segment7Name" styleClass="OraInstructionText" vAlign="top"/>
                                                                        <oa:messageStyledText id="segment8" viewAttr="Segment8Name" styleClass="OraInstructionText" vAlign="top"/>
                                                                        <oa:messageStyledText id="incrDecrReasonName" viewAttr="IncrDecrReasonName" styleClass="OraInstructionText" vAlign="top"/>
                                                                        <oa:messageStyledText id="reconReference" viewAttr="ReconReference" styleClass="OraInstructionText" vAlign="top"/>
                                                                     </ui:contents>
                                                                  </oa:cellFormat>
                                                               </ui:contents>
                                                            </oa:rowLayout>
                                                         </ui:contents>
                                                      </oa:tableLayout>
                                                   </ui:contents>
                                                </oa:column>
                                             </ui:contents>
                                          </oa:columnGroup>
                                       </ui:contents>
                                    </oa:columnGroup>
                                 </ui:contents>
                              </oa:columnGroup>
                           </ui:contents>
                        </oa:columnGroup>
                     </ui:contents>
                  </oa:columnGroup>
               </ui:contents>
            </oa:advancedTable>
            <oa:pageButtonBar id="controlButtonRN">
               <ui:contents>
                  <oa:submitButton id="BackToAcct" serverUnvalidated="true" warnAboutChanges="true" text="戻る" prompt="戻る" unvalidated="true"/>
                  <oa:submitButton id="backButton" text="戻る" prompt="戻る" unvalidated="true" serverUnvalidated="true"/>
                  <oa:submitButton id="updateButton" text="更新" prompt="更新"/>
                  <oa:submitButton id="modifyButton" text="修正" prompt="修正" rendered="false"/>
                  <oa:submitButton id="applyButton" text="申請" prompt="申請"/>
                  <oa:submitButton id="copyButton" text="コピー" prompt="コピー"/>
                  <oa:submitButton id="newButton" text="新規" prompt="新規"/>
                  <oa:submitButton id="applDeleteButton" text="請求書取消" prompt="請求書取消"/>
                  <oa:submitButton id="applCancelButton" text="申請取消" prompt="申請取消"/>
                  <oa:submitButton id="BackToSearchButton" text="検索画面へ" prompt="検索画面へ" unvalidated="true" serverUnvalidated="true"/>
               </ui:contents>
            </oa:pageButtonBar>
            <oa:cellFormat id="ParametersCellRN" width="100%">
               <ui:contents>
                  <oa:formValue id="Department" prompt="起票部門"/>
                  <oa:formValue id="VendorNames" prompt="仕入先"/>
                  <oa:formValue id="EntryPersonName" prompt="伝票入力者"/>
                  <oa:formValue id="VendorInvoiceNum" prompt="仕入先請求書番号"/>
                  <oa:formValue id="WfStatusS" prompt="ステータス"/>
                  <oa:formValue id="InvoiceDateStart" prompt="請求書日付（自）" dataType="DATE"/>
                  <oa:formValue id="InvoiceDateEnd" prompt="請求書日付（至）" dataType="DATE"/>
                  <oa:formValue id="SlipTypeKind" prompt="伝票種別"/>
                  <oa:formValue id="InvoiceNumber" dataType="VARCHAR2" prompt="伝票番号"/>
                  <oa:formValue id="EntoryDateStart" prompt="起票日（自）" dataType="DATE"/>
                  <oa:formValue id="EntoryDateEnd" prompt="起票日（至）" dataType="DATE"/>
                  <oa:formValue id="Approver" prompt="承認者"/>
                  <oa:formValue id="GlDateStart" dataType="DATE" prompt="計上日（自）"/>
                  <oa:formValue id="GlDateEnd" dataType="DATE" prompt="計上日（至）"/>
                  <oa:formValue id="PayGroupLookupCode" prompt="支払グループ"/>
                  <oa:formValue id="LinesDepartment" prompt="明細：部門"/>
                  <oa:formValue id="TermsDateStart" dataType="DATE" prompt="支払予定日（自）"/>
                  <oa:formValue id="TermsDateEnd" dataType="DATE" prompt="支払予定日（至）"/>
                  <oa:formValue id="LinesAccountCode" prompt="明細：勘定科目"/>
                  <oa:formValue id="ReconReference" prompt="明細：消込参照"/>
                  <oa:formValue id="DepartmentId" prompt="部門コード"/>
                  <oa:formValue id="SlipTypeKindID" prompt="伝票種別コード"/>
                  <oa:formValue id="ApproverId" dataType="NUMBER" prompt="承認者コード"/>
                  <oa:formValue id="VendorNameId" dataType="NUMBER" prompt="仕入先ID"/>
                  <oa:formValue id="EntryPersonId" dataType="NUMBER" prompt="伝票入力者ID"/>
                  <oa:formValue id="PayGroupLookupCodeId" prompt="支払グループコード"/>
                  <oa:formValue id="LinesDepartmentId" prompt="明細：部門コード"/>
                  <oa:formValue id="LinesAccountCodeId" prompt="明細：勘定科目コード"/>
                  <oa:formValue id="search" prompt="検索"/>
                  <oa:formValue id="approverSearch" prompt="一括承認"/>
                  <oa:formValue id="searchShow" prompt="検索のhideShowの状態"/>
                  <oa:formValue id="detailShow" prompt="詳細のhideShowの状態"/>
               </ui:contents>
            </oa:cellFormat>
         </ui:contents>
      </oa:pageLayout>
   </content>
</page>
