<?xml version = '1.0' encoding = 'UTF-8'?>
<!-- dbdrv: exec java oracle/jrad/tools/xml/importer XMLImporter.class java &phase=dat+24 checkfile:~PROD:~PATH:~FILE &fullpath:~PROD:~PATH:~FILE -username &un_apps -password &pw_apps -dbconnection &jdbc_db_addr  -userId "1" -rootPackage /oracle/apps/~PROD  -rootdir &fullpath:~PROD:mds:directory  -->
<page xmlns:jrad="http://xmlns.oracle.com/jrad" xmlns:oa="http://xmlns.oracle.com/oa" xmlns:ui="http://xmlns.oracle.com/uix/ui" version="9.0.3.8.10_1080" xml:lang="en-US" xmlns:user="http://xmlns.oracle.com/jrad/user" xmlns="http://xmlns.oracle.com/jrad" file-version="$Header$">
   <content>
      <oa:pageLayout id="PageLayoutRN" windowTitle="検索" title="検索" amDefName="oracle.apps.xx03.ap.server.XX03ApInvoiceSearchAM" controllerClass="oracle.apps.xx03.ap.webui.XX03ApInvoiceSearchCO">
         <ui:corporateBranding>
            <oa:image id="corporateBrandingImage" source="/OA_MEDIA/FNDSSCORP.gif"/>
         </ui:corporateBranding>
         <ui:contents>
            <oa:rawText id="message"/>
            <oa:defaultSingleColumn id="ConditionRN">
               <ui:contents>
                  <oa:hideShow id="defaultSearch" shortDesc="検索" disclosedText="検索" undisclosedText="検索" disclosed="true">
                     <ui:contents>
                        <oa:defaultDoubleColumn id="region1">
                           <ui:contents>
                              <oa:messageLovInput id="Department" externalListOfValues="/oracle/apps/xx03/lov/webui/Xx03DepartmentsSearchLovRN" prompt="起票部門" viewName="XX03InvoiceSearchConditionVO1" viewAttr="EntryDepartmentName" maximumLength="4000" columns="40">
                                 <lovMappings>
                                    <lovMap id="lovMap1" lovItem="DepartmentsCol" resultTo="Department" criteriaFrom="Department"/>
                                    <lovMap id="lovMap2" lovItem="FlexValue" resultTo="DepartmentId"/>
                                 </lovMappings>
                              </oa:messageLovInput>
                              <oa:messageLovInput id="VendorNames" externalListOfValues="/oracle/apps/xx03/lov/webui/Xx03VendorsSearchLovRN" prompt="仕入先" columns="25" viewName="XX03InvoiceSearchConditionVO1" viewAttr="VendorName">
                                 <lovMappings>
                                    <lovMap id="lovMap11" lovItem="vendorsCol" resultTo="VendorNames" criteriaFrom="VendorNames"/>
                                    <lovMap id="lovMap12" lovItem="vendorId" resultTo="VendorNameId"/>
                                 </lovMappings>
                              </oa:messageLovInput>
                              <oa:messageLovInput id="EntryPersonName" externalListOfValues="/oracle/apps/xx03/lov/webui/Xx03EntryPersonSearchLovRN" maximumLength="4000" prompt="伝票入力者" viewName="XX03InvoiceSearchConditionVO1" viewAttr="EmployeeDisp" columns="40">
                                 <lovMappings>
                                    <lovMap id="lovMap9" lovItem="EmployeeDisp" resultTo="EntryPersonName" criteriaFrom="EntryPersonName"/>
                                    <lovMap id="lovMap10" lovItem="PersonId" resultTo="EntryPersonId"/>
                                 </lovMappings>
                              </oa:messageLovInput>
                              <oa:messageTextInput id="VendorInvoiceNum" prompt="仕入先請求書番号" viewName="XX03InvoiceSearchConditionVO1" viewAttr="VendorInvoiceNum" maximumLength="150" columns="40"/>
                              <oa:messageChoice id="WfStatusS" pickListDispAttr="Meaning" pickListValAttr="LookupCode" pickListViewName="XX03WfStatusesVO1" pickListViewDef="oracle.apps.xx03.ap.server.XX03WfStatusesVO" prompt="ステータス" viewName="XX03InvoiceSearchConditionVO1" viewAttr="WfStatus"/>
                              <oa:messageTextInput id="InvoiceDateStart" prompt="請求書日付（自）" dataType="DATE" viewName="XX03InvoiceSearchConditionVO1" viewAttr="InvoiceDateStart"/>
                              <oa:messageLovInput id="SlipTypeKind" externalListOfValues="/oracle/apps/xx03/lov/webui/Xx03ApSlipTypesSearchLovRN" prompt="伝票種別" viewName="XX03InvoiceSearchConditionVO1" viewAttr="SlipTypeName" columns="40">
                                 <lovMappings>
                                    <lovMap id="lovMap3" lovItem="description" resultTo="SlipTypeKind" criteriaFrom="SlipTypeKind"/>
                                    <lovMap id="lovMap4" lovItem="lookupCode" resultTo="SlipTypeKindID"/>
                                 </lovMappings>
                              </oa:messageLovInput>
                              <oa:messageTextInput id="InvoiceDateEnd" prompt="請求書日付（至）" dataType="DATE" viewName="XX03InvoiceSearchConditionVO1" viewAttr="InvoiceDateEnd"/>
                              <oa:messageTextInput id="InvoiceNumber" dataType="VARCHAR2" prompt="伝票番号" viewName="XX03InvoiceSearchConditionVO1" viewAttr="InvoiceNum" maximumLength="50" columns="25"/>
                              <oa:messageTextInput id="EntoryDateStart" prompt="起票日（自）" dataType="DATE" viewName="XX03InvoiceSearchConditionVO1" viewAttr="EntryDateStart"/>
                              <oa:messageLovInput id="Approver" externalListOfValues="/oracle/apps/xx03/lov/webui/Xx03EntryPersonSearchLovRN" maximumLength="4000" prompt="承認者" viewName="XX03InvoiceSearchConditionVO1" viewAttr="EmployeeDispApprover" columns="40">
                                 <lovMappings>
                                    <lovMap id="lovMap7" lovItem="EmployeeDisp" resultTo="Approver" criteriaFrom="Approver"/>
                                    <lovMap id="lovMap8" lovItem="PersonId" resultTo="ApproverId"/>
                                 </lovMappings>
                              </oa:messageLovInput>
                              <oa:messageTextInput id="EntoryDateEnd" prompt="起票日（至）" dataType="DATE" viewName="XX03InvoiceSearchConditionVO1" viewAttr="EntryDateEnd"/>
                           </ui:contents>
                        </oa:defaultDoubleColumn>
                     </ui:contents>
                  </oa:hideShow>
                  <oa:hideShow id="details" shortDesc="詳細" disclosedText="詳細" undisclosedText="詳細">
                     <ui:contents>
                        <oa:defaultDoubleColumn id="region2">
                           <ui:contents>
                              <oa:messageTextInput id="GlDateStart" dataType="DATE" prompt="計上日（自）" viewName="XX03InvoiceSearchConditionVO1" viewAttr="GlDateStart"/>
                              <oa:messageLovInput id="PayGroupLookupCode" externalListOfValues="/oracle/apps/xx03/lov/webui/XX03ApPayGroupsSearchLovRN" prompt="支払グループ" columns="40" viewName="XX03InvoiceSearchConditionVO1" viewAttr="PayGroupLookupName">
                                 <lovMappings>
                                    <lovMap id="lovMap5" lovItem="meaning" resultTo="PayGroupLookupCode" criteriaFrom="PayGroupLookupCode"/>
                                    <lovMap id="lovMap6" lovItem="lookupCode" resultTo="PayGroupLookupCodeId"/>
                                 </lovMappings>
                              </oa:messageLovInput>
                              <oa:messageTextInput id="GlDateEnd" dataType="DATE" prompt="計上日（至）" viewName="XX03InvoiceSearchConditionVO1" viewAttr="GlDateEnd"/>
                              <oa:messageLovInput id="LinesDepartment" externalListOfValues="/oracle/apps/xx03/lov/webui/Xx03DepartmentsSearchLovRN" prompt="明細：部門" columns="40" viewName="XX03InvoiceSearchConditionVO1" viewAttr="Segment2Name">
                                 <lovMappings>
                                    <lovMap id="lovMap13" lovItem="DepartmentsCol" resultTo="LinesDepartment" criteriaFrom="LinesDepartment"/>
                                    <lovMap id="lovMap14" lovItem="FlexValue" resultTo="LinesDepartmentId"/>
                                 </lovMappings>
                              </oa:messageLovInput>
                              <oa:messageTextInput id="TermsDateStart" dataType="DATE" prompt="支払予定日（自）" viewName="XX03InvoiceSearchConditionVO1" viewAttr="TermsDateStart"/>
                              <oa:messageLovInput id="LinesAccountCode" externalListOfValues="/oracle/apps/xx03/lov/webui/Xx03AccountsSearchLovRN" prompt="明細：勘定科目" columns="40" viewName="XX03InvoiceSearchConditionVO1" viewAttr="Segment3Name">
                                 <lovMappings>
                                    <lovMap id="lovMap15" lovItem="AccountsCol" resultTo="LinesAccountCode" criteriaFrom="LinesAccountCode"/>
                                    <lovMap id="lovMap16" lovItem="FlexValue" resultTo="LinesAccountCodeId"/>
                                 </lovMappings>
                              </oa:messageLovInput>
                              <oa:messageTextInput id="TermsDateEnd" dataType="DATE" prompt="支払予定日（至）" viewName="XX03InvoiceSearchConditionVO1" viewAttr="TermsDateEnd"/>
                              <oa:messageTextInput id="ReconReference" prompt="明細：消込参照" viewName="XX03InvoiceSearchConditionVO1" viewAttr="ReconReference" maximumLength="150" columns="40"/>
                           </ui:contents>
                        </oa:defaultDoubleColumn>
                     </ui:contents>
                  </oa:hideShow>
                  <oa:formValue id="DepartmentId" viewName="XX03InvoiceSearchConditionVO1" viewAttr="EntryDepartment"/>
                  <oa:formValue id="SlipTypeKindID" viewName="XX03InvoiceSearchConditionVO1" viewAttr="SlipType"/>
                  <oa:formValue id="ApproverId" viewName="XX03InvoiceSearchConditionVO1" viewAttr="ApproverPersonId" dataType="NUMBER"/>
                  <oa:formValue id="VendorNameId" viewName="XX03InvoiceSearchConditionVO1" viewAttr="VendorId" dataType="NUMBER"/>
                  <oa:formValue id="EntryPersonId" viewName="XX03InvoiceSearchConditionVO1" viewAttr="EntryPersonId" dataType="NUMBER"/>
                  <oa:formValue id="PayGroupLookupCodeId" viewAttr="PayGroupLookupCode" viewName="XX03InvoiceSearchConditionVO1"/>
                  <oa:formValue id="LinesDepartmentId" viewAttr="Segment2" viewName="XX03InvoiceSearchConditionVO1"/>
                  <oa:formValue id="LinesAccountCodeId" viewName="XX03InvoiceSearchConditionVO1" viewAttr="Segmrnt3"/>
                  <oa:pageButtonBar id="SearchBtnRN">
                     <ui:contents>
                        <oa:submitButton id="ClearBtn" text="クリア" prompt="クリア"/>
                        <oa:submitButton id="SearchBtn" text="検索" prompt="検索"/>
                     </ui:contents>
                  </oa:pageButtonBar>
               </ui:contents>
            </oa:defaultSingleColumn>
            <oa:separator id="separator1"/>
            <oa:spacer id="spacer1" height="5"/>
            <oa:table id="XX03ApproverResult" rendered="true" serverUnvalidated="false" unvalidated="false">
               <ui:contents>
                  <oa:formValue id="InvoiceId" dataType="NUMBER" prompt="InvoiceId" viewName="XX03ResultInvoiceVO1" viewAttr="InvoiceId"/>
                  <oa:button id="ConfirmBtn" destination="javascript:submitForm(0, 0, {serverValidate:'0', invoiceId:'{#InvoiceId}', Confirm:'Confirm'})" text="確認" prompt="確認"/>
                  <oa:formValue id="WfStatus" dataType="VARCHAR2" prompt="ステータスコード" viewName="XX03ResultInvoiceVO1" viewAttr="WfStatus"/>
                  <oa:messageStyledText id="Meaning" dataType="VARCHAR2" prompt="ステータス" viewName="XX03ResultInvoiceVO1" viewAttr="Meaning" sortState="yes"/>
                  <oa:messageStyledText id="InvoiceNum" dataType="VARCHAR2" prompt="伝票番号" viewName="XX03ResultInvoiceVO1" viewAttr="InvoiceNum" maximumLength="50" sortState="yes"/>
                  <oa:messageStyledText id="SlipType" dataType="VARCHAR2" prompt="伝票種別" viewName="XX03ResultInvoiceVO1" viewAttr="Description" maximumLength="25" sortState="yes"/>
                  <oa:formValue id="VendorId" dataType="VARCHAR2" prompt="仕入先ID" viewName="XX03ResultInvoiceVO1" viewAttr="VendorName"/>
                  <oa:messageStyledText id="VendorName" dataType="VARCHAR2" prompt="仕入先" viewName="XX03ResultInvoiceVO1" viewAttr="VendorName" maximumLength="15" sortState="yes"/>
                  <oa:messageStyledText id="VendorInvoiceNumA" dataType="VARCHAR2" prompt="仕入先請求書番号" viewName="XX03ResultInvoiceVO1" viewAttr="VendorInvoiceNum" maximumLength="150" sortState="yes"/>
                  <oa:messageStyledText id="InvoiceDate" dataType="DATE" prompt="請求書日付" viewName="XX03ResultInvoiceVO1" viewAttr="InvoiceDate" sortState="yes"/>
                  <oa:messageStyledText id="InvoiceAmount" dataType="VARCHAR2" prompt="合計金額" viewName="XX03ResultInvoiceVO1" viewAttr="InvoiceAmount"/>
                  <oa:messageStyledText id="InvoiceCurrencyCode" viewAttr="InvoiceCurrencyCode" viewName="XX03ResultInvoiceVO1" maximumLength="15" prompt="通貨"/>
               </ui:contents>
               <ui:tableSelection>
                  <oa:multipleSelection id="multipleSelection1" viewAttr="FormSelectFlag">
                     <ui:contents>
                        <oa:selectionButton id="selectionButton1" rendered="false">
                           <ui:contents>
                              <oa:messageCheckBox id="item1" checkedValue="Y" unCheckedValue="N" viewName="XX03ResultInvoiceVO1" viewAttr="FormSelectFlag" text="一括承認" prompt="一括承認"/>
                           </ui:contents>
                        </oa:selectionButton>
                     </ui:contents>
                  </oa:multipleSelection>
               </ui:tableSelection>
            </oa:table>
            <oa:table id="XX03ApproveConfirm" rendered="true" serverUnvalidated="false" unvalidated="false">
               <ui:contents>
                  <oa:formValue id="InvoiceIdConfirm" dataType="NUMBER" prompt="InvoiceId" viewName="XX03ResultInvoiceVO1" viewAttr="InvoiceId"/>
                  <oa:formValue id="WfStatusConfirm" dataType="VARCHAR2" prompt="ステータスコード" viewName="XX03ResultInvoiceVO1" viewAttr="WfStatus"/>
                  <oa:messageStyledText id="MeaningConfirm" dataType="VARCHAR2" prompt="ステータス" viewName="XX03ResultInvoiceVO1" viewAttr="Meaning" sortState="no"/>
                  <oa:messageStyledText id="InvoiceNumConfirm" dataType="VARCHAR2" prompt="伝票番号" viewName="XX03ResultInvoiceVO1" viewAttr="InvoiceNum" maximumLength="50" sortState="no"/>
                  <oa:messageStyledText id="SlipTypeConfirm" dataType="VARCHAR2" prompt="伝票種別" viewName="XX03ResultInvoiceVO1" viewAttr="Description" maximumLength="25" sortState="no"/>
                  <oa:formValue id="VendorIdConfirm" dataType="VARCHAR2" prompt="仕入先ID" viewName="XX03ResultInvoiceVO1" viewAttr="VendorName"/>
                  <oa:messageStyledText id="VendorNameConfirm" dataType="VARCHAR2" prompt="仕入先" viewName="XX03ResultInvoiceVO1" viewAttr="VendorName" maximumLength="15" sortState="no"/>
                  <oa:messageStyledText id="VendorInvoiceNumC" dataType="VARCHAR2" prompt="仕入先請求書番号" viewName="XX03ResultInvoiceVO1" viewAttr="VendorInvoiceNum" maximumLength="150" sortState="no"/>
                  <oa:messageStyledText id="InvoiceDateConfirm" dataType="DATE" prompt="請求書日付" viewName="XX03ResultInvoiceVO1" viewAttr="InvoiceDate" sortState="no"/>
                  <oa:messageStyledText id="InvoiceAmountConfirm" dataType="VARCHAR2" prompt="合計金額" viewName="XX03ResultInvoiceVO1" viewAttr="InvoiceAmount"/>
                  <oa:messageStyledText id="InvoiceCurrencyCodeConfirm" viewAttr="InvoiceCurrencyCode" viewName="XX03ResultInvoiceVO1" maximumLength="15" prompt="通貨"/>
               </ui:contents>
            </oa:table>
            <oa:table id="XX03ResultInvoice" rendered="true" serverUnvalidated="false" unvalidated="false">
               <ui:contents>
                  <oa:formValue id="InvoiceIdResult" dataType="NUMBER" prompt="InvoiceId" viewName="XX03ResultInvoiceVO1" viewAttr="InvoiceId"/>
                  <oa:button id="ConfirmBtnResult" destination="javascript:submitForm(0, 0, {serverValidate:'0', invoiceId:'{#InvoiceId}', Confirm:'Confirm'})" text="確認" prompt="確認"/>
                  <oa:formValue id="WfStatusResult" dataType="VARCHAR2" prompt="ステータスコード" viewName="XX03ResultInvoiceVO1" viewAttr="WfStatus"/>
                  <oa:messageStyledText id="MeaningResult" dataType="VARCHAR2" prompt="ステータス" viewName="XX03ResultInvoiceVO1" viewAttr="Meaning" sortState="yes"/>
                  <oa:messageStyledText id="InvoiceNumResult" dataType="VARCHAR2" prompt="伝票番号" viewName="XX03ResultInvoiceVO1" viewAttr="InvoiceNum" maximumLength="50" sortState="yes"/>
                  <oa:messageStyledText id="SlipTypeResult" dataType="VARCHAR2" prompt="伝票種別" viewName="XX03ResultInvoiceVO1" viewAttr="Description" maximumLength="25" sortState="yes"/>
                  <oa:formValue id="VendorIdResult" dataType="VARCHAR2" prompt="仕入先ID" viewName="XX03ResultInvoiceVO1" viewAttr="VendorName"/>
                  <oa:messageStyledText id="VendorNameResult" dataType="VARCHAR2" prompt="仕入先" viewName="XX03ResultInvoiceVO1" viewAttr="VendorName" maximumLength="15" sortState="yes"/>
                  <oa:messageStyledText id="VendorInvoiceNumR" dataType="VARCHAR2" prompt="仕入先請求書番号" viewName="XX03ResultInvoiceVO1" viewAttr="VendorInvoiceNum" maximumLength="150" sortState="yes"/>
                  <oa:messageStyledText id="InvoiceDateResult" dataType="DATE" prompt="請求書日付" viewName="XX03ResultInvoiceVO1" viewAttr="InvoiceDate" sortState="yes"/>
                  <oa:messageStyledText id="InvoiceAmountResult" dataType="VARCHAR2" prompt="合計金額" viewName="XX03ResultInvoiceVO1" viewAttr="InvoiceAmount"/>
                  <oa:messageStyledText id="InvoiceCurrencyCodeResult" viewAttr="InvoiceCurrencyCode" viewName="XX03ResultInvoiceVO1" maximumLength="15" prompt="通貨"/>
                  <oa:image id="DeleteBtnResult" prompt="削除" destination="{$DeleteUri}" viewName="XX03ResultInvoiceVO1" viewAttr="DeleteFlag" source="{$DeleteFlag}"/>
               </ui:contents>
            </oa:table>
            <oa:defaultDoubleColumn id="deleteConfirm" rendered="true">
               <ui:contents>
                  <oa:submitButton id="deleteYes" prompt="はい" serverUnvalidated="true" unvalidated="true"/>
                  <oa:submitButton id="deleteNo" prompt="いいえ" serverUnvalidated="true" unvalidated="true"/>
               </ui:contents>
            </oa:defaultDoubleColumn>
            <oa:defaultDoubleColumn id="approve">
               <ui:contents>
                  <oa:submitButton id="approveBtn" text="一括承認" prompt="一括承認"/>
                  <oa:submitButton id="approveYes" prompt="承認" serverUnvalidated="true" unvalidated="true" text="承認"/>
                  <oa:submitButton id="approveNo" prompt="戻る" serverUnvalidated="true" unvalidated="true" text="戻る"/>
               </ui:contents>
            </oa:defaultDoubleColumn>
            <oa:formValue id="searchKind"/>
            <oa:formValue id="delInvoiceId"/>
            <oa:formValue id="delInvoiceNum"/>
         </ui:contents>
      </oa:pageLayout>
   </content>
</page>
