<?xml version = '1.0' encoding = 'UTF-8'?>
<!-- dbdrv: exec java oracle/jrad/tools/xml/importer XMLImporter.class java &phase=dat+24 checkfile:~PROD:~PATH:~FILE &fullpath:~PROD:~PATH:~FILE -username &un_apps -password &pw_apps -dbconnection &jdbc_db_addr  -userId "1" -rootPackage /oracle/apps/~PROD  -rootdir &fullpath:~PROD:mds:directory  -->
<page xmlns:jrad="http://xmlns.oracle.com/jrad" xmlns:oa="http://xmlns.oracle.com/oa" xmlns:ui="http://xmlns.oracle.com/uix/ui" version="9.0.3.8.13_1579" xml:lang="en-US" xmlns:user="http://xmlns.oracle.com/jrad/user" xmlns="http://xmlns.oracle.com/jrad" file-version="$Header$">
   <content>
      <oa:pageLayout id="PageLayoutRN" amDefName="oracle.apps.xx03.ap.server.XX03ApInvoiceInputAM" windowTitle="ヘッダー／明細入力" title="仕入先請求書" controllerClass="oracle.apps.xx03.ap.webui.XX03ApInvoiceInputCO">
         <ui:corporateBranding>
            <oa:image id="corporateBrandingImage" source="/OA_MEDIA/FNDSSCORP.gif"/>
         </ui:corporateBranding>
         <ui:contents>
            <oa:hideShow id="ApplicationInfoRN" shortDesc="申請情報" disclosedText="申請情報" undisclosedText="申請情報">
               <ui:contents>
                  <oa:cellFormat id="ApplicatinEntriesCellRN" width="100%">
                     <ui:contents>
                        <oa:defaultDoubleColumn id="ApplicationEntriesRN">
                           <ui:contents>
                              <oa:messageLovInput id="approverPersonName" dataType="VARCHAR2" prompt="承認者" viewName="XX03PaymentSlipsVO1" viewAttr="ApproverPersonName" maximumLength="500" columns="40" required="uiOnly" externalListOfValues="/oracle/apps/xx03/common/lov/webui/XX03ApproverPersonLovRN">
                                 <lovMappings>
                                    <lovMap id="approverPersonNameMap1" lovItem="employeeDisp" resultTo="approverPersonName" criteriaFrom="approverPersonName"/>
                                    <lovMap id="approverPersonNameMap2" lovItem="personId" resultTo="approverPersonId"/>
                                    <lovMap id="approverPersonNameMap3" criteriaFrom="slipTypeApp" programmaticQuery="true" lovItem="appCode"/>
                                 </lovMappings>
                              </oa:messageLovInput>
                              <oa:messageStyledText id="entryDepartment" dataType="VARCHAR2" prompt="起票部門" viewName="XX03EntryUserInfoVO1" maximumLength="150" viewAttr="DepartmentName"/>
                              <oa:spacer id="spacer1"/>
                              <oa:messageStyledText id="entryPersonId" dataType="VARCHAR2" prompt="伝票入力者" viewName="XX03EntryUserInfoVO1" viewAttr="UserName" maximumLength="334"/>
                              <oa:spacer id="spacer2"/>
                              <oa:messageStyledText id="entryDate" dataType="DATE" prompt="起票日" viewName="XX03PaymentSlipsVO1" viewAttr="EntryDate"/>
                              <oa:formValue id="personId" dataType="NUMBER" prompt="従業員ID" viewName="XX03EntryUserInfoVO1" viewAttr="PersonId"/>
                              <oa:formValue id="departmentId" dataType="VARCHAR2" prompt="部門ID" viewName="XX03EntryUserInfoVO1" viewAttr="DepartmentId"/>
                              <oa:formValue id="approverPersonId" viewName="XX03PaymentSlipsVO1" viewAttr="ApproverPersonId" dataType="NUMBER"/>
                           </ui:contents>
                        </oa:defaultDoubleColumn>
                     </ui:contents>
                  </oa:cellFormat>
               </ui:contents>
            </oa:hideShow>
            <oa:rowLayout id="SlipHeaderCellRN" width="100%">
               <ui:contents>
                  <oa:defaultDoubleColumn id="SlipHeaderRN">
                     <ui:contents>
                        <oa:messageStyledText id="invoiceNum" dataType="VARCHAR2" prompt="伝票番号" viewName="XX03PaymentSlipsVO1" viewAttr="InvoiceNum" maximumLength="50"/>
                        <oa:messageStyledText id="origInvoiceNum" dataType="VARCHAR2" prompt="修正元伝票番号" viewName="XX03PaymentSlipsVO1" viewAttr="OrigInvoiceNum" maximumLength="150"/>
                        <oa:messageLovInput id="vendorName" dataType="VARCHAR2" prompt="仕入先" viewName="XX03PaymentSlipsVO1" viewAttr="VendorName" maximumLength="500" columns="40" required="uiOnly" externalListOfValues="/oracle/apps/xx03/common/lov/webui/XX03VendorsLovRN">
                           <lovMappings>
                              <lovMap id="vendorNameMap1" lovItem="vendorsCol" resultTo="vendorName" criteriaFrom="vendorName"/>
                              <lovMap id="vendorNameMap2" lovItem="vendorId" resultTo="vendorId"/>
                              <lovMap id="vendorNameMap3" lovItem="vendorSiteId" resultTo="vendorSiteId"/>
                              <lovMap id="vendorNameMap4" lovItem="vendorSiteCode" resultTo="vendorSiteName"/>
                              <lovMap id="vendorNameMap5" lovItem="bankFullName" resultTo="bankFullName"/>
                              <lovMap id="vendorNameMap6" lovItem="invoiceCurrencyCode" resultTo="invoiceCurrencyCode"/>
                              <lovMap id="vendorNameMap7" lovItem="payGroupCode" resultTo="payGroupLookupCode"/>
                              <lovMap id="vendorNameMap8" lovItem="payGroupMeaning" resultTo="payGroupLookupName"/>
                              <lovMap id="vendorNameMap9" lovItem="termId" resultTo="termsId"/>
                              <lovMap id="vendorNameMap10" lovItem="termName" resultTo="termsName"/>
                              <lovMap id="vendorNameMap11" lovItem="autoTaxCalcFlag" resultTo="autoTaxCalcFlag"/>
                              <lovMap id="vendorNameMap12" lovItem="apTaxRoundingRule" resultTo="apTaxRoundingRule"/>
                              <lovMap id="lovMap2" lovItem="invoiceCurrencyCode" resultTo="item1"/>
                              <lovMap id="lovMap4" lovItem="draftingCompany" resultTo="fvDraftingCompany"/>
                           </lovMappings>
                        </oa:messageLovInput>
                        <oa:messageTextInput id="glDate" dataType="DATE" prompt="計上日" viewName="XX03PaymentSlipsVO1" viewAttr="GlDate" required="uiOnly"/>
                        <oa:messageLovInput id="vendorSiteName" dataType="VARCHAR2" prompt="仕入先サイト" viewName="XX03PaymentSlipsVO1" viewAttr="VendorSiteName" maximumLength="500" columns="20" required="uiOnly" externalListOfValues="/oracle/apps/xx03/common/lov/webui/XX03VendorSitesLovRN" rendered="true">
                           <lovMappings>
                              <lovMap id="vendorSiteNameMap1" lovItem="vendorSiteCode" resultTo="vendorSiteName" criteriaFrom="vendorSiteName"/>
                              <lovMap id="vendorSiteNameMap2" lovItem="vendorId" criteriaFrom="vendorId" requiredForLOV="true" programmaticQuery="false"/>
                              <lovMap id="vendorSiteNameMap3" lovItem="vendorSiteId" resultTo="vendorSiteId"/>
                              <lovMap id="vendorSiteNameMap4" lovItem="bankFullName" resultTo="bankFullName"/>
                              <lovMap id="vendorSiteNameMap5" lovItem="invoiceCurrencyCode" resultTo="invoiceCurrencyCode"/>
                              <lovMap id="vendorSiteNameMap6" lovItem="payGroupCode" resultTo="payGroupLookupCode"/>
                              <lovMap id="vendorSiteNameMap7" lovItem="payGroupMeaning" resultTo="payGroupLookupName"/>
                              <lovMap id="vendorSiteNameMap8" lovItem="termId" resultTo="termsId"/>
                              <lovMap id="vendorSiteNameMap9" lovItem="termName" resultTo="termsName"/>
                              <lovMap id="vendorSiteNameMap10" lovItem="autoTaxCalcFlag" resultTo="autoTaxCalcFlag"/>
                              <lovMap id="vendorSiteNameMap12" lovItem="apTaxRoundingRule" resultTo="apTaxRoundingRule"/>
                              <lovMap id="lovMap3" lovItem="invoiceCurrencyCode" resultTo="item1"/>
                              <lovMap id="lovMap5" lovItem="draftingCompany" resultTo="fvDraftingCompany"/>
                           </lovMappings>
                        </oa:messageLovInput>
                        <oa:messageLovInput id="payGroupLookupName" dataType="VARCHAR2" prompt="支払グループ" viewName="XX03PaymentSlipsVO1" viewAttr="PayGroupLookupName" maximumLength="500" columns="30" required="uiOnly" queryable="false" disabled="false" sortState="no" externalListOfValues="/oracle/apps/xx03/common/lov/webui/XX03ApPayGroupsLovRN">
                           <lovMappings>
                              <lovMap id="payGroupLookupNameMap1" lovItem="meaning" resultTo="payGroupLookupName" criteriaFrom="payGroupLookupName"/>
                              <lovMap id="payGroupLookupNameMap2" lovItem="lookupCode" resultTo="payGroupLookupCode"/>
                           </lovMappings>
                        </oa:messageLovInput>
                        <oa:messageStyledText id="bankFullName" prompt="振込先口座"/>
                        <oa:messageLovInput id="termsName" dataType="VARCHAR2" prompt="支払条件" viewName="XX03PaymentSlipsVO1" viewAttr="TermsName" maximumLength="500" columns="30" required="uiOnly" vAlign="middle" externalListOfValues="/oracle/apps/xx03/common/lov/webui/XX03ApTermsLovRN">
                           <lovMappings>
                              <lovMap id="termsNameMap1" lovItem="apTermName" resultTo="termsName" criteriaFrom="termsName"/>
                              <lovMap id="termsNameMap2" lovItem="termId" resultTo="termsId"/>
                           </lovMappings>
                        </oa:messageLovInput>
                        <oa:messageTextInput id="vendorInvoiceNum" dataType="VARCHAR2" prompt="請求書番号" viewName="XX03PaymentSlipsVO1" viewAttr="VendorInvoiceNum" maximumLength="150" columns="25"/>
                        <oa:messageLovInput id="invoiceCurrencyCode" dataType="VARCHAR2" prompt="通貨" viewName="XX03PaymentSlipsVO1" viewAttr="InvoiceCurrencyCode" maximumLength="10" columns="15" required="uiOnly" externalListOfValues="/oracle/apps/xx03/common/lov/webui/XX03CurrenciesLovRN">
                           <lovMappings>
                              <lovMap id="invoiceCurrencyCodeMap1" lovItem="currencyCode" resultTo="invoiceCurrencyCode" criteriaFrom="invoiceCurrencyCode"/>
                              <lovMap id="lovMap1" lovItem="currencyCode" resultTo="item1"/>
                           </lovMappings>
                        </oa:messageLovInput>
                        <oa:messageTextInput id="invoiceDate" dataType="DATE" prompt="請求書日付" viewName="XX03PaymentSlipsVO1" viewAttr="InvoiceDate" required="uiOnly"/>
                        <oa:messageLovInput id="exchangeRateTypeName" dataType="VARCHAR2" prompt="レートタイプ" viewName="XX03PaymentSlipsVO1" viewAttr="ExchangeRateTypeName" externalListOfValues="/oracle/apps/xx03/common/lov/webui/XX03ConversionTypesLovRN" maximumLength="30" columns="30">
                           <lovMappings>
                              <lovMap id="exchangeRateTypeNameMap1" lovItem="userConversionType" resultTo="exchangeRateTypeName" criteriaFrom="exchangeRateTypeName"/>
                              <lovMap id="exchangeRateTypeNameMap2" lovItem="conversionRate" resultTo="exchangeRate"/>
                              <lovMap id="exchangeRateTypeNameMap3" lovItem="conversionType" resultTo="exchangeRateType"/>
                              <lovMap id="exchangeRateTypeNameMap4" lovItem="fromCurrency" criteriaFrom="invoiceCurrencyCode" requiredForLOV="true" programmaticQuery="false"/>
                              <lovMap id="exchangeRateTypeNameMap5" lovItem="conversionDate" criteriaFrom="invoiceDate" requiredForLOV="true" programmaticQuery="false"/>
                           </lovMappings>
                        </oa:messageLovInput>
                        <oa:messageTextInput id="description" dataType="VARCHAR2" prompt="備考" viewName="XX03PaymentSlipsVO1" viewAttr="Description" maximumLength="240" columns="30" rows="3"/>
                        <oa:messageTextInput id="exchangeRate" dataType="NUMBER" prompt="レート" viewName="XX03PaymentSlipsVO1" viewAttr="ExchangeRate" columns="20" maximumLength="15"/>
                        <oa:spacer id="spacer10"/>
                        <oa:messageLovInput id="prepayNum" dataType="VARCHAR2" prompt="前払伝票番号" viewName="XX03PaymentSlipsVO1" viewAttr="PrepayNum" maximumLength="50" columns="25" externalListOfValues="/oracle/apps/xx03/common/lov/webui/XX03PrepaymentLovRN" selectiveSearchCriteria="true">
                           <lovMappings>
                              <lovMap id="prepayNumlovMap1" lovItem="invoiceNum" resultTo="prepayNum" criteriaFrom="prepayNum"/>
                              <lovMap id="prepayNumlovMap2" lovItem="vendorId" criteriaFrom="vendorId" requiredForLOV="true" useForValidation="default"/>
                              <lovMap id="prepayNumlovMap3" lovItem="prepayAmountAppliedDisp" resultTo="invPrepayAmountDisp"/>
                              <lovMap id="prepayNumlovMap4" lovItem="invoiceCurrencyCode" criteriaFrom="item1" requiredForLOV="true" useForValidation="default"/>
                              <lovMap id="prepayNumlovMap5" lovItem="prepayAmountApplied" resultTo="invPrepayAmount"/>
                           </lovMappings>
                        </oa:messageLovInput>
                        <oa:messageStyledText id="draftingCompany" prompt="伝票作成会社" viewName="XX03PaymentSlipsVO1" viewAttr="DraftingCompany"/>
                        <oa:messageCheckBox id="invoiceEleDataYes" dataType="VARCHAR2" prompt="請求書 電子データ受領あり" viewName="XX03PaymentSlipsVO1" viewAttr="InvoiceEleDataYes" checkedValue="Y" text="請求書 電子データ受領あり" unCheckedValue="N" styleClass="OraPromptText" readOnly="false"/>
                        <oa:spacer id="spacer13" height="1"/>
                        <oa:messageCheckBox id="invoiceEleDataNo" dataType="VARCHAR2" prompt="請求書 電子データ受領なし" viewName="XX03PaymentSlipsVO1" viewAttr="InvoiceEleDataNo" checkedValue="Y" text="請求書 電子データ受領なし" unCheckedValue="N" styleClass="OraPromptText" readOnly="false"/>
                        <oa:spacer id="spacer14" height="1"/>
                        <oa:messageCheckBox id="invoiceTNumYes" dataType="VARCHAR2" prompt="適格請求書（インボイス）あり" viewName="XX03PaymentSlipsVO1" viewAttr="InvoiceTNumYes" checkedValue="Y" text="適格請求書（インボイス）あり" unCheckedValue="N" styleClass="OraPromptText" readOnly="false"/>
                        <oa:spacer id="spacer15" height="1"/>
                        <oa:messageCheckBox id="invoiceTNumNo" dataType="VARCHAR2" prompt="適格請求書（インボイス）なし" viewName="XX03PaymentSlipsVO1" viewAttr="InvoiceTNumNo" checkedValue="Y" text="適格請求書（インボイス）なし" unCheckedValue="N" styleClass="OraPromptText" readOnly="false"/>
                        <oa:formValue id="vendorId" dataType="NUMBER" prompt="仕入先" viewName="XX03PaymentSlipsVO1" viewAttr="VendorId"/>
                        <oa:formValue id="vendorSiteId" dataType="NUMBER" prompt="仕入先サイト" viewName="XX03PaymentSlipsVO1" viewAttr="VendorSiteId"/>
                        <oa:formValue id="termsId" dataType="NUMBER" prompt="支払条件" viewName="XX03PaymentSlipsVO1" viewAttr="TermsId"/>
                        <oa:formValue id="termsDate" dataType="DATE" prompt="支払予定日" viewName="XX03PaymentSlipsVO1" viewAttr="TermsDate"/>
                        <oa:formValue id="payGroupLookupCode" dataType="VARCHAR2" prompt="支払グループ" viewName="XX03PaymentSlipsVO1" viewAttr="PayGroupLookupCode"/>
                        <oa:formValue id="exchangeRateType" dataType="VARCHAR2" prompt="レートタイプ" viewName="XX03PaymentSlipsVO1" viewAttr="ExchangeRateType"/>
                        <oa:formValue id="attributeCategory" dataType="VARCHAR2" prompt="AttributeCategory" viewName="XX03PaymentSlipsVO1" viewAttr="AttributeCategory"/>
                        <oa:formValue id="orgId" dataType="NUMBER" prompt="OrgId" viewName="XX03PaymentSlipsVO1" viewAttr="OrgId"/>
                        <oa:formValue id="slipType" dataType="VARCHAR2" prompt="伝票種別" viewName="XX03PaymentSlipsVO1" viewAttr="SlipType"/>
                        <oa:formValue id="slipTypeApp" dataType="VARCHAR2" prompt="伝票種別アプリ" viewName="XX03PaymentSlipsVO1" viewAttr="SlipTypeApp"/>
                        <oa:formValue id="autoTaxCalcFlag" dataType="VARCHAR2" prompt="仕入先計算レベル" viewName="XX03PaymentSlipsVO1" viewAttr="AutoTaxCalcFlag"/>
                        <oa:formValue id="apTaxRoundingRule" dataType="VARCHAR2" prompt="仕入先端数処理" viewName="XX03PaymentSlipsVO1" viewAttr="ApTaxRoundingRule"/>
                        <oa:formValue id="item1" viewName="XX03PaymentSlipsVO1" viewAttr="InvoiceCurrencyCode" prompt="通貨"/>
                        <oa:formValue id="fvDraftingCompany" viewName="XX03PaymentSlipsVO1" viewAttr="DraftingCompany" prompt="伝票作成会社"/>
                        <oa:pageButtonBar id="HeaderControlRN">
                           <ui:contents>
                              <oa:submitButton id="changeTermsDateButton" text="支払予定日変更" prompt="支払予定日変更"/>
                           </ui:contents>
                        </oa:pageButtonBar>
                     </ui:contents>
                  </oa:defaultDoubleColumn>
               </ui:contents>
            </oa:rowLayout>
            <oa:defaultSingleColumn id="HeaderFlowRN" text="合計金額">
               <ui:contents>
                  <oa:tableLayout id="HeaderTableRN" width="100%">
                     <ui:contents>
                        <oa:rowLayout id="HeaderAmountRowRN" width="100%" prompt="合計金額">
                           <ui:contents>
                              <oa:cellFormat id="SpaceCell1RN" width="10%" vAlign="top" hAlign="left">
                                 <ui:contents>
                                    <oa:flowLayout id="SpaceFlow1RN">
                                       <ui:contents>
                                          <oa:spacer id="spacer5" width="10%"/>
                                       </ui:contents>
                                    </oa:flowLayout>
                                 </ui:contents>
                              </oa:cellFormat>
                              <oa:cellFormat id="HeaderAmoutLeftCellRN" width="20%" hAlign="left" vAlign="top">
                                 <ui:contents>
                                    <oa:flowLayout id="HeaderAmountLeftRN">
                                       <ui:contents>
                                          <oa:messageStyledText id="invAmountDisp" prompt="支払金額" viewName="XX03GetAmountFormatVO1" viewAttr="InvAmountDisp" maximumLength="50" vAlign="bottom"/>
                                          <oa:messageStyledText id="invItemAmountDisp" prompt="本体金額" viewName="XX03GetAmountFormatVO1" viewAttr="InvItemAmountDisp" maximumLength="50" vAlign="bottom"/>
                                          <oa:messageStyledText id="invTaxAmountDisp" prompt="消費税額" viewName="XX03GetAmountFormatVO1" viewAttr="InvTaxAmountDisp" maximumLength="50" vAlign="bottom"/>
                                          <oa:formValue id="invAmount" dataType="NUMBER" prompt="支払金額" viewName="XX03PaymentSlipsVO1" viewAttr="InvAmount"/>
                                          <oa:formValue id="invItemAmount" dataType="NUMBER" prompt="本体金額" viewName="XX03PaymentSlipsVO1" viewAttr="InvItemAmount"/>
                                          <oa:formValue id="invTaxAmount" dataType="NUMBER" prompt="消費税額" viewName="XX03PaymentSlipsVO1" viewAttr="InvTaxAmount"/>
                                       </ui:contents>
                                    </oa:flowLayout>
                                 </ui:contents>
                              </oa:cellFormat>
                              <oa:cellFormat id="SpaceCell3RN" width="5%">
                                 <ui:contents>
                                    <oa:flowLayout id="SpaceFlow3RN">
                                       <ui:contents>
                                          <oa:spacer id="spacer9" width="5%"/>
                                       </ui:contents>
                                    </oa:flowLayout>
                                 </ui:contents>
                              </oa:cellFormat>
                              <oa:cellFormat id="HeaderAmountRightCellRN" width="20%" vAlign="top" hAlign="left">
                                 <ui:contents>
                                    <oa:flowLayout id="HeaderAmountRight">
                                       <ui:contents>
                                          <oa:messageStyledText id="invPrepayAmountDisp" prompt="充当金額" viewName="XX03GetAmountFormatVO1" viewAttr="InvPrepayAmountDisp" maximumLength="50" vAlign="bottom"/>
                                          <oa:spacer id="spacer3"/>
                                          <oa:spacer id="spacer4"/>
                                          <oa:formValue id="invPrepayAmount" dataType="NUMBER" prompt="充当金額" viewName="XX03PaymentSlipsVO1" viewAttr="InvPrepayAmount"/>
                                       </ui:contents>
                                    </oa:flowLayout>
                                 </ui:contents>
                              </oa:cellFormat>
                              <oa:cellFormat id="SpaceCell2RN" width="45%" vAlign="top" hAlign="left">
                                 <ui:contents>
                                    <oa:flowLayout id="SpaceFlow2RN">
                                       <ui:contents>
                                          <oa:spacer id="spacer6" width="10%"/>
                                       </ui:contents>
                                    </oa:flowLayout>
                                 </ui:contents>
                              </oa:cellFormat>
                           </ui:contents>
                        </oa:rowLayout>
                     </ui:contents>
                  </oa:tableLayout>
                  <oa:pageButtonBar id="CulculateRN">
                     <ui:contents>
                        <oa:submitButton id="reCalculateButton" text="再計算" prompt="再計算"/>
                     </ui:contents>
                  </oa:pageButtonBar>
                  <oa:spacer id="spacer11" height="3"/>
               </ui:contents>
            </oa:defaultSingleColumn>
            <oa:rowLayout id="RowControlRowRN" width="100%">
               <ui:contents>
                  <oa:pageButtonBar id="RowControlRN">
                     <ui:contents>
                        <oa:submitButton id="prevRowButton" text="前" prompt="前"/>
                        <oa:submitButton id="nextRowButton" text="次" prompt="次"/>
                        <oa:messageChoice id="targetChoice" pickListViewName="XX03GetDropDownListVO1" pickListDispAttr="AllRow" pickListValAttr="NowRow" pickListViewDef="oracle.apps.xx03.ap.server.XX03GetDropDownListVO" viewName="XX03PaymentSlipsVO1" viewAttr="Attribute15" disabled="false" rendered="false"/>
                        <oa:submitButton id="targetRowButton" text="明細移動" prompt="明細移動" rendered="false"/>
                     </ui:contents>
                  </oa:pageButtonBar>
               </ui:contents>
            </oa:rowLayout>
            <oa:rowLayout id="LinesRowRN" width="100%">
               <ui:contents>
                  <oa:defaultDoubleColumn id="SlipLinesRN" text="明細項目">
                     <ui:contents>
                        <oa:messageStyledText id="lineNumber" dataType="NUMBER" prompt="No" viewName="XX03PaymentSlipLinesVO1" viewAttr="LineNumber" maximumLength="15"/>
                        <oa:messageLovInput id="segment1Name" dataType="VARCHAR2" prompt="会社" viewName="XX03PaymentSlipLinesVO1" viewAttr="Segment1Name" maximumLength="500" columns="40" required="uiOnly" externalListOfValues="/oracle/apps/xx03/lov/webui/Xx03CompaniesLovRN">
                           <lovMappings>
                              <lovMap id="segment1NameMap1" lovItem="CompaniesCol" resultTo="segment1Name" criteriaFrom="segment1Name"/>
                              <lovMap id="segment1NameMap2" lovItem="FlexValue" resultTo="segment1"/>
                           </lovMappings>
                        </oa:messageLovInput>
                        <oa:messageLovInput id="slipLineTypeName" dataType="VARCHAR2" prompt="摘要コード" viewName="XX03PaymentSlipLinesVO1" viewAttr="SlipLineTypeName" maximumLength="500" columns="40" required="uiOnly" externalListOfValues="/oracle/apps/xx03/common/lov/webui/XX03SlipLineTypesLovRN">
                           <lovMappings>
                              <lovMap id="slipLineTypeNameMap1" lovItem="slipLineTypesCol" resultTo="slipLineTypeName" criteriaFrom="slipLineTypeName" useForValidation="no"/>
                              <lovMap id="slipLineTypeNameMap2" lovItem="lookupCode" resultTo="slipLineType" useForValidation="no"/>
                              <lovMap id="slipLineTypeNameMap3" lovItem="slipTypesCode" criteriaFrom="slipType" requiredForLOV="true" programmaticQuery="false" useForValidation="no"/>
                              <lovMap id="slipLineTypeNameMap4" lovItem="vendorSiteId" criteriaFrom="vendorSiteId" requiredForLOV="true" programmaticQuery="false" useForValidation="no"/>
                              <lovMap id="slipLineTypeNameMap5" lovItem="setTaxCodeCols" resultTo="taxName" useForValidation="no"/>
                              <lovMap id="slipLineTypeNameMap6" lovItem="setTaxCodes" resultTo="taxCode" useForValidation="no"/>
                              <lovMap id="slipLineTypeNameMap7" lovItem="setCompaniesCol" resultTo="segment1Name" useForValidation="no"/>
                              <lovMap id="slipLineTypeNameMap8" lovItem="setCompanies" resultTo="segment1" useForValidation="no"/>
                              <lovMap id="slipLineTypeNameMap9" lovItem="setDepartmentsCol" resultTo="segment2Name" useForValidation="no"/>
                              <lovMap id="slipLineTypeNameMap10" lovItem="setDepartments" resultTo="segment2" useForValidation="no"/>
                              <lovMap id="slipLineTypeNameMap11" lovItem="setAccountsCol" resultTo="segment3Name" useForValidation="no"/>
                              <lovMap id="slipLineTypeNameMap12" lovItem="setAccounts" resultTo="segment3" useForValidation="no"/>
                              <lovMap id="slipLineTypeNameMap13" lovItem="setSubAccountsCol" resultTo="segment4Name" useForValidation="no"/>
                              <lovMap id="slipLineTypeNameMap14" lovItem="setSubAccounts" resultTo="segment4" useForValidation="no"/>
                              <lovMap id="slipLineTypeNameMap15" lovItem="setPartnersCol" resultTo="segment5Name" useForValidation="no"/>
                              <lovMap id="slipLineTypeNameMap16" lovItem="setPartners" resultTo="segment5" useForValidation="no"/>
                              <lovMap id="slipLineTypeNameMap17" lovItem="setBusinessTypesCol" resultTo="segment6Name" useForValidation="no"/>
                              <lovMap id="slipLineTypeNameMap18" lovItem="setBusinessTypes" resultTo="segment6" useForValidation="no"/>
                              <lovMap id="slipLineTypeNameMap19" lovItem="setProjectsCol" resultTo="segment7Name" useForValidation="no"/>
                              <lovMap id="slipLineTypeNameMap20" lovItem="setProjects" resultTo="segment7" useForValidation="no"/>
                              <lovMap id="slipLineTypeNameMap21" lovItem="setFuturesCol" resultTo="segment8Name" useForValidation="no"/>
                              <lovMap id="slipLineTypeNameMap22" lovItem="setFutures" resultTo="segment8" useForValidation="no"/>
                              <lovMap id="slipLineTypeNameMap23" lovItem="setIncrDecrReasonsCol" resultTo="incrDecrReasonName" useForValidation="no"/>
                              <lovMap id="slipLineTypeNameMap24" lovItem="setIncrDecrReasons" resultTo="incrDecrReasonCode" useForValidation="no"/>
                           </lovMappings>
                        </oa:messageLovInput>
                        <oa:messageLovInput id="segment2Name" dataType="VARCHAR2" prompt="部門" viewName="XX03PaymentSlipLinesVO1" viewAttr="Segment2Name" maximumLength="500" required="uiOnly" columns="40" externalListOfValues="/oracle/apps/xx03/lov/webui/Xx03DepartmentsLovRN">
                           <lovMappings>
                              <lovMap id="segment2NameMap1" lovItem="DepartmentsCol" resultTo="segment2Name" criteriaFrom="segment2Name"/>
                              <lovMap id="segment2NameMap2" lovItem="FlexValue" resultTo="segment2"/>
                           </lovMappings>
                        </oa:messageLovInput>
                        <oa:messageTextInput id="enteredAmount" dataType="NUMBER" prompt="入力金額" viewName="XX03PaymentSlipLinesVO1" viewAttr="EnteredAmount" columns="40" required="uiOnly" maximumLength="15"/>
                        <oa:messageLovInput id="segment3Name" dataType="VARCHAR2" prompt="勘定科目" viewName="XX03PaymentSlipLinesVO1" viewAttr="Segment3Name" maximumLength="500" required="uiOnly" columns="40" externalListOfValues="/oracle/apps/xx03/lov/webui/XX03AccountsLovRN">
                           <lovMappings>
                              <lovMap id="segment3NameMap1" lovItem="accountsCol" resultTo="segment3Name" criteriaFrom="segment3Name"/>
                              <lovMap id="segment3NameMap2" lovItem="flexValue" resultTo="segment3"/>
                           </lovMappings>
                        </oa:messageLovInput>
                        <oa:messageLovInput id="taxName" dataType="VARCHAR2" prompt="税区分" viewName="XX03PaymentSlipLinesVO1" viewAttr="TaxName" maximumLength="500" columns="40" required="uiOnly" externalListOfValues="/oracle/apps/xx03/common/lov/webui/XX03TaxCodesLovRN">
                           <lovMappings>
                              <lovMap id="taxNameMap1" lovItem="taxCodesCol" resultTo="taxName" criteriaFrom="taxName" useForValidation="no"/>
                              <lovMap id="taxNameMap2" lovItem="taxCode" resultTo="taxCode" useForValidation="no"/>
                           </lovMappings>
                        </oa:messageLovInput>
                        <oa:messageLovInput id="segment4Name" dataType="VARCHAR2" prompt="補助科目" viewName="XX03PaymentSlipLinesVO1" viewAttr="Segment4Name" maximumLength="500" columns="40" required="uiOnly" externalListOfValues="/oracle/apps/xx03/lov/webui/Xx03SubAccountsLovRN">
                           <lovMappings>
                              <lovMap id="segment4NameMap1" lovItem="SubAccountsCol" resultTo="segment4Name" criteriaFrom="segment4Name"/>
                              <lovMap id="segment4NameMap2" lovItem="FlexValue" resultTo="segment4"/>
                              <lovMap id="segment4NameMap3" lovItem="ParentFlexValueLow" criteriaFrom="segment3" requiredForLOV="true" programmaticQuery="true"/>
                              <lovMap id="segment4NameMap4" lovItem="ParentFlexValueLow" criteriaFrom="segment3" requiredForLOV="false" programmaticQuery="false"/>
                           </lovMappings>
                        </oa:messageLovInput>
                        <oa:messageCheckBox id="amountIncludesTaxFlag" dataType="VARCHAR2" prompt="内税" viewName="XX03PaymentSlipLinesVO1" viewAttr="AmountIncludesTaxFlag" checkedValue="Y" unCheckedValue="N" styleClass="OraPromptText"/>
                        <oa:messageLovInput id="segment5Name" dataType="VARCHAR2" prompt="相手先" viewName="XX03PaymentSlipLinesVO1" viewAttr="Segment5Name" maximumLength="500" columns="40" required="uiOnly" externalListOfValues="/oracle/apps/xx03/lov/webui/Xx03PartnersLovRN">
                           <lovMappings>
                              <lovMap id="segment5NameMap1" lovItem="PartnersCol" resultTo="segment5Name" criteriaFrom="segment5Name"/>
                              <lovMap id="segment5NameMap2" lovItem="FlexValue" resultTo="segment5"/>
                           </lovMappings>
                        </oa:messageLovInput>
                        <oa:messageStyledText id="enteredItemAmountDisp" prompt="本体金額" viewName="XX03GetItemFormatVO1" viewAttr="EnteredItemAmountDisp" required="uiOnly"/>
                        <oa:messageLovInput id="segment6Name" dataType="VARCHAR2" prompt="事業区分" viewName="XX03PaymentSlipLinesVO1" viewAttr="Segment6Name" maximumLength="500" columns="40" required="uiOnly" externalListOfValues="/oracle/apps/xx03/lov/webui/Xx03BusinessTypesLovRN">
                           <lovMappings>
                              <lovMap id="segment6NameMap1" lovItem="BusinessTypesCol" resultTo="segment6Name" criteriaFrom="segment6Name"/>
                              <lovMap id="segment6NameMap2" lovItem="FlexValue" resultTo="segment6"/>
                           </lovMappings>
                        </oa:messageLovInput>
                        <oa:messageTextInput id="enteredTaxAmount" dataType="NUMBER" prompt="消費税額" viewName="XX03PaymentSlipLinesVO1" viewAttr="EnteredTaxAmount" columns="40" required="uiOnly" maximumLength="15"/>
                        <oa:messageLovInput id="segment7Name" dataType="VARCHAR2" prompt="プロジェクト" viewName="XX03PaymentSlipLinesVO1" viewAttr="Segment7Name" maximumLength="500" columns="40" required="uiOnly" externalListOfValues="/oracle/apps/xx03/lov/webui/Xx03ProjectsLovRN">
                           <lovMappings>
                              <lovMap id="segment7NameMap1" lovItem="ProjectsCol" resultTo="segment7Name" criteriaFrom="segment7Name"/>
                              <lovMap id="segment7NameMap2" lovItem="FlexValue" resultTo="segment7"/>
                           </lovMappings>
                        </oa:messageLovInput>
                        <oa:messageTextInput id="lineDescription" dataType="VARCHAR2" prompt="備考" viewName="XX03PaymentSlipLinesVO1" viewAttr="Description" maximumLength="240" columns="30" rows="4"/>
                        <oa:messageLovInput id="segment8Name" dataType="VARCHAR2" prompt="予備1" viewName="XX03PaymentSlipLinesVO1" viewAttr="Segment8Name" externalListOfValues="/oracle/apps/xx03/lov/webui/Xx03FuturesLovRN" required="uiOnly">
                           <lovMappings>
                              <lovMap id="segment8NameMap1" lovItem="FuturesCol" resultTo="segment8Name" criteriaFrom="segment8Name"/>
                              <lovMap id="segment8NameMap2" lovItem="FlexValue" resultTo="segment8"/>
                           </lovMappings>
                        </oa:messageLovInput>
                        <oa:spacer id="spacer7"/>
                        <oa:messageLovInput id="incrDecrReasonName" dataType="VARCHAR2" prompt="増減事由" viewName="XX03PaymentSlipLinesVO1" viewAttr="IncrDecrReasonName" maximumLength="500" columns="40" externalListOfValues="/oracle/apps/xx03/common/lov/webui/XX03IncrDecrReasonsLovRN">
                           <lovMappings>
                              <lovMap id="incrDecrReasonNameMap1" lovItem="incrDecrReasonsCol" resultTo="incrDecrReasonName" criteriaFrom="incrDecrReasonName"/>
                              <lovMap id="incrDecrReasonNameMap2" lovItem="flexValue" resultTo="incrDecrReasonCode"/>
                              <lovMap id="incrDecrReasonNameMap3" lovItem="ParentFlexValueLow" criteriaFrom="segment3" requiredForLOV="true" programmaticQuery="true"/>
                           </lovMappings>
                        </oa:messageLovInput>
                        <oa:messageTextInput id="reconReference" dataType="VARCHAR2" prompt="消込参照" viewName="XX03PaymentSlipLinesVO1" viewAttr="ReconReference" maximumLength="150"/>
                        <oa:messageTextInput id="attribute7" dataType="VARCHAR2" prompt="稟議決裁番号" viewName="XX03PaymentSlipLinesVO1" viewAttr="Attribute7" maximumLength="11"/>
                        <oa:formValue id="slipLineType" dataType="VARCHAR2" prompt="摘要コード" viewName="XX03PaymentSlipLinesVO1" viewAttr="SlipLineType"/>
                        <oa:formValue id="taxCode" dataType="VARCHAR2" prompt="税区分" viewName="XX03PaymentSlipLinesVO1" viewAttr="TaxCode"/>
                        <oa:formValue id="enteredItemAmount" dataType="NUMBER" prompt="本体金額" viewName="XX03PaymentSlipLinesVO1" viewAttr="EnteredItemAmount"/>
                        <oa:formValue id="segment1" dataType="VARCHAR2" prompt="会社" viewName="XX03PaymentSlipLinesVO1" viewAttr="Segment1"/>
                        <oa:formValue id="segment2" dataType="VARCHAR2" prompt="部門" viewName="XX03PaymentSlipLinesVO1" viewAttr="Segment2"/>
                        <oa:formValue id="segment3" dataType="VARCHAR2" prompt="勘定科目" viewName="XX03PaymentSlipLinesVO1" viewAttr="Segment3"/>
                        <oa:formValue id="segment4" dataType="VARCHAR2" prompt="補助科目" viewName="XX03PaymentSlipLinesVO1" viewAttr="Segment4"/>
                        <oa:formValue id="segment5" dataType="VARCHAR2" prompt="相手先" viewName="XX03PaymentSlipLinesVO1" viewAttr="Segment5"/>
                        <oa:formValue id="segment6" dataType="VARCHAR2" prompt="事業区分" viewName="XX03PaymentSlipLinesVO1" viewAttr="Segment6"/>
                        <oa:formValue id="segment7" dataType="VARCHAR2" prompt="プロジェクト" viewName="XX03PaymentSlipLinesVO1" viewAttr="Segment7"/>
                        <oa:formValue id="segment8" dataType="VARCHAR2" prompt="予備1" viewName="XX03PaymentSlipLinesVO1" viewAttr="Segment8"/>
                        <oa:formValue id="incrDecrReasonCode" dataType="VARCHAR2" prompt="増減事由" viewName="XX03PaymentSlipLinesVO1" viewAttr="IncrDecrReasonCode"/>
                        <oa:pageButtonBar id="LineControlRN">
                           <ui:contents>
                              <oa:submitButton id="addRowButton" text="追加" prompt="追加"/>
                              <oa:submitButton id="copyRowButton" text="明細コピー" prompt="明細コピー"/>
                              <oa:submitButton id="deleteRowButton" text="明細削除" prompt="明細削除"/>
                           </ui:contents>
                        </oa:pageButtonBar>
                     </ui:contents>
                  </oa:defaultDoubleColumn>
               </ui:contents>
            </oa:rowLayout>
            <oa:pageButtonBar id="PageControlRN">
               <ui:contents>
                  <oa:submitButton id="saveButton" text="保存" prompt="保存"/>
                  <oa:submitButton id="taxCalculateButton" text="消費税自動計算" prompt="消費税自動計算"/>
                  <oa:submitButton id="confirmButton" text="確認" prompt="確認"/>
               </ui:contents>
            </oa:pageButtonBar>
         </ui:contents>
      </oa:pageLayout>
   </content>
</page>
