<?xml version = '1.0' encoding = 'UTF-8'?>
<!-- dbdrv: exec java oracle/jrad/tools/xml/importer XMLImporter.class java &phase=dat+24 checkfile:~PROD:~PATH:~FILE &fullpath:~PROD:~PATH:~FILE -username &un_apps -password &pw_apps -dbconnection &jdbc_db_addr  -userId "1" -rootPackage /oracle/apps/~PROD  -rootdir &fullpath:~PROD:mds:directory  -->
<page xmlns:jrad="http://xmlns.oracle.com/jrad" xmlns:oa="http://xmlns.oracle.com/oa" xmlns:ui="http://xmlns.oracle.com/uix/ui" version="9.0.3.8.4_826" xml:lang="en-US" xmlns:user="http://xmlns.oracle.com/jrad/user" xmlns="http://xmlns.oracle.com/jrad" file-version="$Header$">
   <content>
      <oa:pageLayout id="PageLayoutRN" amDefName="oracle.apps.xx03.ap.server.XX03ApInvoiceInputAM" controllerClass="oracle.apps.xx03.ap.webui.XX03ChangeTermsDateCO" windowTitle="支払予定日変更" title="仕入先請求書">
         <ui:corporateBranding>
            <oa:image id="corporateBrandingImage" source="/OA_MEDIA/FNDSSCORP.gif"/>
         </ui:corporateBranding>
         <ui:contents>
            <oa:defaultSingleColumn id="ChangeTermsDateRN" text="支払予定日変更">
               <ui:contents>
                  <oa:messageStyledText id="invoiceDate" dataType="DATE" prompt="請求書日付" viewName="XX03PaymentSlipsVO1" viewAttr="InvoiceDate"/>
                  <oa:messageStyledText id="termsName" dataType="VARCHAR2" prompt="支払条件" viewName="XX03PaymentSlipsVO1" viewAttr="TermsName" maximumLength="500"/>
                  <oa:messageTextInput id="termsDateInput" dataType="DATE" prompt="支払予定日" viewName="XX03PaymentSlipsVO1" viewAttr="TermsDate" required="uiOnly"/>
                  <oa:messageStyledText id="termsDateDisp" required="uiOnly" viewName="XX03PaymentSlipsVO1" viewAttr="TermsDate" prompt="支払予定日"/>
                  <oa:formValue id="changeFlag"/>
               </ui:contents>
            </oa:defaultSingleColumn>
            <oa:pageButtonBar id="PageControllRN">
               <ui:contents>
                  <oa:submitButton id="termsDateButton" text="戻る" prompt="戻る"/>
               </ui:contents>
            </oa:pageButtonBar>
         </ui:contents>
      </oa:pageLayout>
   </content>
</page>
