<?xml version="1.0" encoding='Shift_JIS'?>
<!DOCTYPE JboPackage SYSTEM "jbo_03_01.dtd">

<JboPackage
   Name="server"
   SeparateXMLFiles="true"
   PackageName="oracle.apps.xx03.gl.cancel.server" >
   <DesignTime>
      <Attr Name="_version" Value="9.0.3.12.53" />
      <Attr Name="_ejbPackage" Value="false" />
   </DesignTime>
   <Containee
      Name="Xx03JournalCancelAM"
      FullName="oracle.apps.xx03.gl.cancel.server.Xx03JournalCancelAM"
      ObjectType="AppModule" >
   </Containee>
   <Containee
      Name="Xx03JournalSlipsVO"
      FullName="oracle.apps.xx03.gl.cancel.server.Xx03JournalSlipsVO"
      ObjectType="ViewObject" >
   </Containee>
   <Containee
      Name="Xx03GetAmountFormatVO"
      FullName="oracle.apps.xx03.gl.cancel.server.Xx03GetAmountFormatVO"
      ObjectType="ViewObject" >
   </Containee>
   <Containee
      Name="Xx03GetSlipTypeVO"
      FullName="oracle.apps.xx03.gl.cancel.server.Xx03GetSlipTypeVO"
      ObjectType="ViewObject" >
   </Containee>
   <Containee
      Name="Xx03JournalSlipLinesVO"
      FullName="oracle.apps.xx03.gl.cancel.server.Xx03JournalSlipLinesVO"
      ObjectType="ViewObject" >
   </Containee>
   <Containee
      Name="Xx03SlipNumbersVO"
      FullName="oracle.apps.xx03.gl.cancel.server.Xx03SlipNumbersVO"
      ObjectType="ViewObject" >
   </Containee>
   <Containee
      Name="Xx03EntryUserInfoVO"
      FullName="oracle.apps.xx03.gl.cancel.server.Xx03EntryUserInfoVO"
      ObjectType="ViewObject" >
   </Containee>
   <Containee
      Name="Xx03GetDefaultApproverVO"
      FullName="oracle.apps.xx03.gl.cancel.server.Xx03GetDefaultApproverVO"
      ObjectType="ViewObject" >
   </Containee>
   <Containee
      Name="Xx03GetOldJournalIdVO"
      FullName="oracle.apps.xx03.gl.cancel.server.Xx03GetOldJournalIdVO"
      ObjectType="ViewObject" >
   </Containee>
</JboPackage>
