<?xml version="1.0" encoding='Shift_JIS'?>
<!DOCTYPE ViewObject SYSTEM "jbo_03_01.dtd">

<ViewObject
   Name="XX03EntryUserInfoVO"
   BindingStyle="Oracle"
   CustomQuery="true"
   RowClass="oracle.apps.xx03.ap.server.XX03EntryUserInfoVORowImpl"
   ComponentClass="oracle.apps.xx03.ap.server.XX03EntryUserInfoVOImpl"
   MsgBundleClass="oracle.jbo.common.JboResourceBundle"
   UseGlueCode="false" >
   <SQLQuery><![CDATA[
SELECT XPPV.PERSON_ID,
       XDV.FLEX_VALUE AS DEPARTMENT_ID,
       XPPV.EMPLOYEE_ID,
       XPPV.EMPLOYEE_NUMBER,
       XPPV.FULL_NAME,
       XPPV.PER_INFORMATION19,
       XPPV.ATTRIBUTE28,
       XPPV.EMPLOYEE_NUMBER || XX00_PROFILE_PKG.VALUE('XX03_TEXT_DELIMITER') || XPPV.PER_INFORMATION18 || ' ' || XPPV.PER_INFORMATION19 AS USER_NAME,
       XDV.FLEX_VALUE || XX00_PROFILE_PKG.VALUE('XX03_TEXT_DELIMITER') || XDV.DESCRIPTION AS DEPARTMENT_COL,
       XPPV.USER_ID
  FROM XX03_PER_PEOPLES_V XPPV,
       XX03_DEPARTMENTS_V XDV
 WHERE XPPV.ATTRIBUTE28 = XDV.FLEX_VALUE
   AND XPPV.EMPLOYEE_ID = :1
   AND TRUNC(SYSDATE) BETWEEN TRUNC(XPPV.EFFECTIVE_START_DATE) AND TRUNC (XPPV.EFFECTIVE_END_DATE)
   ]]></SQLQuery>
   <DesignTime>
      <Attr Name="_isCodegen" Value="true" />
      <Attr Name="_version" Value="9.0.3.11.88" />
      <Attr Name="_CodeGenFlagNew" Value="36" />
   </DesignTime>
   <ViewAttribute
      Name="PersonId"
      IsPersistent="false"
      IsNotNull="true"
      Precision="10"
      Scale="0"
      Type="oracle.jbo.domain.Number"
      AliasName="PERSON_ID"
      ColumnType="VARCHAR2"
      Expression="PERSON_ID"
      SQLType="NUMERIC" >
      <DesignTime>
         <Attr Name="_DisplaySize" Value="22" />
      </DesignTime>
   </ViewAttribute>
   <ViewAttribute
      Name="DepartmentId"
      IsPersistent="false"
      IsNotNull="true"
      Precision="150"
      Type="java.lang.String"
      AliasName="DEPARTMENT_ID"
      ColumnType="VARCHAR2"
      Expression="DEPARTMENT_ID"
      SQLType="VARCHAR" >
      <DesignTime>
         <Attr Name="_DisplaySize" Value="150" />
      </DesignTime>
   </ViewAttribute>
   <ViewAttribute
      Name="EmployeeId"
      IsPersistent="false"
      Precision="15"
      Scale="0"
      Type="oracle.jbo.domain.Number"
      AliasName="EMPLOYEE_ID"
      ColumnType="VARCHAR2"
      Expression="EMPLOYEE_ID"
      SQLType="NUMERIC" >
      <DesignTime>
         <Attr Name="_DisplaySize" Value="22" />
      </DesignTime>
   </ViewAttribute>
   <ViewAttribute
      Name="EmployeeNumber"
      IsPersistent="false"
      Precision="30"
      Type="java.lang.String"
      AliasName="EMPLOYEE_NUMBER"
      ColumnType="VARCHAR2"
      Expression="EMPLOYEE_NUMBER"
      SQLType="VARCHAR" >
      <DesignTime>
         <Attr Name="_DisplaySize" Value="30" />
      </DesignTime>
   </ViewAttribute>
   <ViewAttribute
      Name="FullName"
      IsPersistent="false"
      Precision="240"
      Type="java.lang.String"
      AliasName="FULL_NAME"
      ColumnType="VARCHAR2"
      Expression="FULL_NAME"
      SQLType="VARCHAR" >
      <DesignTime>
         <Attr Name="_DisplaySize" Value="240" />
      </DesignTime>
   </ViewAttribute>
   <ViewAttribute
      Name="PerInformation19"
      IsPersistent="false"
      Precision="150"
      Type="java.lang.String"
      AliasName="PER_INFORMATION19"
      ColumnType="VARCHAR2"
      Expression="PER_INFORMATION19"
      SQLType="VARCHAR" >
      <DesignTime>
         <Attr Name="_DisplaySize" Value="150" />
      </DesignTime>
   </ViewAttribute>
   <ViewAttribute
      Name="Attribute28"
      IsPersistent="false"
      Precision="150"
      Type="java.lang.String"
      AliasName="ATTRIBUTE28"
      ColumnType="VARCHAR2"
      Expression="ATTRIBUTE28"
      SQLType="VARCHAR" >
      <DesignTime>
         <Attr Name="_DisplaySize" Value="150" />
      </DesignTime>
   </ViewAttribute>
   <ViewAttribute
      Name="UserName"
      IsPersistent="false"
      Precision="334"
      Type="java.lang.String"
      AliasName="USER_NAME"
      ColumnType="VARCHAR2"
      Expression="USER_NAME"
      SQLType="VARCHAR" >
      <DesignTime>
         <Attr Name="_DisplaySize" Value="334" />
      </DesignTime>
   </ViewAttribute>
   <ViewAttribute
      Name="DepartmentName"
      IsPersistent="false"
      Precision="4000"
      Type="java.lang.String"
      AliasName="DEPARTMENT_NAME"
      ColumnType="VARCHAR2"
      Expression="DEPARTMENT_NAME"
      SQLType="VARCHAR" >
      <DesignTime>
         <Attr Name="_DisplaySize" Value="4000" />
      </DesignTime>
   </ViewAttribute>
   <ViewAttribute
      Name="UserId"
      IsPersistent="false"
      IsNotNull="true"
      Precision="15"
      Scale="0"
      Type="oracle.jbo.domain.Number"
      AliasName="USER_ID"
      ColumnType="VARCHAR2"
      Expression="USER_ID"
      SQLType="NUMERIC" >
      <DesignTime>
         <Attr Name="_DisplaySize" Value="22" />
      </DesignTime>
   </ViewAttribute>
</ViewObject>
