<?xml version="1.0" encoding='Shift_JIS'?>
<!DOCTYPE Entity SYSTEM "jbo_03_01.dtd">

<Entity
   Name="XX03SlipLineTypesLovVEO"
   DBObjectType="view"
   DBObjectName="XX03_SLIP_LINE_TYPES_LOV_V"
   AliasName="XX03SlipLineTypesLovVEO"
   BindingStyle="Oracle"
   UseGlueCode="false"
   CodeGenFlag="4"
   RowClass="oracle.apps.xx03.ap.server.XX03SlipLineTypesLovVEOImpl"
   DefClass="oracle.apps.fnd.framework.server.OAEntityDefImpl"
   CollClass="oracle.apps.fnd.framework.server.OAEntityCache" >
   <DesignTime>
      <Attr Name="_isCodegen" Value="true" />
      <Attr Name="_version" Value="9.0.3.12.53" />
      <AttrArray Name="_publishEvents">
      </AttrArray>
   </DesignTime>
   <Attribute
      Name="SlipTypesCode"
      Precision="150"
      Type="java.lang.String"
      ColumnName="SLIP_TYPES_CODE"
      ColumnType="VARCHAR2"
      SQLType="VARCHAR"
      TableName="XX03_SLIP_LINE_TYPES_LOV_V" >
      <DesignTime>
         <Attr Name="_DisplaySize" Value="150" />
      </DesignTime>
   </Attribute>
   <Attribute
      Name="VendorSiteId"
      IsNotNull="true"
      Type="oracle.jbo.domain.Number"
      ColumnName="VENDOR_SITE_ID"
      ColumnType="NUMBER"
      SQLType="NUMERIC"
      TableName="XX03_SLIP_LINE_TYPES_LOV_V"
      PrimaryKey="true" >
      <DesignTime>
         <Attr Name="_DisplaySize" Value="22" />
      </DesignTime>
   </Attribute>
   <Attribute
      Name="LookupType"
      IsNotNull="true"
      Precision="30"
      Type="java.lang.String"
      ColumnName="LOOKUP_TYPE"
      ColumnType="VARCHAR2"
      SQLType="VARCHAR"
      TableName="XX03_SLIP_LINE_TYPES_LOV_V" >
      <DesignTime>
         <Attr Name="_DisplaySize" Value="30" />
      </DesignTime>
   </Attribute>
   <Attribute
      Name="Language"
      IsNotNull="true"
      Precision="30"
      Type="java.lang.String"
      ColumnName="LANGUAGE"
      ColumnType="VARCHAR2"
      SQLType="VARCHAR"
      TableName="XX03_SLIP_LINE_TYPES_LOV_V" >
      <DesignTime>
         <Attr Name="_DisplaySize" Value="30" />
      </DesignTime>
   </Attribute>
   <Attribute
      Name="LookupCode"
      IsNotNull="true"
      Precision="30"
      Type="java.lang.String"
      ColumnName="LOOKUP_CODE"
      ColumnType="VARCHAR2"
      SQLType="VARCHAR"
      TableName="XX03_SLIP_LINE_TYPES_LOV_V"
      PrimaryKey="true" >
      <DesignTime>
         <Attr Name="_DisplaySize" Value="30" />
      </DesignTime>
   </Attribute>
   <Attribute
      Name="Meaning"
      IsNotNull="true"
      Precision="80"
      Type="java.lang.String"
      ColumnName="MEANING"
      ColumnType="VARCHAR2"
      SQLType="VARCHAR"
      TableName="XX03_SLIP_LINE_TYPES_LOV_V" >
      <DesignTime>
         <Attr Name="_DisplaySize" Value="80" />
      </DesignTime>
   </Attribute>
   <Attribute
      Name="SlipLineTypesCol"
      Precision="4000"
      Type="java.lang.String"
      ColumnName="SLIP_LINE_TYPES_COL"
      ColumnType="VARCHAR2"
      SQLType="VARCHAR"
      TableName="XX03_SLIP_LINE_TYPES_LOV_V" >
      <DesignTime>
         <Attr Name="_DisplaySize" Value="4000" />
      </DesignTime>
   </Attribute>
   <Attribute
      Name="Description"
      Precision="240"
      Type="java.lang.String"
      ColumnName="DESCRIPTION"
      ColumnType="VARCHAR2"
      SQLType="VARCHAR"
      TableName="XX03_SLIP_LINE_TYPES_LOV_V" >
      <DesignTime>
         <Attr Name="_DisplaySize" Value="240" />
      </DesignTime>
   </Attribute>
   <Attribute
      Name="EnabledFlag"
      IsNotNull="true"
      Precision="1"
      Type="java.lang.String"
      ColumnName="ENABLED_FLAG"
      ColumnType="VARCHAR2"
      SQLType="VARCHAR"
      TableName="XX03_SLIP_LINE_TYPES_LOV_V" >
      <DesignTime>
         <Attr Name="_DisplaySize" Value="1" />
      </DesignTime>
   </Attribute>
   <Attribute
      Name="StartDateActive"
      Type="oracle.jbo.domain.Date"
      ColumnName="START_DATE_ACTIVE"
      ColumnType="DATE"
      SQLType="TIMESTAMP"
      TableName="XX03_SLIP_LINE_TYPES_LOV_V" >
      <DesignTime>
         <Attr Name="_DisplaySize" Value="7" />
      </DesignTime>
   </Attribute>
   <Attribute
      Name="EndDateActive"
      Type="oracle.jbo.domain.Date"
      ColumnName="END_DATE_ACTIVE"
      ColumnType="DATE"
      SQLType="TIMESTAMP"
      TableName="XX03_SLIP_LINE_TYPES_LOV_V" >
      <DesignTime>
         <Attr Name="_DisplaySize" Value="7" />
      </DesignTime>
   </Attribute>
   <Attribute
      Name="SetCompanies"
      Precision="150"
      Type="java.lang.String"
      ColumnName="SET_COMPANIES"
      ColumnType="VARCHAR2"
      SQLType="VARCHAR"
      TableName="XX03_SLIP_LINE_TYPES_LOV_V" >
      <DesignTime>
         <Attr Name="_DisplaySize" Value="150" />
      </DesignTime>
   </Attribute>
   <Attribute
      Name="SetCompaniesCol"
      Precision="4000"
      Type="java.lang.String"
      ColumnName="SET_COMPANIES_COL"
      ColumnType="VARCHAR2"
      SQLType="VARCHAR"
      TableName="XX03_SLIP_LINE_TYPES_LOV_V" >
      <DesignTime>
         <Attr Name="_DisplaySize" Value="4000" />
      </DesignTime>
   </Attribute>
   <Attribute
      Name="SetDepartments"
      Precision="240"
      Type="java.lang.String"
      ColumnName="SET_DEPARTMENTS"
      ColumnType="VARCHAR2"
      SQLType="VARCHAR"
      TableName="XX03_SLIP_LINE_TYPES_LOV_V" >
      <DesignTime>
         <Attr Name="_DisplaySize" Value="240" />
      </DesignTime>
   </Attribute>
   <Attribute
      Name="SetDepartmentsCol"
      Precision="4000"
      Type="java.lang.String"
      ColumnName="SET_DEPARTMENTS_COL"
      ColumnType="VARCHAR2"
      SQLType="VARCHAR"
      TableName="XX03_SLIP_LINE_TYPES_LOV_V" >
      <DesignTime>
         <Attr Name="_DisplaySize" Value="4000" />
      </DesignTime>
   </Attribute>
   <Attribute
      Name="SetAccounts"
      Precision="150"
      Type="java.lang.String"
      ColumnName="SET_ACCOUNTS"
      ColumnType="VARCHAR2"
      SQLType="VARCHAR"
      TableName="XX03_SLIP_LINE_TYPES_LOV_V" >
      <DesignTime>
         <Attr Name="_DisplaySize" Value="150" />
      </DesignTime>
   </Attribute>
   <Attribute
      Name="SetAccountsCol"
      Precision="4000"
      Type="java.lang.String"
      ColumnName="SET_ACCOUNTS_COL"
      ColumnType="VARCHAR2"
      SQLType="VARCHAR"
      TableName="XX03_SLIP_LINE_TYPES_LOV_V" >
      <DesignTime>
         <Attr Name="_DisplaySize" Value="4000" />
      </DesignTime>
   </Attribute>
   <Attribute
      Name="SetSubAccounts"
      Precision="150"
      Type="java.lang.String"
      ColumnName="SET_SUB_ACCOUNTS"
      ColumnType="VARCHAR2"
      SQLType="VARCHAR"
      TableName="XX03_SLIP_LINE_TYPES_LOV_V" >
      <DesignTime>
         <Attr Name="_DisplaySize" Value="150" />
      </DesignTime>
   </Attribute>
   <Attribute
      Name="SetSubAccountsCol"
      Precision="4000"
      Type="java.lang.String"
      ColumnName="SET_SUB_ACCOUNTS_COL"
      ColumnType="VARCHAR2"
      SQLType="VARCHAR"
      TableName="XX03_SLIP_LINE_TYPES_LOV_V" >
      <DesignTime>
         <Attr Name="_DisplaySize" Value="4000" />
      </DesignTime>
   </Attribute>
   <Attribute
      Name="SetPartners"
      Precision="150"
      Type="java.lang.String"
      ColumnName="SET_PARTNERS"
      ColumnType="VARCHAR2"
      SQLType="VARCHAR"
      TableName="XX03_SLIP_LINE_TYPES_LOV_V" >
      <DesignTime>
         <Attr Name="_DisplaySize" Value="150" />
      </DesignTime>
   </Attribute>
   <Attribute
      Name="SetPartnersCol"
      Precision="4000"
      Type="java.lang.String"
      ColumnName="SET_PARTNERS_COL"
      ColumnType="VARCHAR2"
      SQLType="VARCHAR"
      TableName="XX03_SLIP_LINE_TYPES_LOV_V" >
      <DesignTime>
         <Attr Name="_DisplaySize" Value="4000" />
      </DesignTime>
   </Attribute>
   <Attribute
      Name="SetBusinessTypes"
      Precision="240"
      Type="java.lang.String"
      ColumnName="SET_BUSINESS_TYPES"
      ColumnType="VARCHAR2"
      SQLType="VARCHAR"
      TableName="XX03_SLIP_LINE_TYPES_LOV_V" >
      <DesignTime>
         <Attr Name="_DisplaySize" Value="240" />
      </DesignTime>
   </Attribute>
   <Attribute
      Name="SetBusinessTypesCol"
      Precision="4000"
      Type="java.lang.String"
      ColumnName="SET_BUSINESS_TYPES_COL"
      ColumnType="VARCHAR2"
      SQLType="VARCHAR"
      TableName="XX03_SLIP_LINE_TYPES_LOV_V" >
      <DesignTime>
         <Attr Name="_DisplaySize" Value="4000" />
      </DesignTime>
   </Attribute>
   <Attribute
      Name="SetProjects"
      Precision="150"
      Type="java.lang.String"
      ColumnName="SET_PROJECTS"
      ColumnType="VARCHAR2"
      SQLType="VARCHAR"
      TableName="XX03_SLIP_LINE_TYPES_LOV_V" >
      <DesignTime>
         <Attr Name="_DisplaySize" Value="150" />
      </DesignTime>
   </Attribute>
   <Attribute
      Name="SetProjectsCol"
      Precision="4000"
      Type="java.lang.String"
      ColumnName="SET_PROJECTS_COL"
      ColumnType="VARCHAR2"
      SQLType="VARCHAR"
      TableName="XX03_SLIP_LINE_TYPES_LOV_V" >
      <DesignTime>
         <Attr Name="_DisplaySize" Value="4000" />
      </DesignTime>
   </Attribute>
   <Attribute
      Name="SetFutures"
      Precision="150"
      Type="java.lang.String"
      ColumnName="SET_FUTURES"
      ColumnType="VARCHAR2"
      SQLType="VARCHAR"
      TableName="XX03_SLIP_LINE_TYPES_LOV_V" >
      <DesignTime>
         <Attr Name="_DisplaySize" Value="150" />
      </DesignTime>
   </Attribute>
   <Attribute
      Name="SetIncrDecrReasons"
      Precision="150"
      Type="java.lang.String"
      ColumnName="SET_INCR_DECR_REASONS"
      ColumnType="VARCHAR2"
      SQLType="VARCHAR"
      TableName="XX03_SLIP_LINE_TYPES_LOV_V" >
      <DesignTime>
         <Attr Name="_DisplaySize" Value="150" />
      </DesignTime>
   </Attribute>
   <Attribute
      Name="SetIncrDecrReasonsCol"
      Precision="4000"
      Type="java.lang.String"
      ColumnName="SET_INCR_DECR_REASONS_COL"
      ColumnType="VARCHAR2"
      SQLType="VARCHAR"
      TableName="XX03_SLIP_LINE_TYPES_LOV_V" >
      <DesignTime>
         <Attr Name="_DisplaySize" Value="4000" />
      </DesignTime>
   </Attribute>
   <Attribute
      Name="SetTaxCodes"
      Precision="150"
      Type="java.lang.String"
      ColumnName="SET_TAX_CODES"
      ColumnType="VARCHAR2"
      SQLType="VARCHAR"
      TableName="XX03_SLIP_LINE_TYPES_LOV_V" >
      <DesignTime>
         <Attr Name="_DisplaySize" Value="150" />
      </DesignTime>
   </Attribute>
   <Attribute
      Name="SetTaxCodeCols"
      Precision="4000"
      Type="java.lang.String"
      ColumnName="SET_TAX_CODE_COLS"
      ColumnType="VARCHAR2"
      SQLType="VARCHAR"
      TableName="XX03_SLIP_LINE_TYPES_LOV_V" >
      <DesignTime>
         <Attr Name="_DisplaySize" Value="4000" />
      </DesignTime>
   </Attribute>
   <Attribute
      Name="CreatedBy"
      IsNotNull="true"
      Precision="15"
      Scale="0"
      Type="oracle.jbo.domain.Number"
      ColumnName="CREATED_BY"
      ColumnType="NUMBER"
      SQLType="NUMERIC"
      TableName="XX03_SLIP_LINE_TYPES_LOV_V" >
      <DesignTime>
         <Attr Name="_DisplaySize" Value="22" />
      </DesignTime>
   </Attribute>
   <Attribute
      Name="CreationDate"
      IsNotNull="true"
      Type="oracle.jbo.domain.Date"
      ColumnName="CREATION_DATE"
      ColumnType="DATE"
      SQLType="TIMESTAMP"
      TableName="XX03_SLIP_LINE_TYPES_LOV_V" >
      <DesignTime>
         <Attr Name="_DisplaySize" Value="7" />
      </DesignTime>
   </Attribute>
   <Attribute
      Name="LastUpdatedBy"
      IsNotNull="true"
      Precision="15"
      Scale="0"
      Type="oracle.jbo.domain.Number"
      ColumnName="LAST_UPDATED_BY"
      ColumnType="NUMBER"
      SQLType="NUMERIC"
      TableName="XX03_SLIP_LINE_TYPES_LOV_V" >
      <DesignTime>
         <Attr Name="_DisplaySize" Value="22" />
      </DesignTime>
   </Attribute>
   <Attribute
      Name="LastUpdateLogin"
      Precision="15"
      Scale="0"
      Type="oracle.jbo.domain.Number"
      ColumnName="LAST_UPDATE_LOGIN"
      ColumnType="NUMBER"
      SQLType="NUMERIC"
      TableName="XX03_SLIP_LINE_TYPES_LOV_V" >
      <DesignTime>
         <Attr Name="_DisplaySize" Value="22" />
      </DesignTime>
   </Attribute>
   <Attribute
      Name="LastUpdateDate"
      IsNotNull="true"
      Type="oracle.jbo.domain.Date"
      ColumnName="LAST_UPDATE_DATE"
      ColumnType="DATE"
      SQLType="TIMESTAMP"
      TableName="XX03_SLIP_LINE_TYPES_LOV_V" >
      <DesignTime>
         <Attr Name="_DisplaySize" Value="7" />
      </DesignTime>
   </Attribute>
   <Attribute
      Name="SourceLang"
      IsNotNull="true"
      Precision="4"
      Type="java.lang.String"
      ColumnName="SOURCE_LANG"
      ColumnType="VARCHAR2"
      SQLType="VARCHAR"
      TableName="XX03_SLIP_LINE_TYPES_LOV_V" >
      <DesignTime>
         <Attr Name="_DisplaySize" Value="4" />
      </DesignTime>
   </Attribute>
   <Attribute
      Name="SecurityGroupId"
      IsNotNull="true"
      Precision="15"
      Scale="0"
      Type="oracle.jbo.domain.Number"
      ColumnName="SECURITY_GROUP_ID"
      ColumnType="NUMBER"
      SQLType="NUMERIC"
      TableName="XX03_SLIP_LINE_TYPES_LOV_V" >
      <DesignTime>
         <Attr Name="_DisplaySize" Value="22" />
      </DesignTime>
   </Attribute>
   <Attribute
      Name="ViewApplicationId"
      IsNotNull="true"
      Precision="15"
      Scale="0"
      Type="oracle.jbo.domain.Number"
      ColumnName="VIEW_APPLICATION_ID"
      ColumnType="NUMBER"
      SQLType="NUMERIC"
      TableName="XX03_SLIP_LINE_TYPES_LOV_V" >
      <DesignTime>
         <Attr Name="_DisplaySize" Value="22" />
      </DesignTime>
   </Attribute>
   <Attribute
      Name="TerritoryCode"
      Precision="2"
      Type="java.lang.String"
      ColumnName="TERRITORY_CODE"
      ColumnType="VARCHAR2"
      SQLType="VARCHAR"
      TableName="XX03_SLIP_LINE_TYPES_LOV_V" >
      <DesignTime>
         <Attr Name="_DisplaySize" Value="2" />
      </DesignTime>
   </Attribute>
   <Attribute
      Name="AttributeCategory"
      Precision="30"
      Type="java.lang.String"
      ColumnName="ATTRIBUTE_CATEGORY"
      ColumnType="VARCHAR2"
      SQLType="VARCHAR"
      TableName="XX03_SLIP_LINE_TYPES_LOV_V" >
      <DesignTime>
         <Attr Name="_DisplaySize" Value="30" />
      </DesignTime>
   </Attribute>
   <Attribute
      Name="Attribute1"
      Precision="150"
      Type="java.lang.String"
      ColumnName="ATTRIBUTE1"
      ColumnType="VARCHAR2"
      SQLType="VARCHAR"
      TableName="XX03_SLIP_LINE_TYPES_LOV_V" >
      <DesignTime>
         <Attr Name="_DisplaySize" Value="150" />
      </DesignTime>
   </Attribute>
   <Attribute
      Name="Attribute2"
      Precision="150"
      Type="java.lang.String"
      ColumnName="ATTRIBUTE2"
      ColumnType="VARCHAR2"
      SQLType="VARCHAR"
      TableName="XX03_SLIP_LINE_TYPES_LOV_V" >
      <DesignTime>
         <Attr Name="_DisplaySize" Value="150" />
      </DesignTime>
   </Attribute>
   <Attribute
      Name="Attribute3"
      Precision="150"
      Type="java.lang.String"
      ColumnName="ATTRIBUTE3"
      ColumnType="VARCHAR2"
      SQLType="VARCHAR"
      TableName="XX03_SLIP_LINE_TYPES_LOV_V" >
      <DesignTime>
         <Attr Name="_DisplaySize" Value="150" />
      </DesignTime>
   </Attribute>
   <Attribute
      Name="Attribute4"
      Precision="150"
      Type="java.lang.String"
      ColumnName="ATTRIBUTE4"
      ColumnType="VARCHAR2"
      SQLType="VARCHAR"
      TableName="XX03_SLIP_LINE_TYPES_LOV_V" >
      <DesignTime>
         <Attr Name="_DisplaySize" Value="150" />
      </DesignTime>
   </Attribute>
   <Attribute
      Name="Attribute5"
      Precision="150"
      Type="java.lang.String"
      ColumnName="ATTRIBUTE5"
      ColumnType="VARCHAR2"
      SQLType="VARCHAR"
      TableName="XX03_SLIP_LINE_TYPES_LOV_V" >
      <DesignTime>
         <Attr Name="_DisplaySize" Value="150" />
      </DesignTime>
   </Attribute>
   <Attribute
      Name="Attribute6"
      Precision="150"
      Type="java.lang.String"
      ColumnName="ATTRIBUTE6"
      ColumnType="VARCHAR2"
      SQLType="VARCHAR"
      TableName="XX03_SLIP_LINE_TYPES_LOV_V" >
      <DesignTime>
         <Attr Name="_DisplaySize" Value="150" />
      </DesignTime>
   </Attribute>
   <Attribute
      Name="Attribute7"
      Precision="150"
      Type="java.lang.String"
      ColumnName="ATTRIBUTE7"
      ColumnType="VARCHAR2"
      SQLType="VARCHAR"
      TableName="XX03_SLIP_LINE_TYPES_LOV_V" >
      <DesignTime>
         <Attr Name="_DisplaySize" Value="150" />
      </DesignTime>
   </Attribute>
   <Attribute
      Name="Attribute8"
      Precision="150"
      Type="java.lang.String"
      ColumnName="ATTRIBUTE8"
      ColumnType="VARCHAR2"
      SQLType="VARCHAR"
      TableName="XX03_SLIP_LINE_TYPES_LOV_V" >
      <DesignTime>
         <Attr Name="_DisplaySize" Value="150" />
      </DesignTime>
   </Attribute>
   <Attribute
      Name="Attribute9"
      Precision="150"
      Type="java.lang.String"
      ColumnName="ATTRIBUTE9"
      ColumnType="VARCHAR2"
      SQLType="VARCHAR"
      TableName="XX03_SLIP_LINE_TYPES_LOV_V" >
      <DesignTime>
         <Attr Name="_DisplaySize" Value="150" />
      </DesignTime>
   </Attribute>
   <Attribute
      Name="Attribute10"
      Precision="150"
      Type="java.lang.String"
      ColumnName="ATTRIBUTE10"
      ColumnType="VARCHAR2"
      SQLType="VARCHAR"
      TableName="XX03_SLIP_LINE_TYPES_LOV_V" >
      <DesignTime>
         <Attr Name="_DisplaySize" Value="150" />
      </DesignTime>
   </Attribute>
   <Attribute
      Name="Attribute11"
      Precision="150"
      Type="java.lang.String"
      ColumnName="ATTRIBUTE11"
      ColumnType="VARCHAR2"
      SQLType="VARCHAR"
      TableName="XX03_SLIP_LINE_TYPES_LOV_V" >
      <DesignTime>
         <Attr Name="_DisplaySize" Value="150" />
      </DesignTime>
   </Attribute>
   <Attribute
      Name="Attribute12"
      Precision="150"
      Type="java.lang.String"
      ColumnName="ATTRIBUTE12"
      ColumnType="VARCHAR2"
      SQLType="VARCHAR"
      TableName="XX03_SLIP_LINE_TYPES_LOV_V" >
      <DesignTime>
         <Attr Name="_DisplaySize" Value="150" />
      </DesignTime>
   </Attribute>
   <Attribute
      Name="Attribute13"
      Precision="150"
      Type="java.lang.String"
      ColumnName="ATTRIBUTE13"
      ColumnType="VARCHAR2"
      SQLType="VARCHAR"
      TableName="XX03_SLIP_LINE_TYPES_LOV_V" >
      <DesignTime>
         <Attr Name="_DisplaySize" Value="150" />
      </DesignTime>
   </Attribute>
   <Attribute
      Name="Attribute14"
      Precision="150"
      Type="java.lang.String"
      ColumnName="ATTRIBUTE14"
      ColumnType="VARCHAR2"
      SQLType="VARCHAR"
      TableName="XX03_SLIP_LINE_TYPES_LOV_V" >
      <DesignTime>
         <Attr Name="_DisplaySize" Value="150" />
      </DesignTime>
   </Attribute>
   <Attribute
      Name="Attribute15"
      Precision="150"
      Type="java.lang.String"
      ColumnName="ATTRIBUTE15"
      ColumnType="VARCHAR2"
      SQLType="VARCHAR"
      TableName="XX03_SLIP_LINE_TYPES_LOV_V" >
      <DesignTime>
         <Attr Name="_DisplaySize" Value="150" />
      </DesignTime>
   </Attribute>
   <Attribute
      Name="Tag"
      Precision="30"
      Type="java.lang.String"
      ColumnName="TAG"
      ColumnType="VARCHAR2"
      SQLType="VARCHAR"
      TableName="XX03_SLIP_LINE_TYPES_LOV_V" >
      <DesignTime>
         <Attr Name="_DisplaySize" Value="30" />
      </DesignTime>
   </Attribute>
   <Attribute
      Name="CompaniesCol"
      Precision="4000"
      Type="java.lang.String"
      ColumnName="COMPANIES_COL"
      ColumnType="VARCHAR2"
      SQLType="VARCHAR"
      TableName="XX03_SLIP_LINE_TYPES_LOV_V" >
      <DesignTime>
         <Attr Name="_DisplaySize" Value="4000" />
      </DesignTime>
   </Attribute>
   <Attribute
      Name="DepartmentsCol"
      Precision="4000"
      Type="java.lang.String"
      ColumnName="DEPARTMENTS_COL"
      ColumnType="VARCHAR2"
      SQLType="VARCHAR"
      TableName="XX03_SLIP_LINE_TYPES_LOV_V" >
      <DesignTime>
         <Attr Name="_DisplaySize" Value="4000" />
      </DesignTime>
   </Attribute>
   <Attribute
      Name="AccountsCol"
      Precision="4000"
      Type="java.lang.String"
      ColumnName="ACCOUNTS_COL"
      ColumnType="VARCHAR2"
      SQLType="VARCHAR"
      TableName="XX03_SLIP_LINE_TYPES_LOV_V" >
      <DesignTime>
         <Attr Name="_DisplaySize" Value="4000" />
      </DesignTime>
   </Attribute>
   <Attribute
      Name="SubAccountsCol"
      Precision="4000"
      Type="java.lang.String"
      ColumnName="SUB_ACCOUNTS_COL"
      ColumnType="VARCHAR2"
      SQLType="VARCHAR"
      TableName="XX03_SLIP_LINE_TYPES_LOV_V" >
      <DesignTime>
         <Attr Name="_DisplaySize" Value="4000" />
      </DesignTime>
   </Attribute>
   <Attribute
      Name="PartnersCol"
      Precision="4000"
      Type="java.lang.String"
      ColumnName="PARTNERS_COL"
      ColumnType="VARCHAR2"
      SQLType="VARCHAR"
      TableName="XX03_SLIP_LINE_TYPES_LOV_V" >
      <DesignTime>
         <Attr Name="_DisplaySize" Value="4000" />
      </DesignTime>
   </Attribute>
   <Attribute
      Name="BusinessTypesCol"
      Precision="4000"
      Type="java.lang.String"
      ColumnName="BUSINESS_TYPES_COL"
      ColumnType="VARCHAR2"
      SQLType="VARCHAR"
      TableName="XX03_SLIP_LINE_TYPES_LOV_V" >
      <DesignTime>
         <Attr Name="_DisplaySize" Value="4000" />
      </DesignTime>
   </Attribute>
   <Attribute
      Name="ProjectsCol"
      Precision="4000"
      Type="java.lang.String"
      ColumnName="PROJECTS_COL"
      ColumnType="VARCHAR2"
      SQLType="VARCHAR"
      TableName="XX03_SLIP_LINE_TYPES_LOV_V" >
      <DesignTime>
         <Attr Name="_DisplaySize" Value="4000" />
      </DesignTime>
   </Attribute>
   <Attribute
      Name="TaxCodesCol"
      Precision="4000"
      Type="java.lang.String"
      ColumnName="TAX_CODES_COL"
      ColumnType="VARCHAR2"
      SQLType="VARCHAR"
      TableName="XX03_SLIP_LINE_TYPES_LOV_V" >
      <DesignTime>
         <Attr Name="_DisplaySize" Value="4000" />
      </DesignTime>
   </Attribute>
   <Attribute
      Name="IncrDecrReasonsCol"
      Precision="4000"
      Type="java.lang.String"
      ColumnName="INCR_DECR_REASONS_COL"
      ColumnType="VARCHAR2"
      SQLType="VARCHAR"
      TableName="XX03_SLIP_LINE_TYPES_LOV_V" >
      <DesignTime>
         <Attr Name="_DisplaySize" Value="4000" />
      </DesignTime>
   </Attribute>
   <Attribute
      Name="EntryDepartment"
      Precision="150"
      Type="java.lang.String"
      ColumnName="ENTRY_DEPARTMENT"
      ColumnType="VARCHAR2"
      SQLType="VARCHAR"
      TableName="XX03_SLIP_LINE_TYPES_LOV_V" >
      <DesignTime>
         <Attr Name="_DisplaySize" Value="150" />
      </DesignTime>
   </Attribute>
   <Attribute
      Name="EntryDepartmentName"
      Precision="4000"
      Type="java.lang.String"
      ColumnName="ENTRY_DEPARTMENT_NAME"
      ColumnType="VARCHAR2"
      SQLType="VARCHAR"
      TableName="XX03_SLIP_LINE_TYPES_LOV_V" >
      <DesignTime>
         <Attr Name="_DisplaySize" Value="4000" />
      </DesignTime>
   </Attribute>
   <Attribute
      Name="DefaultBusinessType"
      Precision="240"
      Type="java.lang.String"
      ColumnName="DEFAULT_BUSINESS_TYPE"
      ColumnType="VARCHAR2"
      SQLType="VARCHAR"
      TableName="XX03_SLIP_LINE_TYPES_LOV_V" >
      <DesignTime>
         <Attr Name="_DisplaySize" Value="240" />
      </DesignTime>
   </Attribute>
   <Attribute
      Name="DefaultBusinessTypeName"
      Precision="4000"
      Type="java.lang.String"
      ColumnName="DEFAULT_BUSINESS_TYPE_NAME"
      ColumnType="VARCHAR2"
      SQLType="VARCHAR"
      TableName="XX03_SLIP_LINE_TYPES_LOV_V" >
      <DesignTime>
         <Attr Name="_DisplaySize" Value="4000" />
      </DesignTime>
   </Attribute>
   <Attribute
      Name="DefaultSysTaxCode"
      Precision="15"
      Type="java.lang.String"
      ColumnName="DEFAULT_SYS_TAX_CODE"
      ColumnType="VARCHAR2"
      SQLType="VARCHAR"
      TableName="XX03_SLIP_LINE_TYPES_LOV_V" >
      <DesignTime>
         <Attr Name="_DisplaySize" Value="15" />
      </DesignTime>
   </Attribute>
   <Attribute
      Name="DefaultSysTaxName"
      Precision="4000"
      Type="java.lang.String"
      ColumnName="DEFAULT_SYS_TAX_NAME"
      ColumnType="VARCHAR2"
      SQLType="VARCHAR"
      TableName="XX03_SLIP_LINE_TYPES_LOV_V" >
      <DesignTime>
         <Attr Name="_DisplaySize" Value="4000" />
      </DesignTime>
   </Attribute>
   <Attribute
      Name="FixedDepartment"
      Precision="240"
      Type="java.lang.String"
      ColumnName="FIXED_DEPARTMENT"
      ColumnType="VARCHAR2"
      SQLType="VARCHAR"
      TableName="XX03_SLIP_LINE_TYPES_LOV_V" >
      <DesignTime>
         <Attr Name="_DisplaySize" Value="240" />
      </DesignTime>
   </Attribute>
   <Attribute
      Name="FixedDepartmentName"
      Precision="4000"
      Type="java.lang.String"
      ColumnName="FIXED_DEPARTMENT_NAME"
      ColumnType="VARCHAR2"
      SQLType="VARCHAR"
      TableName="XX03_SLIP_LINE_TYPES_LOV_V" >
      <DesignTime>
         <Attr Name="_DisplaySize" Value="4000" />
      </DesignTime>
   </Attribute>
   <Attribute
      Name="PartnerEnabledFlag"
      Precision="240"
      Type="java.lang.String"
      ColumnName="PARTNER_ENABLED_FLAG"
      ColumnType="VARCHAR2"
      SQLType="VARCHAR"
      TableName="XX03_SLIP_LINE_TYPES_LOV_V" >
      <DesignTime>
         <Attr Name="_DisplaySize" Value="240" />
      </DesignTime>
   </Attribute>
   <Attribute
      Name="FixedPartner"
      Precision="150"
      Type="java.lang.String"
      ColumnName="FIXED_PARTNER"
      ColumnType="VARCHAR2"
      SQLType="VARCHAR"
      TableName="XX03_SLIP_LINE_TYPES_LOV_V" >
      <DesignTime>
         <Attr Name="_DisplaySize" Value="150" />
      </DesignTime>
   </Attribute>
   <Attribute
      Name="FixedPartnerName"
      Precision="4000"
      Type="java.lang.String"
      ColumnName="FIXED_PARTNER_NAME"
      ColumnType="VARCHAR2"
      SQLType="VARCHAR"
      TableName="XX03_SLIP_LINE_TYPES_LOV_V" >
      <DesignTime>
         <Attr Name="_DisplaySize" Value="4000" />
      </DesignTime>
   </Attribute>
   <Attribute
      Name="DefaultPartner"
      Precision="25"
      Type="java.lang.String"
      ColumnName="DEFAULT_PARTNER"
      ColumnType="VARCHAR2"
      SQLType="VARCHAR"
      TableName="XX03_SLIP_LINE_TYPES_LOV_V" >
      <DesignTime>
         <Attr Name="_DisplaySize" Value="25" />
      </DesignTime>
   </Attribute>
   <Attribute
      Name="DefaultPartnerName"
      Precision="4000"
      Type="java.lang.String"
      ColumnName="DEFAULT_PARTNER_NAME"
      ColumnType="VARCHAR2"
      SQLType="VARCHAR"
      TableName="XX03_SLIP_LINE_TYPES_LOV_V" >
      <DesignTime>
         <Attr Name="_DisplaySize" Value="4000" />
      </DesignTime>
   </Attribute>
   <Attribute
      Name="DefaultVendorTaxCode"
      Precision="20"
      Type="java.lang.String"
      ColumnName="DEFAULT_VENDOR_TAX_CODE"
      ColumnType="VARCHAR2"
      SQLType="VARCHAR"
      TableName="XX03_SLIP_LINE_TYPES_LOV_V" >
      <DesignTime>
         <Attr Name="_DisplaySize" Value="20" />
      </DesignTime>
   </Attribute>
   <Attribute
      Name="DefaultVendorTaxName"
      Precision="4000"
      Type="java.lang.String"
      ColumnName="DEFAULT_VENDOR_TAX_NAME"
      ColumnType="VARCHAR2"
      SQLType="VARCHAR"
      TableName="XX03_SLIP_LINE_TYPES_LOV_V" >
      <DesignTime>
         <Attr Name="_DisplaySize" Value="4000" />
      </DesignTime>
   </Attribute>
   <Attribute
      Name="SetFuturesCol"
      Precision="4000"
      Type="java.lang.String"
      ColumnName="SET_FUTURES_COL"
      ColumnType="VARCHAR2"
      SQLType="VARCHAR"
      TableName="XX03_SLIP_LINE_TYPES_LOV_V" >
      <DesignTime>
         <Attr Name="_DisplaySize" Value="4000" />
      </DesignTime>
   </Attribute>
   <Attribute
      Name="FuturesCol"
      Precision="4000"
      Type="java.lang.String"
      ColumnName="FUTURES_COL"
      ColumnType="VARCHAR2"
      SQLType="VARCHAR"
      TableName="XX03_SLIP_LINE_TYPES_LOV_V" >
      <DesignTime>
         <Attr Name="_DisplaySize" Value="4000" />
      </DesignTime>
   </Attribute>
</Entity>
