<?xml version="1.0" encoding='Shift_JIS'?>
<!DOCTYPE Entity SYSTEM "jbo_03_01.dtd">

<Entity
   Name="XX03VendorsLovVEO"
   DBObjectType="view"
   DBObjectName="XX03_VENDORS_LOV_V"
   AliasName="XX03VendorsLovVEO"
   BindingStyle="Oracle"
   UseGlueCode="false"
   CodeGenFlag="4"
   RowClass="oracle.apps.xx03.ap.server.XX03VendorsLovVEOImpl"
   DefClass="oracle.apps.fnd.framework.server.OAEntityDefImpl"
   CollClass="oracle.apps.fnd.framework.server.OAEntityCache" >
   <DesignTime>
      <Attr Name="_isCodegen" Value="true" />
      <Attr Name="_version" Value="9.0.3.11.44" />
      <AttrArray Name="_publishEvents">
      </AttrArray>
   </DesignTime>
   <Attribute
      Name="VendorId"
      IsNotNull="true"
      Type="oracle.jbo.domain.Number"
      ColumnName="VENDOR_ID"
      ColumnType="NUMBER"
      SQLType="NUMERIC"
      TableName="XX03_VENDORS_LOV_V"
      PrimaryKey="true" >
      <DesignTime>
         <Attr Name="_DisplaySize" Value="22" />
      </DesignTime>
   </Attribute>
   <Attribute
      Name="LastUpdateDate"
      IsNotNull="true"
      Type="oracle.jbo.domain.Date"
      ColumnName="LAST_UPDATE_DATE"
      ColumnType="DATE"
      SQLType="TIMESTAMP"
      TableName="XX03_VENDORS_LOV_V" >
      <DesignTime>
         <Attr Name="_DisplaySize" Value="7" />
      </DesignTime>
   </Attribute>
   <Attribute
      Name="LastUpdatedBy"
      IsNotNull="true"
      Type="oracle.jbo.domain.Number"
      ColumnName="LAST_UPDATED_BY"
      ColumnType="NUMBER"
      SQLType="NUMERIC"
      TableName="XX03_VENDORS_LOV_V" >
      <DesignTime>
         <Attr Name="_DisplaySize" Value="22" />
      </DesignTime>
   </Attribute>
   <Attribute
      Name="VendorName"
      IsNotNull="true"
      Precision="240"
      Type="java.lang.String"
      ColumnName="VENDOR_NAME"
      ColumnType="VARCHAR2"
      SQLType="VARCHAR"
      TableName="XX03_VENDORS_LOV_V" >
      <DesignTime>
         <Attr Name="_DisplaySize" Value="240" />
      </DesignTime>
   </Attribute>
   <Attribute
      Name="VendorNameAlt"
      Precision="320"
      Type="java.lang.String"
      ColumnName="VENDOR_NAME_ALT"
      ColumnType="VARCHAR2"
      SQLType="VARCHAR"
      TableName="XX03_VENDORS_LOV_V" >
      <DesignTime>
         <Attr Name="_DisplaySize" Value="320" />
      </DesignTime>
   </Attribute>
   <Attribute
      Name="Segment1"
      IsNotNull="true"
      Precision="30"
      Type="java.lang.String"
      ColumnName="SEGMENT1"
      ColumnType="VARCHAR2"
      SQLType="VARCHAR"
      TableName="XX03_VENDORS_LOV_V" >
      <DesignTime>
         <Attr Name="_DisplaySize" Value="30" />
      </DesignTime>
   </Attribute>
   <Attribute
      Name="VendorsCol"
      Precision="4000"
      Type="java.lang.String"
      ColumnName="VENDORS_COL"
      ColumnType="VARCHAR2"
      SQLType="VARCHAR"
      TableName="XX03_VENDORS_LOV_V" >
      <DesignTime>
         <Attr Name="_DisplaySize" Value="4000" />
      </DesignTime>
   </Attribute>
   <Attribute
      Name="SummaryFlag"
      IsNotNull="true"
      Precision="1"
      Type="java.lang.String"
      ColumnName="SUMMARY_FLAG"
      ColumnType="VARCHAR2"
      SQLType="VARCHAR"
      TableName="XX03_VENDORS_LOV_V" >
      <DesignTime>
         <Attr Name="_DisplaySize" Value="1" />
      </DesignTime>
   </Attribute>
   <Attribute
      Name="EnabledFlag"
      IsNotNull="true"
      Precision="1"
      Type="java.lang.String"
      ColumnName="ENABLED_FLAG"
      ColumnType="VARCHAR2"
      SQLType="VARCHAR"
      TableName="XX03_VENDORS_LOV_V" >
      <DesignTime>
         <Attr Name="_DisplaySize" Value="1" />
      </DesignTime>
   </Attribute>
   <Attribute
      Name="Segment2"
      Precision="30"
      Type="java.lang.String"
      ColumnName="SEGMENT2"
      ColumnType="VARCHAR2"
      SQLType="VARCHAR"
      TableName="XX03_VENDORS_LOV_V" >
      <DesignTime>
         <Attr Name="_DisplaySize" Value="30" />
      </DesignTime>
   </Attribute>
   <Attribute
      Name="Segment3"
      Precision="30"
      Type="java.lang.String"
      ColumnName="SEGMENT3"
      ColumnType="VARCHAR2"
      SQLType="VARCHAR"
      TableName="XX03_VENDORS_LOV_V" >
      <DesignTime>
         <Attr Name="_DisplaySize" Value="30" />
      </DesignTime>
   </Attribute>
   <Attribute
      Name="Segment4"
      Precision="30"
      Type="java.lang.String"
      ColumnName="SEGMENT4"
      ColumnType="VARCHAR2"
      SQLType="VARCHAR"
      TableName="XX03_VENDORS_LOV_V" >
      <DesignTime>
         <Attr Name="_DisplaySize" Value="30" />
      </DesignTime>
   </Attribute>
   <Attribute
      Name="Segment5"
      Precision="30"
      Type="java.lang.String"
      ColumnName="SEGMENT5"
      ColumnType="VARCHAR2"
      SQLType="VARCHAR"
      TableName="XX03_VENDORS_LOV_V" >
      <DesignTime>
         <Attr Name="_DisplaySize" Value="30" />
      </DesignTime>
   </Attribute>
   <Attribute
      Name="LastUpdateLogin"
      Type="oracle.jbo.domain.Number"
      ColumnName="LAST_UPDATE_LOGIN"
      ColumnType="NUMBER"
      SQLType="NUMERIC"
      TableName="XX03_VENDORS_LOV_V" >
      <DesignTime>
         <Attr Name="_DisplaySize" Value="22" />
      </DesignTime>
   </Attribute>
   <Attribute
      Name="CreationDate"
      Type="oracle.jbo.domain.Date"
      ColumnName="CREATION_DATE"
      ColumnType="DATE"
      SQLType="TIMESTAMP"
      TableName="XX03_VENDORS_LOV_V" >
      <DesignTime>
         <Attr Name="_DisplaySize" Value="7" />
      </DesignTime>
   </Attribute>
   <Attribute
      Name="CreatedBy"
      Type="oracle.jbo.domain.Number"
      ColumnName="CREATED_BY"
      ColumnType="NUMBER"
      SQLType="NUMERIC"
      TableName="XX03_VENDORS_LOV_V" >
      <DesignTime>
         <Attr Name="_DisplaySize" Value="22" />
      </DesignTime>
   </Attribute>
   <Attribute
      Name="EmployeeId"
      Type="oracle.jbo.domain.Number"
      ColumnName="EMPLOYEE_ID"
      ColumnType="NUMBER"
      SQLType="NUMERIC"
      TableName="XX03_VENDORS_LOV_V" >
      <DesignTime>
         <Attr Name="_DisplaySize" Value="22" />
      </DesignTime>
   </Attribute>
   <Attribute
      Name="VendorTypeLookupCode"
      Precision="30"
      Type="java.lang.String"
      ColumnName="VENDOR_TYPE_LOOKUP_CODE"
      ColumnType="VARCHAR2"
      SQLType="VARCHAR"
      TableName="XX03_VENDORS_LOV_V" >
      <DesignTime>
         <Attr Name="_DisplaySize" Value="30" />
      </DesignTime>
   </Attribute>
   <Attribute
      Name="CustomerNum"
      Precision="25"
      Type="java.lang.String"
      ColumnName="CUSTOMER_NUM"
      ColumnType="VARCHAR2"
      SQLType="VARCHAR"
      TableName="XX03_VENDORS_LOV_V" >
      <DesignTime>
         <Attr Name="_DisplaySize" Value="25" />
      </DesignTime>
   </Attribute>
   <Attribute
      Name="OneTimeFlag"
      Precision="1"
      Type="java.lang.String"
      ColumnName="ONE_TIME_FLAG"
      ColumnType="VARCHAR2"
      SQLType="VARCHAR"
      TableName="XX03_VENDORS_LOV_V" >
      <DesignTime>
         <Attr Name="_DisplaySize" Value="1" />
      </DesignTime>
   </Attribute>
   <Attribute
      Name="ParentVendorId"
      Type="oracle.jbo.domain.Number"
      ColumnName="PARENT_VENDOR_ID"
      ColumnType="NUMBER"
      SQLType="NUMERIC"
      TableName="XX03_VENDORS_LOV_V" >
      <DesignTime>
         <Attr Name="_DisplaySize" Value="22" />
      </DesignTime>
   </Attribute>
   <Attribute
      Name="AttributeCategory"
      Precision="30"
      Type="java.lang.String"
      ColumnName="ATTRIBUTE_CATEGORY"
      ColumnType="VARCHAR2"
      SQLType="VARCHAR"
      TableName="XX03_VENDORS_LOV_V" >
      <DesignTime>
         <Attr Name="_DisplaySize" Value="30" />
      </DesignTime>
   </Attribute>
   <Attribute
      Name="Attribute1"
      Precision="150"
      Type="java.lang.String"
      ColumnName="ATTRIBUTE1"
      ColumnType="VARCHAR2"
      SQLType="VARCHAR"
      TableName="XX03_VENDORS_LOV_V" >
      <DesignTime>
         <Attr Name="_DisplaySize" Value="150" />
      </DesignTime>
   </Attribute>
   <Attribute
      Name="Attribute2"
      Precision="150"
      Type="java.lang.String"
      ColumnName="ATTRIBUTE2"
      ColumnType="VARCHAR2"
      SQLType="VARCHAR"
      TableName="XX03_VENDORS_LOV_V" >
      <DesignTime>
         <Attr Name="_DisplaySize" Value="150" />
      </DesignTime>
   </Attribute>
   <Attribute
      Name="Attribute3"
      Precision="150"
      Type="java.lang.String"
      ColumnName="ATTRIBUTE3"
      ColumnType="VARCHAR2"
      SQLType="VARCHAR"
      TableName="XX03_VENDORS_LOV_V" >
      <DesignTime>
         <Attr Name="_DisplaySize" Value="150" />
      </DesignTime>
   </Attribute>
   <Attribute
      Name="Attribute4"
      Precision="150"
      Type="java.lang.String"
      ColumnName="ATTRIBUTE4"
      ColumnType="VARCHAR2"
      SQLType="VARCHAR"
      TableName="XX03_VENDORS_LOV_V" >
      <DesignTime>
         <Attr Name="_DisplaySize" Value="150" />
      </DesignTime>
   </Attribute>
   <Attribute
      Name="Attribute5"
      Precision="150"
      Type="java.lang.String"
      ColumnName="ATTRIBUTE5"
      ColumnType="VARCHAR2"
      SQLType="VARCHAR"
      TableName="XX03_VENDORS_LOV_V" >
      <DesignTime>
         <Attr Name="_DisplaySize" Value="150" />
      </DesignTime>
   </Attribute>
   <Attribute
      Name="Attribute6"
      Precision="150"
      Type="java.lang.String"
      ColumnName="ATTRIBUTE6"
      ColumnType="VARCHAR2"
      SQLType="VARCHAR"
      TableName="XX03_VENDORS_LOV_V" >
      <DesignTime>
         <Attr Name="_DisplaySize" Value="150" />
      </DesignTime>
   </Attribute>
   <Attribute
      Name="Attribute7"
      Precision="150"
      Type="java.lang.String"
      ColumnName="ATTRIBUTE7"
      ColumnType="VARCHAR2"
      SQLType="VARCHAR"
      TableName="XX03_VENDORS_LOV_V" >
      <DesignTime>
         <Attr Name="_DisplaySize" Value="150" />
      </DesignTime>
   </Attribute>
   <Attribute
      Name="Attribute8"
      Precision="150"
      Type="java.lang.String"
      ColumnName="ATTRIBUTE8"
      ColumnType="VARCHAR2"
      SQLType="VARCHAR"
      TableName="XX03_VENDORS_LOV_V" >
      <DesignTime>
         <Attr Name="_DisplaySize" Value="150" />
      </DesignTime>
   </Attribute>
   <Attribute
      Name="Attribute9"
      Precision="150"
      Type="java.lang.String"
      ColumnName="ATTRIBUTE9"
      ColumnType="VARCHAR2"
      SQLType="VARCHAR"
      TableName="XX03_VENDORS_LOV_V" >
      <DesignTime>
         <Attr Name="_DisplaySize" Value="150" />
      </DesignTime>
   </Attribute>
   <Attribute
      Name="Attribute10"
      Precision="150"
      Type="java.lang.String"
      ColumnName="ATTRIBUTE10"
      ColumnType="VARCHAR2"
      SQLType="VARCHAR"
      TableName="XX03_VENDORS_LOV_V" >
      <DesignTime>
         <Attr Name="_DisplaySize" Value="150" />
      </DesignTime>
   </Attribute>
   <Attribute
      Name="Attribute11"
      Precision="150"
      Type="java.lang.String"
      ColumnName="ATTRIBUTE11"
      ColumnType="VARCHAR2"
      SQLType="VARCHAR"
      TableName="XX03_VENDORS_LOV_V" >
      <DesignTime>
         <Attr Name="_DisplaySize" Value="150" />
      </DesignTime>
   </Attribute>
   <Attribute
      Name="Attribute12"
      Precision="150"
      Type="java.lang.String"
      ColumnName="ATTRIBUTE12"
      ColumnType="VARCHAR2"
      SQLType="VARCHAR"
      TableName="XX03_VENDORS_LOV_V" >
      <DesignTime>
         <Attr Name="_DisplaySize" Value="150" />
      </DesignTime>
   </Attribute>
   <Attribute
      Name="Attribute13"
      Precision="150"
      Type="java.lang.String"
      ColumnName="ATTRIBUTE13"
      ColumnType="VARCHAR2"
      SQLType="VARCHAR"
      TableName="XX03_VENDORS_LOV_V" >
      <DesignTime>
         <Attr Name="_DisplaySize" Value="150" />
      </DesignTime>
   </Attribute>
   <Attribute
      Name="Attribute14"
      Precision="150"
      Type="java.lang.String"
      ColumnName="ATTRIBUTE14"
      ColumnType="VARCHAR2"
      SQLType="VARCHAR"
      TableName="XX03_VENDORS_LOV_V" >
      <DesignTime>
         <Attr Name="_DisplaySize" Value="150" />
      </DesignTime>
   </Attribute>
   <Attribute
      Name="Attribute15"
      Precision="150"
      Type="java.lang.String"
      ColumnName="ATTRIBUTE15"
      ColumnType="VARCHAR2"
      SQLType="VARCHAR"
      TableName="XX03_VENDORS_LOV_V" >
      <DesignTime>
         <Attr Name="_DisplaySize" Value="150" />
      </DesignTime>
   </Attribute>
   <Attribute
      Name="VendorSiteId"
      Type="oracle.jbo.domain.Number"
      ColumnName="VENDOR_SITE_ID"
      ColumnType="NUMBER"
      SQLType="NUMERIC"
      TableName="XX03_VENDORS_LOV_V" >
      <DesignTime>
         <Attr Name="_DisplaySize" Value="22" />
      </DesignTime>
   </Attribute>
   <Attribute
      Name="VendorSiteCode"
      Precision="15"
      Type="java.lang.String"
      ColumnName="VENDOR_SITE_CODE"
      ColumnType="VARCHAR2"
      SQLType="VARCHAR"
      TableName="XX03_VENDORS_LOV_V" >
      <DesignTime>
         <Attr Name="_DisplaySize" Value="15" />
      </DesignTime>
   </Attribute>
   <Attribute
      Name="BankAccountName"
      Precision="80"
      Type="java.lang.String"
      ColumnName="BANK_ACCOUNT_NAME"
      ColumnType="VARCHAR2"
      SQLType="VARCHAR"
      TableName="XX03_VENDORS_LOV_V" >
      <DesignTime>
         <Attr Name="_DisplaySize" Value="80" />
      </DesignTime>
   </Attribute>
   <Attribute
      Name="BankFullName"
      Precision="159"
      Type="java.lang.String"
      ColumnName="BANK_FULL_NAME"
      ColumnType="VARCHAR2"
      SQLType="VARCHAR"
      TableName="XX03_VENDORS_LOV_V" >
      <DesignTime>
         <Attr Name="_DisplaySize" Value="159" />
      </DesignTime>
   </Attribute>
   <Attribute
      Name="InvoiceCurrencyCode"
      Precision="15"
      Type="java.lang.String"
      ColumnName="INVOICE_CURRENCY_CODE"
      ColumnType="VARCHAR2"
      SQLType="VARCHAR"
      TableName="XX03_VENDORS_LOV_V" >
      <DesignTime>
         <Attr Name="_DisplaySize" Value="15" />
      </DesignTime>
   </Attribute>
   <Attribute
      Name="TermId"
      Type="oracle.jbo.domain.Number"
      ColumnName="TERM_ID"
      ColumnType="NUMBER"
      SQLType="NUMERIC"
      TableName="XX03_VENDORS_LOV_V" >
      <DesignTime>
         <Attr Name="_DisplaySize" Value="22" />
      </DesignTime>
   </Attribute>
   <Attribute
      Name="TermName"
      Precision="50"
      Type="java.lang.String"
      ColumnName="TERM_NAME"
      ColumnType="VARCHAR2"
      SQLType="VARCHAR"
      TableName="XX03_VENDORS_LOV_V" >
      <DesignTime>
         <Attr Name="_DisplaySize" Value="50" />
      </DesignTime>
   </Attribute>
   <Attribute
      Name="PayGroupCode"
      Precision="30"
      Type="java.lang.String"
      ColumnName="PAY_GROUP_CODE"
      ColumnType="VARCHAR2"
      SQLType="VARCHAR"
      TableName="XX03_VENDORS_LOV_V" >
      <DesignTime>
         <Attr Name="_DisplaySize" Value="30" />
      </DesignTime>
   </Attribute>
   <Attribute
      Name="PayGroupMeaning"
      Precision="80"
      Type="java.lang.String"
      ColumnName="PAY_GROUP_MEANING"
      ColumnType="VARCHAR2"
      SQLType="VARCHAR"
      TableName="XX03_VENDORS_LOV_V" >
      <DesignTime>
         <Attr Name="_DisplaySize" Value="80" />
      </DesignTime>
   </Attribute>
   <Attribute
      Name="AutoTaxCalcFlag"
      Precision="1"
      Type="java.lang.String"
      ColumnName="AUTO_TAX_CALC_FLAG"
      ColumnType="VARCHAR2"
      SQLType="VARCHAR"
      TableName="XX03_VENDORS_LOV_V" >
      <DesignTime>
         <Attr Name="_DisplaySize" Value="1" />
      </DesignTime>
   </Attribute>
   <Attribute
      Name="ApTaxRoundingRule"
      Precision="1"
      Type="java.lang.String"
      ColumnName="AP_TAX_ROUNDING_RULE"
      ColumnType="VARCHAR2"
      SQLType="VARCHAR"
      TableName="XX03_VENDORS_LOV_V" >
      <DesignTime>
         <Attr Name="_DisplaySize" Value="1" />
      </DesignTime>
   </Attribute>
   <Key
      Name="Xx03vendorslovveoPrimaryKey" >
      <AttrArray Name="Attributes">
         <Item Value="oracle.apps.xx03.ap.server.XX03VendorsLovVEO.VendorId" />
      </AttrArray>
      <DesignTime>
         <Attr Name="_DBObjectName" Value="XX03VENDORSLOVVEO_PRIMARY_KEY" />
         <Attr Name="_isPrimary" Value="true" />
      </DesignTime>
   </Key>
</Entity>
