<?xml version="1.0" encoding='Shift_JIS'?>
<!DOCTYPE ViewObject SYSTEM "jbo_03_01.dtd">

<ViewObject
   Name="XX03GetCharSetVO"
   BindingStyle="Oracle"
   CustomQuery="true"
   RowClass="oracle.apps.xx03.download.server.XX03GetCharSetVORowImpl"
   ComponentClass="oracle.apps.xx03.download.server.XX03GetCharSetVOImpl"
   MsgBundleClass="oracle.jbo.common.JboResourceBundle"
   UseGlueCode="false" >
   <SQLQuery><![CDATA[
SELECT VALUE
FROM   NLS_DATABASE_PARAMETERS
WHERE  UPPER(PARAMETER) = 'NLS_CHARACTERSET'
   ]]></SQLQuery>
   <DesignTime>
      <Attr Name="_isCodegen" Value="true" />
      <Attr Name="_version" Value="9.0.3.11.88" />
      <Attr Name="_CodeGenFlagNew" Value="36" />
   </DesignTime>
   <ViewAttribute
      Name="Value"
      IsPersistent="false"
      Precision="120"
      Type="java.lang.String"
      AliasName="VALUE"
      ColumnType="VARCHAR2"
      Expression="VALUE"
      SQLType="VARCHAR" >
      <DesignTime>
         <Attr Name="_DisplaySize" Value="120" />
      </DesignTime>
   </ViewAttribute>
</ViewObject>
