<?xml version = '1.0' encoding = 'UTF-8'?>
<!-- dbdrv: exec java oracle/jrad/tools/xml/importer XMLImporter.class java &phase=dat+24 checkfile:~PROD:~PATH:~FILE &fullpath:~PROD:~PATH:~FILE -username &un_apps -password &pw_apps -dbconnection &jdbc_db_addr  -userId "1" -rootPackage /oracle/apps/~PROD  -rootdir &fullpath:~PROD:mds:directory  -->
<page xmlns:jrad="http://xmlns.oracle.com/jrad" xmlns:oa="http://xmlns.oracle.com/oa" xmlns:ui="http://xmlns.oracle.com/uix/ui" version="9.0.3.8.10_1080" xml:lang="en-US" xmlns:user="http://xmlns.oracle.com/jrad/user" xmlns="http://xmlns.oracle.com/jrad" file-version="$Header$">
   <content>
      <oa:pageLayout id="PageLayoutRN" amDefName="oracle.apps.xx03.gl.approve.server.AccountApproveAM" windowTitle="経理一括承認" title="検索" controllerClass="oracle.apps.xx03.gl.approve.webui.Xx03AccountApproveCO">
         <ui:corporateBranding>
            <oa:image id="corporateBrandingImage" source="/OA_MEDIA/FNDSSCORP.gif"/>
         </ui:corporateBranding>
         <ui:productBranding>
            <oa:image id="ProdBrand" source="FNDHOMEBRAND.gif" shortDesc="Test"/>
         </ui:productBranding>
         <ui:contents>
            <oa:rawText id="message"/>
            <oa:messageComponentLayout id="ConditionRN">
               <ui:contents>
                  <oa:messageLayout id="ConditionLayoutRN">
                     <ui:contents>
                        <oa:messageComponentLayout id="SearchConditionRN" columns="2" rows="5">
                           <ui:contents>
                              <oa:messageLovInput id="EntryDepartment" dataType="VARCHAR2" prompt="起票部門" viewName="Xx03SlipSearchConditionVO1" viewAttr="EntryDepartmentName" maximumLength="4000" externalListOfValues="/oracle/apps/xx03/lov/webui/Xx03DepartmentsSearchLovRN" unvalidated="false" columns="40" selectiveSearchCriteria="true">
                                 <lovMappings>
                                    <lovMap id="EntryDeptIdLovMap" lovItem="FlexValue" resultTo="EntryDepartmentId"/>
                                    <lovMap id="EntryDeptNameLovMap" lovItem="DepartmentsCol" resultTo="EntryDepartment" criteriaFrom="EntryDepartment"/>
                                 </lovMappings>
                              </oa:messageLovInput>
                              <oa:messageLovInput id="EntryPersonName" dataType="VARCHAR2" prompt="伝票入力者" viewName="Xx03SlipSearchConditionVO1" viewAttr="EntryPersonName" maximumLength="4000" columns="40" externalListOfValues="/oracle/apps/xx03/lov/webui/Xx03EntryPersonSearchLovRN" unvalidated="false" selectiveSearchCriteria="true">
                                 <lovMappings>
                                    <lovMap id="EntryPersonIdLovMap" lovItem="PersonId" resultTo="EntryPersonId"/>
                                    <lovMap id="EntryPersonNameLovMap" lovItem="EmployeeDisp" resultTo="EntryPersonName" criteriaFrom="EntryPersonName"/>
                                 </lovMappings>
                              </oa:messageLovInput>
                              <oa:messageLovInput id="SourceName" externalListOfValues="/oracle/apps/xx03/lov/webui/Xx03SlipSourcesSearchLovRN" viewName="Xx03SlipSearchConditionVO1" viewAttr="SourceName" selectiveSearchCriteria="true" prompt="ソース">
                                 <lovMappings>
                                    <lovMap id="SourceCodeLovMap" resultTo="SourceCode" lovItem="Attribute1"/>
                                    <lovMap id="SourceNameLovMap" lovItem="Description" resultTo="SourceName" criteriaFrom="SourceName"/>
                                 </lovMappings>
                              </oa:messageLovInput>
                              <oa:messageLovInput id="SlipTypeKind" dataType="VARCHAR2" prompt="伝票種別" viewName="Xx03SlipSearchConditionVO1" viewAttr="SlipTypeName" maximumLength="240" externalListOfValues="/oracle/apps/xx03/lov/webui/Xx03SlipTypesSearchLovRN" unvalidated="false" columns="40" selectiveSearchCriteria="true">
                                 <lovMappings>
                                    <lovMap id="SlipTypeLovMap" lovItem="LookupCode" resultTo="SlipTypeCodeId"/>
                                    <lovMap id="SlipTypeNameLovMap" lovItem="Description" resultTo="SlipTypeKind" criteriaFrom="SlipTypeKind"/>
                                 </lovMappings>
                              </oa:messageLovInput>
                              <oa:messageTextInput id="JournalNum" dataType="VARCHAR2" prompt="伝票番号" viewName="Xx03SlipSearchConditionVO1" viewAttr="JournalNum" maximumLength="50" columns="25" selectiveSearchCriteria="true"/>
                              <oa:messageTextInput id="EntryDateStart" dataType="DATE" prompt="起票日（自）" viewName="Xx03SlipSearchConditionVO1" viewAttr="EntryDateStart" selectiveSearchCriteria="true"/>
                              <oa:messageTextInput id="EntryDateEnd" dataType="DATE" prompt="起票日（至）" viewName="Xx03SlipSearchConditionVO1" viewAttr="EntryDateEnd" selectiveSearchCriteria="true"/>
                              <oa:messageTextInput id="GlDateStart" dataType="DATE" prompt="計上日（自）" viewName="Xx03SlipSearchConditionVO1" viewAttr="GlDateStart" selectiveSearchCriteria="true"/>
                              <oa:messageTextInput id="GlDateEnd" dataType="DATE" prompt="計上日（至）" viewName="Xx03SlipSearchConditionVO1" viewAttr="GlDateEnd" selectiveSearchCriteria="true"/>
                              <oa:messageTextInput id="Description" viewAttr="Description" viewName="Xx03SlipSearchConditionVO1" maximumLength="240" prompt="備考" selectiveSearchCriteria="true"/>
                           </ui:contents>
                        </oa:messageComponentLayout>
                        <oa:formValue id="EntryDepartmentId" viewName="Xx03SlipSearchConditionVO1" viewAttr="EntryDepartment" userCustomizable="false"/>
                        <oa:formValue id="EntryPersonId" viewName="Xx03SlipSearchConditionVO1" viewAttr="EntryPersonId" dataType="NUMBER"/>
                        <oa:formValue id="SlipTypeCodeId" viewName="Xx03SlipSearchConditionVO1" viewAttr="SlipType"/>
                        <oa:formValue id="SourceCode" viewName="Xx03SlipSearchConditionVO1" viewAttr="Source"/>
                     </ui:contents>
                  </oa:messageLayout>
               </ui:contents>
            </oa:messageComponentLayout>
            <oa:flowLayout id="SearchBtnRN">
               <ui:contents>
                  <oa:submitButton id="ClearBtn" text="クリア" prompt="クリア"/>
                  <oa:submitButton id="SearchBtn" text="検索" prompt="検索"/>
               </ui:contents>
            </oa:flowLayout>
            <oa:separator id="separator1"/>
            <oa:spacer id="spacer1" height="5"/>
            <oa:table id="ResultRN" shortDesc="Search Result" userCustomizable="false" adminCustomizable="true">
               <ui:contents>
                  <oa:formValue id="JournalIdResult" dataType="NUMBER" prompt="JournalId" viewName="Xx03ResultSlipsVO1" viewAttr="JournalId"/>
                  <oa:button id="ConfirmBtnResult" destination="javascript:submitForm(0,0,{serverValidate:'0',journalId:'{#JournalId}',sourceCode:'{#Attribute14}',Confirm:'ConfirmBtn'})" viewName="Xx03ResultSlipsVO1" text="確認" prompt="確認"/>
                  <oa:messageStyledText id="SourceNameResult" viewName="Xx03ResultSlipsVO1" viewAttr="SourceName" prompt="ソース" sortState="yes"/>
                  <oa:messageStyledText id="JournalNumResult" dataType="VARCHAR2" prompt="伝票番号" viewName="Xx03ResultSlipsVO1" viewAttr="JournalNum" maximumLength="50" sortState="yes"/>
                  <oa:messageStyledText id="SlipTypeResult" dataType="VARCHAR2" prompt="伝票種別" viewName="Xx03ResultSlipsVO1" viewAttr="SlipTypeName" maximumLength="25" sortState="yes"/>
                  <oa:messageStyledText id="GlDateResult" dataType="DATE" prompt="計上日" viewName="Xx03ResultSlipsVO1" viewAttr="GlDate" sortState="yes"/>
                  <oa:messageStyledText id="TotalEnteredDrResult" dataType="VARCHAR2" prompt="合計金額" viewName="Xx03ResultSlipsVO1" viewAttr="TotalEnteredDr" sortState="yes"/>
                  <oa:messageStyledText id="CurrencyCodeResult" dataType="VARCHAR2" prompt="通貨" viewName="Xx03ResultSlipsVO1" viewAttr="InvoiceCurrencyCode" maximumLength="15"/>
                  <oa:messageStyledText id="DescriptionResult" dataType="VARCHAR2" prompt="備考" viewName="Xx03ResultSlipsVO1" viewAttr="Description" maximumLength="240"/>
                  <oa:messageStyledText id="EntryDepartmentResult" dataType="VARCHAR2" prompt="起票部門" viewName="Xx03ResultSlipsVO1" viewAttr="EntryDepartmentName"/>
                  <oa:messageStyledText id="EntryDateResult" dataType="DATE" prompt="起票日" viewName="Xx03ResultSlipsVO1" viewAttr="EntryDate"/>
               </ui:contents>
               <ui:tableSelection>
                  <oa:multipleSelection id="multipleSelection1" viewAttr="FormSelectFlag" viewName="Xx03ResultSlipsVO1">
                     <ui:contents>
                        <oa:selectionButton id="selectionButton1" rendered="false"/>
                     </ui:contents>
                  </oa:multipleSelection>
               </ui:tableSelection>
            </oa:table>
            <oa:table id="ConfirmRN" shortDesc="Search Result" userCustomizable="false" adminCustomizable="true">
               <ui:contents>
                  <oa:formValue id="JournalIdConfirm" dataType="NUMBER" prompt="JournalId" viewName="Xx03ResultSlipsVO1" viewAttr="JournalId"/>
                  <oa:messageStyledText id="SourceNameConfirm" viewName="Xx03ResultSlipsVO1" viewAttr="SourceName" prompt="ソース"/>
                  <oa:messageStyledText id="JournalNumConfirm" dataType="VARCHAR2" prompt="伝票番号" viewName="Xx03ResultSlipsVO1" viewAttr="JournalNum" maximumLength="50"/>
                  <oa:messageStyledText id="SlipTypeConfirm" dataType="VARCHAR2" prompt="伝票種別" viewName="Xx03ResultSlipsVO1" viewAttr="SlipTypeName" maximumLength="25"/>
                  <oa:messageStyledText id="GlDateConfirm" dataType="DATE" prompt="計上日" viewName="Xx03ResultSlipsVO1" viewAttr="GlDate"/>
                  <oa:messageStyledText id="CurrencyCodeConfirm" dataType="VARCHAR2" prompt="通貨" viewName="Xx03ResultSlipsVO1" viewAttr="InvoiceCurrencyCode" maximumLength="15"/>
                  <oa:messageStyledText id="TotalEnteredDrConfirm" dataType="VARCHAR2" prompt="合計金額" viewName="Xx03ResultSlipsVO1" viewAttr="TotalEnteredDr"/>
                  <oa:messageStyledText id="DescriptionConfirm" dataType="VARCHAR2" prompt="備考" viewName="Xx03ResultSlipsVO1" viewAttr="Description" maximumLength="240"/>
                  <oa:messageStyledText id="EntryDepartmentConfirm" dataType="VARCHAR2" prompt="起票部門" viewName="Xx03ResultSlipsVO1" viewAttr="EntryDepartmentName"/>
                  <oa:messageStyledText id="EntryDateConfirm" dataType="DATE" prompt="起票日" viewName="Xx03ResultSlipsVO1" viewAttr="EntryDate"/>
               </ui:contents>
            </oa:table>
            <oa:flowLayout id="ApproveBtnRN">
               <ui:contents>
                  <oa:submitButton id="ApproveBtn" text="一括承認" prompt="一括承認"/>
                  <oa:submitButton id="ApproveYesBtn" prompt="承認" serverUnvalidated="true" unvalidated="true" text="承認"/>
                  <oa:submitButton id="ApproveNoBtn" prompt="戻る" serverUnvalidated="true" unvalidated="true" text="戻る"/>
               </ui:contents>
            </oa:flowLayout>
         </ui:contents>
      </oa:pageLayout>
   </content>
</page>
