<?xml version="1.0" encoding='Windows-31J'?>
<!DOCTYPE ViewObject SYSTEM "jbo_03_01.dtd">

<ViewObject
   Name="XxcsoTaskAppSearchVO"
   BindingStyle="Oracle"
   CustomQuery="true"
   RowClass="itoen.oracle.apps.xxcso.xxcso008001j.server.XxcsoTaskAppSearchVORowImpl"
   ComponentClass="itoen.oracle.apps.xxcso.xxcso008001j.server.XxcsoTaskAppSearchVOImpl"
   MsgBundleClass="oracle.jbo.common.JboResourceBundle"
   FetchMode="FETCH_AS_NEEDED"
   UseGlueCode="false" >
   <SQLQuery><![CDATA[
SELECT  XXCSO_UTIL_COMMON_PKG.get_online_sysdate AS date_sch
       ,XXCSO_UTIL_COMMON_PKG.get_emp_parameter(
         xev.work_base_code_new
        ,xev.work_base_code_old
        ,xev.issue_date
        ,TRUNC(XXCSO_UTIL_COMMON_PKG.get_online_sysdate)
       )                                         AS base_code
       ,XXCSO_UTIL_COMMON_PKG.get_emp_parameter(
         xev.work_base_name_new
        ,xev.work_base_name_old
        ,xev.issue_date
        ,TRUNC(XXCSO_UTIL_COMMON_PKG.get_online_sysdate)
       )                                         AS base_name
       ,XXCSO_008001J_PKG.get_baseline_base_code AS baseline_base_code
       ,xrv.resource_id                          AS login_resource_id
FROM    xxcso_employees_v2 xev
       ,xxcso_resources_v2 xrv
WHERE   xev.user_id = FND_GLOBAL.user_id
  AND   xrv.user_id(+) = xev.user_id
   ]]></SQLQuery>
   <DesignTime>
      <Attr Name="_isCodegen" Value="true" />
      <Attr Name="_version" Value="9.0.3.14.00" />
      <Attr Name="_CodeGenFlagNew" Value="36" />
   </DesignTime>
   <ViewAttribute
      Name="DateSch"
      IsPersistent="false"
      Precision="255"
      Type="oracle.jbo.domain.Date"
      ColumnType="VARCHAR2"
      AliasName="DATE_SCH"
      Expression="DATE_SCH"
      SQLType="DATE" >
   </ViewAttribute>
   <ViewAttribute
      Name="BaseCode"
      IsPersistent="false"
      Precision="150"
      Type="java.lang.String"
      ColumnType="VARCHAR2"
      AliasName="BASE_CODE"
      Expression="BASE_CODE"
      SQLType="VARCHAR" >
   </ViewAttribute>
   <ViewAttribute
      Name="BaseName"
      IsPersistent="false"
      Precision="4000"
      Type="java.lang.String"
      ColumnType="VARCHAR2"
      AliasName="BASE_NAME"
      Expression="BASE_NAME"
      SQLType="VARCHAR" >
   </ViewAttribute>
   <ViewAttribute
      Name="BaseLineBaseCode"
      IsPersistent="false"
      Precision="4000"
      Type="java.lang.String"
      ColumnType="VARCHAR2"
      AliasName="BASELINE_BASE_CODE"
      Expression="BASELINE_BASE_CODE"
      SQLType="VARCHAR" >
      <DesignTime>
         <Attr Name="_DisplaySize" Value="4000" />
      </DesignTime>
   </ViewAttribute>
   <ViewAttribute
      Name="LoginResourceId"
      IsPersistent="false"
      IsNotNull="true"
      Type="oracle.jbo.domain.Number"
      ColumnType="NUMBER"
      AliasName="LOGIN_RESOURCE_ID"
      Expression="LOGIN_RESOURCE_ID"
      SQLType="NUMERIC" >
      <DesignTime>
         <Attr Name="_DisplaySize" Value="22" />
      </DesignTime>
   </ViewAttribute>
</ViewObject>
